time,open,close,high,low,volume,amount
2026-08-28 13:53:00,28.51,28.58,28.62,28.5,16000.0,456671.0
2026-08-28 13:54:00,28.58,28.61,28.61,28.56,17200.0,491627.0
2026-08-28 13:55:00,28.61,28.51,28.61,28.51,28100.0,802810.0
2026-08-28 13:56:00,28.53,28.46,28.55,28.46,20400.0,581174.0
2026-08-28 13:57:00,28.46,28.48,28.51,28.41,34500.0,981344.0
2026-08-28 13:58:00,28.49,28.45,28.49,28.42,32200.0,916280.9997
2026-08-28 13:59:00,28.45,28.47,28.48,28.43,20500.0,583303.0
2026-08-28 14:00:00,28.48,28.55,28.55,28.46,6097.0,173750.5596
2026-08-28 14:01:00,28.55,28.58,28.62,28.55,19400.0,554795.0
2026-08-28 14:02:00,28.55,28.51,28.57,28.51,21900.0,624883.9597
2026-08-28 14:03:00,28.51,28.43,28.52,28.43,31600.0,899924.0
2026-08-28 14:04:00,28.43,28.32,28.43,28.31,121800.0,3456444.0
2026-08-28 14:05:00,28.32,28.42,28.42,28.32,43200.0,1224265.0
2026-08-28 14:06:00,28.42,28.34,28.42,28.32,74000.0,2097568.0
2026-08-28 14:07:00,28.33,28.46,28.49,28.32,20400.0,578648.0
2026-08-28 14:08:00,28.47,28.35,28.47,28.35,32800.0,930501.0
2026-08-28 14:09:00,28.35,28.33,28.37,28.32,21400.0,606275.0
2026-08-28 14:10:00,28.34,28.33,28.35,28.33,20000.0,566732.0
2026-08-28 14:11:00,28.35,28.48,28.49,28.34,20500.0,582112.0
2026-08-28 14:12:00,28.48,28.42,28.48,28.42,7700.0,219016.0
2026-08-28 14:13:00,28.42,28.47,28.47,28.41,8800.0,250379.0
2026-08-28 14:14:00,28.46,28.5,28.5,28.45,21700.0,618007.0
2026-08-28 14:15:00,28.5,28.5,28.5,28.47,15200.0,433039.0
2026-08-28 14:16:00,28.5,28.46,28.5,28.46,16400.0,467036.0
2026-08-28 14:17:00,28.46,28.45,28.46,28.43,12100.0,344203.0
2026-08-28 14:18:00,28.44,28.45,28.45,28.43,12600.0,358337.0
2026-08-28 14:19:00,28.44,28.4,28.45,28.4,15200.0,432160.0
2026-08-28 14:20:00,28.4,28.35,28.4,28.34,35600.0,1009636.0
2026-08-28 14:21:00,28.35,28.37,28.37,28.34,28000.0,793885.0
2026-08-28 14:22:00,28.37,28.4,28.43,28.37,53900.0,1530793.0
2026-08-28 14:23:00,28.4,28.39,28.4,28.35,29500.0,836968.0
2026-08-28 14:24:00,28.37,28.39,28.39,28.35,11500.0,326238.0
2026-08-28 14:25:00,28.4,28.4,28.43,28.39,20100.0,571107.0
2026-08-28 14:26:00,28.4,28.39,28.43,28.38,21400.0,607776.0
2026-08-28 14:27:00,28.39,28.37,28.39,28.37,19000.0,539184.9988
2026-08-28 14:28:00,28.37,28.33,28.37,28.33,53400.0,1513930.0
2026-08-28 14:29:00,28.33,28.35,28.35,28.33,38752.0,1098113.1602
2026-08-28 14:30:00,28.33,28.32,28.35,28.32,39748.0,1126127.8391
2026-08-28 14:31:00,28.32,28.33,28.33,28.31,44900.0,1271359.0
2026-08-28 14:32:00,28.32,28.34,28.35,28.31,29800.0,844176.0001
2026-08-28 14:33:00,28.34,28.45,28.45,28.34,30963.0,878404.42
2026-08-28 14:34:00,28.45,28.63,28.63,28.43,32500.0,926874.0
2026-08-28 14:35:00,28.62,28.51,28.62,28.4,67900.0,1932041.0
2026-08-28 14:36:00,28.49,28.48,28.49,28.4,13500.0,384132.0
2026-08-28 14:37:00,28.46,28.48,28.51,28.46,41100.0,1170814.0
2026-08-28 14:38:00,28.48,28.38,28.48,28.38,26600.0,755876.0
2026-08-28 14:39:00,28.38,28.41,28.41,28.34,40600.0,1152182.0
2026-08-28 14:40:00,28.42,28.41,28.44,28.41,29263.0,831528.83
2026-08-28 14:41:00,28.41,28.35,28.42,28.35,58000.0,1646612.0
2026-08-28 14:42:00,28.35,28.12,28.35,28.09,184300.0,5203042.9973
2026-08-28 14:43:00,28.12,28.09,28.16,28.08,164334.0,4618816.7241
2026-08-28 14:44:00,28.1,28.07,28.11,28.01,128695.0,3608916.2784
2026-08-28 14:45:00,28.07,28.11,28.11,28.02,78534.0,2202207.7263
2026-08-28 14:46:00,28.11,28.41,28.45,28.11,62900.0,1778028.0
2026-08-28 14:47:00,28.4,28.21,28.41,28.18,57900.0,1637324.0
2026-08-28 14:48:00,28.21,28.22,28.24,28.18,24300.0,685463.0
2026-08-28 14:49:00,28.23,28.17,28.25,28.16,85100.0,2399984.8564
2026-08-28 14:50:00,28.17,28.18,28.2,28.16,67725.0,1908225.5
2026-08-28 14:51:00,28.19,28.26,28.28,28.18,62307.0,1758215.5379
2026-08-28 14:52:00,28.26,28.19,28.27,28.18,74200.0,2093055.998
2026-08-28 14:53:00,28.18,28.18,28.2,28.16,92200.0,2597930.75
2026-08-28 14:54:00,28.18,28.19,28.2,28.16,78492.0,2211505.3907
2026-08-28 14:55:00,28.18,28.18,28.2,28.16,186083.0,5242539.852
2026-08-28 14:56:00,28.17,28.12,28.18,28.12,132300.0,3724643.9738
2026-08-28 14:57:00,28.12,28.08,28.12,28.0,199900.0,5608390.6738
2026-08-28 15:00:00,28.08,28.08,28.08,28.08,196800.0,5526143.9918
2026-08-31 09:31:00,27.2,28.48,28.55,27.2,1314516.0,36391334.286
2026-08-31 09:32:00,28.55,29.05,29.28,28.4,1023315.0,29483402.6359
2026-08-31 09:33:00,29.05,28.63,29.23,28.5,856433.0,24747087.8994
2026-08-31 09:34:00,28.67,28.79,29.19,28.63,936020.0,27098655.6854
2026-08-31 09:35:00,28.77,28.42,28.8,28.41,276697.0,7930626.7383
2026-08-31 09:36:00,28.45,28.55,28.6,28.29,296909.0,8456663.1921
2026-08-31 09:37:00,28.58,28.82,28.93,28.56,351400.0,10128473.0
2026-08-31 09:38:00,28.82,29.6,29.66,28.79,951752.0,27807337.886
2026-08-31 09:39:00,29.64,29.9,30.0,29.64,850284.0,25364420.1263
2026-08-31 09:40:00,29.87,30.34,30.59,29.86,904898.0,27357612.88
2026-08-31 09:41:00,30.34,31.66,31.68,30.34,1392470.0,43281865.0753
2026-08-31 09:42:00,31.66,32.5,32.54,31.42,1060673.0,33771172.7637
2026-08-31 09:43:00,32.54,31.88,32.66,31.67,654326.0,20893462.4864
2026-08-31 09:44:00,31.88,31.3,31.96,31.2,465200.0,14714596.24
2026-08-31 09:45:00,31.26,31.49,31.68,31.23,239500.0,7546079.0619
2026-08-31 09:46:00,31.49,31.2,31.5,31.2,211900.0,6650275.0
2026-08-31 09:47:00,31.2,31.25,31.39,31.15,366197.0,11450899.3076
2026-08-31 09:48:00,31.25,30.94,31.25,30.89,168800.0,5254032.0
2026-08-31 09:49:00,30.88,31.08,31.08,30.8,310979.0,9619170.8013
2026-08-31 09:50:00,31.05,31.0,31.18,30.97,98228.0,3055518.1577
2026-08-31 09:51:00,31.02,30.59,31.03,30.59,151756.0,4676115.2805
2026-08-31 09:52:00,30.59,30.6,30.6,30.55,172199.0,5265991.4381
2026-08-31 09:53:00,30.6,30.64,30.8,30.59,102300.0,3141358.9956
2026-08-31 09:54:00,30.65,30.79,30.83,30.65,61800.0,1898889.0687
2026-08-31 09:55:00,30.79,30.78,30.87,30.78,98500.0,3034171.6888
2026-08-31 09:56:00,30.78,30.4,30.79,30.39,133196.0,4076490.6378
2026-08-31 09:57:00,30.39,30.36,30.4,30.23,152870.0,4635000.8988
2026-08-31 09:58:00,30.4,30.51,30.58,30.4,78600.0,2399074.0
2026-08-31 09:59:00,30.5,30.41,30.52,30.33,75600.0,2300469.0
2026-08-31 10:00:00,30.41,30.32,30.44,30.32,65500.0,1990690.0
2026-08-31 10:01:00,30.31,30.35,30.35,30.25,84000.0,2545114.0
2026-08-31 10:02:00,30.35,30.5,30.5,30.34,57700.0,1753769.0
2026-08-31 10:03:00,30.5,30.18,30.6,30.18,212400.0,6463498.0
2026-08-31 10:04:00,30.18,30.3,30.31,30.18,79200.0,2396840.0
2026-08-31 10:05:00,30.3,30.37,30.4,30.3,82631.0,2507529.8505
2026-08-31 10:06:00,30.37,30.31,30.37,30.29,49069.0,1487442.1496
2026-08-31 10:07:00,30.32,30.37,30.4,30.3,45200.0,1370921.0
2026-08-31 10:08:00,30.34,30.35,30.37,30.32,29800.0,904321.0
2026-08-31 10:09:00,30.35,30.34,30.36,30.32,31700.0,961616.0
2026-08-31 10:10:00,30.33,30.29,30.34,30.29,100100.0,3034177.9967
2026-08-31 10:11:00,30.27,30.16,30.29,30.15,67800.0,2049088.0
2026-08-31 10:12:00,30.15,30.08,30.15,30.02,126600.0,3805564.0
2026-08-31 10:13:00,30.06,30.15,30.17,30.04,104314.0,3137563.8463
2026-08-31 10:14:00,30.15,29.99,30.18,29.99,129786.0,3899152.8799
2026-08-31 10:15:00,30.0,29.71,30.0,29.68,219400.0,6540124.9961
2026-08-31 10:16:00,29.71,29.79,29.8,29.71,143500.0,4273041.0
2026-08-31 10:17:00,29.8,29.93,29.98,29.78,103500.0,3088098.0
2026-08-31 10:18:00,29.93,29.59,29.93,29.59,105500.0,3142330.9922
2026-08-31 10:19:00,29.6,29.9,29.9,29.57,72500.0,2147928.0
2026-08-31 10:20:00,29.91,30.15,30.22,29.9,56717.0,1703232.8497
2026-08-31 10:21:00,30.18,29.99,30.18,29.87,73183.0,2195358.1498
2026-08-31 10:22:00,30.03,30.1,30.1,29.98,28400.0,853584.0
2026-08-31 10:23:00,30.1,30.2,30.2,30.09,51400.0,1549953.0
2026-08-31 10:24:00,30.2,29.9,30.23,29.87,80500.0,2420936.0
2026-08-31 10:25:00,29.86,29.98,29.98,29.82,55000.0,1644113.0
2026-08-31 10:26:00,29.98,30.32,30.34,29.98,116600.0,3517626.0
2026-08-31 10:27:00,30.32,30.35,30.4,30.3,47500.0,1442159.0
2026-08-31 10:28:00,30.37,30.53,30.54,30.34,81400.0,2481902.0
2026-08-31 10:29:00,30.53,30.3,30.54,30.28,53900.0,1641541.0
2026-08-31 10:30:00,30.3,30.14,30.3,30.06,5700.0,171753.0
2026-08-31 10:31:00,30.14,30.21,30.21,30.12,22200.0,670170.0
2026-08-31 10:32:00,30.22,29.9,30.28,29.9,27800.0,836261.0
2026-08-31 10:33:00,29.89,29.65,29.89,29.6,59646.0,1771057.5996
2026-08-31 10:34:00,29.82,30.0,30.0,29.82,24000.0,718736.0
2026-08-31 10:35:00,30.0,29.96,30.0,29.96,22600.0,677936.0
2026-08-31 10:36:00,29.96,29.6,29.96,29.6,93600.0,2773751.0016
2026-08-31 10:37:00,29.75,29.82,29.82,29.59,36200.0,1074443.0
2026-08-31 10:38:00,29.85,29.99,30.05,29.82,23500.0,704614.0
2026-08-31 10:39:00,29.99,29.88,30.02,29.88,55500.0,1662357.0
2026-08-31 10:40:00,29.91,30.16,30.2,29.89,24700.0,742692.0
2026-08-31 10:41:00,30.16,30.02,30.2,29.99,22063.0,664574.3701
2026-08-31 10:42:00,30.02,30.0,30.04,29.99,11300.0,339203.0
2026-08-31 10:43:00,30.0,29.92,30.0,29.9,8837.0,264659.63
2026-08-31 10:44:00,29.92,29.92,29.94,29.88,10200.0,305122.0
2026-08-31 10:45:00,29.93,29.99,29.99,29.93,13763.0,412256.37
2026-08-31 10:46:00,30.0,30.02,30.02,30.0,5300.0,159076.0
2026-08-31 10:47:00,30.01,29.98,30.02,29.98,20900.0,627072.0001
2026-08-31 10:48:00,29.98,29.98,30.0,29.97,5400.0,161912.0
2026-08-31 10:49:00,29.99,29.93,29.99,29.93,8200.0,245752.0
2026-08-31 10:50:00,29.93,29.92,29.94,29.91,10200.0,305220.0
2026-08-31 10:51:00,29.93,29.81,29.93,29.81,21000.0,627943.0
2026-08-31 10:52:00,29.81,29.81,29.81,29.72,19300.0,574502.0
2026-08-31 10:53:00,29.81,29.83,29.83,29.8,18200.0,542600.0
2026-08-31 10:54:00,29.83,29.84,29.88,29.83,9900.0,295407.0
2026-08-31 10:55:00,29.85,29.81,29.86,29.8,13200.0,393705.0
2026-08-31 10:56:00,29.81,29.83,29.85,29.81,14000.0,417679.0
2026-08-31 10:57:00,29.82,29.82,29.83,29.81,31000.0,924258.0
2026-08-31 10:58:00,29.83,29.8,29.83,29.8,13000.0,387559.0
2026-08-31 10:59:00,29.81,29.83,29.83,29.8,21400.0,638309.0
2026-08-31 11:00:00,29.83,29.87,29.9,29.82,22400.0,668556.0
2026-08-31 11:01:00,29.89,29.94,29.94,29.88,5700.0,170415.0
2026-08-31 11:02:00,29.96,30.01,30.01,29.96,34000.0,1019605.0
2026-08-31 11:03:00,30.01,30.0,30.05,29.94,23100.0,692964.0
2026-08-31 11:04:00,30.0,30.1,30.15,30.0,29700.0,892251.0
2026-08-31 11:05:00,30.14,30.15,30.16,30.01,48400.0,1458547.0
2026-08-31 11:06:00,30.13,30.01,30.13,30.01,14900.0,447522.0
2026-08-31 11:07:00,30.01,29.87,30.01,29.86,30100.0,900616.0
2026-08-31 11:08:00,29.86,29.87,29.91,29.86,10200.0,304763.0
2026-08-31 11:09:00,29.87,29.85,29.89,29.81,19300.0,575883.0
2026-08-31 11:10:00,29.89,29.92,29.94,29.86,14600.0,436567.0
2026-08-31 11:11:00,29.94,29.87,29.96,29.87,12700.0,379799.0004
2026-08-31 11:12:00,29.87,29.79,29.88,29.79,42200.0,1258718.0
2026-08-31 11:13:00,29.78,29.82,29.89,29.76,11000.0,328068.0
2026-08-31 11:14:00,29.86,29.73,29.86,29.7,36000.0,1070508.0
2026-08-31 11:15:00,29.73,29.74,29.84,29.72,12300.0,366052.0
2026-08-31 11:16:00,29.74,29.82,29.82,29.74,10300.0,306789.0
2026-08-31 11:17:00,29.82,29.92,30.0,29.82,24600.0,737105.1191
2026-08-31 11:18:00,29.91,29.93,29.96,29.89,8900.0,266287.0
2026-08-31 11:19:00,29.88,29.94,29.94,29.84,8100.0,241975.0
2026-08-31 11:20:00,29.86,29.85,29.93,29.82,7800.0,232862.0
2026-08-31 11:21:00,29.85,29.85,29.85,29.83,5800.0,173113.0
2026-08-31 11:22:00,29.83,29.85,29.87,29.83,17400.0,519231.0
2026-08-31 11:23:00,29.85,29.94,29.94,29.85,6700.0,200296.0
2026-08-31 11:24:00,29.9,29.98,30.0,29.9,12200.0,365445.0
2026-08-31 11:25:00,29.98,30.01,30.01,29.95,27900.0,836369.0
2026-08-31 11:26:00,30.0,30.0,30.01,29.9,16000.0,479762.0
2026-08-31 11:27:00,30.0,29.93,30.0,29.92,12600.0,377618.0
2026-08-31 11:28:00,29.93,29.94,29.95,29.92,2600.0,77833.0
2026-08-31 11:29:00,29.93,29.82,29.93,29.8,34113.0,1018701.3976
2026-08-31 11:30:00,29.8,29.79,29.82,29.78,23487.0,700074.334
2026-08-31 13:01:00,29.78,29.85,29.85,29.78,15526.0,462709.7997
2026-08-31 13:02:00,29.85,29.83,29.85,29.83,12600.0,375984.0
2026-08-31 13:03:00,29.84,29.84,29.85,29.83,13400.0,399860.0
2026-08-31 13:04:00,29.85,30.15,30.15,29.85,11900.0,356488.0
2026-08-31 13:05:00,30.11,30.52,30.54,30.1,82500.0,2501319.0
2026-08-31 13:06:00,30.54,30.26,30.54,30.24,129600.0,3950647.0
2026-08-31 13:07:00,30.26,30.03,30.27,30.0,27800.0,839975.0
2026-08-31 13:08:00,30.03,30.08,30.08,30.01,39200.0,1178371.0
2026-08-31 13:09:00,30.13,30.1,30.13,30.03,28700.0,863348.0
2026-08-31 13:10:00,30.04,30.02,30.1,30.02,30300.0,909942.0
2026-08-31 13:11:00,30.02,30.02,30.03,30.0,11500.0,345203.0
2026-08-31 13:12:00,30.02,30.19,30.2,30.02,14200.0,427459.0
2026-08-31 13:13:00,30.19,30.19,30.24,30.15,24200.0,730692.0
2026-08-31 13:14:00,30.16,30.23,30.25,30.15,30200.0,912322.0
2026-08-31 13:15:00,30.22,30.2,30.23,30.2,30282.0,914676.4158
2026-08-31 13:16:00,30.2,30.12,30.22,30.12,18918.0,571341.9586
2026-08-31 13:17:00,30.1,30.08,30.12,30.02,16263.0,488614.52
2026-08-31 13:18:00,30.08,30.12,30.12,30.05,17300.0,520238.0
2026-08-31 13:19:00,30.09,30.12,30.15,30.07,15800.0,475993.0
2026-08-31 13:20:00,30.12,30.07,30.12,30.07,13900.0,418369.0
2026-08-31 13:21:00,30.09,30.0,30.11,29.98,33000.0,991133.0
2026-08-31 13:22:00,29.98,30.14,30.14,29.95,33300.0,1000352.0
2026-08-31 13:23:00,30.14,30.23,30.23,30.11,29063.0,876749.34
2026-08-31 13:24:00,30.21,30.33,30.33,30.2,28500.0,862683.0
2026-08-31 13:25:00,30.33,30.25,30.33,30.25,90394.0,2735145.5
2026-08-31 13:26:00,30.27,30.2,30.27,30.19,75510.0,2283678.5
2026-08-31 13:27:00,30.2,30.13,30.24,30.13,22400.0,676249.0
2026-08-31 13:28:00,30.12,30.1,30.12,30.1,11300.0,340247.0
2026-08-31 13:29:00,30.1,30.11,30.12,30.1,18801.0,566036.1006
2026-08-31 13:30:00,30.12,30.13,30.14,30.1,14363.0,432595.5601
2026-08-31 13:31:00,30.14,30.17,30.2,30.13,15000.0,452357.0
2026-08-31 13:32:00,30.17,30.21,30.23,30.16,17500.0,528609.0
2026-08-31 13:33:00,30.21,30.29,30.29,30.2,20100.0,607566.0
2026-08-31 13:34:00,30.28,30.51,30.52,30.28,36563.0,1111450.8999
2026-08-31 13:35:00,30.51,30.45,30.6,30.42,85300.0,2603939.0
2026-08-31 13:36:00,30.45,30.37,30.45,30.3,33900.0,1029124.0
2026-08-31 13:37:00,30.36,30.48,30.5,30.34,52100.0,1586253.0
2026-08-31 13:38:00,30.48,30.76,30.83,30.47,58639.0,1794525.304
2026-08-31 13:39:00,30.78,30.82,30.9,30.66,112500.0,3467815.0
2026-08-31 13:40:00,30.82,30.8,30.83,30.71,59500.0,1831799.0
2026-08-31 13:41:00,30.75,30.71,30.83,30.71,61200.0,1882837.0
2026-08-31 13:42:00,30.72,30.56,30.74,30.56,28200.0,864696.1795
2026-08-31 13:43:00,30.56,30.41,30.56,30.41,27200.0,828867.0
2026-08-31 13:44:00,30.41,30.3,30.42,30.29,85200.0,2585954.0
2026-08-31 13:45:00,30.3,30.15,30.3,30.11,29700.0,895375.0026
2026-08-31 13:46:00,30.15,30.21,30.21,30.13,15100.0,455498.0
2026-08-31 13:47:00,30.21,30.33,30.4,30.2,17000.0,515546.0
2026-08-31 13:48:00,30.33,30.31,30.39,30.3,21000.0,636742.0
2026-08-31 13:49:00,30.31,30.2,30.31,30.2,22700.0,687228.0
2026-08-31 13:50:00,30.21,30.21,30.24,30.2,13200.0,398850.0
2026-08-31 13:51:00,30.21,30.21,30.23,30.2,12800.0,386689.0
2026-08-31 13:52:00,30.21,30.22,30.22,30.19,4800.0,144966.0
2026-08-31 13:53:00,30.21,30.21,30.23,30.21,6100.0,184331.0
2026-08-31 13:54:00,30.22,30.21,30.22,30.2,17800.0,537748.0
2026-08-31 13:55:00,30.21,30.22,30.23,30.21,9863.0,298025.23
2026-08-31 13:56:00,30.22,30.21,30.25,30.21,21500.0,650037.0
2026-08-31 13:57:00,30.21,30.18,30.21,30.18,14837.0,448062.7695
2026-08-31 13:58:00,30.18,30.15,30.18,30.13,19000.0,572963.0
2026-08-31 13:59:00,30.15,30.22,30.22,30.14,13400.0,404261.0
2026-08-31 14:00:00,30.2,30.17,30.21,30.17,18700.0,564605.0
2026-08-31 14:01:00,30.17,30.14,30.18,30.14,24200.0,729817.0
2026-08-31 14:02:00,30.17,30.14,30.18,30.1,18100.0,545317.0
2026-08-31 14:03:00,30.16,30.13,30.16,30.13,10800.0,325480.0
2026-08-31 14:04:00,30.13,30.11,30.13,30.11,44434.0,1338459.7446
2026-08-31 14:05:00,30.12,30.09,30.12,30.07,40466.0,1217937.2601
2026-08-31 14:06:00,30.09,30.1,30.1,30.09,18900.0,568755.9999
2026-08-31 14:07:00,30.09,30.13,30.15,30.08,21234.0,639285.0601
2026-08-31 14:08:00,30.13,30.27,30.27,30.11,10700.0,322869.0
2026-08-31 14:09:00,30.27,30.2,30.28,30.2,7900.0,239015.0
2026-08-31 14:10:00,30.19,30.19,30.22,30.18,11900.0,359291.0
2026-08-31 14:11:00,30.2,30.25,30.25,30.19,19000.0,574178.0
2026-08-31 14:12:00,30.23,30.52,30.52,30.23,25000.0,758827.0
2026-08-31 14:13:00,30.57,30.33,30.61,30.33,26534.0,810127.0
2026-08-31 14:14:00,30.38,30.27,30.4,30.27,13400.0,406219.0
2026-08-31 14:15:00,30.27,30.34,30.38,30.23,16800.0,509171.0
2026-08-31 14:16:00,30.34,30.34,30.37,30.34,19000.0,576611.0
2026-08-31 14:17:00,30.34,30.28,30.35,30.28,23700.0,718890.0
2026-08-31 14:18:00,30.28,30.19,30.28,30.19,11300.0,341464.0
2026-08-31 14:19:00,30.19,30.16,30.19,30.16,15900.0,479698.0
2026-08-31 14:20:00,30.16,30.09,30.16,30.09,30000.0,903258.0015
2026-08-31 14:21:00,30.09,30.1,30.1,30.05,29266.0,880045.9409
2026-08-31 14:22:00,30.1,30.16,30.16,30.1,16700.0,503183.0
2026-08-31 14:23:00,30.17,30.25,30.26,30.17,13800.0,417006.0
2026-08-31 14:24:00,30.25,30.19,30.25,30.19,22800.0,688749.0
2026-08-31 14:25:00,30.19,30.09,30.2,30.08,34900.0,1051759.0
2026-08-31 14:26:00,30.07,30.08,30.08,30.05,32135.0,966125.4492
2026-08-31 14:27:00,30.09,30.14,30.14,30.08,14000.0,421324.0
2026-08-31 14:28:00,30.14,30.15,30.15,30.12,13000.0,391828.0
2026-08-31 14:29:00,30.14,30.14,30.16,30.14,11100.0,334632.0
2026-08-31 14:30:00,30.14,30.13,30.15,30.13,9800.0,295384.0
2026-08-31 14:31:00,30.13,30.1,30.13,30.1,10500.0,316171.0
2026-08-31 14:32:00,30.1,30.07,30.11,30.07,23100.0,695135.0
2026-08-31 14:33:00,30.08,30.11,30.11,30.07,36400.0,1095351.0
2026-08-31 14:34:00,30.1,30.15,30.15,30.1,20963.0,631355.3005
2026-08-31 14:35:00,30.13,30.21,30.21,30.13,28200.0,851035.0
2026-08-31 14:36:00,30.21,30.2,30.24,30.2,30100.0,909573.0
2026-08-31 14:37:00,30.2,30.11,30.2,30.1,50800.0,1530863.0
2026-08-31 14:38:00,30.12,30.1,30.12,30.1,42200.0,1270391.0
2026-08-31 14:39:00,30.1,30.1,30.13,30.08,43200.0,1300346.0
2026-08-31 14:40:00,30.1,30.12,30.12,30.09,20800.0,626101.0
2026-08-31 14:41:00,30.12,30.14,30.14,30.12,26500.0,798463.0
2026-08-31 14:42:00,30.13,30.16,30.16,30.13,31000.0,934442.0
2026-08-31 14:43:00,30.16,30.14,30.16,30.14,20600.0,621183.0
2026-08-31 14:44:00,30.15,30.15,30.16,30.13,31800.0,958594.0
2026-08-31 14:45:00,30.15,30.13,30.16,30.13,20200.0,608832.999
2026-08-31 14:46:00,30.13,30.12,30.14,30.12,23200.0,698900.0
2026-08-31 14:47:00,30.12,30.12,30.13,30.11,40400.0,1216929.0
2026-08-31 14:48:00,30.12,30.09,30.12,30.09,52400.0,1577415.0028
2026-08-31 14:49:00,30.09,30.07,30.1,30.07,55580.0,1671769.7955
2026-08-31 14:50:00,30.07,30.05,30.08,30.04,58800.0,1767834.9977
2026-08-31 14:51:00,30.04,30.01,30.04,30.01,109200.0,3278982.0015
2026-08-31 14:52:00,30.02,29.95,30.02,29.92,129400.0,3878848.0017
2026-08-31 14:53:00,29.94,29.98,29.98,29.89,102416.0,3066190.044
2026-08-31 14:54:00,29.98,30.08,30.1,29.96,157915.0,4739012.5
2026-08-31 14:55:00,30.08,30.21,30.24,30.06,115834.0,3490914.375
2026-08-31 14:56:00,30.21,30.26,30.28,30.18,165225.0,4996170.8899
2026-08-31 14:57:00,30.27,30.26,30.29,30.24,216000.0,6536732.0047
2026-08-31 15:00:00,30.3,30.3,30.3,30.3,278500.0,8438550.0
2026-09-01 09:31:00,29.85,29.17,30.0,29.09,1523298.0,45060891.3926
2026-09-01 09:32:00,29.1,29.2,29.52,29.03,1400700.0,41042477.0
2026-09-01 09:33:00,29.2,29.3,29.38,29.12,468186.0,13679203.5
2026-09-01 09:34:00,29.3,29.41,29.62,29.27,259834.0,7665511.18
2026-09-01 09:35:00,29.41,29.39,29.47,29.15,354800.0,10375980.9271
2026-09-01 09:36:00,29.31,29.21,29.5,29.21,116800.0,3429905.0
2026-09-01 09:37:00,29.22,29.14,29.25,28.89,614600.0,17858071.998
2026-09-01 09:38:00,29.14,29.12,29.25,28.96,205500.0,5992311.0
2026-09-01 09:39:00,29.12,28.92,29.12,28.89,267800.0,7756093.0
2026-09-01 09:40:00,28.93,29.11,29.16,28.92,186700.0,5422216.0
2026-09-01 09:41:00,29.11,28.92,29.13,28.91,148900.0,4322223.0
2026-09-01 09:42:00,28.92,28.78,28.95,28.78,298900.0,8633087.988
2026-09-01 09:43:00,28.78,28.77,28.79,28.59,391900.0,11231731.479
2026-09-01 09:44:00,28.77,28.75,28.87,28.66,293726.0,8449893.2061
2026-09-01 09:45:00,28.75,28.82,28.93,28.72,143700.0,4141605.0
2026-09-01 09:46:00,28.81,28.91,28.99,28.81,158500.0,4579738.0
2026-09-01 09:47:00,28.91,28.83,28.91,28.73,243753.0,7023104.5703
2026-09-01 09:48:00,28.8,28.75,28.89,28.74,119600.0,3445031.3751
2026-09-01 09:49:00,28.75,28.82,28.82,28.72,95760.0,2752970.0765
2026-09-01 09:50:00,28.81,28.9,28.94,28.8,93400.0,2696730.0
2026-09-01 09:51:00,28.88,28.71,28.88,28.7,169714.0,4880322.6725
2026-09-01 09:52:00,28.71,28.77,28.78,28.71,70300.0,2020500.9953
2026-09-01 09:53:00,28.78,28.71,28.81,28.71,105276.0,3027206.9529
2026-09-01 09:54:00,28.72,28.76,28.87,28.69,134300.0,3859528.1046
2026-09-01 09:55:00,28.76,28.85,28.85,28.74,54363.0,1564935.881
2026-09-01 09:56:00,28.83,28.71,28.88,28.71,157437.0,4530309.1201
2026-09-01 09:57:00,28.71,28.75,28.75,28.69,162100.0,4653721.9974
2026-09-01 09:58:00,28.75,28.73,28.77,28.71,82700.0,2375782.998
2026-09-01 09:59:00,28.73,28.73,28.74,28.72,54300.0,1559836.0
2026-09-01 10:00:00,28.74,28.73,28.75,28.68,126800.0,3641504.9906
2026-09-01 10:01:00,28.73,28.63,28.73,28.62,182400.0,5229425.4599
2026-09-01 10:02:00,28.65,28.79,28.83,28.63,89801.0,2579864.7915
2026-09-01 10:03:00,28.78,28.83,28.97,28.76,114300.0,3296790.0
2026-09-01 10:04:00,28.88,29.02,29.1,28.85,83400.0,2419227.0
2026-09-01 10:05:00,29.01,28.95,29.04,28.95,48700.0,1411759.0
2026-09-01 10:06:00,28.95,28.88,28.98,28.87,72700.0,2103147.0
2026-09-01 10:07:00,28.88,28.9,28.94,28.87,125186.0,3619882.8281
2026-09-01 10:08:00,28.91,28.77,28.91,28.77,61600.0,1776293.0
2026-09-01 10:09:00,28.78,28.68,28.78,28.67,93063.0,2670498.2109
2026-09-01 10:10:00,28.68,28.82,28.89,28.67,75900.0,2182711.0
2026-09-01 10:11:00,28.85,28.92,28.93,28.84,37900.0,1094850.0
2026-09-01 10:12:00,28.92,28.88,28.98,28.88,57700.0,1669065.0
2026-09-01 10:13:00,28.88,28.85,28.9,28.83,30000.0,866184.4401
2026-09-01 10:14:00,28.86,28.95,28.95,28.83,25956.0,749533.5997
2026-09-01 10:15:00,28.91,28.9,28.96,28.86,36000.0,1040487.0
2026-09-01 10:16:00,28.91,28.73,28.92,28.73,135144.0,3897863.1948
2026-09-01 10:17:00,28.74,28.79,28.82,28.72,40000.0,1150120.0
2026-09-01 10:18:00,28.8,28.83,28.83,28.78,33800.0,973331.002
2026-09-01 10:19:00,28.82,28.73,28.83,28.72,99100.0,2852691.0
2026-09-01 10:20:00,28.72,28.68,28.72,28.68,128846.0,3696725.2862
2026-09-01 10:21:00,28.68,28.67,28.7,28.67,100217.0,2873993.2076
2026-09-01 10:22:00,28.68,28.67,28.69,28.64,126400.0,3622786.0
2026-09-01 10:23:00,28.67,28.76,28.76,28.65,32400.0,929747.0
2026-09-01 10:24:00,28.76,28.73,28.79,28.7,50600.0,1454262.0
2026-09-01 10:25:00,28.73,28.65,28.73,28.64,88300.0,2530540.0
2026-09-01 10:26:00,28.65,28.62,28.66,28.62,47300.0,1354432.0
2026-09-01 10:27:00,28.63,28.65,28.65,28.62,31000.0,887643.0
2026-09-01 10:28:00,28.66,28.53,28.69,28.53,209300.0,5989756.0
2026-09-01 10:29:00,28.53,28.4,28.53,28.33,212500.0,6041455.0
2026-09-01 10:30:00,28.38,28.48,28.54,28.38,54500.0,1551027.0
2026-09-01 10:31:00,28.48,28.36,28.48,28.36,57400.0,1630110.0
2026-09-01 10:32:00,28.36,28.35,28.39,28.35,81500.0,2312070.0
2026-09-01 10:33:00,28.37,28.33,28.38,28.3,145900.0,4132395.0
2026-09-01 10:34:00,28.33,28.35,28.37,28.32,53900.0,1527392.0
2026-09-01 10:35:00,28.35,28.4,28.43,28.34,57700.0,1637647.0
2026-09-01 10:36:00,28.4,28.35,28.4,28.34,58100.0,1647836.0
2026-09-01 10:37:00,28.34,28.35,28.36,28.34,42131.0,1194331.5411
2026-09-01 10:38:00,28.35,28.33,28.35,28.32,65100.0,1844507.3807
2026-09-01 10:39:00,28.33,28.33,28.36,28.33,40300.0,1142342.0
2026-09-01 10:40:00,28.33,28.35,28.36,28.32,35200.0,997910.0
2026-09-01 10:41:00,28.35,28.37,28.47,28.33,79900.0,2268782.0
2026-09-01 10:42:00,28.36,28.32,28.36,28.32,55400.0,1569798.9994
2026-09-01 10:43:00,28.35,28.3,28.35,28.3,104075.0,2946650.5611
2026-09-01 10:44:00,28.32,28.32,28.32,28.29,46100.0,1304782.8213
2026-09-01 10:45:00,28.32,28.31,28.32,28.3,17300.0,489672.0
2026-09-01 10:46:00,28.31,28.22,28.31,28.18,216471.0,6111978.2188
2026-09-01 10:47:00,28.22,28.23,28.23,28.19,66100.0,1864471.0079
2026-09-01 10:48:00,28.24,28.22,28.24,28.19,67900.0,1915189.3011
2026-09-01 10:49:00,28.2,28.22,28.22,28.2,24100.0,679961.998
2026-09-01 10:50:00,28.22,28.23,28.23,28.21,29900.0,843738.0
2026-09-01 10:51:00,28.23,28.27,28.27,28.22,41200.0,1163500.0
2026-09-01 10:52:00,28.27,28.26,28.33,28.24,71000.0,2006895.0
2026-09-01 10:53:00,28.28,28.27,28.28,28.25,46000.0,1300216.0
2026-09-01 10:54:00,28.27,28.26,28.27,28.22,49800.0,1406365.0
2026-09-01 10:55:00,28.27,28.25,28.27,28.23,25200.0,711746.0
2026-09-01 10:56:00,28.25,28.24,28.25,28.23,37600.0,1061670.0
2026-09-01 10:57:00,28.24,28.25,28.25,28.24,53200.0,1502596.0
2026-09-01 10:58:00,28.24,28.25,28.25,28.23,27800.0,785082.0
2026-09-01 10:59:00,28.25,28.26,28.27,28.25,18300.0,517087.0
2026-09-01 11:00:00,28.26,28.26,28.26,28.24,24350.0,687792.0
2026-09-01 11:01:00,28.26,28.27,28.27,28.24,44000.0,1243267.0
2026-09-01 11:02:00,28.27,28.38,28.38,28.26,37300.0,1054566.0
2026-09-01 11:03:00,28.33,28.37,28.42,28.25,61800.0,1749336.0
2026-09-01 11:04:00,28.38,28.32,28.38,28.28,37900.0,1074070.0
2026-09-01 11:05:00,28.31,28.32,28.33,28.3,12700.0,359610.0
2026-09-01 11:06:00,28.33,28.32,28.33,28.31,20800.0,589018.0
2026-09-01 11:07:00,28.32,28.27,28.32,28.26,53600.0,1516517.0
2026-09-01 11:08:00,28.27,28.3,28.3,28.27,16200.0,458172.0
2026-09-01 11:09:00,28.3,28.3,28.31,28.29,10700.0,302796.0
2026-09-01 11:10:00,28.3,28.3,28.31,28.3,12500.0,353780.0
2026-09-01 11:11:00,28.31,28.35,28.35,28.3,19000.0,537944.0
2026-09-01 11:12:00,28.35,28.39,28.39,28.33,19500.0,552805.0
2026-09-01 11:13:00,28.4,28.33,28.4,28.32,31000.0,879536.0
2026-09-01 11:14:00,28.32,28.29,28.32,28.29,41400.0,1171766.0039
2026-09-01 11:15:00,28.29,28.25,28.29,28.24,44400.0,1255065.0
2026-09-01 11:16:00,28.25,28.25,28.26,28.23,29900.0,844518.0
2026-09-01 11:17:00,28.24,28.28,28.28,28.24,14589.0,412177.2509
2026-09-01 11:18:00,28.28,28.26,28.29,28.26,18600.0,526017.0002
2026-09-01 11:19:00,28.26,28.25,28.27,28.24,17611.0,497574.8621
2026-09-01 11:20:00,28.24,28.25,28.26,28.24,13800.0,389813.0
2026-09-01 11:21:00,28.25,28.3,28.3,28.25,23500.0,664307.0
2026-09-01 11:22:00,28.29,28.32,28.35,28.28,9200.0,260387.0
2026-09-01 11:23:00,28.35,28.29,28.39,28.28,37100.0,1050408.0
2026-09-01 11:24:00,28.28,28.26,28.28,28.26,19000.0,537033.0
2026-09-01 11:25:00,28.25,28.21,28.27,28.21,85000.0,2400038.0
2026-09-01 11:26:00,28.21,28.24,28.24,28.21,28200.0,795668.0
2026-09-01 11:27:00,28.24,28.29,28.29,28.24,21200.0,598992.0
2026-09-01 11:28:00,28.29,28.36,28.41,28.29,38570.0,1094822.5
2026-09-01 11:29:00,28.36,28.38,28.4,28.36,20400.0,578979.0039
2026-09-01 11:30:00,28.4,28.39,28.45,28.38,38900.0,1105255.0
2026-09-01 13:01:00,28.39,28.28,28.49,28.28,79030.0,2241381.0861
2026-09-01 13:02:00,28.28,28.23,28.28,28.23,40800.0,1152545.0
2026-09-01 13:03:00,28.24,28.29,28.3,28.24,17000.0,480752.0
2026-09-01 13:04:00,28.29,28.27,28.29,28.26,26300.0,743719.0
2026-09-01 13:05:00,28.27,28.26,28.28,28.26,33400.0,944209.0
2026-09-01 13:06:00,28.27,28.27,28.3,28.26,28100.0,794521.0
2026-09-01 13:07:00,28.28,28.29,28.3,28.28,15100.0,427101.0
2026-09-01 13:08:00,28.3,28.3,28.38,28.27,50200.0,1420861.0
2026-09-01 13:09:00,28.3,28.31,28.36,28.27,16500.0,466854.0
2026-09-01 13:10:00,28.31,28.36,28.36,28.3,16400.0,464295.0
2026-09-01 13:11:00,28.37,28.45,28.45,28.36,48492.0,1377405.9585
2026-09-01 13:12:00,28.44,28.4,28.45,28.4,40700.0,1156959.0
2026-09-01 13:13:00,28.4,28.39,28.4,28.37,21900.0,621695.9988
2026-09-01 13:14:00,28.39,28.4,28.43,28.38,15100.0,428848.9987
2026-09-01 13:15:00,28.41,28.35,28.42,28.35,38608.0,1095793.1188
2026-09-01 13:16:00,28.35,28.21,28.35,28.21,106826.0,3019743.46
2026-09-01 13:17:00,28.22,28.25,28.25,28.2,49989.0,1410409.5336
2026-09-01 13:18:00,28.25,28.26,28.27,28.24,19500.0,551071.0
2026-09-01 13:19:00,28.27,28.3,28.3,28.25,21800.0,616577.0
2026-09-01 13:20:00,28.31,28.24,28.31,28.22,75600.0,2136008.0
2026-09-01 13:21:00,28.24,28.2,28.24,28.2,63800.0,1799919.9785
2026-09-01 13:22:00,28.2,28.03,28.2,28.01,306485.0,8613783.004
2026-09-01 13:23:00,28.02,28.05,28.05,28.01,81000.0,2270354.002
2026-09-01 13:24:00,28.05,28.07,28.07,28.03,64300.0,1803325.0039
2026-09-01 13:25:00,28.07,28.06,28.12,28.06,68700.0,1929011.0
2026-09-01 13:26:00,28.06,27.9,28.06,27.8,403600.0,11276584.0
2026-09-01 13:27:00,27.9,28.0,28.02,27.9,31643.0,885757.0293
2026-09-01 13:28:00,28.01,27.96,28.09,27.95,78746.0,2206154.998
2026-09-01 13:29:00,27.95,27.93,27.96,27.91,47200.0,1318422.0
2026-09-01 13:30:00,27.94,27.96,27.97,27.93,32700.0,914152.998
2026-09-01 13:31:00,27.96,28.0,28.0,27.96,34300.0,959759.7373
2026-09-01 13:32:00,28.0,28.0,28.03,27.99,50400.0,1411432.0
2026-09-01 13:33:00,27.99,28.07,28.07,27.99,25690.0,719827.0
2026-09-01 13:34:00,28.06,28.05,28.06,28.02,18763.0,526187.1484
2026-09-01 13:35:00,28.07,28.09,28.14,28.05,27900.0,783613.0
2026-09-01 13:36:00,28.08,27.99,28.1,27.98,87047.0,2440769.8528
2026-09-01 13:37:00,27.99,28.0,28.01,27.98,51100.0,1430924.0
2026-09-01 13:38:00,28.0,28.02,28.02,28.0,23090.0,646692.0013
2026-09-01 13:39:00,28.01,28.03,28.03,28.0,42710.0,1196560.1004
2026-09-01 13:40:00,28.02,28.01,28.03,28.01,24300.0,680744.0
2026-09-01 13:41:00,28.01,28.0,28.02,28.0,30600.0,856947.0
2026-09-01 13:42:00,28.0,28.01,28.01,28.0,19100.0,534923.0
2026-09-01 13:43:00,28.01,27.97,28.01,27.97,59600.0,1668493.0
2026-09-01 13:44:00,27.97,27.96,27.98,27.95,34300.0,959013.0
2026-09-01 13:45:00,27.97,27.96,27.97,27.95,21200.0,592808.0
2026-09-01 13:46:00,27.97,27.96,27.97,27.95,24500.0,685056.0
2026-09-01 13:47:00,27.96,27.98,27.98,27.95,28000.0,782982.998
2026-09-01 13:48:00,27.98,27.98,27.98,27.97,17900.0,500811.0
2026-09-01 13:49:00,27.99,28.01,28.01,27.99,23600.0,660637.0
2026-09-01 13:50:00,28.01,28.01,28.01,27.99,16300.0,456477.0
2026-09-01 13:51:00,28.0,28.0,28.01,27.99,36200.0,1013587.0
2026-09-01 13:52:00,28.0,27.98,28.01,27.97,85100.0,2381241.0
2026-09-01 13:53:00,27.98,27.98,27.98,27.97,23600.0,660177.0
2026-09-01 13:54:00,27.98,27.98,27.98,27.96,27800.0,777462.0
2026-09-01 13:55:00,27.97,27.98,27.99,27.97,10500.0,293784.0
2026-09-01 13:56:00,27.99,27.99,28.0,27.99,14900.0,417102.0
2026-09-01 13:57:00,27.98,27.99,28.0,27.98,17800.0,498177.0
2026-09-01 13:58:00,28.0,27.99,28.0,27.99,18600.0,520708.0
2026-09-01 13:59:00,27.99,28.01,28.02,27.99,24489.0,685776.1102
2026-09-01 14:00:00,28.01,28.0,28.02,28.0,31726.0,888580.0
2026-09-01 14:01:00,28.0,28.0,28.01,28.0,22963.0,643024.0
2026-09-01 14:02:00,28.0,28.0,28.01,27.99,14656.0,410392.0
2026-09-01 14:03:00,28.0,27.95,28.01,27.95,71166.0,1990948.998
2026-09-01 14:04:00,27.95,27.9,27.95,27.9,76000.0,2122118.9998
2026-09-01 14:05:00,27.91,27.88,27.91,27.88,107800.0,3007559.991
2026-09-01 14:06:00,27.88,27.9,27.9,27.88,32967.0,919551.2593
2026-09-01 14:07:00,27.91,27.91,27.92,27.9,15200.0,424204.0
2026-09-01 14:08:00,27.92,27.94,27.94,27.91,20334.0,567689.2813
2026-09-01 14:09:00,27.92,27.95,27.95,27.92,24100.0,673167.0
2026-09-01 14:10:00,27.95,27.97,27.98,27.95,15200.0,425054.0
2026-09-01 14:11:00,27.97,27.95,27.98,27.95,47900.0,1339066.0
2026-09-01 14:12:00,27.96,27.92,27.96,27.92,43500.0,1215308.0
2026-09-01 14:13:00,27.91,27.9,27.91,27.9,65100.0,1816574.9987
2026-09-01 14:14:00,27.9,27.85,27.9,27.84,50200.0,1399177.0
2026-09-01 14:15:00,27.85,27.83,27.85,27.81,65300.0,1816664.0
2026-09-01 14:16:00,27.83,27.87,27.87,27.83,36700.0,1022162.0
2026-09-01 14:17:00,27.86,27.86,27.87,27.85,31500.0,877579.0
2026-09-01 14:18:00,27.86,27.88,27.88,27.85,33200.0,925038.0
2026-09-01 14:19:00,27.88,27.9,27.9,27.86,17500.0,487798.0
2026-09-01 14:20:00,27.89,27.98,27.98,27.89,39133.0,1092158.03
2026-09-01 14:21:00,27.98,27.96,27.98,27.95,23400.0,654224.0
2026-09-01 14:22:00,27.96,27.99,27.99,27.96,32900.0,920346.0
2026-09-01 14:23:00,28.0,27.99,28.0,27.97,24200.0,677235.0
2026-09-01 14:24:00,27.99,27.97,27.99,27.95,32000.0,894980.0
2026-09-01 14:25:00,27.96,27.91,27.97,27.9,21400.0,597830.0
2026-09-01 14:26:00,27.91,27.91,27.91,27.9,16763.0,467740.6982
2026-09-01 14:27:00,27.91,27.92,27.94,27.9,30600.0,854070.998
2026-09-01 14:28:00,27.93,27.97,27.97,27.91,22500.0,628599.0
2026-09-01 14:29:00,27.98,28.02,28.02,27.97,31400.0,879042.0
2026-09-01 14:30:00,28.01,28.01,28.02,28.0,20200.0,565771.9999
2026-09-01 14:31:00,28.01,28.03,28.04,28.01,84631.0,2372021.3416
2026-09-01 14:32:00,28.03,28.08,28.08,28.0,63500.0,1779862.0016
2026-09-01 14:33:00,28.09,28.26,28.26,28.08,76455.0,2151403.6191
2026-09-01 14:34:00,28.26,28.2,28.27,28.1,78000.0,2198700.0
2026-09-01 14:35:00,28.2,28.22,28.23,28.17,45400.0,1279735.0
2026-09-01 14:36:00,28.22,28.03,28.23,28.03,67700.0,1905779.0
2026-09-01 14:37:00,28.03,28.05,28.05,28.0,55300.0,1549795.0
2026-09-01 14:38:00,28.06,28.1,28.1,28.04,45500.0,1277007.0
2026-09-01 14:39:00,28.1,28.19,28.19,28.1,50600.0,1424079.0
2026-09-01 14:40:00,28.19,28.26,28.27,28.18,31592.0,891355.0
2026-09-01 14:41:00,28.26,28.22,28.3,28.21,129108.0,3647888.162
2026-09-01 14:42:00,28.22,28.25,28.25,28.2,37500.0,1058309.9961
2026-09-01 14:43:00,28.26,28.29,28.29,28.25,45400.0,1283604.164
2026-09-01 14:44:00,28.28,28.38,28.38,28.28,77792.0,2204535.6805
2026-09-01 14:45:00,28.38,28.38,28.38,28.31,47600.0,1348756.0
2026-09-01 14:46:00,28.36,28.31,28.37,28.29,71852.0,2035173.0808
2026-09-01 14:47:00,28.31,28.32,28.33,28.29,62900.0,1780622.0017
2026-09-01 14:48:00,28.32,28.25,28.32,28.25,96519.0,2729996.887
2026-09-01 14:49:00,28.25,28.08,28.25,28.08,85000.0,2393094.0
2026-09-01 14:50:00,28.08,28.15,28.15,28.06,92400.0,2596370.0
2026-09-01 14:51:00,28.15,28.13,28.17,28.1,77100.0,2168636.0
2026-09-01 14:52:00,28.13,28.11,28.13,28.1,64200.0,1804814.0
2026-09-01 14:53:00,28.11,28.13,28.14,28.1,91900.0,2584059.0
2026-09-01 14:54:00,28.13,28.13,28.14,28.11,83000.0,2334497.0
2026-09-01 14:55:00,28.13,28.12,28.14,28.11,150968.0,4245451.628
2026-09-01 14:56:00,28.12,28.18,28.18,28.09,222132.0,6245483.1213
2026-09-01 14:57:00,28.18,28.2,28.27,28.12,127424.0,3586718.3207
2026-09-01 15:00:00,28.25,28.25,28.25,28.25,149000.0,4209250.0
2026-09-02 09:31:00,27.49,26.81,27.49,26.81,992000.0,26954365.9756
2026-09-02 09:32:00,26.81,26.63,26.91,26.4,504857.0,13428791.8161
2026-09-02 09:33:00,26.63,26.59,26.66,26.51,405462.0,10779065.1865
2026-09-02 09:34:00,26.59,26.0,26.63,25.99,651081.0,17139085.5573
2026-09-02 09:35:00,25.98,26.21,26.34,25.88,416810.0,10853012.7349
2026-09-02 09:36:00,26.21,26.13,26.21,26.06,408200.0,10662158.0198
2026-09-02 09:37:00,26.13,26.23,26.34,26.13,356544.0,9349730.4207
2026-09-02 09:38:00,26.23,26.01,26.3,26.0,402456.0,10520476.5747
2026-09-02 09:39:00,26.02,26.11,26.12,26.0,236700.0,6168758.0029
2026-09-02 09:40:00,26.11,26.13,26.14,26.08,192900.0,5037897.9722
2026-09-02 09:41:00,26.13,26.33,26.33,26.06,617194.0,16134653.595
2026-09-02 09:42:00,26.29,26.42,26.43,26.28,229800.0,6059818.0112
2026-09-02 09:43:00,26.42,26.4,26.44,26.36,165700.0,4377725.0039
2026-09-02 09:44:00,26.38,26.44,26.44,26.37,80010.0,2113281.3055
2026-09-02 09:45:00,26.44,26.39,26.44,26.37,76700.0,2024810.3698
2026-09-02 09:46:00,26.39,26.23,26.4,26.23,92200.0,2428059.0024
2026-09-02 09:47:00,26.23,26.12,26.26,26.11,95423.0,2496081.3049
2026-09-02 09:48:00,26.12,26.25,26.26,26.11,99577.0,2603150.0239
2026-09-02 09:49:00,26.25,26.41,26.41,26.25,60723.0,1598608.7505
2026-09-02 09:50:00,26.42,26.37,26.42,26.36,60200.0,1588611.9971
2026-09-02 09:51:00,26.37,26.36,26.38,26.35,54600.0,1439292.0034
2026-09-02 09:52:00,26.36,26.38,26.39,26.34,46600.0,1228456.0015
2026-09-02 09:53:00,26.38,26.42,26.43,26.38,44700.0,1180104.999
2026-09-02 09:54:00,26.43,26.45,26.45,26.41,86963.0,2298976.7277
2026-09-02 09:55:00,26.45,26.42,26.45,26.42,141437.0,3740045.6653
2026-09-02 09:56:00,26.42,26.41,26.43,26.38,39126.0,1033269.1399
2026-09-02 09:57:00,26.4,26.4,26.41,26.38,49263.0,1300255.9264
2026-09-02 09:58:00,26.4,26.4,26.41,26.4,45300.0,1196092.0
2026-09-02 09:59:00,26.4,26.4,26.41,26.4,33400.0,881808.0
2026-09-02 10:00:00,26.39,26.29,26.39,26.29,70311.0,1852086.9147
2026-09-02 10:01:00,26.28,26.13,26.3,26.13,60400.0,1581921.9995
2026-09-02 10:02:00,26.13,26.19,26.2,26.12,80500.0,2106574.9907
2026-09-02 10:03:00,26.19,26.16,26.19,26.15,106400.0,2784132.0
2026-09-02 10:04:00,26.17,26.17,26.2,26.15,98500.0,2577864.0
2026-09-02 10:05:00,26.16,26.08,26.19,26.08,134268.0,3506494.2002
2026-09-02 10:06:00,26.1,26.14,26.14,26.08,46689.0,1218800.5678
2026-09-02 10:07:00,26.14,26.19,26.19,26.12,25063.0,655243.699
2026-09-02 10:08:00,26.17,26.15,26.17,26.13,71063.0,1858378.2947
2026-09-02 10:09:00,26.16,26.16,26.19,26.13,43300.0,1132668.9998
2026-09-02 10:10:00,26.16,26.19,26.2,26.15,55000.0,1439402.0
2026-09-02 10:11:00,26.19,26.33,26.33,26.18,52700.0,1384585.9985
2026-09-02 10:12:00,26.33,26.33,26.35,26.24,72300.0,1903461.2634
2026-09-02 10:13:00,26.26,26.34,26.34,26.24,29981.0,788301.4419
2026-09-02 10:14:00,26.34,26.37,26.38,26.33,41700.0,1099385.0034
2026-09-02 10:15:00,26.35,26.3,26.35,26.26,20900.0,549772.0
2026-09-02 10:16:00,26.27,26.3,26.3,26.25,34600.0,908809.0
2026-09-02 10:17:00,26.3,26.27,26.31,26.27,39100.0,1027731.0005
2026-09-02 10:18:00,26.27,26.25,26.28,26.25,28400.0,745815.0
2026-09-02 10:19:00,26.25,26.2,26.26,26.2,19519.0,512032.5585
2026-09-02 10:20:00,26.2,26.2,26.23,26.2,67600.0,1771658.9985
2026-09-02 10:21:00,26.21,26.18,26.21,26.17,66681.0,1746049.5796
2026-09-02 10:22:00,26.18,26.13,26.18,26.12,43793.0,1145017.0309
2026-09-02 10:23:00,26.13,26.13,26.15,26.12,78426.0,2049529.1156
2026-09-02 10:24:00,26.13,26.16,26.17,26.12,42600.0,1114013.0044
2026-09-02 10:25:00,26.16,26.19,26.19,26.15,14826.0,387929.1599
2026-09-02 10:26:00,26.19,26.17,26.19,26.17,63100.0,1651973.0
2026-09-02 10:27:00,26.17,26.18,26.18,26.16,42100.0,1101557.0001
2026-09-02 10:28:00,26.17,26.18,26.18,26.17,41900.0,1096757.0
2026-09-02 10:29:00,26.17,26.15,26.18,26.15,64200.0,1679634.0
2026-09-02 10:30:00,26.15,26.14,26.15,26.13,40800.0,1066523.9951
2026-09-02 10:31:00,26.14,26.09,26.15,26.08,158274.0,4132664.069
2026-09-02 10:32:00,26.09,26.02,26.1,26.0,220729.0,5745467.0073
2026-09-02 10:33:00,26.05,26.01,26.05,26.01,67681.0,1761408.811
2026-09-02 10:34:00,26.02,26.0,26.02,26.0,77819.0,2023965.3864
2026-09-02 10:35:00,26.01,26.01,26.02,26.0,71800.0,1867571.0
2026-09-02 10:36:00,26.01,26.05,26.06,26.0,54131.0,1408269.6201
2026-09-02 10:37:00,26.04,26.1,26.11,26.03,32144.0,837706.1002
2026-09-02 10:38:00,26.11,26.12,26.15,26.1,29989.0,783433.9035
2026-09-02 10:39:00,26.12,26.13,26.13,26.09,14573.0,380403.6816
2026-09-02 10:40:00,26.13,26.09,26.13,26.09,30875.0,805681.75
2026-09-02 10:41:00,26.09,26.03,26.09,26.02,33519.0,873134.5714
2026-09-02 10:42:00,26.03,26.03,26.03,26.01,38844.0,1010801.8842
2026-09-02 10:43:00,26.03,26.16,26.16,26.03,14351.0,373855.8124
2026-09-02 10:44:00,26.16,26.06,26.16,26.05,17700.0,462075.0
2026-09-02 10:45:00,26.06,26.07,26.07,26.05,60215.0,1569045.899
2026-09-02 10:46:00,26.07,26.11,26.11,26.07,19700.0,514079.0
2026-09-02 10:47:00,26.15,26.19,26.19,26.11,24197.0,632915.6709
2026-09-02 10:48:00,26.19,26.1,26.19,26.09,32303.0,843914.3293
2026-09-02 10:49:00,26.09,26.05,26.1,26.05,48000.0,1251010.0
2026-09-02 10:50:00,26.05,26.05,26.06,26.03,26697.0,695237.8844
2026-09-02 10:51:00,26.05,26.06,26.08,26.03,32200.0,838651.0704
2026-09-02 10:52:00,26.05,26.01,26.06,26.01,51340.0,1336178.0005
2026-09-02 10:53:00,26.02,26.16,26.2,26.02,47600.0,1239884.0039
2026-09-02 10:54:00,26.1,26.1,26.19,26.1,17469.0,456357.9021
2026-09-02 10:55:00,26.1,26.08,26.16,26.08,18131.0,473280.1
2026-09-02 10:56:00,26.05,26.05,26.05,26.03,22269.0,579851.0745
2026-09-02 10:57:00,26.06,26.03,26.06,26.03,26931.0,701399.9424
2026-09-02 10:58:00,26.03,26.01,26.03,26.0,132100.0,3435315.002
2026-09-02 10:59:00,26.0,26.02,26.02,25.99,86200.0,2241136.0
2026-09-02 11:00:00,26.01,25.99,26.02,25.99,31471.0,818385.4199
2026-09-02 11:01:00,25.99,25.98,25.99,25.97,22500.0,584602.0
2026-09-02 11:02:00,25.98,26.0,26.0,25.96,49400.0,1283218.9981
2026-09-02 11:03:00,26.0,26.01,26.02,25.99,15700.0,408379.0
2026-09-02 11:04:00,26.01,26.02,26.03,26.01,9300.0,241949.0021
2026-09-02 11:05:00,26.02,26.04,26.1,26.02,9198.0,239627.671
2026-09-02 11:06:00,26.02,26.12,26.15,26.02,15300.0,399235.0
2026-09-02 11:07:00,26.12,26.1,26.15,26.08,20560.0,536788.0
2026-09-02 11:08:00,26.1,26.1,26.14,26.1,7200.0,187995.0005
2026-09-02 11:09:00,26.11,26.12,26.12,26.1,8500.0,221904.0005
2026-09-02 11:10:00,26.11,26.12,26.15,26.08,13500.0,352492.0005
2026-09-02 11:11:00,26.11,26.12,26.13,26.1,5900.0,154071.0
2026-09-02 11:12:00,26.12,26.12,26.14,26.11,11600.0,303015.002
2026-09-02 11:13:00,26.11,26.1,26.11,26.08,21800.0,568912.0
2026-09-02 11:14:00,26.1,26.1,26.12,26.1,9000.0,234958.0
2026-09-02 11:15:00,26.11,26.1,26.11,26.1,15500.0,404583.0
2026-09-02 11:16:00,26.1,26.08,26.11,26.08,11500.0,300127.0
2026-09-02 11:17:00,26.08,26.1,26.1,26.06,13000.0,339057.0
2026-09-02 11:18:00,26.1,26.08,26.11,26.07,8300.0,216474.0
2026-09-02 11:19:00,26.11,26.12,26.12,26.11,6000.0,156667.0
2026-09-02 11:20:00,26.12,26.08,26.12,26.08,20100.0,524477.002
2026-09-02 11:21:00,26.08,26.09,26.09,26.08,38800.0,1011962.0
2026-09-02 11:22:00,26.08,26.05,26.08,26.04,24000.0,625296.002
2026-09-02 11:23:00,26.05,26.05,26.05,26.04,31200.0,812602.0127
2026-09-02 11:24:00,26.04,26.07,26.07,26.04,25900.0,674649.001
2026-09-02 11:25:00,26.07,26.1,26.1,26.06,12800.0,333727.0
2026-09-02 11:26:00,26.12,26.11,26.12,26.1,11300.0,295040.0
2026-09-02 11:27:00,26.12,26.14,26.15,26.11,14600.0,381419.0005
2026-09-02 11:28:00,26.16,26.19,26.19,26.16,19700.0,515860.0
2026-09-02 11:29:00,26.19,26.24,26.28,26.19,20167.0,529024.4
2026-09-02 11:30:00,26.25,26.23,26.28,26.21,19600.0,514403.0
2026-09-02 13:01:00,26.23,26.2,26.28,26.2,28400.0,745129.0001
2026-09-02 13:02:00,26.2,26.19,26.2,26.18,10600.0,277628.0
2026-09-02 13:03:00,26.19,26.2,26.25,26.19,15000.0,393098.999
2026-09-02 13:04:00,26.2,26.21,26.22,26.2,6900.0,180845.9995
2026-09-02 13:05:00,26.2,26.17,26.2,26.16,10700.0,280114.0
2026-09-02 13:06:00,26.17,26.16,26.17,26.15,9800.0,256392.0
2026-09-02 13:07:00,26.16,26.17,26.18,26.16,6900.0,180572.0
2026-09-02 13:08:00,26.17,26.18,26.19,26.16,12100.0,316723.0
2026-09-02 13:09:00,26.2,26.2,26.2,26.18,4763.0,124772.34
2026-09-02 13:10:00,26.2,26.16,26.21,26.16,24637.0,645117.6602
2026-09-02 13:11:00,26.16,26.15,26.18,26.15,22400.0,586090.9999
2026-09-02 13:12:00,26.15,26.16,26.18,26.15,17426.0,455861.1539
2026-09-02 13:13:00,26.16,26.17,26.18,26.16,23500.0,614940.9961
2026-09-02 13:14:00,26.17,26.22,26.22,26.17,24048.0,629804.1211
2026-09-02 13:15:00,26.22,26.25,26.25,26.2,4800.0,125881.9995
2026-09-02 13:16:00,26.25,26.3,26.31,26.24,20500.0,538532.0
2026-09-02 13:17:00,26.3,26.33,26.33,26.29,17000.0,447181.001
2026-09-02 13:18:00,26.29,26.33,26.34,26.29,14800.0,389614.0
2026-09-02 13:19:00,26.32,26.3,26.33,26.3,31500.0,828678.0
2026-09-02 13:20:00,26.29,26.3,26.3,26.28,22263.0,585318.6428
2026-09-02 13:21:00,26.3,26.28,26.3,26.28,5237.0,137673.36
2026-09-02 13:22:00,26.28,26.28,26.29,26.26,5663.0,148813.6407
2026-09-02 13:23:00,26.28,26.26,26.28,26.25,15400.0,404460.1111
2026-09-02 13:24:00,26.25,26.27,26.27,26.25,27300.0,716855.0
2026-09-02 13:25:00,26.26,26.27,26.27,26.26,13100.0,344084.0
2026-09-02 13:26:00,26.27,26.26,26.28,26.25,10300.0,270544.0
2026-09-02 13:27:00,26.26,26.26,26.26,26.25,17100.0,449016.0002
2026-09-02 13:28:00,26.26,26.28,26.28,26.25,14286.0,375159.5001
2026-09-02 13:29:00,26.27,26.32,26.32,26.27,10700.0,281332.0
2026-09-02 13:30:00,26.32,26.36,26.36,26.31,36248.0,954655.7998
2026-09-02 13:31:00,26.36,26.44,26.44,26.35,44340.0,1169871.811
2026-09-02 13:32:00,26.43,26.41,26.44,26.41,28500.0,753029.0001
2026-09-02 13:33:00,26.41,26.39,26.41,26.38,7300.0,192703.0
2026-09-02 13:34:00,26.39,26.4,26.4,26.38,8300.0,219069.9995
2026-09-02 13:35:00,26.4,26.39,26.41,26.39,23700.0,625485.998
2026-09-02 13:36:00,26.38,26.38,26.39,26.37,33800.0,891427.0078
2026-09-02 13:37:00,26.37,26.37,26.38,26.37,11289.0,297728.9316
2026-09-02 13:38:00,26.37,26.35,26.37,26.32,20000.0,527223.5602
2026-09-02 13:39:00,26.32,26.35,26.35,26.32,7000.0,184347.0
2026-09-02 13:40:00,26.34,26.33,26.35,26.33,9500.0,250258.0
2026-09-02 13:41:00,26.33,26.34,26.35,26.33,11500.0,302940.0
2026-09-02 13:42:00,26.34,26.33,26.34,26.33,8400.0,221208.0
2026-09-02 13:43:00,26.34,26.35,26.36,26.33,6800.0,179124.0
2026-09-02 13:44:00,26.36,26.35,26.36,26.35,4800.0,126493.0
2026-09-02 13:45:00,26.35,26.36,26.37,26.35,4300.0,113347.0005
2026-09-02 13:46:00,26.36,26.36,26.37,26.36,11100.0,292641.0005
2026-09-02 13:47:00,26.36,26.37,26.37,26.35,8900.0,234607.001
2026-09-02 13:48:00,26.36,26.37,26.37,26.36,13300.0,350615.001
2026-09-02 13:49:00,26.36,26.37,26.38,26.36,14200.0,374439.001
2026-09-02 13:50:00,26.36,26.37,26.37,26.35,11400.0,300493.0
2026-09-02 13:51:00,26.38,26.33,26.38,26.33,27534.0,725567.2188
2026-09-02 13:52:00,26.33,26.31,26.33,26.3,20037.0,527299.4995
2026-09-02 13:53:00,26.3,26.24,26.31,26.24,42400.0,1113793.0039
2026-09-02 13:54:00,26.24,26.17,26.24,26.17,50100.0,1312732.0049
2026-09-02 13:55:00,26.17,26.14,26.18,26.13,33774.0,883276.8325
2026-09-02 13:56:00,26.14,26.24,26.31,26.13,14926.0,390449.6401
2026-09-02 13:57:00,26.25,26.27,26.27,26.24,8800.0,231056.0
2026-09-02 13:58:00,26.29,26.32,26.32,26.27,13700.0,360312.0039
2026-09-02 13:59:00,26.31,26.34,26.34,26.31,11900.0,313248.0
2026-09-02 14:00:00,26.34,26.28,26.34,26.28,21400.0,562829.002
2026-09-02 14:01:00,26.27,26.21,26.27,26.2,16400.0,429996.9995
2026-09-02 14:02:00,26.22,26.25,26.25,26.21,7900.0,207307.0
2026-09-02 14:03:00,26.25,26.26,26.27,26.25,7432.0,195147.0
2026-09-02 14:04:00,26.26,26.24,26.26,26.24,16336.0,428813.3206
2026-09-02 14:05:00,26.24,26.21,26.24,26.2,19200.0,503401.9583
2026-09-02 14:06:00,26.21,26.2,26.22,26.2,14832.0,388741.7114
2026-09-02 14:07:00,26.2,26.2,26.21,26.2,16800.0,440173.9995
2026-09-02 14:08:00,26.21,26.21,26.22,26.2,17468.0,457845.2736
2026-09-02 14:09:00,26.21,26.2,26.21,26.2,28032.0,734493.7169
2026-09-02 14:10:00,26.2,26.15,26.2,26.15,27800.0,727499.9999
2026-09-02 14:11:00,26.15,26.17,26.17,26.14,23793.0,622159.9495
2026-09-02 14:12:00,26.16,26.16,26.17,26.15,5624.0,147126.8397
2026-09-02 14:13:00,26.16,26.16,26.17,26.15,20576.0,538257.1561
2026-09-02 14:14:00,26.16,26.15,26.16,26.15,13600.0,355693.9979
2026-09-02 14:15:00,26.15,26.15,26.16,26.14,31907.0,834389.1197
2026-09-02 14:16:00,26.15,26.14,26.15,26.13,21174.0,553456.3541
2026-09-02 14:17:00,26.13,26.11,26.14,26.1,40900.0,1068235.0
2026-09-02 14:18:00,26.11,26.08,26.11,26.07,55300.0,1442638.0
2026-09-02 14:19:00,26.08,26.09,26.1,26.07,30026.0,783220.3399
2026-09-02 14:20:00,26.09,26.09,26.09,26.06,32642.0,851245.7382
2026-09-02 14:21:00,26.08,26.02,26.08,26.01,48032.0,1250263.9219
2026-09-02 14:22:00,26.01,26.01,26.03,26.0,56426.0,1467498.0
2026-09-02 14:23:00,26.01,26.01,26.03,26.0,42000.0,1092297.0
2026-09-02 14:24:00,26.01,26.03,26.03,26.01,20800.0,541295.0
2026-09-02 14:25:00,26.03,26.04,26.07,26.03,13868.0,361035.0472
2026-09-02 14:26:00,26.04,26.06,26.06,26.03,16100.0,419380.0008
2026-09-02 14:27:00,26.06,26.07,26.09,26.05,17200.0,448353.0
2026-09-02 14:28:00,26.07,26.09,26.09,26.06,22092.0,576145.28
2026-09-02 14:29:00,26.09,26.1,26.12,26.09,14700.0,383627.0016
2026-09-02 14:30:00,26.11,26.12,26.13,26.1,27700.0,723490.9944
2026-09-02 14:31:00,26.12,26.09,26.12,26.09,23908.0,623988.8013
2026-09-02 14:32:00,26.09,26.1,26.11,26.09,13400.0,349746.0015
2026-09-02 14:33:00,26.09,26.06,26.09,26.06,58600.0,1527912.0
2026-09-02 14:34:00,26.06,26.01,26.06,26.01,42132.0,1096796.9661
2026-09-02 14:35:00,26.01,26.02,26.03,26.0,38400.0,998897.0
2026-09-02 14:36:00,26.02,26.02,26.04,26.02,21568.0,561324.3647
2026-09-02 14:37:00,26.03,26.03,26.04,26.02,34324.0,893420.7235
2026-09-02 14:38:00,26.03,26.05,26.05,26.03,23938.0,623266.7632
2026-09-02 14:39:00,26.04,26.06,26.06,26.04,17900.0,466296.0
2026-09-02 14:40:00,26.07,26.11,26.11,26.05,28100.0,732849.0
2026-09-02 14:41:00,26.11,26.1,26.11,26.08,18063.0,471512.6708
2026-09-02 14:42:00,26.09,26.08,26.12,26.08,34137.0,891095.3325
2026-09-02 14:43:00,26.08,26.06,26.09,26.06,66494.0,1733138.624
2026-09-02 14:44:00,26.06,26.07,26.07,26.04,109700.0,2858670.1763
2026-09-02 14:45:00,26.07,26.05,26.07,26.04,56580.0,1473977.002
2026-09-02 14:46:00,26.05,26.05,26.06,26.04,28500.0,742257.2075
2026-09-02 14:47:00,26.05,26.05,26.06,26.04,39600.0,1031515.0059
2026-09-02 14:48:00,26.04,26.06,26.06,26.04,57500.0,1498004.0001
2026-09-02 14:49:00,26.05,26.05,26.06,26.04,37300.0,971628.0028
2026-09-02 14:50:00,26.04,26.05,26.06,26.04,50200.0,1307563.0029
2026-09-02 14:51:00,26.06,26.06,26.06,26.05,53100.0,1383324.0
2026-09-02 14:52:00,26.05,26.05,26.06,26.04,121200.0,3156443.2253
2026-09-02 14:53:00,26.04,26.02,26.05,26.02,101526.0,2642677.0503
2026-09-02 14:54:00,26.02,26.0,26.03,26.0,115432.0,3002606.6488
2026-09-02 14:55:00,26.0,26.0,26.02,25.99,186300.0,4844156.6904
2026-09-02 14:56:00,26.0,26.01,26.01,25.99,120155.0,3124030.192
2026-09-02 14:57:00,26.02,26.03,26.03,26.0,114400.0,2975932.0
2026-09-02 15:00:00,26.0,26.0,26.0,26.0,241400.0,6276400.0
2026-09-03 09:31:00,25.77,25.65,25.88,25.56,441300.0,11351940.0215
2026-09-03 09:32:00,25.64,25.88,25.93,25.58,176782.0,4540614.908
2026-09-03 09:33:00,25.93,26.02,26.1,25.88,112800.0,2935791.0088
2026-09-03 09:34:00,26.02,25.93,26.05,25.9,162300.0,4216756.0015
2026-09-03 09:35:00,25.93,25.8,25.93,25.79,86800.0,2247538.9995
2026-09-03 09:36:00,25.79,25.61,25.8,25.61,206118.0,5301749.5049
2026-09-03 09:37:00,25.64,25.41,25.66,25.41,305600.0,7793059.8643
2026-09-03 09:38:00,25.41,25.45,25.46,25.4,191254.0,4862803.5925
2026-09-03 09:39:00,25.45,25.5,25.51,25.42,80600.0,2051647.9971
2026-09-03 09:40:00,25.49,25.4,25.53,25.4,197500.0,5027201.9932
2026-09-03 09:41:00,25.41,25.2,25.41,25.2,228800.0,5785596.9876
2026-09-03 09:42:00,25.2,25.14,25.21,25.11,264582.0,6652653.0228
2026-09-03 09:43:00,25.15,25.25,25.25,25.14,103300.0,2601341.9976
2026-09-03 09:44:00,25.26,25.23,25.3,25.23,116881.0,2951663.9875
2026-09-03 09:45:00,25.23,25.11,25.25,25.11,180171.0,4534663.3682
2026-09-03 09:46:00,25.12,25.16,25.2,25.1,176652.0,4440317.4238
2026-09-03 09:47:00,25.16,25.19,25.2,25.15,161163.0,4054516.4405
2026-09-03 09:48:00,25.18,25.29,25.29,25.18,49700.0,1253873.0015
2026-09-03 09:49:00,25.3,25.6,25.6,25.28,81963.0,2082652.4225
2026-09-03 09:50:00,25.6,25.52,25.69,25.44,317800.0,8137938.0
2026-09-03 09:51:00,25.52,25.42,25.52,25.4,41900.0,1066207.4995
2026-09-03 09:52:00,25.42,25.52,25.52,25.41,48350.0,1230698.5
2026-09-03 09:53:00,25.52,25.33,25.57,25.33,92700.0,2359038.0
2026-09-03 09:54:00,25.33,25.3,25.36,25.3,48200.0,1220456.0
2026-09-03 09:55:00,25.29,25.32,25.32,25.25,28100.0,710466.001
2026-09-03 09:56:00,25.32,25.34,25.38,25.31,75900.0,1925139.9961
2026-09-03 09:57:00,25.33,25.26,25.35,25.26,48200.0,1220048.0
2026-09-03 09:58:00,25.27,25.29,25.35,25.25,35800.0,904875.0015
2026-09-03 09:59:00,25.29,25.38,25.38,25.29,32225.0,817247.2563
2026-09-03 10:00:00,25.36,25.31,25.37,25.3,17700.0,448339.2505
2026-09-03 10:01:00,25.31,25.31,25.35,25.3,39600.0,1002114.0
2026-09-03 10:02:00,25.31,25.33,25.34,25.3,12700.0,321543.0
2026-09-03 10:03:00,25.33,25.3,25.33,25.29,66375.0,1679559.4912
2026-09-03 10:04:00,25.3,25.24,25.3,25.24,58700.0,1483480.0015
2026-09-03 10:05:00,25.24,25.19,25.25,25.18,55300.0,1393922.9985
2026-09-03 10:06:00,25.18,25.21,25.21,25.18,49200.0,1239756.0005
2026-09-03 10:07:00,25.21,25.26,25.31,25.21,36300.0,916809.9985
2026-09-03 10:08:00,25.29,25.33,25.35,25.27,24500.0,620420.0015
2026-09-03 10:09:00,25.32,25.32,25.35,25.31,23700.0,600477.0
2026-09-03 10:10:00,25.32,25.27,25.32,25.27,19900.0,503354.0004
2026-09-03 10:11:00,25.28,25.23,25.28,25.23,22100.0,558054.0
2026-09-03 10:12:00,25.23,25.2,25.24,25.2,50000.0,1260581.9936
2026-09-03 10:13:00,25.2,25.19,25.2,25.18,29400.0,740699.0
2026-09-03 10:14:00,25.21,25.22,25.23,25.2,17563.0,442919.5986
2026-09-03 10:15:00,25.22,25.21,25.22,25.2,38215.0,963282.9956
2026-09-03 10:16:00,25.2,25.22,25.22,25.19,25300.0,637686.001
2026-09-03 10:17:00,25.2,25.2,25.22,25.19,33122.0,834789.406
2026-09-03 10:18:00,25.2,25.22,25.27,25.19,27503.0,693420.6003
2026-09-03 10:19:00,25.22,25.22,25.27,25.21,40100.0,1011360.9844
2026-09-03 10:20:00,25.22,25.36,25.38,25.22,22000.0,557005.0015
2026-09-03 10:21:00,25.34,25.34,25.34,25.31,15100.0,382366.0
2026-09-03 10:22:00,25.34,25.35,25.39,25.32,47300.0,1200031.0015
2026-09-03 10:23:00,25.32,25.28,25.32,25.28,14200.0,359165.0005
2026-09-03 10:24:00,25.27,25.34,25.34,25.27,5500.0,139116.0
2026-09-03 10:25:00,25.34,25.32,25.36,25.32,9100.0,230608.0
2026-09-03 10:26:00,25.32,25.24,25.32,25.24,30400.0,768215.0005
2026-09-03 10:27:00,25.25,25.23,25.25,25.22,15800.0,398601.0
2026-09-03 10:28:00,25.23,25.24,25.25,25.22,18000.0,454068.0
2026-09-03 10:29:00,25.25,25.29,25.29,25.25,14100.0,356441.0005
2026-09-03 10:30:00,25.29,25.3,25.3,25.28,14400.0,364172.0117
2026-09-03 10:31:00,25.3,25.3,25.32,25.29,12400.0,313765.0
2026-09-03 10:32:00,25.3,25.3,25.31,25.29,19100.0,483203.0024
2026-09-03 10:33:00,25.3,25.27,25.3,25.27,19500.0,493030.0046
2026-09-03 10:34:00,25.28,25.27,25.28,25.27,10944.0,276568.8789
2026-09-03 10:35:00,25.27,25.19,25.27,25.19,113156.0,2852528.0938
2026-09-03 10:36:00,25.19,25.19,25.2,25.18,54800.0,1380277.0
2026-09-03 10:37:00,25.19,25.19,25.2,25.19,53944.0,1359243.3633
2026-09-03 10:38:00,25.2,25.29,25.29,25.2,11800.0,297978.0
2026-09-03 10:39:00,25.25,25.25,25.29,25.22,6400.0,161571.0005
2026-09-03 10:40:00,25.23,25.29,25.29,25.23,16000.0,404290.0049
2026-09-03 10:41:00,25.3,25.25,25.3,25.25,30500.0,771095.0093
2026-09-03 10:42:00,25.25,25.24,25.28,25.24,10500.0,265102.0
2026-09-03 10:43:00,25.25,25.2,25.25,25.2,24300.0,612874.9966
2026-09-03 10:44:00,25.2,25.21,25.21,25.2,17300.0,435978.9995
2026-09-03 10:45:00,25.2,25.2,25.2,25.18,35063.0,883294.34
2026-09-03 10:46:00,25.19,25.19,25.2,25.18,50150.0,1262888.9999
2026-09-03 10:47:00,25.19,25.17,25.19,25.17,49887.0,1255948.6653
2026-09-03 10:48:00,25.17,25.17,25.18,25.17,39142.0,985227.1396
2026-09-03 10:49:00,25.17,25.17,25.18,25.17,27921.0,702839.5781
2026-09-03 10:50:00,25.17,25.17,25.18,25.17,32700.0,823105.0008
2026-09-03 10:51:00,25.17,25.14,25.17,25.14,58537.0,1472614.291
2026-09-03 10:52:00,25.15,25.11,25.15,25.11,47963.0,1204815.9353
2026-09-03 10:53:00,25.11,25.11,25.11,25.1,88537.0,2222388.0953
2026-09-03 10:54:00,25.1,25.1,25.11,25.09,48466.0,1216360.6021
2026-09-03 10:55:00,25.09,25.09,25.1,25.08,65700.0,1648351.0
2026-09-03 10:56:00,25.09,25.09,25.1,25.08,41000.0,1028661.001
2026-09-03 10:57:00,25.1,25.06,25.1,25.06,99000.0,2482917.9999
2026-09-03 10:58:00,25.06,25.02,25.08,25.01,181700.0,4547807.0071
2026-09-03 10:59:00,25.02,25.01,25.03,25.01,128083.0,3203619.8311
2026-09-03 11:00:00,25.01,25.02,25.02,25.0,70800.0,1770746.1898
2026-09-03 11:01:00,25.02,25.04,25.04,25.01,51000.0,1275745.0
2026-09-03 11:02:00,25.04,25.02,25.04,25.01,27874.0,697432.7441
2026-09-03 11:03:00,25.03,25.04,25.04,25.02,19113.0,478422.3965
2026-09-03 11:04:00,25.04,25.08,25.08,25.04,6200.0,155371.0
2026-09-03 11:05:00,25.08,25.1,25.12,25.07,38300.0,960989.001
2026-09-03 11:06:00,25.11,25.13,25.14,25.11,16300.0,409572.001
2026-09-03 11:07:00,25.13,25.13,25.14,25.11,22200.0,557819.9971
2026-09-03 11:08:00,25.12,25.09,25.13,25.09,12000.0,301292.0
2026-09-03 11:09:00,25.09,25.08,25.1,25.07,28863.0,724097.0391
2026-09-03 11:10:00,25.08,25.12,25.15,25.08,3600.0,90374.0
2026-09-03 11:11:00,25.15,25.17,25.17,25.11,10400.0,261631.0
2026-09-03 11:12:00,25.17,25.15,25.18,25.15,9500.0,239063.3699
2026-09-03 11:13:00,25.15,25.17,25.17,25.15,5300.0,133337.0
2026-09-03 11:14:00,25.17,25.15,25.17,25.15,11700.0,294319.9989
2026-09-03 11:15:00,25.15,25.12,25.16,25.12,11700.0,294162.0015
2026-09-03 11:16:00,25.11,25.1,25.12,25.1,6400.0,160685.0
2026-09-03 11:17:00,25.12,25.1,25.12,25.1,8800.0,221004.001
2026-09-03 11:18:00,25.1,25.12,25.12,25.1,14300.0,358985.0
2026-09-03 11:19:00,25.11,25.1,25.11,25.1,13400.0,336355.0
2026-09-03 11:20:00,25.1,25.09,25.1,25.08,40800.0,1023422.0001
2026-09-03 11:21:00,25.08,25.09,25.1,25.08,33700.0,845307.0
2026-09-03 11:22:00,25.08,25.12,25.12,25.08,24100.0,604685.0
2026-09-03 11:23:00,25.12,25.15,25.15,25.12,9900.0,248919.0
2026-09-03 11:24:00,25.15,25.17,25.17,25.15,12463.0,313674.4499
2026-09-03 11:25:00,25.17,25.19,25.19,25.17,15800.0,397757.1245
2026-09-03 11:26:00,25.19,25.18,25.19,25.15,5900.0,148562.0
2026-09-03 11:27:00,25.16,25.16,25.18,25.16,10500.0,264238.0
2026-09-03 11:28:00,25.18,25.18,25.18,25.16,18100.0,455702.0
2026-09-03 11:29:00,25.17,25.13,25.17,25.13,20900.0,525466.9972
2026-09-03 11:30:00,25.12,25.13,25.13,25.09,17500.0,439345.998
2026-09-03 13:01:00,25.13,25.13,25.18,25.1,13100.0,329252.9985
2026-09-03 13:02:00,25.11,25.11,25.12,25.1,19500.0,489625.0
2026-09-03 13:03:00,25.11,25.0,25.11,25.0,138600.0,3469677.6177
2026-09-03 13:04:00,25.01,24.94,25.06,24.9,197604.0,4939016.9966
2026-09-03 13:05:00,24.9,24.84,24.9,24.84,86500.0,2152060.9927
2026-09-03 13:06:00,24.84,24.91,24.98,24.84,45000.0,1119901.0034
2026-09-03 13:07:00,24.92,24.87,24.92,24.86,66300.0,1649619.9995
2026-09-03 13:08:00,24.87,24.88,24.88,24.86,66000.0,1641373.0
2026-09-03 13:09:00,24.87,24.92,24.98,24.86,50600.0,1259012.0083
2026-09-03 13:10:00,24.92,24.97,24.98,24.91,24400.0,608910.0
2026-09-03 13:11:00,24.97,24.92,24.97,24.92,22400.0,558503.0
2026-09-03 13:12:00,24.92,24.96,24.97,24.92,13700.0,341712.9951
2026-09-03 13:13:00,24.96,24.89,24.97,24.89,31300.0,780107.999
2026-09-03 13:14:00,24.91,24.88,24.91,24.88,26100.0,649517.9971
2026-09-03 13:15:00,24.88,24.8,24.88,24.8,58700.0,1458368.9966
2026-09-03 13:16:00,24.81,24.68,24.81,24.68,116300.0,2877931.9995
2026-09-03 13:17:00,24.68,24.62,24.68,24.6,135200.0,3329353.9966
2026-09-03 13:18:00,24.62,24.67,24.69,24.6,97500.0,2402143.0
2026-09-03 13:19:00,24.68,24.68,24.7,24.66,82900.0,2046450.0
2026-09-03 13:20:00,24.68,24.64,24.68,24.61,58300.0,1436997.0004
2026-09-03 13:21:00,24.64,24.63,24.64,24.61,44563.0,1097371.4247
2026-09-03 13:22:00,24.64,24.62,24.64,24.62,41100.0,1012188.9971
2026-09-03 13:23:00,24.63,24.63,24.66,24.62,70100.0,1726879.9971
2026-09-03 13:24:00,24.63,24.58,24.63,24.56,81937.0,2015698.5749
2026-09-03 13:25:00,24.56,24.53,24.56,24.5,163396.0,4005674.0258
2026-09-03 13:26:00,24.53,24.59,24.6,24.52,56600.0,1389671.9985
2026-09-03 13:27:00,24.59,24.59,24.6,24.56,28700.0,705270.0
2026-09-03 13:28:00,24.59,24.62,24.68,24.58,32500.0,800274.3708
2026-09-03 13:29:00,24.62,24.64,24.64,24.59,42863.0,1055340.9253
2026-09-03 13:30:00,24.63,24.66,24.66,24.63,16100.0,396752.9995
2026-09-03 13:31:00,24.66,24.7,24.72,24.66,17900.0,441937.0
2026-09-03 13:32:00,24.7,24.73,24.73,24.67,29700.0,733360.9995
2026-09-03 13:33:00,24.74,24.78,24.78,24.73,19600.0,485115.0
2026-09-03 13:34:00,24.78,24.81,24.83,24.78,20400.0,506062.002
2026-09-03 13:35:00,24.81,24.76,24.82,24.75,23800.0,590065.0
2026-09-03 13:36:00,24.75,24.71,24.75,24.71,23200.0,573844.9995
2026-09-03 13:37:00,24.7,24.7,24.71,24.68,19800.0,489077.9985
2026-09-03 13:38:00,24.69,24.66,24.69,24.66,20400.0,503375.0
2026-09-03 13:39:00,24.66,24.71,24.72,24.66,18000.0,444411.0
2026-09-03 13:40:00,24.73,24.75,24.75,24.72,16200.0,400806.0
2026-09-03 13:41:00,24.75,24.8,24.81,24.75,22663.0,561336.25
2026-09-03 13:42:00,24.8,24.76,24.81,24.74,26100.0,646651.3729
2026-09-03 13:43:00,24.75,24.78,24.78,24.75,15709.0,388854.75
2026-09-03 13:44:00,24.78,24.78,24.78,24.77,26300.0,651621.0
2026-09-03 13:45:00,24.76,24.77,24.77,24.76,4800.0,118875.0
2026-09-03 13:46:00,24.76,24.75,24.78,24.74,27963.0,692354.2498
2026-09-03 13:47:00,24.77,24.74,24.77,24.69,105300.0,2601734.8563
2026-09-03 13:48:00,24.74,24.75,24.75,24.71,10500.0,259738.9995
2026-09-03 13:49:00,24.75,24.73,24.75,24.73,28500.0,705273.0
2026-09-03 13:50:00,24.73,24.72,24.74,24.7,32300.0,798811.0
2026-09-03 13:51:00,24.72,24.72,24.73,24.7,19800.0,489512.9995
2026-09-03 13:52:00,24.72,24.75,24.75,24.72,21697.0,536629.7798
2026-09-03 13:53:00,24.75,24.78,24.78,24.75,10600.0,262553.0
2026-09-03 13:54:00,24.78,24.79,24.79,24.77,30063.0,744903.5269
2026-09-03 13:55:00,24.8,24.86,24.86,24.8,28600.0,709728.0
2026-09-03 13:56:00,24.87,24.91,24.91,24.87,13164.0,327571.5999
2026-09-03 13:57:00,24.9,24.87,24.91,24.85,23699.0,589641.9481
2026-09-03 13:58:00,24.87,24.86,24.87,24.85,5500.0,136731.0015
2026-09-03 13:59:00,24.85,24.83,24.86,24.83,13537.0,336304.4509
2026-09-03 14:00:00,24.83,24.83,24.84,24.83,16800.0,417148.0
2026-09-03 14:01:00,24.84,24.86,24.86,24.83,30726.0,763403.1005
2026-09-03 14:02:00,24.86,24.9,24.9,24.85,8200.0,204094.0
2026-09-03 14:03:00,24.89,24.82,24.9,24.82,37474.0,931059.9004
2026-09-03 14:04:00,24.82,24.88,24.9,24.81,61919.0,1537483.1586
2026-09-03 14:05:00,24.88,24.94,24.94,24.88,21500.0,535609.0
2026-09-03 14:06:00,24.94,24.88,24.95,24.87,24000.0,598194.9985
2026-09-03 14:07:00,24.88,24.9,24.92,24.88,8700.0,216545.0
2026-09-03 14:08:00,24.9,24.89,24.91,24.88,14900.0,370879.999
2026-09-03 14:09:00,24.9,24.88,24.9,24.88,14500.0,360927.998
2026-09-03 14:10:00,24.88,24.87,24.89,24.86,11900.0,295974.9995
2026-09-03 14:11:00,24.87,24.83,24.87,24.82,8700.0,216205.0
2026-09-03 14:12:00,24.83,24.8,24.83,24.8,19300.0,478815.998
2026-09-03 14:13:00,24.8,24.79,24.8,24.79,5300.0,131409.001
2026-09-03 14:14:00,24.79,24.78,24.79,24.78,14300.0,354386.0
2026-09-03 14:15:00,24.78,24.77,24.78,24.76,22800.0,564790.3728
2026-09-03 14:16:00,24.77,24.78,24.78,24.77,13400.0,332005.0
2026-09-03 14:17:00,24.79,24.79,24.8,24.78,15000.0,371814.0039
2026-09-03 14:18:00,24.79,24.79,24.8,24.78,14200.0,352023.0039
2026-09-03 14:19:00,24.78,24.77,24.79,24.77,21400.0,530262.0029
2026-09-03 14:20:00,24.77,24.77,24.77,24.75,41100.0,1017753.3652
2026-09-03 14:21:00,24.76,24.8,24.8,24.76,12800.0,317063.0
2026-09-03 14:22:00,24.8,24.83,24.83,24.8,12900.0,320080.0
2026-09-03 14:23:00,24.83,24.82,24.84,24.82,20000.0,496662.0
2026-09-03 14:24:00,24.82,24.8,24.82,24.77,17400.0,431540.001
2026-09-03 14:25:00,24.8,24.78,24.8,24.78,15000.0,371968.3647
2026-09-03 14:26:00,24.78,24.76,24.79,24.76,14600.0,361622.0
2026-09-03 14:27:00,24.77,24.79,24.79,24.76,18800.0,465582.0005
2026-09-03 14:28:00,24.78,24.79,24.79,24.76,26264.0,650726.9218
2026-09-03 14:29:00,24.79,24.8,24.81,24.79,33100.0,820737.9985
2026-09-03 14:30:00,24.81,24.8,24.81,24.79,11900.0,295124.002
2026-09-03 14:31:00,24.81,24.75,24.81,24.75,39100.0,969411.002
2026-09-03 14:32:00,24.75,24.74,24.77,24.74,18837.0,466222.75
2026-09-03 14:33:00,24.74,24.74,24.75,24.73,22863.0,565654.984
2026-09-03 14:34:00,24.74,24.7,24.74,24.7,37037.0,915544.0009
2026-09-03 14:35:00,24.69,24.63,24.7,24.63,36100.0,890033.9985
2026-09-03 14:36:00,24.62,24.65,24.65,24.6,49900.0,1228396.998
2026-09-03 14:37:00,24.65,24.67,24.67,24.63,23000.0,567035.0
2026-09-03 14:38:00,24.68,24.7,24.72,24.67,29300.0,723493.9956
2026-09-03 14:39:00,24.7,24.71,24.73,24.7,29000.0,716542.9971
2026-09-03 14:40:00,24.71,24.71,24.72,24.71,44500.0,1099635.9985
2026-09-03 14:41:00,24.71,24.72,24.73,24.7,25200.0,622819.9951
2026-09-03 14:42:00,24.72,24.73,24.73,24.7,28200.0,697028.0039
2026-09-03 14:43:00,24.73,24.74,24.74,24.72,22100.0,546548.0
2026-09-03 14:44:00,24.73,24.75,24.75,24.73,23700.0,586387.0
2026-09-03 14:45:00,24.73,24.74,24.75,24.73,23500.0,581353.0
2026-09-03 14:46:00,24.74,24.71,24.74,24.71,30600.0,756540.9995
2026-09-03 14:47:00,24.71,24.66,24.72,24.66,78800.0,1945348.0008
2026-09-03 14:48:00,24.67,24.64,24.67,24.64,50500.0,1245169.0
2026-09-03 14:49:00,24.63,24.6,24.65,24.59,111641.0,2748326.2011
2026-09-03 14:50:00,24.6,24.62,24.63,24.6,67626.0,1664206.865
2026-09-03 14:51:00,24.63,24.66,24.67,24.62,38600.0,951421.9956
2026-09-03 14:52:00,24.66,24.69,24.71,24.66,48900.0,1207248.8131
2026-09-03 14:53:00,24.68,24.65,24.69,24.65,53900.0,1329307.0
2026-09-03 14:54:00,24.66,24.65,24.66,24.64,79600.0,1962176.0
2026-09-03 14:55:00,24.65,24.65,24.67,24.64,80100.0,1974794.0
2026-09-03 14:56:00,24.64,24.6,24.65,24.6,122800.0,3023363.9888
2026-09-03 14:57:00,24.6,24.6,24.63,24.58,234432.0,5767467.523
2026-09-03 15:00:00,24.61,24.61,24.61,24.61,160434.0,3948280.7422
2026-09-04 09:31:00,24.65,24.94,24.95,24.65,311700.0,7713257.9775
2026-09-04 09:32:00,24.95,24.87,25.0,24.8,259600.0,6464305.5918
2026-09-04 09:33:00,24.87,24.85,24.95,24.85,197300.0,4914639.2166
2026-09-04 09:34:00,24.85,24.81,24.87,24.79,99200.0,2461985.001
2026-09-04 09:35:00,24.81,24.84,24.84,24.78,96800.0,2401168.1524
2026-09-04 09:36:00,24.84,24.73,24.84,24.72,152580.0,3778427.7925
2026-09-04 09:37:00,24.72,24.72,24.72,24.61,245511.0,6055843.7095
2026-09-04 09:38:00,24.71,24.76,24.76,24.69,100300.0,2480501.9986
2026-09-04 09:39:00,24.76,24.93,24.93,24.76,60844.0,1510983.8805
2026-09-04 09:40:00,24.93,24.83,24.94,24.82,60100.0,1494832.0029
2026-09-04 09:41:00,24.84,24.76,24.84,24.75,59800.0,1482781.3688
2026-09-04 09:42:00,24.78,24.73,24.78,24.73,69500.0,1720646.0
2026-09-04 09:43:00,24.73,24.68,24.74,24.67,102000.0,2521293.9985
2026-09-04 09:44:00,24.68,24.65,24.73,24.64,62700.0,1547048.001
2026-09-04 09:45:00,24.65,24.57,24.65,24.55,102100.0,2511028.998
2026-09-04 09:46:00,24.55,24.53,24.65,24.42,256900.0,6295309.7291
2026-09-04 09:47:00,24.65,24.64,24.65,24.52,36400.0,895963.9971
2026-09-04 09:48:00,24.63,24.59,24.64,24.59,61300.0,1509091.0034
2026-09-04 09:49:00,24.59,24.55,24.6,24.53,43536.0,1069027.0801
2026-09-04 09:50:00,24.56,24.5,24.56,24.5,71964.0,1764384.9205
2026-09-04 09:51:00,24.51,24.49,24.51,24.47,97799.0,2394858.5133
2026-09-04 09:52:00,24.49,24.5,24.55,24.48,75700.0,1855524.3646
2026-09-04 09:53:00,24.5,24.49,24.53,24.49,59100.0,1448021.0
2026-09-04 09:54:00,24.49,24.46,24.5,24.44,96101.0,2350826.4595
2026-09-04 09:55:00,24.45,24.52,24.55,24.42,118999.0,2913068.51
2026-09-04 09:56:00,24.55,24.65,24.65,24.5,26404.0,649071.1974
2026-09-04 09:57:00,24.66,24.68,24.7,24.64,38463.0,949382.5801
2026-09-04 09:58:00,24.67,24.67,24.69,24.67,36100.0,890748.0
2026-09-04 09:59:00,24.66,24.64,24.66,24.64,103900.0,2560353.965
2026-09-04 10:00:00,24.64,24.58,24.65,24.58,51000.0,1255264.48
2026-09-04 10:01:00,24.62,24.62,24.64,24.59,10800.0,266003.9985
2026-09-04 10:02:00,24.62,24.61,24.63,24.58,16200.0,398683.0
2026-09-04 10:03:00,24.6,24.61,24.61,24.58,15700.0,386164.0
2026-09-04 10:04:00,24.62,24.65,24.65,24.61,8400.0,206895.999
2026-09-04 10:05:00,24.64,24.67,24.68,24.63,34252.0,844568.2784
2026-09-04 10:06:00,24.67,24.68,24.68,24.66,16500.0,407029.0
2026-09-04 10:07:00,24.67,24.63,24.67,24.63,22700.0,559742.0
2026-09-04 10:08:00,24.63,24.65,24.66,24.63,23946.0,590232.9
2026-09-04 10:09:00,24.66,24.67,24.67,24.65,23700.0,584324.9989
2026-09-04 10:10:00,24.66,24.65,24.66,24.65,18800.0,463536.0
2026-09-04 10:11:00,24.65,24.63,24.66,24.63,23300.0,574312.0
2026-09-04 10:12:00,24.62,24.63,24.63,24.61,20300.0,499688.998
2026-09-04 10:13:00,24.63,24.63,24.64,24.6,22031.0,542466.6001
2026-09-04 10:14:00,24.63,24.64,24.64,24.61,20500.0,504911.0
2026-09-04 10:15:00,24.65,24.65,24.66,24.64,14400.0,354933.0
2026-09-04 10:16:00,24.65,24.64,24.65,24.64,13400.0,330221.0
2026-09-04 10:17:00,24.65,24.64,24.65,24.63,8300.0,204508.999
2026-09-04 10:18:00,24.63,24.64,24.65,24.63,21400.0,527406.0
2026-09-04 10:19:00,24.65,24.63,24.65,24.63,18263.0,449988.6895
2026-09-04 10:20:00,24.63,24.63,24.64,24.62,13637.0,335890.295
2026-09-04 10:21:00,24.63,24.64,24.64,24.63,21463.0,528809.686
2026-09-04 10:22:00,24.65,24.6,24.65,24.6,44806.0,1102852.7139
2026-09-04 10:23:00,24.59,24.57,24.59,24.56,22300.0,547998.9986
2026-09-04 10:24:00,24.56,24.55,24.58,24.55,20100.0,493619.0
2026-09-04 10:25:00,24.56,24.57,24.6,24.55,17794.0,437339.6997
2026-09-04 10:26:00,24.57,24.62,24.62,24.57,19900.0,489453.0054
2026-09-04 10:27:00,24.6,24.6,24.62,24.6,12600.0,310024.0
2026-09-04 10:28:00,24.6,24.62,24.63,24.6,21700.0,534246.0034
2026-09-04 10:29:00,24.63,24.62,24.63,24.61,13600.0,334854.0005
2026-09-04 10:30:00,24.62,24.62,24.62,24.61,6300.0,155081.0005
2026-09-04 10:31:00,24.62,24.6,24.62,24.6,14600.0,359346.0005
2026-09-04 10:32:00,24.61,24.61,24.62,24.6,8900.0,219024.0
2026-09-04 10:33:00,24.61,24.62,24.63,24.61,16200.0,398819.0005
2026-09-04 10:34:00,24.62,24.68,24.68,24.62,23600.0,581616.0
2026-09-04 10:35:00,24.67,24.75,24.75,24.67,38034.0,940000.8216
2026-09-04 10:36:00,24.77,24.73,24.79,24.73,61500.0,1523476.0015
2026-09-04 10:37:00,24.76,24.72,24.77,24.71,14566.0,360172.178
2026-09-04 10:38:00,24.72,24.7,24.73,24.7,16900.0,417782.9995
2026-09-04 10:39:00,24.7,24.73,24.73,24.7,13600.0,336097.998
2026-09-04 10:40:00,24.73,24.75,24.76,24.72,21034.0,520499.479
2026-09-04 10:41:00,24.75,24.75,24.76,24.74,22800.0,564351.0
2026-09-04 10:42:00,24.76,24.74,24.76,24.72,9700.0,240004.0
2026-09-04 10:43:00,24.74,24.74,24.75,24.72,17400.0,430586.0
2026-09-04 10:44:00,24.74,24.74,24.75,24.73,14000.0,346358.0
2026-09-04 10:45:00,24.73,24.71,24.74,24.71,13600.0,336283.0
2026-09-04 10:46:00,24.71,24.7,24.72,24.7,12800.0,316300.9912
2026-09-04 10:47:00,24.7,24.69,24.7,24.69,18200.0,449381.0
2026-09-04 10:48:00,24.68,24.68,24.7,24.68,30000.0,740415.0
2026-09-04 10:49:00,24.68,24.69,24.69,24.68,36400.0,898412.0
2026-09-04 10:50:00,24.68,24.68,24.68,24.67,5700.0,140671.0
2026-09-04 10:51:00,24.67,24.68,24.69,24.67,4000.0,98729.0
2026-09-04 10:52:00,24.7,24.73,24.73,24.7,18200.0,449890.0
2026-09-04 10:53:00,24.72,24.72,24.72,24.71,24872.0,614834.8359
2026-09-04 10:54:00,24.72,24.72,24.73,24.71,14600.0,360948.0
2026-09-04 10:55:00,24.72,24.73,24.74,24.72,12500.0,309056.9959
2026-09-04 10:56:00,24.73,24.73,24.74,24.72,8000.0,197877.0
2026-09-04 10:57:00,24.74,24.74,24.74,24.72,13600.0,336392.0
2026-09-04 10:58:00,24.73,24.72,24.74,24.72,19800.0,489502.9983
2026-09-04 10:59:00,24.72,24.68,24.72,24.68,23828.0,588640.159
2026-09-04 11:00:00,24.68,24.66,24.68,24.66,8100.0,199817.0
2026-09-04 11:01:00,24.66,24.65,24.66,24.65,13100.0,322932.0
2026-09-04 11:02:00,24.65,24.63,24.65,24.63,11700.0,288306.999
2026-09-04 11:03:00,24.63,24.61,24.64,24.6,28200.0,694118.6865
2026-09-04 11:04:00,24.61,24.61,24.62,24.61,8700.0,214148.0
2026-09-04 11:05:00,24.62,24.65,24.66,24.61,11200.0,275956.0432
2026-09-04 11:06:00,24.65,24.65,24.65,24.62,4632.0,114172.8005
2026-09-04 11:07:00,24.62,24.63,24.66,24.62,3300.0,81336.999
2026-09-04 11:08:00,24.62,24.63,24.63,24.61,11800.0,290502.002
2026-09-04 11:09:00,24.63,24.65,24.65,24.63,1915.0,47186.4487
2026-09-04 11:10:00,24.65,24.65,24.65,24.63,1500.0,36971.0
2026-09-04 11:11:00,24.65,24.65,24.65,24.63,2100.0,51757.0
2026-09-04 11:12:00,24.65,24.62,24.65,24.61,13285.0,327148.55
2026-09-04 11:13:00,24.61,24.6,24.61,24.59,19400.0,477225.0
2026-09-04 11:14:00,24.59,24.59,24.6,24.59,20500.0,504102.0
2026-09-04 11:15:00,24.59,24.6,24.61,24.59,6300.0,154949.0002
2026-09-04 11:16:00,24.6,24.61,24.61,24.6,3637.0,89486.5707
2026-09-04 11:17:00,24.62,24.6,24.62,24.6,16300.0,401130.632
2026-09-04 11:18:00,24.61,24.61,24.62,24.61,3300.0,81221.0005
2026-09-04 11:19:00,24.61,24.61,24.62,24.61,14200.0,349533.001
2026-09-04 11:20:00,24.62,24.66,24.66,24.62,11215.0,276252.4492
2026-09-04 11:21:00,24.66,24.68,24.69,24.66,14272.0,352307.2402
2026-09-04 11:22:00,24.68,24.65,24.68,24.65,10300.0,253942.0
2026-09-04 11:23:00,24.65,24.63,24.67,24.63,1900.0,46837.0
2026-09-04 11:24:00,24.63,24.63,24.66,24.63,8400.0,206923.0
2026-09-04 11:25:00,24.65,24.67,24.67,24.63,6100.0,150349.0
2026-09-04 11:26:00,24.67,24.65,24.71,24.65,10200.0,251733.0
2026-09-04 11:27:00,24.66,24.65,24.69,24.65,2300.0,56743.0
2026-09-04 11:28:00,24.66,24.66,24.67,24.65,3500.0,86316.0
2026-09-04 11:29:00,24.66,24.65,24.66,24.65,6500.0,160251.0
2026-09-04 11:30:00,24.66,24.68,24.68,24.66,1800.0,44396.0
2026-09-04 13:01:00,24.69,24.7,24.71,24.68,25500.0,629781.9985
2026-09-04 13:02:00,24.69,24.68,24.7,24.68,11700.0,288911.0
2026-09-04 13:03:00,24.68,24.65,24.68,24.65,5400.0,133187.0
2026-09-04 13:04:00,24.66,24.66,24.67,24.66,5000.0,123319.0
2026-09-04 13:05:00,24.67,24.67,24.68,24.67,3500.0,86346.0
2026-09-04 13:06:00,24.68,24.68,24.69,24.68,13200.0,325786.0
2026-09-04 13:07:00,24.68,24.64,24.68,24.64,13800.0,340316.0
2026-09-04 13:08:00,24.64,24.64,24.65,24.64,10000.0,246487.0
2026-09-04 13:09:00,24.64,24.62,24.64,24.62,17000.0,418643.9971
2026-09-04 13:10:00,24.62,24.62,24.62,24.61,14000.0,344614.0024
2026-09-04 13:11:00,24.62,24.6,24.62,24.6,17800.0,437975.0005
2026-09-04 13:12:00,24.6,24.59,24.6,24.59,33463.0,823147.8126
2026-09-04 13:13:00,24.59,24.58,24.61,24.58,25037.0,615686.462
2026-09-04 13:14:00,24.59,24.6,24.6,24.58,26200.0,644181.0
2026-09-04 13:15:00,24.59,24.59,24.59,24.58,11700.0,287690.0
2026-09-04 13:16:00,24.59,24.58,24.59,24.58,22600.0,555534.999
2026-09-04 13:17:00,24.58,24.53,24.59,24.53,100163.0,2461310.5231
2026-09-04 13:18:00,24.53,24.47,24.53,24.46,88500.0,2168230.9971
2026-09-04 13:19:00,24.48,24.51,24.51,24.45,42400.0,1037701.9946
2026-09-04 13:20:00,24.51,24.49,24.51,24.48,18400.0,450731.0
2026-09-04 13:21:00,24.49,24.5,24.53,24.48,16000.0,391973.0
2026-09-04 13:22:00,24.53,24.55,24.58,24.52,7200.0,176670.0
2026-09-04 13:23:00,24.54,24.55,24.55,24.51,13000.0,318893.0015
2026-09-04 13:24:00,24.55,24.54,24.55,24.52,5100.0,125115.0
2026-09-04 13:25:00,24.53,24.53,24.53,24.52,17097.0,419246.4399
2026-09-04 13:26:00,24.53,24.52,24.54,24.52,4900.0,120195.0024
2026-09-04 13:27:00,24.52,24.45,24.52,24.45,54803.0,1341417.5444
2026-09-04 13:28:00,24.45,24.43,24.45,24.42,81700.0,1996068.002
2026-09-04 13:29:00,24.42,24.4,24.43,24.38,40697.0,993310.8582
2026-09-04 13:30:00,24.39,24.4,24.42,24.38,39700.0,968500.9953
2026-09-04 13:31:00,24.4,24.33,24.4,24.33,69800.0,1700764.9864
2026-09-04 13:32:00,24.32,24.31,24.33,24.3,67700.0,1646154.0
2026-09-04 13:33:00,24.3,24.26,24.31,24.24,88100.0,2138211.0
2026-09-04 13:34:00,24.26,24.33,24.35,24.25,23900.0,580144.0024
2026-09-04 13:35:00,24.33,24.3,24.33,24.27,21700.0,527340.0
2026-09-04 13:36:00,24.3,24.3,24.32,24.3,29800.0,724496.0
2026-09-04 13:37:00,24.32,24.29,24.32,24.29,31300.0,760774.0
2026-09-04 13:38:00,24.3,24.25,24.3,24.25,63100.0,1531593.0083
2026-09-04 13:39:00,24.25,24.16,24.25,24.16,74500.0,1803983.9978
2026-09-04 13:40:00,24.16,24.18,24.18,24.14,71026.0,1716035.5272
2026-09-04 13:41:00,24.17,24.19,24.21,24.17,33900.0,820121.0
2026-09-04 13:42:00,24.19,24.18,24.19,24.17,43800.0,1059003.0
2026-09-04 13:43:00,24.18,24.2,24.2,24.17,34500.0,834629.002
2026-09-04 13:44:00,24.2,24.23,24.23,24.19,23800.0,576097.0
2026-09-04 13:45:00,24.24,24.24,24.26,24.23,11200.0,271559.9999
2026-09-04 13:46:00,24.24,24.24,24.24,24.21,24163.0,585281.1179
2026-09-04 13:47:00,24.24,24.27,24.27,24.24,9000.0,218235.0
2026-09-04 13:48:00,24.27,24.26,24.28,24.25,9800.0,237715.0
2026-09-04 13:49:00,24.26,24.23,24.27,24.23,12737.0,308864.9911
2026-09-04 13:50:00,24.24,24.2,24.24,24.2,21600.0,523057.0
2026-09-04 13:51:00,24.2,24.19,24.21,24.19,18000.0,435616.0068
2026-09-04 13:52:00,24.19,24.19,24.2,24.19,26900.0,650771.0005
2026-09-04 13:53:00,24.19,24.19,24.21,24.19,20600.0,498426.9995
2026-09-04 13:54:00,24.18,24.12,24.19,24.12,57337.0,1384965.543
2026-09-04 13:55:00,24.12,24.03,24.12,24.03,104600.0,2519129.0103
2026-09-04 13:56:00,24.03,24.05,24.06,24.01,95200.0,2287148.002
2026-09-04 13:57:00,24.04,24.06,24.06,24.04,38600.0,928250.0034
2026-09-04 13:58:00,24.05,24.07,24.09,24.05,30700.0,739188.0
2026-09-04 13:59:00,24.09,24.08,24.09,24.07,21563.0,519175.412
2026-09-04 14:00:00,24.07,24.06,24.08,24.06,46637.0,1122464.4237
2026-09-04 14:01:00,24.06,24.05,24.07,24.05,37800.0,909451.9891
2026-09-04 14:02:00,24.05,24.04,24.05,24.03,37000.0,889444.0039
2026-09-04 14:03:00,24.04,24.04,24.04,24.03,32700.0,785903.0049
2026-09-04 14:04:00,24.03,24.03,24.04,24.03,27863.0,669584.9022
2026-09-04 14:05:00,24.03,24.03,24.04,24.03,27600.0,663313.0071
2026-09-04 14:06:00,24.03,24.03,24.04,24.03,22826.0,548561.7808
2026-09-04 14:07:00,24.04,24.04,24.04,24.03,24600.0,591175.0107
2026-09-04 14:08:00,24.03,24.02,24.04,24.02,47500.0,1141210.7468
2026-09-04 14:09:00,24.03,24.03,24.03,24.01,44600.0,1071226.0035
2026-09-04 14:10:00,24.02,24.02,24.03,24.01,81431.0,1955379.993
2026-09-04 14:11:00,24.01,24.0,24.02,24.0,63281.0,1519046.3767
2026-09-04 14:12:00,24.0,23.93,24.0,23.93,86056.0,2063980.9956
2026-09-04 14:13:00,23.92,23.91,23.95,23.91,106460.0,2546551.5955
2026-09-04 14:14:00,23.93,23.91,23.94,23.91,46300.0,1107692.9995
2026-09-04 14:15:00,23.91,23.94,23.94,23.91,38100.0,911470.0
2026-09-04 14:16:00,23.93,23.96,23.96,23.93,14800.0,354375.0
2026-09-04 14:17:00,23.95,23.96,23.97,23.94,20100.0,481592.9897
2026-09-04 14:18:00,23.97,23.96,23.98,23.96,17100.0,409851.9985
2026-09-04 14:19:00,23.96,23.95,23.97,23.93,34854.0,834515.7581
2026-09-04 14:20:00,23.94,23.92,23.94,23.91,19246.0,460486.2393
2026-09-04 14:21:00,23.92,23.9,23.92,23.9,35494.0,848558.9943
2026-09-04 14:22:00,23.91,23.87,23.91,23.87,37546.0,896831.3959
2026-09-04 14:23:00,23.88,23.88,23.89,23.87,40400.0,964747.9912
2026-09-04 14:24:00,23.88,23.88,23.89,23.87,21700.0,518182.0
2026-09-04 14:25:00,23.88,23.88,23.89,23.87,33600.0,802390.9956
2026-09-04 14:26:00,23.89,23.9,23.9,23.88,16700.0,399039.999
2026-09-04 14:27:00,23.9,23.91,23.92,23.89,37654.0,899968.5986
2026-09-04 14:28:00,23.91,23.93,23.94,23.91,23360.0,558834.5991
2026-09-04 14:29:00,23.93,23.91,23.93,23.9,22900.0,547622.3975
2026-09-04 14:30:00,23.91,23.9,23.92,23.9,30086.0,719230.3967
2026-09-04 14:31:00,23.89,23.9,23.91,23.89,17414.0,416214.5977
2026-09-04 14:32:00,23.9,23.88,23.9,23.88,34386.0,821437.3989
2026-09-04 14:33:00,23.88,23.84,23.88,23.84,39700.0,947279.0078
2026-09-04 14:34:00,23.84,23.8,23.85,23.8,46100.0,1098071.0
2026-09-04 14:35:00,23.8,23.72,23.81,23.71,88500.0,2104769.9688
2026-09-04 14:36:00,23.71,23.67,23.73,23.66,75600.0,1791279.9951
2026-09-04 14:37:00,23.69,23.71,23.71,23.62,76000.0,1797110.9922
2026-09-04 14:38:00,23.72,23.75,23.79,23.71,20300.0,482308.0
2026-09-04 14:39:00,23.74,23.73,23.74,23.66,86700.0,2055011.9995
2026-09-04 14:40:00,23.75,23.77,23.78,23.73,44463.0,1056636.88
2026-09-04 14:41:00,23.76,23.73,23.77,23.73,32637.0,775242.121
2026-09-04 14:42:00,23.73,23.76,23.79,23.7,69363.0,1646886.104
2026-09-04 14:43:00,23.77,23.78,23.79,23.75,22900.0,544184.0
2026-09-04 14:44:00,23.78,23.81,23.81,23.77,33200.0,789896.0024
2026-09-04 14:45:00,23.8,23.81,23.83,23.8,51400.0,1223921.0
2026-09-04 14:46:00,23.8,23.82,23.82,23.8,34100.0,811796.998
2026-09-04 14:47:00,23.81,23.8,23.83,23.8,24000.0,571493.0
2026-09-04 14:48:00,23.79,23.7,23.81,23.7,77600.0,1844041.0
2026-09-04 14:49:00,23.72,23.8,23.8,23.72,68800.0,1634985.0
2026-09-04 14:50:00,23.8,23.79,23.81,23.76,44900.0,1068070.0
2026-09-04 14:51:00,23.79,23.78,23.8,23.76,43500.0,1034606.0063
2026-09-04 14:52:00,23.79,23.78,23.79,23.76,52500.0,1248521.0088
2026-09-04 14:53:00,23.78,23.8,23.8,23.78,44700.0,1063409.0127
2026-09-04 14:54:00,23.8,23.8,23.8,23.78,54400.0,1294066.0161
2026-09-04 14:55:00,23.8,23.78,23.8,23.77,73700.0,1753036.0083
2026-09-04 14:56:00,23.78,23.78,23.79,23.77,89700.0,2132962.0039
2026-09-04 14:57:00,23.78,23.78,23.78,23.76,72100.0,1713857.0
2026-09-04 15:00:00,23.78,23.78,23.78,23.78,161400.0,3838092.0
2026-09-07 09:31:00,23.6,23.76,23.9,23.58,209134.0,4948991.7419
2026-09-07 09:32:00,23.76,23.88,23.88,23.56,144444.0,3416731.6343
2026-09-07 09:33:00,23.89,23.76,23.89,23.7,146749.0,3493449.7695
2026-09-07 09:34:00,23.8,23.8,23.82,23.76,61100.0,1453766.0029
2026-09-07 09:35:00,23.79,23.87,23.87,23.77,111600.0,2658776.0166
2026-09-07 09:36:00,23.88,23.92,23.94,23.87,77900.0,1861746.9976
2026-09-07 09:37:00,23.91,23.96,23.99,23.9,153100.0,3667785.9946
2026-09-07 09:38:00,23.9,23.9,23.97,23.89,124600.0,2982398.9863
2026-09-07 09:39:00,23.9,23.9,23.92,23.87,84249.0,2013353.6332
2026-09-07 09:40:00,23.91,23.94,23.98,23.88,140200.0,3356723.9995
2026-09-07 09:41:00,23.94,23.9,23.94,23.89,54600.0,1306148.0
2026-09-07 09:42:00,23.9,23.85,23.92,23.85,49700.0,1187436.9985
2026-09-07 09:43:00,23.86,23.9,23.92,23.79,156555.0,3732081.3787
2026-09-07 09:44:00,23.92,23.91,23.95,23.9,82137.0,1965669.9662
2026-09-07 09:45:00,23.9,23.8,23.91,23.79,25000.0,596278.9907
2026-09-07 09:46:00,23.8,23.84,23.9,23.8,78194.0,1865474.8984
2026-09-07 09:47:00,23.84,23.86,23.88,23.83,59263.0,1413612.1824
2026-09-07 09:48:00,23.87,23.91,23.91,23.86,48108.0,1149124.0361
2026-09-07 09:49:00,23.91,23.9,23.93,23.9,53100.0,1270110.0
2026-09-07 09:50:00,23.9,23.87,23.92,23.87,33100.0,790679.0005
2026-09-07 09:51:00,23.87,23.91,23.92,23.86,39200.0,936440.0049
2026-09-07 09:52:00,23.92,23.88,23.92,23.88,24800.0,592624.9985
2026-09-07 09:53:00,23.88,23.89,23.89,23.86,23400.0,558588.0015
2026-09-07 09:54:00,23.88,23.86,23.89,23.84,32800.0,782592.9995
2026-09-07 09:55:00,23.87,23.87,23.88,23.82,41300.0,984972.0015
2026-09-07 09:56:00,23.86,23.88,23.88,23.86,9290.0,221775.3003
2026-09-07 09:57:00,23.87,23.85,23.88,23.85,23734.0,566352.1056
2026-09-07 09:58:00,23.86,23.87,23.88,23.85,26263.0,626743.5518
2026-09-07 09:59:00,23.87,23.9,23.91,23.87,22100.0,527750.0015
2026-09-07 10:00:00,23.9,23.88,23.91,23.88,23100.0,552002.9995
2026-09-07 10:01:00,23.88,23.88,23.9,23.87,45800.0,1093697.0034
2026-09-07 10:02:00,23.88,23.83,23.88,23.83,16100.0,383987.0005
2026-09-07 10:03:00,23.83,23.77,23.84,23.76,90700.0,2157031.0
2026-09-07 10:04:00,23.77,23.8,23.82,23.75,78700.0,1870829.0015
2026-09-07 10:05:00,23.8,23.79,23.8,23.76,18400.0,437646.0015
2026-09-07 10:06:00,23.79,23.8,23.84,23.79,62900.0,1497157.9843
2026-09-07 10:07:00,23.8,23.77,23.8,23.77,35468.0,843375.3649
2026-09-07 10:08:00,23.78,23.77,23.78,23.76,26500.0,630063.3198
2026-09-07 10:09:00,23.77,23.76,23.78,23.75,45500.0,1081361.9999
2026-09-07 10:10:00,23.77,23.8,23.82,23.77,28163.0,670317.4004
2026-09-07 10:11:00,23.8,23.78,23.8,23.77,14500.0,344867.0005
2026-09-07 10:12:00,23.78,23.78,23.79,23.77,21300.0,506594.0063
2026-09-07 10:13:00,23.77,23.8,23.8,23.77,34600.0,822950.001
2026-09-07 10:14:00,23.79,23.81,23.81,23.79,53400.0,1270744.0029
2026-09-07 10:15:00,23.8,23.8,23.81,23.79,22200.0,528286.002
2026-09-07 10:16:00,23.8,23.82,23.82,23.79,17600.0,419020.9961
2026-09-07 10:17:00,23.81,23.82,23.82,23.8,34000.0,809587.0
2026-09-07 10:18:00,23.82,23.82,23.82,23.8,14800.0,352419.0
2026-09-07 10:19:00,23.81,23.8,23.81,23.8,44187.0,1051725.5925
2026-09-07 10:20:00,23.81,23.78,23.81,23.77,15513.0,368959.4017
2026-09-07 10:21:00,23.77,23.75,23.78,23.75,24400.0,579790.0
2026-09-07 10:22:00,23.74,23.75,23.76,23.73,38800.0,921004.9995
2026-09-07 10:23:00,23.75,23.73,23.75,23.69,63141.0,1497127.0494
2026-09-07 10:24:00,23.74,23.76,23.76,23.71,16482.0,391145.2195
2026-09-07 10:25:00,23.76,23.7,23.76,23.7,30600.0,725796.178
2026-09-07 10:26:00,23.7,23.71,23.73,23.69,32900.0,779854.0012
2026-09-07 10:27:00,23.71,23.78,23.79,23.71,31000.0,736448.0
2026-09-07 10:28:00,23.78,23.87,23.88,23.78,37300.0,888806.0005
2026-09-07 10:29:00,23.88,23.91,23.93,23.86,53500.0,1278831.999
2026-09-07 10:30:00,23.91,23.88,23.91,23.84,31200.0,744871.9951
2026-09-07 10:31:00,23.86,23.85,23.88,23.85,22500.0,536857.001
2026-09-07 10:32:00,23.85,23.88,23.9,23.85,31700.0,756557.999
2026-09-07 10:33:00,23.9,23.9,23.91,23.89,29506.0,705197.3906
2026-09-07 10:34:00,23.91,23.91,23.91,23.9,31900.0,762673.0
2026-09-07 10:35:00,23.91,24.25,24.25,23.9,188900.0,4540721.9844
2026-09-07 10:36:00,24.25,24.17,24.26,24.15,131500.0,3179904.0046
2026-09-07 10:37:00,24.17,24.17,24.17,24.1,95700.0,2311919.0
2026-09-07 10:38:00,24.14,24.15,24.17,24.11,37589.0,907336.7877
2026-09-07 10:39:00,24.14,24.18,24.2,24.14,62900.0,1520746.0
2026-09-07 10:40:00,24.16,24.15,24.18,24.12,20500.0,494916.9985
2026-09-07 10:41:00,24.15,24.13,24.15,24.13,15900.0,383823.998
2026-09-07 10:42:00,24.13,24.09,24.13,24.09,28311.0,682673.2104
2026-09-07 10:43:00,24.09,24.02,24.09,24.01,14300.0,343812.0
2026-09-07 10:44:00,24.05,24.1,24.1,24.05,11000.0,264987.0005
2026-09-07 10:45:00,24.09,24.12,24.12,24.09,29500.0,710999.2206
2026-09-07 10:46:00,24.11,24.1,24.11,24.1,10534.0,253879.3999
2026-09-07 10:47:00,24.1,24.08,24.1,24.07,18866.0,454578.6097
2026-09-07 10:48:00,24.08,24.13,24.13,24.08,41934.0,1010957.5068
2026-09-07 10:49:00,24.13,24.16,24.16,24.12,28086.0,677972.168
2026-09-07 10:50:00,24.16,24.17,24.18,24.14,41326.0,998518.8999
2026-09-07 10:51:00,24.17,24.16,24.17,24.15,16600.0,401042.0
2026-09-07 10:52:00,24.15,24.16,24.17,24.15,26000.0,628132.0001
2026-09-07 10:53:00,24.16,24.15,24.17,24.13,33700.0,813663.9907
2026-09-07 10:54:00,24.15,24.08,24.15,24.08,11114.0,267988.8179
2026-09-07 10:55:00,24.08,24.05,24.09,24.05,4800.0,115595.0
2026-09-07 10:56:00,24.07,24.07,24.11,24.05,11800.0,284179.0
2026-09-07 10:57:00,24.08,24.05,24.09,24.05,5800.0,139569.0
2026-09-07 10:58:00,24.08,24.05,24.08,24.04,6000.0,144297.0
2026-09-07 10:59:00,24.05,24.03,24.06,24.03,6600.0,158662.0
2026-09-07 11:00:00,24.04,24.02,24.04,24.0,25400.0,609878.001
2026-09-07 11:01:00,24.02,24.0,24.06,23.98,24500.0,588054.0
2026-09-07 11:02:00,24.0,23.95,24.01,23.93,6900.0,165406.9995
2026-09-07 11:03:00,23.95,23.96,23.96,23.94,5200.0,124548.0
2026-09-07 11:04:00,24.0,24.03,24.05,24.0,2900.0,69703.0
2026-09-07 11:05:00,24.03,24.04,24.04,24.03,4800.0,115362.001
2026-09-07 11:06:00,24.03,24.03,24.04,24.03,3800.0,91322.0
2026-09-07 11:07:00,24.04,24.03,24.04,24.02,1800.0,43253.0
2026-09-07 11:08:00,24.01,24.07,24.07,24.01,27500.0,661421.0
2026-09-07 11:09:00,24.07,24.07,24.07,24.06,1100.0,26475.0
2026-09-07 11:10:00,24.04,24.04,24.07,24.03,4626.0,111202.043
2026-09-07 11:11:00,24.04,24.06,24.06,24.04,3800.0,91354.0
2026-09-07 11:12:00,24.06,24.05,24.06,24.05,3700.0,89003.0
2026-09-07 11:13:00,24.05,24.05,24.06,24.04,6200.0,149095.002
2026-09-07 11:14:00,24.04,24.04,24.05,24.04,8500.0,204357.0049
2026-09-07 11:15:00,24.04,24.06,24.06,24.04,15500.0,372836.002
2026-09-07 11:16:00,24.07,24.08,24.08,24.06,11400.0,274359.0
2026-09-07 11:17:00,24.08,24.08,24.08,24.08,4500.0,108360.0
2026-09-07 11:18:00,24.08,24.06,24.08,24.06,4800.0,115536.0
2026-09-07 11:19:00,24.06,24.08,24.08,24.06,5500.0,132404.0
2026-09-07 11:20:00,24.08,24.09,24.1,24.08,13300.0,320421.0
2026-09-07 11:21:00,24.09,24.09,24.1,24.08,14000.0,337324.0
2026-09-07 11:22:00,24.09,24.09,24.09,24.08,11500.0,277021.0
2026-09-07 11:23:00,24.09,24.09,24.1,24.08,24700.0,595001.0
2026-09-07 11:24:00,24.09,24.09,24.1,24.09,9300.0,224099.0
2026-09-07 11:25:00,24.1,24.09,24.1,24.08,6200.0,149348.0
2026-09-07 11:26:00,24.08,24.04,24.08,24.04,20000.0,481173.0029
2026-09-07 11:27:00,24.04,24.03,24.04,24.03,12800.0,307608.001
2026-09-07 11:28:00,24.04,23.85,24.05,23.85,97800.0,2342519.002
2026-09-07 11:29:00,23.93,23.96,24.03,23.85,46883.0,1120523.0783
2026-09-07 11:30:00,24.0,23.98,24.0,23.92,9600.0,230176.0
2026-09-07 13:01:00,23.97,23.98,24.0,23.97,11600.0,278213.0
2026-09-07 13:02:00,24.0,23.93,24.01,23.92,19300.0,461968.0
2026-09-07 13:03:00,23.93,23.93,23.93,23.92,7000.0,167479.0
2026-09-07 13:04:00,23.94,23.99,23.99,23.94,3700.0,88743.0
2026-09-07 13:05:00,23.99,23.99,24.0,23.99,20000.0,479995.0
2026-09-07 13:06:00,23.99,23.99,24.0,23.99,3500.0,83966.0
2026-09-07 13:07:00,23.99,23.96,23.99,23.96,3301.0,79094.959
2026-09-07 13:08:00,23.96,23.96,23.98,23.96,4499.0,107800.0386
2026-09-07 13:09:00,23.96,23.96,23.96,23.95,6001.0,143781.9566
2026-09-07 13:10:00,23.98,23.96,23.98,23.96,38200.0,915305.9746
2026-09-07 13:11:00,23.98,23.93,23.98,23.93,20899.0,500532.0313
2026-09-07 13:12:00,23.92,23.89,23.92,23.89,10100.0,241460.0
2026-09-07 13:13:00,23.89,23.87,23.89,23.86,21200.0,506025.0032
2026-09-07 13:14:00,23.86,23.83,23.86,23.83,28255.0,673811.4523
2026-09-07 13:15:00,23.83,23.82,23.83,23.82,19100.0,455022.0
2026-09-07 13:16:00,23.83,23.9,23.9,23.83,7078.0,168740.3002
2026-09-07 13:17:00,23.94,23.9,23.95,23.88,5900.0,141078.998
2026-09-07 13:18:00,23.9,23.89,23.9,23.87,9137.0,218263.2997
2026-09-07 13:19:00,23.89,23.89,23.9,23.89,5300.0,126631.0
2026-09-07 13:20:00,23.9,23.92,23.95,23.89,15100.0,361253.0
2026-09-07 13:21:00,23.92,23.95,23.95,23.92,5963.0,142772.96
2026-09-07 13:22:00,23.95,23.93,23.95,23.92,10832.0,259159.4375
2026-09-07 13:23:00,23.92,23.91,23.93,23.9,18500.0,442496.1024
2026-09-07 13:24:00,23.9,23.88,23.9,23.88,12952.0,309413.8585
2026-09-07 13:25:00,23.88,23.89,23.9,23.88,6000.0,143342.9995
2026-09-07 13:26:00,23.89,23.93,23.93,23.89,900.0,21521.0
2026-09-07 13:27:00,23.94,23.98,23.98,23.93,2500.0,59891.0
2026-09-07 13:28:00,23.98,23.91,23.99,23.91,9500.0,227755.0
2026-09-07 13:29:00,23.92,23.91,23.92,23.91,3700.0,88489.0
2026-09-07 13:30:00,23.93,23.95,23.95,23.93,4200.0,100567.002
2026-09-07 13:31:00,23.96,23.98,23.98,23.96,5100.0,122231.998
2026-09-07 13:32:00,23.98,23.98,23.98,23.98,6400.0,153472.0
2026-09-07 13:33:00,23.98,24.02,24.02,23.98,19200.0,460625.0
2026-09-07 13:34:00,24.03,24.05,24.05,24.03,16700.0,401529.0029
2026-09-07 13:35:00,24.04,24.02,24.05,24.02,14500.0,348600.0093
2026-09-07 13:36:00,24.02,23.97,24.04,23.97,26900.0,646151.0166
2026-09-07 13:37:00,23.97,23.96,23.97,23.96,37150.0,890413.9995
2026-09-07 13:38:00,23.96,23.97,23.97,23.96,8000.0,191726.9976
2026-09-07 13:39:00,23.97,23.95,23.97,23.95,9250.0,221623.9976
2026-09-07 13:40:00,23.94,23.95,23.96,23.94,12300.0,294577.999
2026-09-07 13:41:00,23.95,23.97,23.97,23.9,63550.0,1520689.9961
2026-09-07 13:42:00,24.03,24.0,24.04,24.0,14100.0,338864.0005
2026-09-07 13:43:00,24.0,24.02,24.03,24.0,4900.0,117639.0
2026-09-07 13:44:00,24.02,24.05,24.05,24.02,18300.0,439975.0029
2026-09-07 13:45:00,24.05,24.06,24.07,24.04,13600.0,327179.0
2026-09-07 13:46:00,24.07,24.08,24.08,24.06,48500.0,1167527.0
2026-09-07 13:47:00,24.05,24.06,24.07,24.05,2100.0,50525.0
2026-09-07 13:48:00,24.06,24.03,24.06,24.03,8100.0,194763.0005
2026-09-07 13:49:00,24.03,24.03,24.03,24.02,3400.0,81700.0
2026-09-07 13:50:00,24.01,24.04,24.04,24.01,5800.0,139394.0
2026-09-07 13:51:00,24.03,24.03,24.04,24.03,10800.0,259531.0005
2026-09-07 13:52:00,24.02,23.99,24.02,23.99,9600.0,230424.0
2026-09-07 13:53:00,23.99,23.98,23.99,23.98,12700.0,304555.0
2026-09-07 13:54:00,23.98,23.97,23.98,23.96,15700.0,376338.0
2026-09-07 13:55:00,23.96,23.96,23.97,23.96,1900.0,45526.0
2026-09-07 13:56:00,23.97,23.97,23.98,23.96,7900.0,189374.0
2026-09-07 13:57:00,23.97,23.97,23.99,23.96,3600.0,86288.0
2026-09-07 13:58:00,23.98,23.99,23.99,23.98,4900.0,117519.0
2026-09-07 13:59:00,23.98,23.99,23.99,23.98,8900.0,213423.0
2026-09-07 14:00:00,23.99,23.99,24.0,23.98,6500.0,155964.0
2026-09-07 14:01:00,23.98,23.98,23.98,23.97,7300.0,175053.0
2026-09-07 14:02:00,23.98,23.97,23.98,23.97,2500.0,59938.0
2026-09-07 14:03:00,23.97,23.97,23.98,23.97,6200.0,148617.0
2026-09-07 14:04:00,23.96,23.97,23.98,23.96,2500.0,59934.0
2026-09-07 14:05:00,23.97,23.96,23.97,23.96,8900.0,213287.998
2026-09-07 14:06:00,23.97,23.93,23.97,23.93,16700.0,399922.0
2026-09-07 14:07:00,23.92,23.91,23.92,23.91,13300.0,318113.0
2026-09-07 14:08:00,23.91,23.9,23.91,23.9,47023.0,1123956.6953
2026-09-07 14:09:00,23.9,23.9,23.91,23.9,21177.0,506215.2969
2026-09-07 14:10:00,23.9,23.91,23.92,23.89,14123.0,337550.4727
2026-09-07 14:11:00,23.91,23.92,23.92,23.91,9000.0,215204.0
2026-09-07 14:12:00,23.91,23.92,23.92,23.91,4200.0,100463.0
2026-09-07 14:13:00,23.92,23.92,23.92,23.91,5200.0,124353.0
2026-09-07 14:14:00,23.92,23.91,23.92,23.91,6500.0,155476.0
2026-09-07 14:15:00,23.92,23.92,23.92,23.91,8800.0,210466.0
2026-09-07 14:16:00,23.93,23.93,23.93,23.92,5500.0,131596.0
2026-09-07 14:17:00,23.93,23.93,23.93,23.92,5300.0,126827.0
2026-09-07 14:18:00,23.94,23.95,23.95,23.93,3100.0,74230.0
2026-09-07 14:19:00,23.95,23.92,23.95,23.92,13800.0,330235.0
2026-09-07 14:20:00,23.92,23.91,23.93,23.91,17100.0,409046.999
2026-09-07 14:21:00,23.92,23.9,23.92,23.9,29300.0,700514.0
2026-09-07 14:22:00,23.9,23.89,23.91,23.89,22300.0,532921.9971
2026-09-07 14:23:00,23.89,23.89,23.9,23.89,4300.0,102761.9988
2026-09-07 14:24:00,23.9,23.9,23.9,23.89,5400.0,129021.9999
2026-09-07 14:25:00,23.9,23.9,23.9,23.89,24663.0,589414.6942
2026-09-07 14:26:00,23.91,23.92,23.93,23.9,6300.0,150653.0
2026-09-07 14:27:00,23.93,23.92,23.93,23.91,3900.0,93307.0
2026-09-07 14:28:00,23.92,23.91,23.92,23.91,8200.0,196094.0
2026-09-07 14:29:00,23.92,23.9,23.92,23.9,14800.0,353878.9999
2026-09-07 14:30:00,23.91,23.91,23.91,23.9,7000.0,167367.0
2026-09-07 14:31:00,23.91,23.91,23.92,23.9,8000.0,191273.0007
2026-09-07 14:32:00,23.91,23.9,23.91,23.9,5000.0,119522.9991
2026-09-07 14:33:00,23.9,23.89,23.91,23.89,36237.0,865955.2985
2026-09-07 14:34:00,23.89,23.85,23.89,23.84,40062.0,956092.7765
2026-09-07 14:35:00,23.83,23.86,23.86,23.83,14015.0,334257.75
2026-09-07 14:36:00,23.86,23.87,23.88,23.86,5300.0,126507.0
2026-09-07 14:37:00,23.87,23.88,23.89,23.87,6500.0,155174.0015
2026-09-07 14:38:00,23.88,23.88,23.9,23.88,17500.0,418012.8643
2026-09-07 14:39:00,23.89,23.89,23.9,23.88,46900.0,1120244.9941
2026-09-07 14:40:00,23.89,23.9,23.9,23.88,15400.0,367818.9946
2026-09-07 14:41:00,23.89,23.87,23.9,23.87,30200.0,721288.9968
2026-09-07 14:42:00,23.88,23.88,23.88,23.87,9800.0,233998.0
2026-09-07 14:43:00,23.88,23.9,23.9,23.88,11398.0,272272.2392
2026-09-07 14:44:00,23.89,23.89,23.9,23.88,17400.0,415639.9961
2026-09-07 14:45:00,23.88,23.89,23.89,23.88,15100.0,360729.9995
2026-09-07 14:46:00,23.89,23.88,23.89,23.88,18114.0,432650.3159
2026-09-07 14:47:00,23.88,23.89,23.9,23.88,26000.0,621172.0
2026-09-07 14:48:00,23.89,23.9,23.9,23.89,20900.0,499427.9978
2026-09-07 14:49:00,23.89,23.89,23.89,23.88,23600.0,563749.9945
2026-09-07 14:50:00,23.89,23.89,23.9,23.88,29400.0,702345.9948
2026-09-07 14:51:00,23.89,23.89,23.9,23.89,37163.0,887981.0626
2026-09-07 14:52:00,23.9,23.9,23.9,23.88,44700.0,1067852.9897
2026-09-07 14:53:00,23.89,23.9,23.9,23.88,60600.0,1447929.9949
2026-09-07 14:54:00,23.89,23.9,23.91,23.89,72713.0,1737958.6968
2026-09-07 14:55:00,23.9,23.9,23.91,23.9,70187.0,1677635.1501
2026-09-07 14:56:00,23.89,23.89,23.9,23.89,75200.0,1796990.0
2026-09-07 14:57:00,23.9,23.89,23.9,23.88,75900.0,1813624.0
2026-09-07 15:00:00,23.89,23.89,23.89,23.89,83587.0,1996893.4188
2026-09-08 09:31:00,23.79,23.89,23.9,23.78,119826.0,2852732.3062
2026-09-08 09:32:00,23.85,23.51,23.85,23.5,284174.0,6714435.7257
2026-09-08 09:33:00,23.51,23.3,23.57,23.29,239000.0,5590550.9983
2026-09-08 09:34:00,23.3,23.34,23.44,23.26,146481.0,3412611.2485
2026-09-08 09:35:00,23.44,23.37,23.44,23.29,153563.0,3584485.0193
2026-09-08 09:36:00,23.37,23.41,23.45,23.35,97052.0,2271994.2792
2026-09-08 09:37:00,23.43,23.41,23.5,23.39,173834.0,4072492.5193
2026-09-08 09:38:00,23.44,23.44,23.47,23.41,65300.0,1530249.003
2026-09-08 09:39:00,23.44,23.45,23.48,23.36,174645.0,4088236.8504
2026-09-08 09:40:00,23.45,23.4,23.48,23.4,52800.0,1236936.0
2026-09-08 09:41:00,23.4,23.58,23.66,23.39,88611.0,2083236.0916
2026-09-08 09:42:00,23.58,23.6,23.64,23.58,20300.0,479150.3703
2026-09-08 09:43:00,23.6,23.53,23.61,23.53,52115.0,1228484.3236
2026-09-08 09:44:00,23.55,23.45,23.55,23.45,41585.0,977427.0549
2026-09-08 09:45:00,23.45,23.49,23.49,23.37,50977.0,1194135.2107
2026-09-08 09:46:00,23.53,23.63,23.69,23.53,47378.0,1119589.7494
2026-09-08 09:47:00,23.64,23.6,23.64,23.55,36300.0,856110.0
2026-09-08 09:48:00,23.61,23.55,23.61,23.55,25700.0,605737.0
2026-09-08 09:49:00,23.55,23.54,23.57,23.53,21800.0,513409.0015
2026-09-08 09:50:00,23.54,23.53,23.57,23.52,30900.0,727423.9976
2026-09-08 09:51:00,23.53,23.5,23.54,23.5,66900.0,1573179.001
2026-09-08 09:52:00,23.5,23.56,23.56,23.46,57300.0,1347091.001
2026-09-08 09:53:00,23.56,23.57,23.58,23.53,15200.0,358239.0
2026-09-08 09:54:00,23.55,23.51,23.55,23.51,15300.0,360047.0015
2026-09-08 09:55:00,23.52,23.52,23.55,23.51,61800.0,1453830.0005
2026-09-08 09:56:00,23.52,23.52,23.56,23.51,50100.0,1178460.0
2026-09-08 09:57:00,23.53,23.51,23.53,23.51,6600.0,155225.0
2026-09-08 09:58:00,23.51,23.51,23.52,23.51,11400.0,268026.0
2026-09-08 09:59:00,23.51,23.5,23.51,23.5,19600.0,460746.0
2026-09-08 10:00:00,23.5,23.44,23.51,23.44,59600.0,1399332.998
2026-09-08 10:01:00,23.44,23.61,23.61,23.43,115326.0,2708716.2301
2026-09-08 10:02:00,23.61,23.65,23.67,23.61,25600.0,605475.9995
2026-09-08 10:03:00,23.65,23.66,23.67,23.63,23912.0,565408.6583
2026-09-08 10:04:00,23.66,23.64,23.66,23.61,32088.0,758566.7016
2026-09-08 10:05:00,23.63,23.6,23.63,23.59,13863.0,327154.1699
2026-09-08 10:06:00,23.6,23.59,23.61,23.58,35900.0,847075.7394
2026-09-08 10:07:00,23.59,23.62,23.62,23.59,9400.0,221966.001
2026-09-08 10:08:00,23.61,23.59,23.62,23.59,26700.0,630307.0005
2026-09-08 10:09:00,23.6,23.59,23.6,23.59,12300.0,290220.0
2026-09-08 10:10:00,23.59,23.57,23.6,23.57,14037.0,331014.46
2026-09-08 10:11:00,23.57,23.57,23.59,23.56,60700.0,1431062.0
2026-09-08 10:12:00,23.56,23.52,23.56,23.52,27700.0,651774.0
2026-09-08 10:13:00,23.52,23.52,23.53,23.51,31000.0,728919.0
2026-09-08 10:14:00,23.54,23.53,23.54,23.51,16000.0,376368.0
2026-09-08 10:15:00,23.52,23.52,23.53,23.52,9750.0,229368.0
2026-09-08 10:16:00,23.52,23.56,23.56,23.52,21500.0,505711.0
2026-09-08 10:17:00,23.57,23.59,23.59,23.56,32063.0,755901.5322
2026-09-08 10:18:00,23.6,23.56,23.6,23.55,16237.0,382869.46
2026-09-08 10:19:00,23.55,23.54,23.55,23.53,16400.0,386119.0029
2026-09-08 10:20:00,23.54,23.52,23.54,23.51,15600.0,366886.0
2026-09-08 10:21:00,23.52,23.53,23.55,23.52,21500.0,505962.001
2026-09-08 10:22:00,23.52,23.51,23.53,23.51,12000.0,282174.0
2026-09-08 10:23:00,23.52,23.51,23.52,23.51,14000.0,329152.0
2026-09-08 10:24:00,23.51,23.56,23.56,23.51,32000.0,753415.9922
2026-09-08 10:25:00,23.55,23.55,23.56,23.53,22300.0,524995.0049
2026-09-08 10:26:00,23.54,23.56,23.59,23.54,35347.0,832661.2263
2026-09-08 10:27:00,23.59,23.58,23.6,23.56,14100.0,332605.0
2026-09-08 10:28:00,23.58,23.55,23.58,23.55,24100.0,568063.9999
2026-09-08 10:29:00,23.56,23.58,23.59,23.55,18700.0,440823.9951
2026-09-08 10:30:00,23.6,23.62,23.62,23.6,21700.0,512284.0
2026-09-08 10:31:00,23.6,23.58,23.62,23.58,7700.0,181700.0005
2026-09-08 10:32:00,23.57,23.55,23.58,23.55,17566.0,413759.2949
2026-09-08 10:33:00,23.55,23.58,23.58,23.54,28034.0,660486.696
2026-09-08 10:34:00,23.57,23.55,23.58,23.55,5500.0,129621.0
2026-09-08 10:35:00,23.54,23.5,23.55,23.5,16600.0,390343.0005
2026-09-08 10:36:00,23.5,23.51,23.52,23.5,36363.0,854729.5
2026-09-08 10:37:00,23.51,23.5,23.51,23.5,23978.0,563567.0
2026-09-08 10:38:00,23.5,23.51,23.52,23.5,10200.0,239743.0
2026-09-08 10:39:00,23.51,23.5,23.51,23.5,9700.0,227984.0
2026-09-08 10:40:00,23.5,23.49,23.51,23.49,24900.0,585047.5858
2026-09-08 10:41:00,23.49,23.47,23.49,23.45,33059.0,775829.9072
2026-09-08 10:42:00,23.45,23.46,23.46,23.43,69692.0,1634278.4604
2026-09-08 10:43:00,23.46,23.45,23.47,23.44,52000.0,1219677.9653
2026-09-08 10:44:00,23.46,23.46,23.46,23.45,31200.0,731689.9971
2026-09-08 10:45:00,23.46,23.48,23.49,23.46,32300.0,757859.9994
2026-09-08 10:46:00,23.48,23.52,23.52,23.47,14341.0,336780.0901
2026-09-08 10:47:00,23.52,23.55,23.55,23.52,7600.0,178902.002
2026-09-08 10:48:00,23.54,23.53,23.55,23.53,7200.0,169492.7378
2026-09-08 10:49:00,23.53,23.54,23.56,23.53,13100.0,308490.7368
2026-09-08 10:50:00,23.56,23.56,23.6,23.56,5526.0,130293.5599
2026-09-08 10:51:00,23.55,23.54,23.55,23.52,10300.0,242430.001
2026-09-08 10:52:00,23.54,23.53,23.54,23.52,18000.0,423448.0015
2026-09-08 10:53:00,23.52,23.54,23.54,23.5,22700.0,533857.0029
2026-09-08 10:54:00,23.55,23.51,23.55,23.51,3900.0,91768.0
2026-09-08 10:55:00,23.51,23.5,23.52,23.49,6763.0,158958.8699
2026-09-08 10:56:00,23.5,23.57,23.59,23.5,25000.0,588037.0
2026-09-08 10:57:00,23.57,23.57,23.59,23.57,12700.0,299492.0
2026-09-08 10:58:00,23.57,23.53,23.57,23.52,4200.0,98849.0
2026-09-08 10:59:00,23.53,23.52,23.53,23.52,8100.0,190545.0
2026-09-08 11:00:00,23.52,23.52,23.53,23.52,4300.0,101139.0
2026-09-08 11:01:00,23.52,23.52,23.53,23.52,9400.0,221092.0
2026-09-08 11:02:00,23.52,23.52,23.52,23.52,2600.0,61152.0
2026-09-08 11:03:00,23.51,23.53,23.53,23.51,11000.0,258662.0
2026-09-08 11:04:00,23.53,23.51,23.53,23.51,7700.0,181069.0
2026-09-08 11:05:00,23.51,23.5,23.51,23.5,15900.0,373703.0
2026-09-08 11:06:00,23.5,23.49,23.5,23.49,5696.0,133802.0391
2026-09-08 11:07:00,23.49,23.49,23.51,23.48,21300.0,500424.959
2026-09-08 11:08:00,23.49,23.49,23.5,23.48,1900.0,44628.0
2026-09-08 11:09:00,23.49,23.49,23.5,23.45,47063.0,1104620.3428
2026-09-08 11:10:00,23.47,23.51,23.51,23.47,9436.0,221637.3193
2026-09-08 11:11:00,23.52,23.53,23.53,23.52,7000.0,164685.0
2026-09-08 11:12:00,23.54,23.53,23.54,23.53,8200.0,192979.002
2026-09-08 11:13:00,23.54,23.52,23.54,23.52,5300.0,124723.001
2026-09-08 11:14:00,23.52,23.54,23.54,23.52,8700.0,204739.0029
2026-09-08 11:15:00,23.54,23.53,23.54,23.52,8000.0,188171.0005
2026-09-08 11:16:00,23.53,23.53,23.53,23.52,2300.0,54115.0
2026-09-08 11:17:00,23.52,23.51,23.53,23.51,9600.0,225803.0
2026-09-08 11:18:00,23.51,23.5,23.53,23.5,6800.0,159889.0
2026-09-08 11:19:00,23.5,23.5,23.5,23.49,3900.0,91637.0
2026-09-08 11:20:00,23.5,23.52,23.52,23.49,9000.0,211516.0
2026-09-08 11:21:00,23.52,23.52,23.52,23.52,1300.0,30576.0
2026-09-08 11:22:00,23.52,23.53,23.53,23.52,7100.0,167056.0
2026-09-08 11:23:00,23.52,23.52,23.53,23.52,22200.0,522157.0
2026-09-08 11:24:00,23.5,23.5,23.5,23.5,3700.0,86950.0
2026-09-08 11:25:00,23.52,23.5,23.53,23.5,8500.0,199858.0
2026-09-08 11:26:00,23.52,23.52,23.53,23.52,8000.0,188189.0
2026-09-08 11:27:00,23.53,23.5,23.53,23.5,11300.0,265661.0
2026-09-08 11:28:00,23.5,23.5,23.5,23.49,2200.0,51696.0
2026-09-08 11:29:00,23.51,23.5,23.51,23.5,4300.0,101053.0
2026-09-08 11:30:00,23.49,23.5,23.51,23.49,13463.0,316365.87
2026-09-08 13:01:00,23.49,23.51,23.52,23.49,25200.0,592154.9962
2026-09-08 13:02:00,23.49,23.48,23.49,23.48,20937.0,491619.1281
2026-09-08 13:03:00,23.48,23.47,23.49,23.47,13600.0,319294.0
2026-09-08 13:04:00,23.47,23.46,23.48,23.46,8700.0,204163.9985
2026-09-08 13:05:00,23.49,23.49,23.49,23.47,1700.0,39919.0
2026-09-08 13:06:00,23.48,23.49,23.49,23.48,4300.0,101003.0
2026-09-08 13:07:00,23.49,23.48,23.5,23.48,8500.0,199662.004
2026-09-08 13:08:00,23.48,23.44,23.48,23.43,35200.0,825432.9976
2026-09-08 13:09:00,23.44,23.42,23.44,23.42,14600.0,341975.0
2026-09-08 13:10:00,23.42,23.39,23.42,23.39,75700.0,1771268.0
2026-09-08 13:11:00,23.39,23.38,23.39,23.37,31900.0,745800.9937
2026-09-08 13:12:00,23.38,23.39,23.4,23.36,22700.0,530794.8726
2026-09-08 13:13:00,23.4,23.4,23.4,23.39,11700.0,273761.0
2026-09-08 13:14:00,23.39,23.39,23.39,23.37,39700.0,928034.0098
2026-09-08 13:15:00,23.38,23.39,23.39,23.37,26900.0,628975.9927
2026-09-08 13:16:00,23.38,23.37,23.41,23.37,36400.0,851230.9937
2026-09-08 13:17:00,23.37,23.37,23.38,23.36,38300.0,894925.0156
2026-09-08 13:18:00,23.38,23.45,23.45,23.36,30900.0,722680.9927
2026-09-08 13:19:00,23.44,23.43,23.44,23.43,4100.0,96069.0
2026-09-08 13:20:00,23.42,23.43,23.43,23.41,9400.0,220145.0
2026-09-08 13:21:00,23.43,23.42,23.43,23.41,7400.0,173344.0
2026-09-08 13:22:00,23.42,23.42,23.44,23.41,14700.0,344367.0
2026-09-08 13:23:00,23.43,23.43,23.45,23.42,12200.0,285840.0
2026-09-08 13:24:00,23.43,23.45,23.45,23.42,21300.0,499195.0
2026-09-08 13:25:00,23.45,23.46,23.48,23.44,10100.0,236903.9995
2026-09-08 13:26:00,23.45,23.42,23.45,23.42,17000.0,398315.0
2026-09-08 13:27:00,23.42,23.44,23.44,23.41,33726.0,789884.6523
2026-09-08 13:28:00,23.45,23.44,23.46,23.44,16000.0,375153.0
2026-09-08 13:29:00,23.45,23.43,23.45,23.43,13300.0,311666.0
2026-09-08 13:30:00,23.43,23.42,23.44,23.42,4600.0,107778.0
2026-09-08 13:31:00,23.42,23.42,23.43,23.4,27774.0,650253.3359
2026-09-08 13:32:00,23.42,23.44,23.44,23.42,5200.0,121875.0
2026-09-08 13:33:00,23.45,23.42,23.45,23.42,6700.0,157014.0
2026-09-08 13:34:00,23.42,23.48,23.49,23.42,47600.0,1116390.0
2026-09-08 13:35:00,23.48,23.45,23.48,23.45,12400.0,291031.0
2026-09-08 13:36:00,23.45,23.44,23.46,23.44,10700.0,250910.0
2026-09-08 13:37:00,23.44,23.45,23.45,23.44,5100.0,119563.0
2026-09-08 13:38:00,23.45,23.43,23.45,23.43,10600.0,248466.0
2026-09-08 13:39:00,23.43,23.43,23.44,23.43,11200.0,262425.0
2026-09-08 13:40:00,23.43,23.43,23.44,23.43,15000.0,351559.0
2026-09-08 13:41:00,23.43,23.43,23.44,23.43,13363.0,313096.0902
2026-09-08 13:42:00,23.43,23.45,23.46,23.43,10100.0,236806.0005
2026-09-08 13:43:00,23.45,23.45,23.45,23.43,6000.0,140635.9999
2026-09-08 13:44:00,23.43,23.43,23.45,23.43,6637.0,155530.9102
2026-09-08 13:45:00,23.42,23.41,23.43,23.41,18600.0,435592.9999
2026-09-08 13:46:00,23.41,23.4,23.42,23.4,21700.0,507923.0
2026-09-08 13:47:00,23.41,23.41,23.43,23.41,28000.0,655556.0
2026-09-08 13:48:00,23.43,23.41,23.43,23.41,10700.0,250560.0002
2026-09-08 13:49:00,23.41,23.41,23.42,23.41,8100.0,189664.0
2026-09-08 13:50:00,23.41,23.41,23.42,23.41,14200.0,332485.0
2026-09-08 13:51:00,23.41,23.43,23.43,23.41,19600.0,459065.0006
2026-09-08 13:52:00,23.43,23.4,23.43,23.4,18000.0,421295.0
2026-09-08 13:53:00,23.4,23.4,23.41,23.39,7000.0,163821.0
2026-09-08 13:54:00,23.4,23.38,23.4,23.38,48300.0,1129784.9946
2026-09-08 13:55:00,23.38,23.39,23.39,23.38,30100.0,703813.9863
2026-09-08 13:56:00,23.39,23.39,23.4,23.38,24600.0,575407.9985
2026-09-08 13:57:00,23.39,23.85,24.0,23.39,264554.0,6272684.6782
2026-09-08 13:58:00,23.85,23.79,23.9,23.75,125400.0,2986641.9907
2026-09-08 13:59:00,23.79,23.73,23.81,23.66,29093.0,690202.8894
2026-09-08 14:00:00,23.73,23.69,23.8,23.66,104207.0,2472559.4619
2026-09-08 14:01:00,23.68,23.65,23.68,23.62,26000.0,614555.9971
2026-09-08 14:02:00,23.67,23.73,23.73,23.65,52193.0,1236214.3806
2026-09-08 14:03:00,23.73,23.72,23.76,23.71,41800.0,992187.999
2026-09-08 14:04:00,23.71,23.68,23.71,23.68,38400.0,909672.0024
2026-09-08 14:05:00,23.68,23.62,23.69,23.61,18100.0,427746.0046
2026-09-08 14:06:00,23.62,23.63,23.63,23.61,17400.0,411128.9854
2026-09-08 14:07:00,23.62,23.61,23.63,23.61,5200.0,122793.9995
2026-09-08 14:08:00,23.61,23.55,23.61,23.54,15800.0,372476.0
2026-09-08 14:09:00,23.55,23.58,23.58,23.55,12063.0,284240.6499
2026-09-08 14:10:00,23.58,23.62,23.62,23.58,9700.0,228944.0
2026-09-08 14:11:00,23.62,23.6,23.62,23.59,13400.0,316369.0
2026-09-08 14:12:00,23.6,23.58,23.6,23.58,4300.0,101459.0
2026-09-08 14:13:00,23.58,23.59,23.59,23.58,1800.0,42450.0
2026-09-08 14:14:00,23.58,23.55,23.58,23.55,13400.0,315836.9993
2026-09-08 14:15:00,23.55,23.58,23.58,23.55,3800.0,89567.9995
2026-09-08 14:16:00,23.58,23.57,23.59,23.56,15300.0,360696.0
2026-09-08 14:17:00,23.56,23.56,23.56,23.56,4400.0,103664.0
2026-09-08 14:18:00,23.56,23.5,23.56,23.5,18937.0,445673.3477
2026-09-08 14:19:00,23.5,23.47,23.51,23.47,21200.0,498015.5078
2026-09-08 14:20:00,23.46,23.47,23.47,23.45,19100.0,448179.9985
2026-09-08 14:21:00,23.47,23.49,23.49,23.47,2586.0,60701.4194
2026-09-08 14:22:00,23.5,23.43,23.51,23.43,17014.0,399232.5819
2026-09-08 14:23:00,23.43,23.44,23.45,23.43,6000.0,140650.0
2026-09-08 14:24:00,23.44,23.45,23.45,23.43,17600.0,412483.0
2026-09-08 14:25:00,23.45,23.45,23.47,23.44,15600.0,365770.0
2026-09-08 14:26:00,23.45,23.45,23.47,23.44,11700.0,274352.0
2026-09-08 14:27:00,23.44,23.45,23.45,23.44,7200.0,168779.0
2026-09-08 14:28:00,23.45,23.43,23.45,23.43,10500.0,246127.0
2026-09-08 14:29:00,23.43,23.44,23.45,23.43,6700.0,157054.0
2026-09-08 14:30:00,23.45,23.46,23.46,23.44,12100.0,283729.998
2026-09-08 14:31:00,23.45,23.46,23.47,23.44,7100.0,166592.9966
2026-09-08 14:32:00,23.47,23.48,23.48,23.46,30500.0,715828.0
2026-09-08 14:33:00,23.47,23.46,23.47,23.45,13300.0,311972.998
2026-09-08 14:34:00,23.46,23.42,23.46,23.42,25500.0,597607.0
2026-09-08 14:35:00,23.43,23.43,23.44,23.42,28200.0,660537.0
2026-09-08 14:36:00,23.43,23.45,23.45,23.43,14200.0,332771.0
2026-09-08 14:37:00,23.45,23.45,23.45,23.44,3900.0,91446.0
2026-09-08 14:38:00,23.45,23.43,23.45,23.43,25300.0,592987.0
2026-09-08 14:39:00,23.43,23.42,23.43,23.42,16800.0,393554.0
2026-09-08 14:40:00,23.43,23.42,23.43,23.41,27300.0,639279.0
2026-09-08 14:41:00,23.42,23.42,23.43,23.42,13800.0,323206.0
2026-09-08 14:42:00,23.42,23.44,23.44,23.42,10000.0,234281.0
2026-09-08 14:43:00,23.44,23.41,23.44,23.41,37600.0,880572.0
2026-09-08 14:44:00,23.42,23.42,23.42,23.41,10300.0,241201.0
2026-09-08 14:45:00,23.43,23.41,23.43,23.41,14300.0,334873.0
2026-09-08 14:46:00,23.41,23.41,23.42,23.41,19446.0,455351.8602
2026-09-08 14:47:00,23.41,23.42,23.43,23.41,28700.0,672012.9987
2026-09-08 14:48:00,23.42,23.43,23.43,23.4,24900.0,583078.5409
2026-09-08 14:49:00,23.43,23.42,23.43,23.4,52600.0,1231353.9961
2026-09-08 14:50:00,23.42,23.42,23.42,23.41,17700.0,414427.0
2026-09-08 14:51:00,23.41,23.42,23.43,23.41,35200.0,824402.0
2026-09-08 14:52:00,23.42,23.41,23.43,23.41,31000.0,725970.0
2026-09-08 14:53:00,23.42,23.41,23.42,23.41,39900.0,934172.0
2026-09-08 14:54:00,23.42,23.41,23.42,23.41,23900.0,559563.0
2026-09-08 14:55:00,23.42,23.42,23.42,23.4,136127.0,3186608.4059
2026-09-08 14:56:00,23.42,23.41,23.42,23.4,60200.0,1409089.3624
2026-09-08 14:57:00,23.41,23.4,23.42,23.39,85500.0,2000783.2588
2026-09-08 15:00:00,23.4,23.4,23.4,23.4,121363.0,2839894.1954
2026-09-09 09:31:00,23.24,23.22,23.33,23.2,196600.0,4568785.9961
2026-09-09 09:32:00,23.22,23.18,23.22,23.17,81700.0,1895554.9941
2026-09-09 09:33:00,23.17,23.17,23.18,23.08,153200.0,3544314.9917
2026-09-09 09:34:00,23.17,23.18,23.21,23.16,40900.0,948262.001
2026-09-09 09:35:00,23.18,23.11,23.18,23.1,87400.0,2021514.0083
2026-09-09 09:36:00,23.11,23.07,23.14,23.07,214600.0,4957141.0044
2026-09-09 09:37:00,23.06,22.98,23.07,22.96,265900.0,6120659.0137
2026-09-09 09:38:00,22.96,23.01,23.01,22.93,271300.0,6227782.9575
2026-09-09 09:39:00,23.0,23.09,23.1,23.0,49900.0,1149826.0059
2026-09-09 09:40:00,23.09,23.07,23.13,23.07,38200.0,882576.0063
2026-09-09 09:41:00,23.06,22.99,23.06,22.99,66200.0,1523960.0024
2026-09-09 09:42:00,23.0,22.99,23.0,22.97,92000.0,2115038.0
2026-09-09 09:43:00,23.0,23.11,23.12,22.99,57300.0,1321555.0
2026-09-09 09:44:00,23.11,23.08,23.12,23.07,48000.0,1109046.0059
2026-09-09 09:45:00,23.12,23.07,23.12,23.07,32400.0,747978.0
2026-09-09 09:46:00,23.08,23.05,23.08,23.05,21600.0,498314.999
2026-09-09 09:47:00,23.05,23.04,23.06,23.03,28200.0,649950.0005
2026-09-09 09:48:00,23.04,23.05,23.06,23.04,24800.0,571599.002
2026-09-09 09:49:00,23.05,23.02,23.05,23.01,25700.0,591785.0054
2026-09-09 09:50:00,23.02,23.0,23.02,23.0,36000.0,828236.0
2026-09-09 09:51:00,23.0,22.97,23.01,22.97,56100.0,1289383.0
2026-09-09 09:52:00,22.97,22.94,22.98,22.93,63000.0,1446010.9893
2026-09-09 09:53:00,22.95,22.93,22.95,22.93,51000.0,1169958.0
2026-09-09 09:54:00,22.94,22.88,22.94,22.85,168700.0,3862844.0
2026-09-09 09:55:00,22.88,22.93,22.93,22.86,69400.0,1588811.0151
2026-09-09 09:56:00,22.93,22.89,22.93,22.88,45000.0,1030241.9932
2026-09-09 09:57:00,22.88,22.89,22.9,22.87,66300.0,1516902.0132
2026-09-09 09:58:00,22.9,22.87,22.92,22.87,109700.0,2511039.0068
2026-09-09 09:59:00,22.88,22.9,22.9,22.87,38800.0,887849.998
2026-09-09 10:00:00,22.89,22.88,22.9,22.87,44100.0,1009195.9946
2026-09-09 10:01:00,22.88,22.88,22.9,22.87,59500.0,1361584.9888
2026-09-09 10:02:00,22.88,22.86,22.89,22.86,91300.0,2087966.0525
2026-09-09 10:03:00,22.86,22.84,22.86,22.82,60700.0,1386501.0029
2026-09-09 10:04:00,22.83,22.86,22.86,22.83,44556.0,1017968.1934
2026-09-09 10:05:00,22.86,22.82,22.86,22.81,77822.0,1777121.2653
2026-09-09 10:06:00,22.82,22.83,22.85,22.82,39800.0,908677.852
2026-09-09 10:07:00,22.83,22.82,22.84,22.82,22600.0,515895.0
2026-09-09 10:08:00,22.82,22.81,22.83,22.8,68300.0,1558464.0
2026-09-09 10:09:00,22.81,22.76,22.81,22.76,94800.0,2160490.0024
2026-09-09 10:10:00,22.75,22.67,22.76,22.67,104100.0,2364259.991
2026-09-09 10:11:00,22.67,22.75,22.75,22.66,83404.0,1892053.6393
2026-09-09 10:12:00,22.75,22.74,22.8,22.74,42500.0,967964.0059
2026-09-09 10:13:00,22.74,22.74,22.75,22.72,38600.0,877534.0
2026-09-09 10:14:00,22.73,22.79,22.8,22.73,17600.0,400544.0
2026-09-09 10:15:00,22.77,22.78,22.79,22.77,15600.0,355358.001
2026-09-09 10:16:00,22.77,22.72,22.77,22.72,43900.0,998930.0
2026-09-09 10:17:00,22.73,22.68,22.74,22.67,63000.0,1429877.9995
2026-09-09 10:18:00,22.68,22.68,22.69,22.67,35500.0,805012.0
2026-09-09 10:19:00,22.68,22.68,22.69,22.67,40700.0,923162.3718
2026-09-09 10:20:00,22.68,22.65,22.68,22.65,60000.0,1359741.0
2026-09-09 10:21:00,22.65,22.6,22.65,22.6,94600.0,2138955.0
2026-09-09 10:22:00,22.59,22.73,22.8,22.59,608511.0,13776758.4036
2026-09-09 10:23:00,22.75,22.71,22.78,22.68,36800.0,836220.999
2026-09-09 10:24:00,22.72,22.75,22.75,22.7,47800.0,1086360.999
2026-09-09 10:25:00,22.72,22.73,22.75,22.72,21407.0,486588.0379
2026-09-09 10:26:00,22.73,22.71,22.74,22.69,31800.0,722106.998
2026-09-09 10:27:00,22.7,22.69,22.71,22.69,11200.0,254242.001
2026-09-09 10:28:00,22.69,22.68,22.7,22.68,16500.0,374404.0
2026-09-09 10:29:00,22.69,22.71,22.71,22.68,12500.0,283693.9985
2026-09-09 10:30:00,22.71,22.67,22.72,22.67,39800.0,903162.0005
2026-09-09 10:31:00,22.69,22.67,22.69,22.67,34700.0,786899.0
2026-09-09 10:32:00,22.68,22.66,22.69,22.65,88800.0,2012785.0
2026-09-09 10:33:00,22.65,22.64,22.65,22.64,18800.0,425720.0
2026-09-09 10:34:00,22.64,22.65,22.65,22.63,19700.0,445945.9971
2026-09-09 10:35:00,22.64,22.65,22.65,22.64,26200.0,593307.0
2026-09-09 10:36:00,22.65,22.64,22.66,22.64,15900.0,360127.0
2026-09-09 10:37:00,22.65,22.68,22.69,22.65,10994.0,249198.0996
2026-09-09 10:38:00,22.67,22.67,22.68,22.66,19800.0,448804.0
2026-09-09 10:39:00,22.66,22.66,22.67,22.65,21300.0,482747.0
2026-09-09 10:40:00,22.67,22.64,22.67,22.63,30700.0,695214.1185
2026-09-09 10:41:00,22.63,22.64,22.64,22.63,36200.0,819380.9863
2026-09-09 10:42:00,22.64,22.64,22.64,22.62,14306.0,323762.8351
2026-09-09 10:43:00,22.64,22.62,22.64,22.6,64600.0,1461315.0024
2026-09-09 10:44:00,22.61,22.61,22.62,22.6,25500.0,576501.0008
2026-09-09 10:45:00,22.6,22.6,22.61,22.59,45100.0,1019265.0005
2026-09-09 10:46:00,22.6,22.59,22.6,22.58,30794.0,695630.52
2026-09-09 10:47:00,22.58,22.61,22.61,22.58,35800.0,808812.9981
2026-09-09 10:48:00,22.61,22.61,22.62,22.6,16100.0,364097.002
2026-09-09 10:49:00,22.61,22.6,22.62,22.59,29300.0,662109.0
2026-09-09 10:50:00,22.59,22.6,22.6,22.59,16300.0,368262.0
2026-09-09 10:51:00,22.59,22.61,22.61,22.59,15300.0,345826.0
2026-09-09 10:52:00,22.6,22.62,22.62,22.6,10600.0,239669.0034
2026-09-09 10:53:00,22.62,22.6,22.62,22.59,59700.0,1348937.0
2026-09-09 10:54:00,22.6,22.54,22.6,22.49,182000.0,4101892.481
2026-09-09 10:55:00,22.55,22.5,22.58,22.5,56460.0,1271377.0098
2026-09-09 10:56:00,22.51,22.47,22.51,22.47,57746.0,1298590.0
2026-09-09 10:57:00,22.48,22.55,22.58,22.47,30554.0,687498.0
2026-09-09 10:58:00,22.55,22.55,22.57,22.53,45300.0,1022078.3659
2026-09-09 10:59:00,22.56,22.52,22.56,22.51,18300.0,412354.002
2026-09-09 11:00:00,22.52,22.52,22.54,22.51,7200.0,162171.0005
2026-09-09 11:01:00,22.51,22.58,22.58,22.51,33900.0,763782.0
2026-09-09 11:02:00,22.55,22.55,22.55,22.54,10200.0,229929.0044
2026-09-09 11:03:00,22.55,22.59,22.59,22.54,23570.0,531702.599
2026-09-09 11:04:00,22.59,22.59,22.59,22.58,13700.0,309368.9999
2026-09-09 11:05:00,22.58,22.58,22.58,22.56,17200.0,388240.0
2026-09-09 11:06:00,22.58,22.57,22.58,22.56,10400.0,234758.0
2026-09-09 11:07:00,22.57,22.58,22.58,22.56,2800.0,63187.0
2026-09-09 11:08:00,22.58,22.6,22.61,22.57,16600.0,375034.0
2026-09-09 11:09:00,22.61,22.63,22.63,22.61,13800.0,312178.9995
2026-09-09 11:10:00,22.63,22.73,22.73,22.63,93000.0,2110474.0078
2026-09-09 11:11:00,22.66,22.64,22.66,22.64,32000.0,724832.0
2026-09-09 11:12:00,22.64,22.63,22.65,22.63,8500.0,192504.0
2026-09-09 11:13:00,22.63,22.64,22.64,22.63,10800.0,244418.9961
2026-09-09 11:14:00,22.64,22.64,22.65,22.63,8000.0,181138.0
2026-09-09 11:15:00,22.65,22.66,22.67,22.63,22000.0,498239.0
2026-09-09 11:16:00,22.66,22.75,22.75,22.66,24400.0,554227.0
2026-09-09 11:17:00,22.75,22.7,22.76,22.7,12800.0,291061.0
2026-09-09 11:18:00,22.69,22.69,22.69,22.68,2200.0,49902.0
2026-09-09 11:19:00,22.69,22.69,22.69,22.68,5000.0,113448.0
2026-09-09 11:20:00,22.7,22.7,22.72,22.69,12100.0,274634.0
2026-09-09 11:21:00,22.72,22.7,22.72,22.68,15300.0,347303.0
2026-09-09 11:22:00,22.7,22.66,22.7,22.66,12600.0,285716.0
2026-09-09 11:23:00,22.66,22.64,22.66,22.64,5100.0,115505.0
2026-09-09 11:24:00,22.65,22.64,22.66,22.64,34200.0,774501.0
2026-09-09 11:25:00,22.64,22.65,22.65,22.64,4000.0,90577.0
2026-09-09 11:26:00,22.65,22.64,22.65,22.63,14600.0,330552.0
2026-09-09 11:27:00,22.63,22.64,22.65,22.63,8144.0,184367.159
2026-09-09 11:28:00,22.65,22.63,22.65,22.63,3900.0,88290.5576
2026-09-09 11:29:00,22.64,22.61,22.64,22.61,9356.0,211631.2804
2026-09-09 11:30:00,22.61,22.61,22.62,22.6,4900.0,110773.0
2026-09-09 13:01:00,22.61,22.58,22.62,22.58,19100.0,431641.0
2026-09-09 13:02:00,22.58,22.54,22.58,22.54,10700.0,241328.0
2026-09-09 13:03:00,22.54,22.55,22.56,22.53,5200.0,117231.0024
2026-09-09 13:04:00,22.55,22.57,22.57,22.55,5800.0,130859.999
2026-09-09 13:05:00,22.57,22.6,22.61,22.57,4900.0,110726.0
2026-09-09 13:06:00,22.58,22.59,22.59,22.58,3600.0,81306.0
2026-09-09 13:07:00,22.59,22.55,22.59,22.55,16500.0,372346.998
2026-09-09 13:08:00,22.55,22.53,22.55,22.53,7100.0,160056.001
2026-09-09 13:09:00,22.53,22.54,22.54,22.52,7500.0,169000.001
2026-09-09 13:10:00,22.55,22.56,22.56,22.54,7600.0,171339.0039
2026-09-09 13:11:00,22.55,22.56,22.57,22.55,14500.0,327092.0
2026-09-09 13:12:00,22.55,22.55,22.56,22.54,7400.0,166858.0024
2026-09-09 13:13:00,22.55,22.54,22.55,22.54,4800.0,108226.001
2026-09-09 13:14:00,22.55,22.57,22.57,22.54,6300.0,142087.0005
2026-09-09 13:15:00,22.55,22.56,22.57,22.55,3600.0,81217.0
2026-09-09 13:16:00,22.56,22.55,22.56,22.55,9500.0,214265.0
2026-09-09 13:17:00,22.55,22.54,22.56,22.54,5600.0,126281.0
2026-09-09 13:18:00,22.55,22.54,22.55,22.54,16500.0,371920.0103
2026-09-09 13:19:00,22.54,22.49,22.54,22.47,71300.0,1604777.0
2026-09-09 13:20:00,22.47,22.46,22.48,22.45,34200.0,768242.9863
2026-09-09 13:21:00,22.46,22.43,22.46,22.42,29500.0,661828.3701
2026-09-09 13:22:00,22.43,22.41,22.43,22.41,24900.0,558212.0
2026-09-09 13:23:00,22.43,22.46,22.48,22.43,10563.0,237267.7207
2026-09-09 13:24:00,22.47,22.46,22.47,22.45,13600.0,305435.9951
2026-09-09 13:25:00,22.46,22.46,22.46,22.45,4300.0,96566.9995
2026-09-09 13:26:00,22.46,22.46,22.47,22.45,11700.0,262752.9961
2026-09-09 13:27:00,22.46,22.44,22.46,22.44,9400.0,211021.0
2026-09-09 13:28:00,22.44,22.43,22.45,22.43,16700.0,374659.0
2026-09-09 13:29:00,22.42,22.44,22.45,22.42,9800.0,219858.0
2026-09-09 13:30:00,22.44,22.43,22.44,22.43,18982.0,425885.2623
2026-09-09 13:31:00,22.43,22.41,22.44,22.41,34018.0,762573.74
2026-09-09 13:32:00,22.41,22.37,22.41,22.36,31700.0,709727.9995
2026-09-09 13:33:00,22.36,22.36,22.37,22.35,20300.0,453893.0005
2026-09-09 13:34:00,22.37,22.38,22.38,22.36,18700.0,418308.0034
2026-09-09 13:35:00,22.38,22.37,22.39,22.37,17600.0,393798.0024
2026-09-09 13:36:00,22.38,22.38,22.4,22.37,22500.0,503616.9878
2026-09-09 13:37:00,22.37,22.39,22.39,22.37,11500.0,257400.001
2026-09-09 13:38:00,22.4,22.41,22.41,22.39,21214.0,475192.5998
2026-09-09 13:39:00,22.41,22.45,22.45,22.41,17100.0,383605.0
2026-09-09 13:40:00,22.46,22.46,22.47,22.46,7700.0,172945.9985
2026-09-09 13:41:00,22.45,22.39,22.45,22.39,26100.0,585187.8618
2026-09-09 13:42:00,22.39,22.4,22.41,22.39,6100.0,136590.9998
2026-09-09 13:43:00,22.41,22.39,22.41,22.39,17986.0,402770.5361
2026-09-09 13:44:00,22.39,22.39,22.4,22.38,14407.0,322496.6524
2026-09-09 13:45:00,22.38,22.37,22.39,22.37,9293.0,207991.2669
2026-09-09 13:46:00,22.37,22.36,22.38,22.36,34300.0,767185.0122
2026-09-09 13:47:00,22.36,22.34,22.37,22.34,13700.0,306214.0
2026-09-09 13:48:00,22.34,22.34,22.35,22.34,18600.0,415561.0
2026-09-09 13:49:00,22.33,22.37,22.37,22.33,20000.0,446953.0
2026-09-09 13:50:00,22.38,22.38,22.38,22.37,13700.0,306518.0044
2026-09-09 13:51:00,22.38,22.38,22.38,22.37,6000.0,134249.0034
2026-09-09 13:52:00,22.37,22.37,22.38,22.37,7700.0,172273.0005
2026-09-09 13:53:00,22.37,22.37,22.38,22.36,21000.0,469878.0005
2026-09-09 13:54:00,22.37,22.43,22.43,22.36,11900.0,266436.0034
2026-09-09 13:55:00,22.44,22.45,22.46,22.44,9400.0,211052.9995
2026-09-09 13:56:00,22.46,22.55,22.55,22.45,52726.0,1185929.9917
2026-09-09 13:57:00,22.51,22.55,22.55,22.49,10100.0,227384.002
2026-09-09 13:58:00,22.5,22.55,22.6,22.5,13400.0,302027.0
2026-09-09 13:59:00,22.57,22.6,22.61,22.57,31300.0,707223.0
2026-09-09 14:00:00,22.6,22.58,22.6,22.58,10800.0,244015.0
2026-09-09 14:01:00,22.58,22.56,22.59,22.56,9700.0,219014.0
2026-09-09 14:02:00,22.58,22.53,22.58,22.53,4500.0,101488.0
2026-09-09 14:03:00,22.53,22.56,22.57,22.5,36800.0,828965.0
2026-09-09 14:04:00,22.56,22.55,22.56,22.55,2200.0,49630.0
2026-09-09 14:05:00,22.53,22.58,22.58,22.53,20300.0,457935.0
2026-09-09 14:06:00,22.56,22.57,22.6,22.56,4900.0,110615.0
2026-09-09 14:07:00,22.57,22.54,22.57,22.53,12200.0,275323.0
2026-09-09 14:08:00,22.54,22.53,22.54,22.52,19000.0,428077.0
2026-09-09 14:09:00,22.54,22.53,22.55,22.53,7200.0,162302.002
2026-09-09 14:10:00,22.54,22.49,22.54,22.48,14800.0,333017.0
2026-09-09 14:11:00,22.49,22.51,22.53,22.48,34963.0,786624.129
2026-09-09 14:12:00,22.51,22.51,22.51,22.5,25600.0,576053.3713
2026-09-09 14:13:00,22.52,22.53,22.53,22.5,12000.0,270243.0
2026-09-09 14:14:00,22.52,22.52,22.53,22.52,7300.0,164401.0
2026-09-09 14:15:00,22.52,22.52,22.53,22.51,3900.0,87827.0
2026-09-09 14:16:00,22.52,22.53,22.53,22.51,7400.0,166664.0
2026-09-09 14:17:00,22.53,22.53,22.53,22.52,5600.0,126137.0
2026-09-09 14:18:00,22.52,22.52,22.52,22.51,14300.0,321946.0
2026-09-09 14:19:00,22.51,22.52,22.52,22.51,6700.0,150826.0
2026-09-09 14:20:00,22.52,22.52,22.53,22.52,5700.0,128370.0
2026-09-09 14:21:00,22.52,22.52,22.52,22.52,2500.0,56300.0
2026-09-09 14:22:00,22.53,22.52,22.53,22.51,3700.0,83314.0
2026-09-09 14:23:00,22.51,22.52,22.52,22.51,5900.0,132821.0
2026-09-09 14:24:00,22.52,22.53,22.53,22.5,44100.0,992865.0
2026-09-09 14:25:00,22.53,22.52,22.54,22.52,9900.0,223039.001
2026-09-09 14:26:00,22.52,22.52,22.53,22.52,12100.0,272518.0
2026-09-09 14:27:00,22.52,22.53,22.53,22.52,4700.0,105849.0
2026-09-09 14:28:00,22.53,22.52,22.54,22.52,9700.0,218536.0
2026-09-09 14:29:00,22.53,22.54,22.54,22.53,11300.0,254630.0039
2026-09-09 14:30:00,22.54,22.54,22.54,22.53,15000.0,338019.0015
2026-09-09 14:31:00,22.54,22.56,22.56,22.53,16700.0,376476.0024
2026-09-09 14:32:00,22.56,22.57,22.57,22.55,4550.0,102661.5
2026-09-09 14:33:00,22.57,22.57,22.58,22.57,9300.0,209929.0
2026-09-09 14:34:00,22.58,22.6,22.6,22.57,17200.0,388437.0
2026-09-09 14:35:00,22.58,22.59,22.6,22.58,12200.0,275543.0
2026-09-09 14:36:00,22.59,22.58,22.59,22.58,11000.0,248439.0
2026-09-09 14:37:00,22.58,22.55,22.58,22.55,53350.0,1203684.4805
2026-09-09 14:38:00,22.53,22.53,22.54,22.53,13200.0,297450.0024
2026-09-09 14:39:00,22.53,22.51,22.53,22.51,17500.0,394108.0
2026-09-09 14:40:00,22.51,22.51,22.51,22.51,6600.0,148566.0
2026-09-09 14:41:00,22.51,22.54,22.55,22.5,16200.0,364992.0049
2026-09-09 14:42:00,22.54,22.57,22.58,22.54,34450.0,776929.5005
2026-09-09 14:43:00,22.57,22.56,22.58,22.56,7100.0,160257.0
2026-09-09 14:44:00,22.56,22.54,22.57,22.54,19500.0,439668.0024
2026-09-09 14:45:00,22.54,22.55,22.55,22.54,17800.0,401325.0029
2026-09-09 14:46:00,22.55,22.56,22.56,22.54,7500.0,169171.998
2026-09-09 14:47:00,22.56,22.56,22.56,22.55,15100.0,340652.9968
2026-09-09 14:48:00,22.56,22.57,22.57,22.56,9784.0,220798.039
2026-09-09 14:49:00,22.57,22.57,22.58,22.56,18000.0,406294.9999
2026-09-09 14:50:00,22.56,22.54,22.57,22.54,47916.0,1080447.9644
2026-09-09 14:51:00,22.55,22.57,22.58,22.54,60584.0,1367292.0394
2026-09-09 14:52:00,22.57,22.55,22.58,22.55,70700.0,1595265.9922
2026-09-09 14:53:00,22.54,22.52,22.55,22.52,48700.0,1097604.0137
2026-09-09 14:54:00,22.53,22.53,22.54,22.52,22800.0,513764.0044
2026-09-09 14:55:00,22.53,22.54,22.55,22.53,32300.0,727966.02
2026-09-09 14:56:00,22.55,22.53,22.55,22.53,63200.0,1424717.1978
2026-09-09 14:57:00,22.54,22.53,22.55,22.53,52482.0,1183004.4663
2026-09-09 15:00:00,22.51,22.51,22.51,22.51,118500.0,2667434.9998
