time,open,close,high,low,volume,amount
2026-09-01 09:31:00,23.0,22.9,24.0,22.66,11493416.0,264921296.7572
2026-09-01 09:32:00,22.9,23.79,24.0,22.9,4878173.0,114409524.5933
2026-09-01 09:33:00,23.8,23.55,23.8,23.04,3060563.0,71336096.6795
2026-09-01 09:34:00,23.52,24.55,24.64,23.52,2609202.0,62614636.1628
2026-09-01 09:35:00,24.64,24.5,25.0,24.45,1721001.0,42770488.2987
2026-09-01 09:36:00,24.5,24.11,24.51,23.8,1679686.0,40269912.0304
2026-09-01 09:37:00,24.11,24.91,24.93,24.0,1235848.0,30300575.2903
2026-09-01 09:38:00,24.91,24.38,25.0,24.38,2055312.0,51222092.8967
2026-09-01 09:39:00,24.38,24.78,24.92,24.36,1091156.0,26954726.886
2026-09-01 09:40:00,24.78,24.9,24.97,24.63,1291589.0,31975864.4352
2026-09-01 09:41:00,24.95,25.5,25.5,24.8,2044095.0,51204761.4817
2026-09-01 09:42:00,25.45,25.99,25.99,25.42,829247.0,21338462.4447
2026-09-01 09:43:00,25.97,26.7,26.7,25.97,1330717.0,35039430.328
2026-09-01 09:44:00,26.68,25.92,26.89,25.92,1119116.0,29852771.21
2026-09-01 09:45:00,25.94,25.6,25.96,25.2,906962.0,23157555.0192
2026-09-01 09:46:00,25.6,26.19,26.19,25.6,560847.0,14556257.7208
2026-09-01 09:47:00,26.18,26.59,26.6,26.1,626524.0,16535130.085
2026-09-01 09:48:00,26.6,26.3,26.68,26.3,719348.0,19141365.6828
2026-09-01 09:49:00,26.32,25.51,26.32,25.5,446307.0,11497917.9771
2026-09-01 09:50:00,25.52,25.88,26.0,25.51,647292.0,16690975.16
2026-09-01 09:51:00,25.88,25.66,25.98,25.66,337816.0,8729890.3984
2026-09-01 09:52:00,25.66,25.7,25.73,25.5,510441.0,13059413.1818
2026-09-01 09:53:00,25.7,26.0,26.31,25.65,563864.0,14665389.7848
2026-09-01 09:54:00,26.0,26.01,26.2,25.75,543091.0,14058448.7841
2026-09-01 09:55:00,26.01,25.9,26.04,25.8,369284.0,9595238.7297
2026-09-01 09:56:00,25.9,25.6,25.91,25.6,300370.0,7723448.7445
2026-09-01 09:57:00,25.61,25.85,26.0,25.57,395466.0,10171429.1205
2026-09-01 09:58:00,25.97,25.91,25.98,25.81,185201.0,4798175.9612
2026-09-01 09:59:00,25.91,25.71,25.94,25.7,167799.0,4338127.7821
2026-09-01 10:00:00,25.71,25.88,25.9,25.62,317345.0,8181114.9808
2026-09-01 10:01:00,25.9,25.79,25.91,25.73,329214.0,8503101.7357
2026-09-01 10:02:00,25.79,25.68,25.8,25.66,319527.0,8224550.6321
2026-09-01 10:03:00,25.66,25.61,25.92,25.52,904345.0,23201909.5339
2026-09-01 10:04:00,25.62,25.74,25.9,25.61,345111.0,8873983.4523
2026-09-01 10:05:00,25.76,25.69,25.86,25.67,358923.0,9234819.4703
2026-09-01 10:06:00,25.69,25.85,25.85,25.66,830642.0,21357422.3074
2026-09-01 10:07:00,25.85,26.22,26.23,25.81,882097.0,22952484.7076
2026-09-01 10:08:00,26.22,26.63,26.64,26.22,693911.0,18381136.6967
2026-09-01 10:09:00,26.64,26.6,26.66,26.39,611696.0,16267360.467
2026-09-01 10:10:00,26.63,26.61,26.65,26.45,424514.0,11292500.7425
2026-09-01 10:11:00,26.62,26.6,26.64,26.48,341499.0,9078919.593
2026-09-01 10:12:00,26.6,26.69,26.7,26.53,870843.0,23206181.2953
2026-09-01 10:13:00,26.69,26.75,26.87,26.68,848355.0,22726836.5621
2026-09-01 10:14:00,26.72,26.95,26.98,26.71,795556.0,21390350.2281
2026-09-01 10:15:00,26.96,26.9,26.97,26.8,338815.0,9112032.005
2026-09-01 10:16:00,26.9,26.94,26.98,26.88,390271.0,10510780.0554
2026-09-01 10:17:00,26.95,27.75,27.75,26.9,1193254.0,32324029.2557
2026-09-01 10:18:00,27.75,28.0,28.06,27.6,772717.0,21515716.4811
2026-09-01 10:19:00,28.01,28.73,28.8,28.0,256540.0,7292409.699
2026-09-01 10:20:00,28.73,29.26,29.33,28.73,422470.0,12225227.6305
2026-09-01 10:21:00,29.3,29.9,29.9,29.29,284169.0,8446431.0779
2026-09-01 10:31:00,29.9,29.66,29.9,29.66,572771.0,17121729.7657
2026-09-01 10:32:00,29.7,27.95,29.71,27.95,277001.0,8065848.2503
2026-09-01 10:33:00,27.96,28.8,28.8,27.18,436915.0,12114555.5516
2026-09-01 10:34:00,28.74,29.89,29.89,28.6,371357.0,10924678.7545
2026-09-01 10:35:00,29.89,29.98,30.01,29.86,647804.0,19414126.5192
2026-09-01 10:36:00,29.96,27.5,29.98,27.5,211045.0,6072277.9327
2026-09-01 10:37:00,27.51,28.9,29.0,27.0,325529.0,9152456.9604
2026-09-01 10:38:00,28.9,29.1,29.18,28.8,201189.0,5846545.9492
2026-09-01 10:39:00,29.1,28.9,29.12,28.9,206311.0,5983252.1363
2026-09-01 10:40:00,28.9,28.02,28.97,28.02,60600.0,1721899.3191
2026-09-01 10:41:00,28.02,28.42,28.45,27.99,205998.0,5789970.8786
2026-09-01 10:42:00,28.42,28.77,28.88,28.4,118593.0,3399375.6086
2026-09-01 10:43:00,28.76,28.73,28.82,28.68,118200.0,3399129.5596
2026-09-01 10:44:00,28.73,28.26,28.76,28.26,73332.0,2092206.3508
2026-09-01 10:45:00,28.24,28.2,28.26,28.0,211957.0,5948518.8693
2026-09-01 10:46:00,28.2,28.02,28.28,28.02,101174.0,2851409.5987
2026-09-01 10:47:00,28.02,28.02,28.05,28.0,133874.0,3750793.3572
2026-09-01 10:48:00,28.04,28.04,28.05,28.02,98904.0,2772577.775
2026-09-01 10:49:00,28.04,28.03,28.06,28.03,128792.0,3611577.7645
2026-09-01 10:50:00,28.04,28.0,28.04,28.0,167189.0,4684603.7098
2026-09-01 10:51:00,28.0,27.93,28.01,27.93,176808.0,4948288.3718
2026-09-01 10:52:00,27.93,27.5,27.93,27.5,116635.0,3232461.4167
2026-09-01 10:53:00,27.5,27.0,27.51,27.0,139897.0,3812723.4994
2026-09-01 10:54:00,27.0,26.82,27.01,26.65,243439.0,6526133.4584
2026-09-01 10:55:00,26.82,27.5,27.51,26.81,222049.0,6040870.7587
2026-09-01 10:56:00,27.51,28.02,28.03,27.5,168844.0,4688569.4667
2026-09-01 10:57:00,28.04,28.39,28.4,28.01,100754.0,2838970.6728
2026-09-01 10:58:00,28.41,28.66,28.66,28.39,92342.0,2636143.5691
2026-09-01 10:59:00,28.66,28.78,28.8,28.6,121147.0,3483396.8934
2026-09-01 11:00:00,28.78,28.18,28.79,28.18,125518.0,3593682.0807
2026-09-01 11:01:00,28.13,27.37,28.13,27.35,80034.0,2219419.1717
2026-09-01 11:02:00,27.35,27.6,27.62,27.24,118380.0,3235636.981
2026-09-01 11:03:00,27.6,28.0,28.0,27.57,77767.0,2163952.3201
2026-09-01 11:04:00,27.99,27.96,28.05,27.92,121377.0,3396514.1279
2026-09-01 11:05:00,27.98,27.75,27.98,27.74,38100.0,1063218.0015
2026-09-01 11:06:00,27.74,27.7,27.76,27.52,58488.0,1615873.1606
2026-09-01 11:07:00,27.7,27.58,27.75,27.58,44900.0,1242415.0
2026-09-01 11:08:00,27.57,27.5,27.59,27.5,83190.0,2291658.3085
2026-09-01 11:09:00,27.5,27.2,27.53,27.2,89405.0,2445450.9789
2026-09-01 11:10:00,27.2,27.05,27.21,27.0,159926.0,4331832.0405
2026-09-01 11:11:00,27.05,27.28,27.3,27.0,176314.0,4773003.2244
2026-09-01 11:12:00,27.28,27.21,27.36,27.2,125775.0,3431813.7997
2026-09-01 11:13:00,27.2,27.0,27.23,27.0,142314.0,3864392.711
2026-09-01 11:14:00,27.0,27.02,27.16,26.98,161607.0,4364372.4014
2026-09-01 11:15:00,27.0,26.85,27.01,26.82,107076.0,2880447.874
2026-09-01 11:16:00,26.85,26.92,26.99,26.84,100783.0,2712155.7229
2026-09-01 11:17:00,26.92,26.98,26.99,26.91,67352.0,1816048.1169
2026-09-01 11:18:00,26.97,26.98,27.0,26.95,71531.0,1929712.5895
2026-09-01 11:19:00,26.98,26.99,27.0,26.98,88500.0,2388988.997
2026-09-01 11:20:00,27.0,26.98,27.0,26.97,103560.0,2793963.4793
2026-09-01 11:21:00,26.98,26.97,26.99,26.96,77539.0,2091296.8249
2026-09-01 11:22:00,26.97,26.92,26.98,26.91,60978.0,1642989.9918
2026-09-01 11:23:00,26.91,26.83,26.92,26.83,72955.0,1961178.04
2026-09-01 11:24:00,26.83,26.78,26.84,26.76,111337.0,2984123.4969
2026-09-01 11:25:00,26.76,26.72,26.78,26.71,80091.0,2140930.6005
2026-09-01 11:26:00,26.72,26.74,26.8,26.71,104123.0,2783977.7841
2026-09-01 11:27:00,26.74,26.77,26.78,26.73,85651.0,2291035.7357
2026-09-01 11:28:00,26.75,26.74,26.77,26.73,81014.0,2166486.2155
2026-09-01 11:29:00,26.74,26.71,26.74,26.71,104253.0,2786209.4775
2026-09-01 11:30:00,26.72,26.74,26.75,26.7,113527.0,3033284.4355
2026-09-01 13:01:00,26.74,26.52,26.75,26.5,318494.0,8497979.253
2026-09-01 13:02:00,26.52,26.4,26.53,26.38,86117.0,2281574.9806
2026-09-01 13:03:00,26.37,26.21,26.38,26.2,80529.0,2116332.4874
2026-09-01 13:04:00,26.2,26.01,26.21,26.01,91400.0,2386455.0027
2026-09-01 13:05:00,26.01,26.18,26.2,26.0,213851.0,5567914.1607
2026-09-01 13:06:00,26.18,26.37,26.38,26.16,76421.0,2006029.8502
2026-09-01 13:07:00,26.38,26.67,26.68,26.38,82574.0,2193105.836
2026-09-01 13:08:00,26.67,26.6,26.74,26.58,119301.0,3181715.3842
2026-09-01 13:09:00,26.58,26.35,26.6,26.33,43011.0,1138530.6814
2026-09-01 13:10:00,26.33,26.31,26.35,26.29,74884.0,1970521.9923
2026-09-01 13:11:00,26.31,26.3,26.32,26.28,64167.0,1687619.7628
2026-09-01 13:12:00,26.31,26.32,26.33,26.3,56264.0,1480625.8384
2026-09-01 13:13:00,26.33,26.31,26.34,26.31,77344.0,2035565.0493
2026-09-01 13:14:00,26.31,26.35,26.36,26.3,65509.0,1724608.359
2026-09-01 13:15:00,26.35,26.34,26.38,26.33,39568.0,1042400.4391
2026-09-01 13:16:00,26.33,26.33,26.35,26.33,43134.0,1136087.218
2026-09-01 13:17:00,26.33,26.33,26.34,26.32,50418.0,1327501.008
2026-09-01 13:18:00,26.33,26.25,26.34,26.25,121667.0,3200671.0847
2026-09-01 13:19:00,26.26,26.13,26.27,26.13,39151.0,1025343.1589
2026-09-01 13:20:00,26.15,26.0,26.15,26.0,94742.0,2469218.4217
2026-09-01 13:21:00,26.0,25.69,26.01,25.69,144287.0,3737486.8222
2026-09-01 13:22:00,25.7,26.1,26.17,25.68,175836.0,4543052.8466
2026-09-01 13:23:00,26.17,26.3,26.4,26.1,94244.0,2481863.8299
2026-09-01 13:24:00,26.3,26.38,26.38,26.25,72745.0,1917282.3025
2026-09-01 13:25:00,26.38,26.43,26.43,26.36,92695.0,2446908.2316
2026-09-01 13:26:00,26.43,26.6,26.6,26.42,100671.0,2672264.1886
2026-09-01 13:27:00,26.6,26.72,26.72,26.6,60772.0,1620607.2988
2026-09-01 13:28:00,26.72,26.51,26.73,26.37,115907.0,3084371.9578
2026-09-01 13:29:00,26.51,26.5,26.51,26.33,44498.0,1176870.0627
2026-09-01 13:30:00,26.5,26.5,26.5,26.48,45297.0,1200072.5292
2026-09-01 13:31:00,26.5,26.48,26.51,26.48,56803.0,1505165.5014
2026-09-01 13:32:00,26.49,26.58,26.58,26.48,79101.0,2096582.0508
2026-09-01 13:33:00,26.59,26.48,26.6,26.48,50376.0,1337552.8687
2026-09-01 13:34:00,26.5,26.46,26.58,26.46,49416.0,1308651.0056
2026-09-01 13:35:00,26.47,26.4,26.49,26.4,40310.0,1066552.0348
2026-09-01 13:36:00,26.43,26.3,26.43,26.3,28868.0,761331.3975
2026-09-01 13:37:00,26.3,26.11,26.32,26.11,36265.0,951863.9645
2026-09-01 13:38:00,26.1,25.96,26.11,25.96,60311.0,1568856.9989
2026-09-01 13:39:00,25.96,25.91,25.96,25.89,70213.0,1819358.5439
2026-09-01 13:40:00,25.91,26.18,26.18,25.9,61242.0,1591198.6405
2026-09-01 13:41:00,26.12,26.28,26.29,26.11,49937.0,1310348.3783
2026-09-01 13:42:00,26.28,26.18,26.28,26.18,46130.0,1209134.6602
2026-09-01 13:43:00,26.18,25.99,26.18,25.99,33100.0,863366.9755
2026-09-01 13:44:00,25.99,26.0,26.01,25.97,74907.0,1946655.2414
2026-09-01 13:45:00,26.01,26.06,26.11,25.99,104516.0,2721415.9789
2026-09-01 13:46:00,26.07,26.05,26.09,26.04,33338.0,868731.6273
2026-09-01 13:47:00,26.05,26.05,26.06,26.03,37735.0,982820.407
2026-09-01 13:48:00,26.05,25.99,26.09,25.99,102363.0,2665241.5724
2026-09-01 13:49:00,26.0,25.99,26.04,25.99,54363.0,1413141.4784
2026-09-01 13:50:00,25.99,25.99,26.0,25.98,108669.0,2824811.3287
2026-09-01 13:51:00,25.99,25.98,26.0,25.97,68640.0,1783587.1908
2026-09-01 13:52:00,25.98,25.98,26.0,25.97,61860.0,1607598.5676
2026-09-01 13:53:00,25.97,25.99,25.99,25.97,57417.0,1491862.7466
2026-09-01 13:54:00,25.99,25.98,26.0,25.97,72038.0,1871947.478
2026-09-01 13:55:00,25.98,25.98,25.99,25.94,84462.0,2193124.2686
2026-09-01 13:56:00,25.98,25.91,25.98,25.9,63668.0,1650037.0749
2026-09-01 13:57:00,25.9,25.86,25.92,25.85,81057.0,2098721.6104
2026-09-01 13:58:00,25.85,25.86,25.88,25.85,67700.0,1750678.0089
2026-09-01 13:59:00,25.85,25.85,25.86,25.84,56768.0,1467533.1314
2026-09-01 14:00:00,25.85,25.84,25.86,25.84,57065.0,1475154.3026
2026-09-01 14:01:00,25.83,25.76,25.84,25.75,76307.0,1968614.2525
2026-09-01 14:02:00,25.76,25.64,25.76,25.62,100357.0,2579234.5867
2026-09-01 14:03:00,25.64,25.51,25.65,25.5,142800.0,3650392.88
2026-09-01 14:04:00,25.52,25.5,25.84,25.43,279355.0,7138413.1062
2026-09-01 14:05:00,25.5,25.8,25.86,25.5,104326.0,2680412.4156
2026-09-01 14:06:00,25.86,25.87,25.88,25.71,53073.0,1370118.0258
2026-09-01 14:07:00,25.84,25.96,26.0,25.78,129272.0,3354400.2604
2026-09-01 14:08:00,25.97,25.99,26.0,25.96,57223.0,1487101.9884
2026-09-01 14:09:00,25.99,25.97,25.99,25.96,72393.0,1880429.4466
2026-09-01 14:10:00,25.97,25.82,25.97,25.82,31391.0,813968.7977
2026-09-01 14:11:00,25.82,25.63,25.82,25.63,45133.0,1160354.2782
2026-09-01 14:12:00,25.63,25.66,25.72,25.59,104190.0,2671413.8314
2026-09-01 14:13:00,25.64,25.67,25.74,25.62,54510.0,1400659.9402
2026-09-01 14:14:00,25.67,25.67,25.7,25.66,44778.0,1149779.9317
2026-09-01 14:15:00,25.67,25.64,25.68,25.64,66006.0,1693556.698
2026-09-01 14:16:00,25.64,25.6,25.64,25.6,91506.0,2343891.5993
2026-09-01 14:17:00,25.61,25.5,25.61,25.5,73538.0,1878906.3639
2026-09-01 14:18:00,25.5,25.32,25.51,25.32,147800.0,3755453.845
2026-09-01 14:19:00,25.32,25.51,25.51,25.31,143775.0,3650918.1593
2026-09-01 14:20:00,25.5,25.47,25.53,25.45,69460.0,1771463.0727
2026-09-01 14:21:00,25.47,25.48,25.55,25.39,109416.0,2788143.7588
2026-09-01 14:22:00,25.52,25.43,25.58,25.39,85212.0,2170466.7045
2026-09-01 14:23:00,25.45,25.55,25.55,25.42,61556.0,1567889.7573
2026-09-01 14:24:00,25.53,25.5,25.56,25.45,84800.0,2162080.6382
2026-09-01 14:25:00,25.53,25.48,25.56,25.46,91650.0,2336629.7203
2026-09-01 14:26:00,25.5,25.86,25.88,25.5,177661.0,4554909.9385
2026-09-01 14:27:00,25.88,26.0,26.0,25.88,259488.0,6743860.8864
2026-09-01 14:28:00,26.0,26.03,26.03,25.95,131212.0,3412007.01
2026-09-01 14:29:00,26.04,26.1,26.13,26.02,95089.0,2478406.4643
2026-09-01 14:30:00,26.1,26.1,26.15,26.08,63071.0,1646333.2444
2026-09-01 14:31:00,26.08,25.85,26.1,25.85,77561.0,2016027.6317
2026-09-01 14:32:00,25.85,25.64,25.88,25.61,66900.0,1724441.8232
2026-09-01 14:33:00,25.64,25.6,25.66,25.59,65561.0,1678822.0878
2026-09-01 14:34:00,25.6,25.6,25.62,25.58,58901.0,1508141.9723
2026-09-01 14:35:00,25.6,25.59,25.61,25.59,65105.0,1666721.7302
2026-09-01 14:36:00,25.59,25.56,25.6,25.56,85333.0,2183009.9408
2026-09-01 14:37:00,25.57,25.56,25.59,25.56,61588.0,1574718.6578
2026-09-01 14:38:00,25.56,25.54,25.57,25.54,84779.0,2166525.2285
2026-09-01 14:39:00,25.54,25.52,25.55,25.5,74434.0,1899403.1034
2026-09-01 14:40:00,25.51,25.5,25.51,25.5,94394.0,2407183.0001
2026-09-01 14:41:00,25.5,25.41,25.51,25.41,117472.0,2993152.7242
2026-09-01 14:42:00,25.46,25.28,25.47,25.28,171013.0,4333292.0727
2026-09-01 14:43:00,25.28,25.25,25.29,25.24,164733.0,4161360.4003
2026-09-01 14:44:00,25.24,25.18,25.25,25.18,126666.0,3192729.8203
2026-09-01 14:45:00,25.18,25.02,25.19,25.02,211533.0,5304488.2679
2026-09-01 14:46:00,25.02,25.0,25.03,25.0,219015.0,5477303.4348
2026-09-01 14:47:00,25.0,24.99,25.03,24.98,314652.0,7867493.9769
2026-09-01 14:48:00,24.99,24.94,25.0,24.9,136362.0,3402207.5237
2026-09-01 14:49:00,24.95,24.96,24.97,24.92,152125.0,3793890.9154
2026-09-01 14:50:00,24.96,25.0,25.0,24.96,221776.0,5543043.7966
2026-09-01 14:51:00,25.0,25.07,25.08,25.0,182177.0,4560264.7495
2026-09-01 14:52:00,25.07,25.05,25.08,25.03,190096.0,4763145.9781
2026-09-01 14:53:00,25.05,25.12,25.16,25.04,249558.0,6261186.5918
2026-09-01 14:54:00,25.13,25.46,25.46,25.12,127372.0,3213317.9264
2026-09-01 14:55:00,25.43,25.68,25.68,25.43,203591.0,5202286.4348
2026-09-01 14:56:00,25.68,26.0,26.01,25.66,208089.0,5389430.5693
2026-09-01 14:57:00,26.0,26.0,26.11,25.89,493839.0,12846974.778
2026-09-01 15:00:00,26.0,26.0,26.0,26.0,597013.0,15522338.0
2026-09-02 09:31:00,22.88,22.05,23.1,22.0,4321959.0,98610458.8435
2026-09-02 09:32:00,22.0,21.86,22.18,21.59,3336903.0,73023259.2551
2026-09-02 09:33:00,21.86,21.7,22.18,21.69,2036789.0,44608055.19
2026-09-02 09:34:00,21.6,21.83,21.96,21.51,1839160.0,39842263.3661
2026-09-02 09:35:00,21.83,21.33,21.94,21.23,1895213.0,40814947.4186
2026-09-02 09:36:00,21.34,21.5,21.7,21.34,1416239.0,30521609.4122
2026-09-02 09:37:00,21.5,21.5,21.63,21.44,1013669.0,21833008.6228
2026-09-02 09:38:00,21.49,21.7,21.72,21.42,893970.0,19262687.0118
2026-09-02 09:39:00,21.72,21.63,22.05,21.61,794732.0,17391205.5869
2026-09-02 09:40:00,21.63,21.7,21.78,21.5,884819.0,19100257.5569
2026-09-02 09:41:00,21.71,21.58,21.74,21.52,560728.0,12107341.5354
2026-09-02 09:42:00,21.58,21.58,21.8,21.55,732467.0,15867924.3832
2026-09-02 09:43:00,21.58,21.52,21.69,21.5,616532.0,13321554.067
2026-09-02 09:44:00,21.52,21.4,21.59,21.37,825489.0,17712394.6898
2026-09-02 09:45:00,21.4,20.89,21.4,20.8,2149896.0,45337907.0823
2026-09-02 09:46:00,20.91,21.12,21.3,20.85,1055028.0,22251394.1154
2026-09-02 09:47:00,21.12,21.21,21.25,21.05,520182.0,10995825.8836
2026-09-02 09:48:00,21.21,21.26,21.45,21.2,586555.0,12497063.5326
2026-09-02 09:49:00,21.22,21.34,21.34,21.04,538927.0,11385807.7938
2026-09-02 09:50:00,21.34,21.2,21.46,21.12,398116.0,8475169.429
2026-09-02 09:51:00,21.16,21.31,21.32,21.14,329233.0,6993338.0422
2026-09-02 09:52:00,21.3,21.2,21.3,21.16,272967.0,5791993.6917
2026-09-02 09:53:00,21.19,21.21,21.23,21.17,269902.0,5722404.0067
2026-09-02 09:54:00,21.22,21.12,21.23,21.08,479214.0,10136860.4174
2026-09-02 09:55:00,21.13,21.08,21.19,21.02,455342.0,9604692.9271
2026-09-02 09:56:00,21.08,21.12,21.14,21.03,366987.0,7737737.7761
2026-09-02 09:57:00,21.1,20.98,21.12,20.98,730749.0,15372977.9988
2026-09-02 09:58:00,20.98,20.92,21.0,20.68,1057716.0,21997722.5547
2026-09-02 09:59:00,20.88,20.82,20.97,20.7,610940.0,12696120.7493
2026-09-02 10:00:00,20.87,20.86,20.9,20.8,364490.0,7595631.6094
2026-09-02 10:01:00,20.86,20.89,20.93,20.82,302231.0,6306855.8052
2026-09-02 10:02:00,20.89,21.12,21.13,20.88,202116.0,4241480.3544
2026-09-02 10:03:00,21.13,20.91,21.25,20.81,338353.0,7129480.2257
2026-09-02 10:04:00,20.91,21.0,21.0,20.86,199396.0,4172760.0796
2026-09-02 10:05:00,21.0,21.0,21.0,20.85,359508.0,7530059.259
2026-09-02 10:06:00,21.0,21.09,21.1,20.99,165013.0,3474322.2012
2026-09-02 10:07:00,21.09,21.5,21.5,21.08,238625.0,5081917.2681
2026-09-02 10:08:00,21.5,21.27,21.52,21.23,462601.0,9898456.2427
2026-09-02 10:09:00,21.27,21.09,21.3,21.05,165902.0,3511104.8875
2026-09-02 10:10:00,21.09,21.26,21.26,21.06,232176.0,4917179.8523
2026-09-02 10:11:00,21.26,21.32,21.44,21.26,251234.0,5369631.8549
2026-09-02 10:12:00,21.31,21.15,21.32,21.15,177751.0,3773759.678
2026-09-02 10:13:00,21.17,21.1,21.2,21.09,199614.0,4221028.1746
2026-09-02 10:14:00,21.12,20.98,21.14,20.89,402146.0,8445181.519
2026-09-02 10:15:00,20.99,21.18,21.18,20.97,114800.0,2418578.5593
2026-09-02 10:16:00,21.15,21.19,21.2,21.1,231845.0,4902901.5317
2026-09-02 10:17:00,21.19,21.29,21.33,21.17,160400.0,3410898.9071
2026-09-02 10:18:00,21.3,21.31,21.44,21.28,156357.0,3338857.4374
2026-09-02 10:19:00,21.35,21.31,21.4,21.28,152430.0,3253655.4314
2026-09-02 10:20:00,21.31,21.68,21.68,21.31,132869.0,2857049.1104
2026-09-02 10:21:00,21.67,21.64,21.67,21.41,266767.0,5753379.1492
2026-09-02 10:22:00,21.64,21.54,21.65,21.54,155767.0,3363322.1703
2026-09-02 10:23:00,21.55,21.65,21.66,21.5,159084.0,3432074.6826
2026-09-02 10:24:00,21.64,21.4,21.68,21.3,230600.0,4961817.378
2026-09-02 10:25:00,21.44,21.45,21.5,21.4,179977.0,3866226.6195
2026-09-02 10:26:00,21.49,21.36,21.5,21.35,112823.0,2419180.0539
2026-09-02 10:27:00,21.35,21.33,21.36,21.27,149100.0,3177089.4014
2026-09-02 10:28:00,21.33,21.3,21.41,21.28,107600.0,2296147.4979
2026-09-02 10:29:00,21.38,21.26,21.4,21.25,159144.0,3387807.2194
2026-09-02 10:30:00,21.26,21.26,21.27,21.2,115700.0,2457750.5442
2026-09-02 10:31:00,21.26,21.21,21.3,21.2,66800.0,1417983.2779
2026-09-02 10:32:00,21.22,21.25,21.3,21.22,43764.0,930012.6815
2026-09-02 10:33:00,21.24,21.27,21.29,21.23,52968.0,1126032.0404
2026-09-02 10:34:00,21.27,21.27,21.34,21.26,78200.0,1665954.9851
2026-09-02 10:35:00,21.32,21.26,21.36,21.26,82867.0,1765711.8517
2026-09-02 10:36:00,21.31,20.96,21.31,20.9,449791.0,9465542.0989
2026-09-02 10:37:00,20.96,21.1,21.27,20.96,165053.0,3482988.9758
2026-09-02 10:38:00,21.15,21.12,21.15,21.1,69011.0,1458034.1218
2026-09-02 10:39:00,21.11,21.11,21.15,21.1,77500.0,1636689.0126
2026-09-02 10:40:00,21.11,21.06,21.12,21.03,118852.0,2504595.6519
2026-09-02 10:41:00,21.07,21.06,21.07,21.01,106163.0,2234053.5422
2026-09-02 10:42:00,21.06,21.12,21.13,21.05,39154.0,825294.101
2026-09-02 10:43:00,21.12,21.25,21.3,21.11,50400.0,1068515.002
2026-09-02 10:44:00,21.23,21.21,21.29,21.19,55000.0,1167255.9927
2026-09-02 10:45:00,21.21,21.14,21.21,21.1,122900.0,2598009.9878
2026-09-02 10:46:00,21.14,21.18,21.19,21.14,67329.0,1425248.3438
2026-09-02 10:47:00,21.15,21.03,21.18,21.03,173071.0,3651506.8188
2026-09-02 10:48:00,21.05,21.01,21.11,21.0,161763.0,3399073.1511
2026-09-02 10:49:00,21.01,21.01,21.1,21.0,112062.0,2354798.9553
2026-09-02 10:50:00,21.01,20.98,21.05,20.97,204497.0,4295911.0613
2026-09-02 10:51:00,20.97,20.99,21.0,20.93,137881.0,2891103.71
2026-09-02 10:52:00,20.98,20.93,21.0,20.92,149419.0,3132522.2153
2026-09-02 10:53:00,20.91,20.93,20.96,20.91,75868.0,1588043.5562
2026-09-02 10:54:00,20.93,20.98,20.98,20.93,54821.0,1148699.691
2026-09-02 10:55:00,20.98,21.0,21.06,20.98,69500.0,1460082.0038
2026-09-02 10:56:00,21.0,21.0,21.07,20.99,57268.0,1203432.2888
2026-09-02 10:57:00,21.0,21.01,21.07,20.99,54436.0,1144324.2722
2026-09-02 10:58:00,21.05,21.01,21.05,20.99,66000.0,1386887.0011
2026-09-02 10:59:00,21.02,21.02,21.03,21.0,64001.0,1344915.8089
2026-09-02 11:00:00,21.02,21.01,21.08,21.01,58667.0,1234029.0001
2026-09-02 11:01:00,21.02,21.02,21.03,20.98,139100.0,2920743.295
2026-09-02 11:02:00,21.01,20.95,21.03,20.9,174811.0,3663175.8127
2026-09-02 11:03:00,20.95,20.93,20.95,20.91,89767.0,1878030.6407
2026-09-02 11:04:00,20.92,20.9,20.96,20.9,174483.0,3648747.3605
2026-09-02 11:05:00,20.9,20.92,20.92,20.88,91800.0,1917752.9882
2026-09-02 11:06:00,20.9,20.94,20.97,20.89,35083.0,734049.8996
2026-09-02 11:07:00,20.96,20.97,21.0,20.96,36103.0,757440.9367
2026-09-02 11:08:00,20.99,20.99,21.0,20.96,55968.0,1174540.2783
2026-09-02 11:09:00,20.99,20.99,21.0,20.96,47600.0,998704.3121
2026-09-02 11:10:00,20.98,20.96,20.99,20.95,44200.0,926638.3154
2026-09-02 11:11:00,20.97,20.98,20.98,20.96,52200.0,1094332.9648
2026-09-02 11:12:00,20.98,20.91,20.98,20.91,104032.0,2177537.7393
2026-09-02 11:13:00,20.93,20.82,20.93,20.79,341064.0,7103738.2057
2026-09-02 11:14:00,20.82,20.85,20.85,20.8,77767.0,1619314.9318
2026-09-02 11:15:00,20.83,20.84,20.85,20.81,60200.0,1253827.3306
2026-09-02 11:16:00,20.84,20.91,20.92,20.84,29240.0,610556.9945
2026-09-02 11:17:00,20.91,20.84,20.92,20.84,89860.0,1875410.6784
2026-09-02 11:18:00,20.85,20.84,20.88,20.82,108500.0,2260859.9994
2026-09-02 11:19:00,20.84,20.81,20.84,20.8,115200.0,2398416.9171
2026-09-02 11:20:00,20.82,20.72,20.82,20.7,310165.0,6436354.2485
2026-09-02 11:21:00,20.73,20.77,20.79,20.69,117160.0,2427785.6353
2026-09-02 11:22:00,20.76,20.78,20.8,20.75,98357.0,2042737.7524
2026-09-02 11:23:00,20.78,20.83,20.85,20.77,81924.0,1703575.8231
2026-09-02 11:24:00,20.85,20.86,20.9,20.81,72575.0,1513294.6796
2026-09-02 11:25:00,20.86,20.92,20.95,20.85,53695.0,1122099.7302
2026-09-02 11:26:00,20.93,21.03,21.12,20.93,158135.0,3328023.6501
2026-09-02 11:27:00,21.02,20.98,21.1,20.95,91500.0,1923167.9961
2026-09-02 11:28:00,20.99,21.0,21.06,20.96,79500.0,1668298.9819
2026-09-02 11:29:00,21.0,21.01,21.06,20.99,60700.0,1275574.0
2026-09-02 11:30:00,21.0,20.9,21.02,20.9,152800.0,3202029.7967
2026-09-02 13:01:00,20.9,20.82,20.91,20.8,308600.0,6440924.3895
2026-09-02 13:02:00,20.82,20.82,20.88,20.82,57300.0,1194721.9976
2026-09-02 13:03:00,20.82,20.82,20.84,20.8,46141.0,960409.5945
2026-09-02 13:04:00,20.83,20.85,20.88,20.82,77300.0,1611931.0005
2026-09-02 13:05:00,20.84,20.84,20.85,20.82,67900.0,1414537.9379
2026-09-02 13:06:00,20.84,20.68,20.84,20.68,234422.0,4859488.3009
2026-09-02 13:07:00,20.68,20.47,20.71,20.47,323026.0,6643499.6956
2026-09-02 13:08:00,20.48,20.6,20.62,20.33,342822.0,7023894.901
2026-09-02 13:09:00,20.63,20.64,20.73,20.6,106504.0,2198295.5251
2026-09-02 13:10:00,20.65,20.52,20.65,20.52,127300.0,2620919.723
2026-09-02 13:11:00,20.51,20.5,20.52,20.4,240100.0,4913357.3147
2026-09-02 13:12:00,20.48,20.48,20.5,20.46,115412.0,2362887.0294
2026-09-02 13:13:00,20.48,20.6,20.6,20.48,78772.0,1616191.2737
2026-09-02 13:14:00,20.6,20.59,20.7,20.57,85672.0,1768144.9601
2026-09-02 13:15:00,20.59,20.53,20.6,20.52,81407.0,1673530.1561
2026-09-02 13:16:00,20.53,20.47,20.54,20.47,127913.0,2621987.4638
2026-09-02 13:17:00,20.47,20.51,20.52,20.46,93377.0,1913068.3771
2026-09-02 13:18:00,20.52,20.6,20.65,20.51,53015.0,1089328.6513
2026-09-02 13:19:00,20.6,20.5,20.63,20.5,102585.0,2109348.3379
2026-09-02 13:20:00,20.5,20.49,20.52,20.48,107615.0,2205636.1854
2026-09-02 13:21:00,20.48,20.33,20.48,20.33,228842.0,4666935.0027
2026-09-02 13:22:00,20.34,20.41,20.43,20.33,103094.0,2099852.9047
2026-09-02 13:23:00,20.41,20.36,20.41,20.33,158406.0,3226220.2687
2026-09-02 13:24:00,20.35,20.3,20.37,20.27,371643.0,7549454.9063
2026-09-02 13:25:00,20.31,20.37,20.43,20.3,195703.0,3986571.9396
2026-09-02 13:26:00,20.42,20.42,20.5,20.38,54301.0,1110759.6797
2026-09-02 13:27:00,20.43,20.5,20.5,20.42,92078.0,1883650.6641
2026-09-02 13:28:00,20.47,20.54,20.58,20.46,61818.0,1269721.3413
2026-09-02 13:29:00,20.56,20.67,20.69,20.54,72704.0,1498557.3208
2026-09-02 13:30:00,20.67,20.67,20.69,20.54,79700.0,1644463.8428
2026-09-02 13:31:00,20.67,20.66,20.77,20.66,55000.0,1139078.297
2026-09-02 13:32:00,20.66,20.63,20.7,20.51,69300.0,1426767.9971
2026-09-02 13:33:00,20.63,20.55,20.64,20.53,43800.0,901662.9961
2026-09-02 13:34:00,20.53,20.51,20.56,20.51,58300.0,1197104.0024
2026-09-02 13:35:00,20.53,20.41,20.53,20.4,62549.0,1280532.4995
2026-09-02 13:36:00,20.41,20.46,20.48,20.39,71900.0,1467853.9893
2026-09-02 13:37:00,20.46,20.51,20.53,20.44,51555.0,1055820.6121
2026-09-02 13:38:00,20.51,20.46,20.53,20.44,69849.0,1431055.9836
2026-09-02 13:39:00,20.44,20.28,20.44,20.28,173065.0,3520507.9468
2026-09-02 13:40:00,20.3,20.29,20.31,20.25,216335.0,4387305.3262
2026-09-02 13:41:00,20.29,20.4,20.4,20.27,112434.0,2283584.5717
2026-09-02 13:42:00,20.4,20.41,20.42,20.36,38100.0,777013.6196
2026-09-02 13:43:00,20.41,20.4,20.41,20.39,76716.0,1565026.3996
2026-09-02 13:44:00,20.4,20.42,20.43,20.4,97968.0,2000147.8793
2026-09-02 13:45:00,20.43,20.49,20.5,20.42,33868.0,692926.2372
2026-09-02 13:46:00,20.49,20.44,20.5,20.44,94100.0,1925527.9469
2026-09-02 13:47:00,20.44,20.43,20.44,20.42,46500.0,949866.0
2026-09-02 13:48:00,20.43,20.44,20.45,20.42,62687.0,1280731.9803
2026-09-02 13:49:00,20.44,20.44,20.47,20.44,68200.0,1394790.0112
2026-09-02 13:50:00,20.44,20.44,20.46,20.43,74128.0,1515798.2236
2026-09-02 13:51:00,20.45,20.35,20.45,20.35,123969.0,2529725.556
2026-09-02 13:52:00,20.36,20.29,20.36,20.27,108200.0,2196145.0141
2026-09-02 13:53:00,20.3,20.33,20.34,20.28,64004.0,1299315.5106
2026-09-02 13:54:00,20.34,20.41,20.42,20.33,78500.0,1599505.0104
2026-09-02 13:55:00,20.41,20.41,20.43,20.38,46388.0,946643.4371
2026-09-02 13:56:00,20.4,20.32,20.41,20.32,40812.0,831311.5514
2026-09-02 13:57:00,20.33,20.39,20.42,20.3,153115.0,3116096.6396
2026-09-02 13:58:00,20.4,20.42,20.43,20.33,89568.0,1825813.8298
2026-09-02 13:59:00,20.42,20.41,20.45,20.38,79449.0,1621696.5923
2026-09-02 14:00:00,20.4,20.45,20.46,20.4,73100.0,1492827.0015
2026-09-02 14:01:00,20.43,20.41,20.46,20.4,93600.0,1911479.9067
2026-09-02 14:02:00,20.4,20.34,20.41,20.33,77100.0,1570085.0
2026-09-02 14:03:00,20.34,20.2,20.35,20.12,423697.0,8578455.6906
2026-09-02 14:04:00,20.2,20.3,20.3,20.15,102705.0,2080146.4569
2026-09-02 14:05:00,20.3,20.3,20.33,20.28,78957.0,1603323.9553
2026-09-02 14:06:00,20.31,20.3,20.32,20.28,92400.0,1875881.9899
2026-09-02 14:07:00,20.3,20.23,20.3,20.23,139743.0,2834451.1195
2026-09-02 14:08:00,20.23,20.18,20.26,20.12,166595.0,3365453.3549
2026-09-02 14:09:00,20.17,20.21,20.25,20.13,160700.0,3242695.0027
2026-09-02 14:10:00,20.2,20.2,20.24,20.2,95300.0,1926174.9734
2026-09-02 14:11:00,20.2,20.19,20.21,20.18,80800.0,1631173.0042
2026-09-02 14:12:00,20.18,20.21,20.25,20.18,120290.0,2430161.0096
2026-09-02 14:13:00,20.21,20.22,20.24,20.2,47200.0,954298.9874
2026-09-02 14:14:00,20.22,20.25,20.25,20.21,100000.0,2022575.9811
2026-09-02 14:15:00,20.24,20.3,20.31,20.22,60808.0,1232613.8426
2026-09-02 14:16:00,20.31,20.36,20.39,20.3,98600.0,2006741.296
2026-09-02 14:17:00,20.36,20.27,20.38,20.25,60100.0,1221170.9418
2026-09-02 14:18:00,20.29,20.25,20.31,20.2,96689.0,1955852.6854
2026-09-02 14:19:00,20.25,20.26,20.26,20.22,59204.0,1197979.0149
2026-09-02 14:20:00,20.27,20.54,20.55,20.26,206705.0,4220540.4602
2026-09-02 14:21:00,20.55,20.8,20.89,20.55,246300.0,5117785.1934
2026-09-02 14:22:00,20.79,20.77,20.79,20.55,230867.0,4773487.2206
2026-09-02 14:23:00,20.77,20.66,20.85,20.46,225733.0,4668855.266
2026-09-02 14:24:00,20.66,20.55,20.69,20.51,134700.0,2775067.9997
2026-09-02 14:25:00,20.55,20.49,20.6,20.43,144900.0,2966925.9956
2026-09-02 14:26:00,20.49,20.56,20.71,20.48,120200.0,2478426.001
2026-09-02 14:27:00,20.52,20.45,20.58,20.4,125446.0,2568127.3198
2026-09-02 14:28:00,20.47,20.35,20.48,20.31,157554.0,3210581.9194
2026-09-02 14:29:00,20.35,20.37,20.44,20.35,95467.0,1948165.1198
2026-09-02 14:30:00,20.37,20.37,20.37,20.31,92133.0,1874306.225
2026-09-02 14:31:00,20.36,20.43,20.43,20.36,128535.0,2620069.611
2026-09-02 14:32:00,20.43,20.43,20.51,20.4,130300.0,2665881.0105
2026-09-02 14:33:00,20.43,20.25,20.45,20.24,196769.0,3998421.7641
2026-09-02 14:34:00,20.25,20.3,20.32,20.24,113400.0,2297962.728
2026-09-02 14:35:00,20.3,20.35,20.37,20.3,78691.0,1600291.3009
2026-09-02 14:36:00,20.35,20.3,20.35,20.28,183100.0,3719364.9513
2026-09-02 14:37:00,20.3,20.19,20.3,20.19,262519.0,5310375.5955
2026-09-02 14:38:00,20.19,20.2,20.23,20.17,173214.0,3497448.8556
2026-09-02 14:39:00,20.21,20.27,20.27,20.2,124800.0,2526858.998
2026-09-02 14:40:00,20.26,20.24,20.28,20.24,84700.0,1716552.0076
2026-09-02 14:41:00,20.24,20.17,20.25,20.17,240380.0,4857834.0064
2026-09-02 14:42:00,20.17,20.08,20.17,20.02,435608.0,8753540.0754
2026-09-02 14:43:00,20.08,20.05,20.08,20.05,214480.0,4303723.0045
2026-09-02 14:44:00,20.06,20.01,20.06,20.01,358437.0,7179141.588
2026-09-02 14:45:00,20.01,20.17,20.17,20.0,496648.0,9942275.8245
2026-09-02 14:46:00,20.23,20.19,20.28,20.11,110443.0,2230037.0196
2026-09-02 14:47:00,20.2,20.07,20.2,20.03,235546.0,4737512.2607
2026-09-02 14:48:00,20.05,20.1,20.16,20.05,161968.0,3256531.437
2026-09-02 14:49:00,20.1,20.15,20.18,20.1,171346.0,3453387.0526
2026-09-02 14:50:00,20.15,20.11,20.15,20.09,169960.0,3418132.4375
2026-09-02 14:51:00,20.1,20.08,20.11,20.06,222567.0,4471840.8283
2026-09-02 14:52:00,20.06,20.04,20.1,20.02,261404.0,5244115.3584
2026-09-02 14:53:00,20.04,19.91,20.05,19.88,851557.0,17008405.4232
2026-09-02 14:54:00,19.9,20.0,20.05,19.9,473178.0,9463476.2376
2026-09-02 14:55:00,20.0,20.01,20.02,19.98,419725.0,8396646.2355
2026-09-02 14:56:00,20.01,19.99,20.02,19.98,408242.0,8164264.9367
2026-09-02 14:57:00,19.99,20.05,20.06,19.98,683670.0,13683265.6968
2026-09-02 15:00:00,20.02,20.02,20.02,20.02,762227.0,15259784.5837
2026-09-03 09:31:00,19.07,19.2,19.47,19.06,3231905.0,61880231.254
2026-09-03 09:32:00,19.21,19.35,19.7,19.21,934781.0,18209347.5508
2026-09-03 09:33:00,19.35,19.55,19.75,19.3,1241106.0,24282069.953
2026-09-03 09:34:00,19.55,19.65,19.71,19.4,591869.0,11565482.3279
2026-09-03 09:35:00,19.71,19.59,19.73,19.45,496000.0,9715719.9567
2026-09-03 09:36:00,19.59,19.32,19.65,19.3,491183.0,9568478.1194
2026-09-03 09:37:00,19.33,19.41,19.51,19.32,464133.0,9021520.7482
2026-09-03 09:38:00,19.41,19.16,19.44,19.16,969800.0,18718958.9511
2026-09-03 09:39:00,19.18,19.34,19.35,19.11,662148.0,12699668.02
2026-09-03 09:40:00,19.35,19.1,19.35,19.09,745471.0,14276619.9328
2026-09-03 09:41:00,19.09,19.1,19.2,19.08,637315.0,12183848.7645
2026-09-03 09:42:00,19.1,18.9,19.11,18.88,930018.0,17708550.1422
2026-09-03 09:43:00,18.88,18.67,18.9,18.62,1338757.0,25040749.4127
2026-09-03 09:44:00,18.67,18.8,18.92,18.66,788778.0,14837387.0879
2026-09-03 09:45:00,18.72,18.9,18.9,18.7,477148.0,8951222.6682
2026-09-03 09:46:00,18.9,18.89,19.02,18.86,587160.0,11112468.3801
2026-09-03 09:47:00,18.89,19.02,19.04,18.88,313635.0,5933491.2178
2026-09-03 09:48:00,19.04,19.07,19.1,19.02,295008.0,5623898.5507
2026-09-03 09:49:00,19.08,18.94,19.08,18.89,238911.0,4531272.4354
2026-09-03 09:50:00,18.94,19.09,19.09,18.91,261270.0,4959717.6566
2026-09-03 09:51:00,19.08,19.13,19.18,19.08,265335.0,5077943.3017
2026-09-03 09:52:00,19.12,18.93,19.13,18.92,176800.0,3364920.0059
2026-09-03 09:53:00,18.93,19.13,19.13,18.92,140133.0,2666541.3994
2026-09-03 09:54:00,19.13,19.34,19.35,19.13,288008.0,5537019.3782
2026-09-03 09:55:00,19.34,19.36,19.47,19.33,298090.0,5783650.6439
2026-09-03 09:56:00,19.37,19.1,19.39,19.1,353000.0,6783802.9694
2026-09-03 09:57:00,19.1,19.26,19.3,19.08,112067.0,2146269.3479
2026-09-03 09:58:00,19.3,19.26,19.32,19.25,140700.0,2713976.015
2026-09-03 09:59:00,19.26,19.18,19.28,19.11,171800.0,3296506.9838
2026-09-03 10:00:00,19.18,19.27,19.27,19.13,82000.0,1575383.0006
2026-09-03 10:01:00,19.26,19.08,19.28,19.08,186300.0,3574393.9874
2026-09-03 10:02:00,19.08,18.97,19.09,18.96,161263.0,3066333.4712
2026-09-03 10:03:00,18.97,19.14,19.18,18.96,223525.0,4263481.1726
2026-09-03 10:04:00,19.14,19.01,19.15,19.0,89164.0,1701050.9557
2026-09-03 10:05:00,19.01,19.05,19.06,19.01,105300.0,2005266.9778
2026-09-03 10:06:00,19.05,19.08,19.08,19.03,123759.0,2358524.3773
2026-09-03 10:07:00,19.08,19.11,19.14,19.06,79300.0,1514502.6226
2026-09-03 10:08:00,19.11,19.3,19.34,19.1,187792.0,3610895.6088
2026-09-03 10:09:00,19.31,19.22,19.38,19.22,187524.0,3622138.0007
2026-09-03 10:10:00,19.22,19.26,19.35,19.21,105198.0,2026895.2959
2026-09-03 10:11:00,19.29,19.29,19.3,19.26,83100.0,1602520.0226
2026-09-03 10:12:00,19.28,19.25,19.3,19.25,92900.0,1790737.1407
2026-09-03 10:13:00,19.26,19.4,19.4,19.25,211680.0,4091937.1476
2026-09-03 10:14:00,19.41,19.66,19.68,19.4,354489.0,6924196.6945
2026-09-03 10:15:00,19.67,19.66,19.68,19.43,393900.0,7722748.905
2026-09-03 10:16:00,19.66,20.02,20.02,19.66,590338.0,11733564.7837
2026-09-03 10:17:00,20.02,20.18,20.19,19.8,697917.0,14009925.7018
2026-09-03 10:18:00,20.18,20.31,20.38,20.05,868778.0,17580927.1147
2026-09-03 10:19:00,20.3,20.14,20.34,20.08,514740.0,10414714.399
2026-09-03 10:20:00,20.14,20.4,20.4,20.11,337978.0,6840352.3427
2026-09-03 10:21:00,20.39,20.19,20.47,20.18,598300.0,12171534.478
2026-09-03 10:22:00,20.18,20.28,20.43,20.18,387600.0,7881992.2166
2026-09-03 10:23:00,20.28,20.18,20.3,20.17,335367.0,6787799.9712
2026-09-03 10:24:00,20.19,20.01,20.19,19.99,226800.0,4550715.0077
2026-09-03 10:25:00,20.0,20.08,20.26,20.0,147400.0,2967121.7118
2026-09-03 10:26:00,20.07,20.2,20.2,20.05,90988.0,1829688.1605
2026-09-03 10:27:00,20.2,20.1,20.32,20.07,209374.0,4229116.7136
2026-09-03 10:28:00,20.11,20.21,20.25,20.1,134716.0,2722470.0453
2026-09-03 10:29:00,20.24,20.1,20.24,20.1,237310.0,4776862.0743
2026-09-03 10:30:00,20.12,20.08,20.12,20.04,113868.0,2286626.164
2026-09-03 10:31:00,20.09,19.9,20.11,19.86,191244.0,3828850.1529
2026-09-03 10:32:00,19.87,19.94,19.97,19.8,103556.0,2054709.4027
2026-09-03 10:33:00,19.94,20.05,20.05,19.94,116072.0,2319677.8356
2026-09-03 10:34:00,20.04,19.87,20.04,19.82,102128.0,2032488.6089
2026-09-03 10:35:00,19.87,19.82,19.96,19.81,87800.0,1743409.9874
2026-09-03 10:36:00,19.83,19.74,19.88,19.74,100500.0,1991117.0102
2026-09-03 10:37:00,19.74,19.64,19.74,19.58,193667.0,3802623.5298
2026-09-03 10:38:00,19.68,19.77,19.9,19.68,79800.0,1582211.5073
2026-09-03 10:39:00,19.77,19.76,19.84,19.75,61600.0,1217449.001
2026-09-03 10:40:00,19.76,19.63,19.77,19.6,104100.0,2048541.0059
2026-09-03 10:41:00,19.64,19.7,19.7,19.62,71700.0,1409555.0035
2026-09-03 10:42:00,19.7,19.71,19.76,19.7,80900.0,1596483.9895
2026-09-03 10:43:00,19.72,19.62,19.72,19.62,87600.0,1722572.9891
2026-09-03 10:44:00,19.61,19.53,19.62,19.53,155800.0,3050581.7412
2026-09-03 10:45:00,19.53,19.6,19.63,19.52,73235.0,1431775.2181
2026-09-03 10:46:00,19.6,19.68,19.69,19.6,46800.0,920190.9987
2026-09-03 10:47:00,19.66,19.6,19.68,19.58,77200.0,1515088.3074
2026-09-03 10:48:00,19.58,19.55,19.6,19.53,125000.0,2445975.9489
2026-09-03 10:49:00,19.55,19.51,19.55,19.51,116265.0,2270097.8213
2026-09-03 10:50:00,19.5,19.43,19.51,19.42,206500.0,4016506.5898
2026-09-03 10:51:00,19.46,19.52,19.52,19.41,101604.0,1976431.4327
2026-09-03 10:52:00,19.52,19.4,19.52,19.4,90596.0,1761856.5555
2026-09-03 10:53:00,19.4,19.29,19.4,19.28,201300.0,3891581.9509
2026-09-03 10:54:00,19.28,19.37,19.4,19.28,71476.0,1382195.0331
2026-09-03 10:55:00,19.38,19.45,19.45,19.37,79200.0,1537063.9978
2026-09-03 10:56:00,19.46,19.44,19.5,19.41,71000.0,1381393.994
2026-09-03 10:57:00,19.43,19.38,19.44,19.35,56800.0,1100874.0134
2026-09-03 10:58:00,19.38,19.28,19.4,19.28,87400.0,1690813.0035
2026-09-03 10:59:00,19.3,19.25,19.31,19.2,178102.0,3425001.4163
2026-09-03 11:00:00,19.26,19.32,19.36,19.25,33800.0,651787.9977
2026-09-03 11:01:00,19.32,19.26,19.35,19.24,75100.0,1447841.2775
2026-09-03 11:02:00,19.25,19.24,19.28,19.23,86600.0,1666709.3235
2026-09-03 11:03:00,19.23,19.19,19.24,19.18,139800.0,2686241.9866
2026-09-03 11:04:00,19.19,19.25,19.25,19.14,121754.0,2336703.2588
2026-09-03 11:05:00,19.25,19.29,19.36,19.25,71472.0,1380944.591
2026-09-03 11:06:00,19.29,19.35,19.36,19.27,69520.0,1343417.3489
2026-09-03 11:07:00,19.36,19.37,19.4,19.36,39100.0,757788.9945
2026-09-03 11:08:00,19.37,19.31,19.37,19.29,55800.0,1078498.9989
2026-09-03 11:09:00,19.3,19.31,19.31,19.29,51800.0,999683.9991
2026-09-03 11:10:00,19.3,19.45,19.46,19.3,55898.0,1083049.2379
2026-09-03 11:11:00,19.46,19.35,19.53,19.34,64700.0,1258746.9957
2026-09-03 11:12:00,19.4,19.37,19.46,19.34,70200.0,1361576.2704
2026-09-03 11:13:00,19.34,19.4,19.43,19.32,61000.0,1181283.9918
2026-09-03 11:14:00,19.4,19.37,19.42,19.33,58872.0,1140965.4887
2026-09-03 11:15:00,19.37,19.27,19.38,19.27,116960.0,2258794.909
2026-09-03 11:16:00,19.27,19.21,19.28,19.19,89272.0,1716418.5842
2026-09-03 11:17:00,19.21,19.27,19.3,19.2,41967.0,807577.2077
2026-09-03 11:18:00,19.28,19.26,19.32,19.26,100200.0,1931012.0012
2026-09-03 11:19:00,19.26,19.18,19.28,19.18,132180.0,2541175.9283
2026-09-03 11:20:00,19.18,19.09,19.19,19.05,203165.0,3878753.2119
2026-09-03 11:21:00,19.11,19.18,19.18,19.08,45913.0,878384.1579
2026-09-03 11:22:00,19.16,19.19,19.22,19.15,62200.0,1193826.6765
2026-09-03 11:23:00,19.19,19.16,19.2,19.15,91867.0,1760572.0527
2026-09-03 11:24:00,19.16,19.36,19.36,19.15,103304.0,1985149.1034
2026-09-03 11:25:00,19.36,19.3,19.45,19.3,110200.0,2135339.9912
2026-09-03 11:26:00,19.31,19.32,19.42,19.3,52500.0,1016075.9988
2026-09-03 11:27:00,19.32,19.33,19.41,19.31,56300.0,1091128.0002
2026-09-03 11:28:00,19.33,19.24,19.33,19.2,61200.0,1180919.9685
2026-09-03 11:29:00,19.22,19.16,19.25,19.16,77532.0,1489351.3867
2026-09-03 11:30:00,19.16,19.21,19.21,19.15,42768.0,820320.8662
2026-09-03 13:01:00,19.2,19.19,19.29,19.19,115303.0,2215193.1937
2026-09-03 13:02:00,19.2,19.11,19.2,19.1,82329.0,1575562.8522
2026-09-03 13:03:00,19.12,19.13,19.19,19.11,24300.0,464978.0011
2026-09-03 13:04:00,19.13,19.13,19.16,19.12,22300.0,426657.9835
2026-09-03 13:05:00,19.15,19.15,19.16,19.12,46336.0,886780.9877
2026-09-03 13:06:00,19.14,19.2,19.26,19.14,29936.0,574794.4042
2026-09-03 13:07:00,19.25,19.16,19.26,19.16,30000.0,575821.6325
2026-09-03 13:08:00,19.16,19.11,19.17,19.11,134132.0,2566505.3485
2026-09-03 13:09:00,19.11,19.12,19.14,19.11,47168.0,902029.16
2026-09-03 13:10:00,19.13,19.13,19.14,19.11,58847.0,1125296.5185
2026-09-03 13:11:00,19.13,19.18,19.18,19.13,23636.0,452599.0363
2026-09-03 13:12:00,19.18,19.26,19.29,19.17,37003.0,711088.5676
2026-09-03 13:13:00,19.27,19.36,19.41,19.27,69956.0,1353690.097
2026-09-03 13:14:00,19.36,19.43,19.43,19.29,143000.0,2769849.4986
2026-09-03 13:15:00,19.43,19.64,19.8,19.42,261400.0,5145894.0323
2026-09-03 13:16:00,19.68,19.62,19.72,19.59,115500.0,2266864.0354
2026-09-03 13:17:00,19.62,19.61,20.0,19.6,273059.0,5413592.2057
2026-09-03 13:18:00,19.81,19.77,19.84,19.64,113000.0,2233154.0011
2026-09-03 13:19:00,19.75,19.68,19.78,19.64,93800.0,1847153.0011
2026-09-03 13:20:00,19.65,19.48,19.73,19.48,68600.0,1343470.9951
2026-09-03 13:21:00,19.49,19.45,19.49,19.42,58000.0,1128535.9607
2026-09-03 13:22:00,19.45,19.36,19.48,19.36,66200.0,1285749.9807
2026-09-03 13:23:00,19.38,19.45,19.45,19.36,55200.0,1071534.9971
2026-09-03 13:24:00,19.46,19.45,19.49,19.43,58800.0,1144496.9977
2026-09-03 13:25:00,19.43,19.28,19.47,19.28,117000.0,2267880.004
2026-09-03 13:26:00,19.28,19.31,19.34,19.28,37500.0,723746.9895
2026-09-03 13:27:00,19.34,19.35,19.39,19.34,45336.0,877491.6106
2026-09-03 13:28:00,19.35,19.23,19.35,19.2,64364.0,1238988.3997
2026-09-03 13:29:00,19.22,19.31,19.36,19.21,69500.0,1338101.9863
2026-09-03 13:30:00,19.3,19.37,19.37,19.28,45200.0,874047.9977
2026-09-03 13:31:00,19.37,19.25,19.38,19.23,71268.0,1375378.002
2026-09-03 13:32:00,19.26,19.26,19.26,19.23,36200.0,696895.0
2026-09-03 13:33:00,19.26,19.33,19.34,19.25,25700.0,495799.0005
2026-09-03 13:34:00,19.33,19.28,19.36,19.28,69300.0,1338674.9985
2026-09-03 13:35:00,19.28,19.26,19.29,19.26,39000.0,751717.0039
2026-09-03 13:36:00,19.27,19.25,19.34,19.25,50800.0,978611.0004
2026-09-03 13:37:00,19.26,19.25,19.28,19.24,29900.0,575963.6425
2026-09-03 13:38:00,19.27,19.25,19.27,19.24,87100.0,1677072.962
2026-09-03 13:39:00,19.25,19.26,19.27,19.25,26800.0,516175.0
2026-09-03 13:40:00,19.26,19.26,19.27,19.25,42800.0,824219.0027
2026-09-03 13:41:00,19.26,19.16,19.27,19.15,131732.0,2529303.6788
2026-09-03 13:42:00,19.16,19.11,19.17,19.11,100300.0,1919513.0065
2026-09-03 13:43:00,19.11,19.16,19.16,19.11,50968.0,975502.5089
2026-09-03 13:44:00,19.15,19.2,19.21,19.15,79700.0,1527329.0034
2026-09-03 13:45:00,19.2,19.21,19.21,19.19,26000.0,499269.9961
2026-09-03 13:46:00,19.2,19.17,19.22,19.17,49700.0,954216.9926
2026-09-03 13:47:00,19.17,19.2,19.2,19.17,31500.0,604528.007
2026-09-03 13:48:00,19.2,19.17,19.2,19.17,97900.0,1878852.0238
2026-09-03 13:49:00,19.18,19.2,19.2,19.17,35800.0,687170.0009
2026-09-03 13:50:00,19.19,19.22,19.22,19.19,31200.0,599169.9977
2026-09-03 13:51:00,19.22,19.18,19.22,19.16,84000.0,1612222.9728
2026-09-03 13:52:00,19.16,19.15,19.17,19.14,88356.0,1692338.3918
2026-09-03 13:53:00,19.15,19.14,19.16,19.13,50510.0,966903.5929
2026-09-03 13:54:00,19.14,19.13,19.15,19.13,95800.0,1833355.9614
2026-09-03 13:55:00,19.13,19.13,19.14,19.12,107600.0,2057860.0012
2026-09-03 13:56:00,19.13,19.16,19.16,19.12,75700.0,1448300.9688
2026-09-03 13:57:00,19.14,19.11,19.18,19.11,170800.0,3267141.0602
2026-09-03 13:58:00,19.11,19.06,19.13,19.03,330996.0,6319610.3886
2026-09-03 13:59:00,19.06,19.04,19.06,18.94,325058.0,6173821.4094
2026-09-03 14:00:00,19.04,18.99,19.05,18.97,109233.0,2076646.6799
2026-09-03 14:01:00,18.99,18.99,19.03,18.98,152700.0,2901231.9094
2026-09-03 14:02:00,19.0,19.0,19.01,18.98,118765.0,2255748.7308
2026-09-03 14:03:00,19.0,19.11,19.11,18.99,87600.0,1665984.0037
2026-09-03 14:04:00,19.1,19.18,19.24,19.1,48300.0,926816.0063
2026-09-03 14:05:00,19.18,19.05,19.19,19.05,79300.0,1515222.0088
2026-09-03 14:06:00,19.05,19.11,19.12,19.05,58200.0,1110301.9941
2026-09-03 14:07:00,19.1,19.06,19.11,19.06,97900.0,1867144.0
2026-09-03 14:08:00,19.06,19.03,19.07,19.03,163500.0,3115654.9796
2026-09-03 14:09:00,19.03,19.04,19.05,19.02,75500.0,1436732.0233
2026-09-03 14:10:00,19.04,19.01,19.04,19.0,202200.0,3845308.0963
2026-09-03 14:11:00,19.01,18.98,19.02,18.96,190200.0,3610972.3531
2026-09-03 14:12:00,18.97,19.02,19.05,18.97,97600.0,1855302.0034
2026-09-03 14:13:00,19.02,19.0,19.02,18.99,73100.0,1389102.0
2026-09-03 14:14:00,19.0,18.9,19.0,18.88,272167.0,5150934.9291
2026-09-03 14:15:00,18.89,19.02,19.05,18.89,220843.0,4185833.3059
2026-09-03 14:16:00,19.02,18.95,19.05,18.91,84657.0,1606936.6281
2026-09-03 14:17:00,18.95,19.0,19.02,18.93,142100.0,2698635.6581
2026-09-03 14:18:00,18.98,18.94,18.99,18.93,79600.0,1507796.0044
2026-09-03 14:19:00,18.94,19.01,19.01,18.92,153847.0,2916528.9216
2026-09-03 14:20:00,19.01,18.95,19.02,18.95,69853.0,1326144.9844
2026-09-03 14:21:00,18.95,18.97,18.97,18.95,56000.0,1061828.965
2026-09-03 14:22:00,18.97,18.96,18.98,18.96,62600.0,1187694.9797
2026-09-03 14:23:00,18.97,18.97,18.98,18.96,46000.0,872577.9814
2026-09-03 14:24:00,18.97,18.97,18.98,18.96,91668.0,1739350.3334
2026-09-03 14:25:00,18.97,18.93,18.98,18.93,143473.0,2719792.4293
2026-09-03 14:26:00,18.94,18.92,18.94,18.91,108159.0,2046818.4602
2026-09-03 14:27:00,18.91,18.92,18.92,18.9,97784.0,1849143.5893
2026-09-03 14:28:00,18.92,18.93,18.93,18.91,76900.0,1454594.0
2026-09-03 14:29:00,18.93,18.95,18.96,18.91,75341.0,1426589.5477
2026-09-03 14:30:00,18.95,18.93,18.96,18.93,69600.0,1318703.6816
2026-09-03 14:31:00,18.94,18.89,18.94,18.89,203216.0,3842464.3872
2026-09-03 14:32:00,18.89,18.79,18.89,18.78,354136.0,6670393.4533
2026-09-03 14:33:00,18.79,18.82,18.85,18.77,196497.0,3692782.5507
2026-09-03 14:34:00,18.81,18.76,18.82,18.73,462739.0,8685154.6723
2026-09-03 14:35:00,18.76,18.75,18.77,18.74,265698.0,4981717.378
2026-09-03 14:36:00,18.75,18.75,18.76,18.74,124000.0,2324998.3279
2026-09-03 14:37:00,18.75,18.76,18.77,18.74,161164.0,3021864.0023
2026-09-03 14:38:00,18.77,18.84,18.84,18.75,97909.0,1838433.6239
2026-09-03 14:39:00,18.84,18.75,18.89,18.75,215407.0,4055051.3233
2026-09-03 14:40:00,18.76,18.82,18.82,18.75,100214.0,1882371.4969
2026-09-03 14:41:00,18.81,18.75,18.82,18.75,112600.0,2114944.0044
2026-09-03 14:42:00,18.75,18.77,18.79,18.75,156685.0,2939496.7589
2026-09-03 14:43:00,18.76,18.73,18.78,18.72,259271.0,4859883.1155
2026-09-03 14:44:00,18.72,18.67,18.73,18.67,371000.0,6935211.9798
2026-09-03 14:45:00,18.67,18.71,18.71,18.67,193901.0,3624873.3579
2026-09-03 14:46:00,18.71,18.69,18.72,18.69,174099.0,3256809.2462
2026-09-03 14:47:00,18.7,18.7,18.71,18.69,237568.0,4441554.0058
2026-09-03 14:48:00,18.69,18.68,18.7,18.68,238732.0,4460758.4126
2026-09-03 14:49:00,18.68,18.65,18.69,18.65,263500.0,4918837.9919
2026-09-03 14:50:00,18.66,18.68,18.68,18.65,249867.0,4662714.5625
2026-09-03 14:51:00,18.68,18.79,18.8,18.68,275061.0,5147446.7228
2026-09-03 14:52:00,18.79,18.8,18.91,18.79,312500.0,5891322.9117
2026-09-03 14:53:00,18.81,18.81,18.85,18.8,166600.0,3136016.9924
2026-09-03 14:54:00,18.81,18.73,18.81,18.71,288601.0,5408699.6318
2026-09-03 14:55:00,18.73,18.74,18.75,18.73,245900.0,4608328.9918
2026-09-03 14:56:00,18.75,18.75,18.77,18.72,486768.0,9122947.6737
2026-09-03 14:57:00,18.75,18.87,18.88,18.75,376067.0,7070453.6403
2026-09-03 15:00:00,18.88,18.88,18.88,18.88,556850.0,10513327.5287
2026-09-04 09:31:00,18.7,18.82,18.85,18.56,2169035.0,40524905.2874
2026-09-04 09:32:00,18.84,18.78,18.85,18.52,753300.0,14016768.5621
2026-09-04 09:33:00,18.78,18.53,18.83,18.52,602432.0,11215396.4726
2026-09-04 09:34:00,18.53,18.43,18.53,18.3,1094791.0,20148687.4951
2026-09-04 09:35:00,18.44,18.45,18.67,18.41,540400.0,10007829.8024
2026-09-04 09:36:00,18.43,18.26,18.45,18.23,923233.0,16928079.423
2026-09-04 09:37:00,18.26,18.36,18.46,18.24,521655.0,9585603.6305
2026-09-04 09:38:00,18.38,18.31,18.38,18.29,651758.0,11941962.0597
2026-09-04 09:39:00,18.35,18.35,18.35,18.26,518288.0,9493182.1774
2026-09-04 09:40:00,18.35,18.4,18.5,18.34,381326.0,7026284.174
2026-09-04 09:41:00,18.45,18.36,18.46,18.36,366700.0,6755606.8457
2026-09-04 09:42:00,18.36,18.26,18.38,18.23,623133.0,11401502.2629
2026-09-04 09:43:00,18.26,18.41,18.44,18.23,605228.0,11078546.7246
2026-09-04 09:44:00,18.41,18.29,18.44,18.26,416166.0,7619886.8147
2026-09-04 09:45:00,18.29,18.35,18.42,18.28,380872.0,6981056.4942
2026-09-04 09:46:00,18.35,18.59,18.6,18.34,340128.0,6277961.8264
2026-09-04 09:47:00,18.59,18.55,18.63,18.5,292235.0,5423927.3893
2026-09-04 09:48:00,18.55,18.66,18.78,18.54,333181.0,6216312.6628
2026-09-04 09:49:00,18.66,18.68,18.7,18.55,242955.0,4522911.4282
2026-09-04 09:50:00,18.68,18.54,18.68,18.53,162900.0,3028211.9749
2026-09-04 09:51:00,18.53,18.67,18.7,18.52,140700.0,2618176.3332
2026-09-04 09:52:00,18.64,18.59,18.67,18.55,115100.0,2140181.9977
2026-09-04 09:53:00,18.6,18.49,18.63,18.49,167532.0,3107257.6377
2026-09-04 09:54:00,18.49,18.6,18.64,18.47,163535.0,3031920.2318
2026-09-04 09:55:00,18.6,18.66,18.69,18.6,173000.0,3226154.001
2026-09-04 09:56:00,18.66,18.65,18.71,18.65,187700.0,3506492.5557
2026-09-04 09:57:00,18.65,18.56,18.67,18.56,76400.0,1423280.0039
2026-09-04 09:58:00,18.56,18.66,18.66,18.56,122268.0,2274536.8
2026-09-04 09:59:00,18.66,18.59,18.69,18.59,121732.0,2268201.2127
2026-09-04 10:00:00,18.59,18.56,18.6,18.54,119830.0,2224373.196
2026-09-04 10:01:00,18.55,18.51,18.56,18.51,99970.0,1851623.81
2026-09-04 10:02:00,18.5,18.51,18.52,18.48,131898.0,2439786.0195
2026-09-04 10:03:00,18.52,18.49,18.52,18.49,148702.0,2751191.043
2026-09-04 10:04:00,18.49,18.47,18.52,18.47,174700.0,3230768.9991
2026-09-04 10:05:00,18.48,18.38,18.48,18.35,270880.0,4986093.972
2026-09-04 10:06:00,18.39,18.46,18.48,18.37,170237.0,3132143.019
2026-09-04 10:07:00,18.47,18.6,18.7,18.46,120098.0,2231104.9613
2026-09-04 10:08:00,18.6,18.6,18.68,18.59,88400.0,1647510.999
2026-09-04 10:09:00,18.6,18.64,18.64,18.6,62800.0,1169984.9813
2026-09-04 10:10:00,18.64,18.55,18.64,18.55,91700.0,1705023.0013
2026-09-04 10:11:00,18.54,18.6,18.6,18.54,53100.0,986201.9962
2026-09-04 10:12:00,18.62,18.71,18.72,18.61,154409.0,2883628.3456
2026-09-04 10:13:00,18.71,18.66,18.73,18.65,123500.0,2309622.4662
2026-09-04 10:14:00,18.66,18.69,18.71,18.66,84536.0,1579845.8467
2026-09-04 10:15:00,18.69,18.72,18.73,18.69,153650.0,2875417.9391
2026-09-04 10:16:00,18.73,18.73,18.74,18.71,103900.0,1945620.4823
2026-09-04 10:17:00,18.73,18.65,18.75,18.65,134214.0,2511492.4166
2026-09-04 10:18:00,18.66,18.63,18.66,18.61,59600.0,1110735.9855
2026-09-04 10:19:00,18.63,18.61,18.63,18.6,70636.0,1314472.6063
2026-09-04 10:20:00,18.61,18.75,18.75,18.61,100572.0,1880662.3484
2026-09-04 10:21:00,18.75,18.71,18.75,18.7,77000.0,1442131.3019
2026-09-04 10:22:00,18.72,18.62,18.72,18.6,54617.0,1019506.1999
2026-09-04 10:23:00,18.61,18.62,18.63,18.61,90789.0,1690071.3479
2026-09-04 10:24:00,18.62,18.65,18.65,18.61,109800.0,2044766.0513
2026-09-04 10:25:00,18.64,18.59,18.64,18.59,121358.0,2258419.9065
2026-09-04 10:26:00,18.6,18.52,18.6,18.5,71497.0,1324660.502
2026-09-04 10:27:00,18.54,18.6,18.6,18.54,50200.0,932968.002
2026-09-04 10:28:00,18.59,18.55,18.6,18.54,53000.0,983371.0151
2026-09-04 10:29:00,18.54,18.54,18.56,18.52,133210.0,2468293.3925
2026-09-04 10:30:00,18.54,18.46,18.54,18.46,126890.0,2348196.7067
2026-09-04 10:31:00,18.47,18.53,18.53,18.45,70110.0,1295064.66
2026-09-04 10:32:00,18.52,18.5,18.54,18.48,88700.0,1640965.0027
2026-09-04 10:33:00,18.5,18.48,18.5,18.48,71000.0,1312860.328
2026-09-04 10:34:00,18.49,18.5,18.5,18.47,50200.0,927733.9944
2026-09-04 10:35:00,18.5,18.51,18.52,18.49,38368.0,709910.0
2026-09-04 10:36:00,18.51,18.58,18.58,18.51,46100.0,855292.9979
2026-09-04 10:37:00,18.58,18.68,18.72,18.58,85100.0,1587921.0178
2026-09-04 10:38:00,18.68,18.74,18.75,18.68,211600.0,3959542.9846
2026-09-04 10:39:00,18.73,18.7,18.76,18.69,179600.0,3363594.9948
2026-09-04 10:40:00,18.69,18.65,18.72,18.64,96300.0,1799427.0136
2026-09-04 10:41:00,18.65,18.6,18.65,18.6,45100.0,840164.9971
2026-09-04 10:42:00,18.59,18.7,18.75,18.59,141400.0,2644270.0431
2026-09-04 10:43:00,18.7,18.69,18.7,18.67,66800.0,1248281.0085
2026-09-04 10:44:00,18.68,18.68,18.69,18.67,65600.0,1225531.0016
2026-09-04 10:45:00,18.67,18.76,18.76,18.67,271992.0,5092233.5327
2026-09-04 10:46:00,18.75,18.82,18.85,18.75,326700.0,6143053.6468
2026-09-04 10:47:00,18.81,18.82,18.85,18.77,143700.0,2704127.0011
2026-09-04 10:48:00,18.83,18.73,18.83,18.69,138233.0,2592513.1235
2026-09-04 10:49:00,18.73,18.79,18.84,18.72,106767.0,2008814.9224
2026-09-04 10:50:00,18.79,18.87,18.87,18.77,141600.0,2665216.0421
2026-09-04 10:51:00,18.87,18.81,18.87,18.77,164233.0,3091462.0688
2026-09-04 10:52:00,18.8,18.73,18.83,18.71,79400.0,1489328.99
2026-09-04 10:53:00,18.73,18.67,18.75,18.67,67900.0,1271076.9919
2026-09-04 10:54:00,18.71,18.7,18.72,18.67,48800.0,912031.0062
2026-09-04 10:55:00,18.7,18.77,18.82,18.7,96900.0,1819206.9938
2026-09-04 10:56:00,18.77,18.76,18.8,18.75,26700.0,501082.0
2026-09-04 10:57:00,18.72,18.68,18.77,18.68,67300.0,1260088.0023
2026-09-04 10:58:00,18.68,18.64,18.68,18.6,93400.0,1740143.0323
2026-09-04 10:59:00,18.66,18.68,18.72,18.63,29300.0,546545.9961
2026-09-04 11:00:00,18.68,18.62,18.69,18.6,197600.0,3679367.0148
2026-09-04 11:01:00,18.63,18.66,18.68,18.63,92900.0,1733289.98
2026-09-04 11:02:00,18.64,18.68,18.69,18.6,57100.0,1064498.9982
2026-09-04 11:03:00,18.68,18.65,18.68,18.61,21500.0,400617.0087
2026-09-04 11:04:00,18.65,18.59,18.65,18.59,63500.0,1181897.9916
2026-09-04 11:05:00,18.61,18.57,18.61,18.57,71300.0,1325040.0
2026-09-04 11:06:00,18.57,18.63,18.65,18.56,36500.0,678598.9868
2026-09-04 11:07:00,18.64,18.55,18.64,18.55,87100.0,1618518.999
2026-09-04 11:08:00,18.55,18.54,18.55,18.51,136000.0,2520276.0439
2026-09-04 11:09:00,18.54,18.6,18.6,18.53,17300.0,321074.0007
2026-09-04 11:10:00,18.59,18.58,18.6,18.56,29300.0,544377.0
2026-09-04 11:11:00,18.56,18.56,18.57,18.55,61700.0,1145182.9978
2026-09-04 11:12:00,18.56,18.52,18.56,18.51,103097.0,1910438.3881
2026-09-04 11:13:00,18.51,18.5,18.53,18.48,157900.0,2921053.5862
2026-09-04 11:14:00,18.5,18.5,18.52,18.5,45944.0,850488.0014
2026-09-04 11:15:00,18.51,18.52,18.52,18.5,43900.0,812682.0
2026-09-04 11:16:00,18.51,18.54,18.55,18.51,33800.0,626523.0176
2026-09-04 11:17:00,18.55,18.51,18.55,18.51,53600.0,993139.0072
2026-09-04 11:18:00,18.52,18.45,18.52,18.45,220656.0,4079742.9973
2026-09-04 11:19:00,18.44,18.39,18.44,18.37,266400.0,4903464.9688
2026-09-04 11:20:00,18.39,18.44,18.46,18.37,120744.0,2222471.579
2026-09-04 11:21:00,18.44,18.44,18.45,18.4,47200.0,870026.0007
2026-09-04 11:22:00,18.44,18.43,18.45,18.41,85900.0,1582983.0061
2026-09-04 11:23:00,18.43,18.43,18.45,18.42,77400.0,1426898.0005
2026-09-04 11:24:00,18.43,18.43,18.45,18.43,68300.0,1259299.3437
2026-09-04 11:25:00,18.44,18.4,18.44,18.4,88200.0,1624281.9989
2026-09-04 11:26:00,18.4,18.41,18.42,18.39,115000.0,2116207.9856
2026-09-04 11:27:00,18.4,18.39,18.41,18.39,71956.0,1323925.9573
2026-09-04 11:28:00,18.4,18.41,18.41,18.37,168107.0,3091895.926
2026-09-04 11:29:00,18.41,18.44,18.44,18.39,49500.0,911753.1206
2026-09-04 11:30:00,18.44,18.45,18.46,18.42,39488.0,727906.5142
2026-09-04 13:01:00,18.45,18.49,18.58,18.43,86831.0,1605383.2932
2026-09-04 13:02:00,18.49,18.52,18.54,18.49,24000.0,444450.0061
2026-09-04 13:03:00,18.5,18.49,18.54,18.49,28500.0,527854.0087
2026-09-04 13:04:00,18.49,18.46,18.5,18.46,30426.0,562308.9941
2026-09-04 13:05:00,18.46,18.44,18.48,18.44,62600.0,1155397.969
2026-09-04 13:06:00,18.45,18.44,18.45,18.42,56600.0,1043016.0059
2026-09-04 13:07:00,18.44,18.43,18.45,18.43,37100.0,684049.004
2026-09-04 13:08:00,18.43,18.42,18.45,18.42,27100.0,499500.0016
2026-09-04 13:09:00,18.42,18.38,18.44,18.37,134800.0,2480572.9733
2026-09-04 13:10:00,18.37,18.35,18.38,18.35,144200.0,2647629.0408
2026-09-04 13:11:00,18.36,18.28,18.36,18.26,336120.0,6152031.0003
2026-09-04 13:12:00,18.28,18.35,18.36,18.27,138767.0,2539364.127
2026-09-04 13:13:00,18.35,18.33,18.36,18.32,52181.0,956478.9198
2026-09-04 13:14:00,18.33,18.29,18.33,18.29,141052.0,2582337.9506
2026-09-04 13:15:00,18.29,18.29,18.32,18.29,131235.0,2401534.1528
2026-09-04 13:16:00,18.29,18.27,18.3,18.27,161065.0,2944729.9159
2026-09-04 13:17:00,18.27,18.26,18.28,18.25,247935.0,4527175.7512
2026-09-04 13:18:00,18.27,18.29,18.3,18.26,83100.0,1518784.022
2026-09-04 13:19:00,18.28,18.3,18.32,18.27,180200.0,3296006.99
2026-09-04 13:20:00,18.3,18.34,18.35,18.3,51148.0,937274.398
2026-09-04 13:21:00,18.35,18.34,18.35,18.32,56797.0,1041272.0693
2026-09-04 13:22:00,18.32,18.31,18.34,18.31,55303.0,1013167.9924
2026-09-04 13:23:00,18.31,18.29,18.31,18.29,88152.0,1612944.6251
2026-09-04 13:24:00,18.29,18.27,18.29,18.27,123400.0,2255510.043
2026-09-04 13:25:00,18.27,18.29,18.29,18.25,187367.0,3422136.7542
2026-09-04 13:26:00,18.28,18.29,18.3,18.28,38748.0,708669.9313
2026-09-04 13:27:00,18.29,18.29,18.3,18.28,37052.0,677725.9508
2026-09-04 13:28:00,18.3,18.27,18.3,18.27,62800.0,1148268.0216
2026-09-04 13:29:00,18.28,18.27,18.29,18.27,78700.0,1438121.0115
2026-09-04 13:30:00,18.27,18.26,18.27,18.25,124300.0,2270270.0
2026-09-04 13:31:00,18.26,18.24,18.27,18.24,125666.0,2293565.8188
2026-09-04 13:32:00,18.24,18.21,18.25,18.2,284764.0,5188488.9791
2026-09-04 13:33:00,18.2,18.19,18.21,18.18,304000.0,5530696.2944
2026-09-04 13:34:00,18.19,18.19,18.2,18.18,114400.0,2081168.0176
2026-09-04 13:35:00,18.19,18.25,18.25,18.18,66640.0,1213407.4739
2026-09-04 13:36:00,18.26,18.28,18.28,18.25,66178.0,1208652.2872
2026-09-04 13:37:00,18.28,18.26,18.29,18.26,64222.0,1173846.968
2026-09-04 13:38:00,18.25,18.2,18.26,18.2,109928.0,2003130.1257
2026-09-04 13:39:00,18.21,18.21,18.22,18.19,108600.0,1976362.0027
2026-09-04 13:40:00,18.2,18.2,18.22,18.19,54800.0,997622.995
2026-09-04 13:41:00,18.2,18.21,18.22,18.19,71123.0,1294434.3954
2026-09-04 13:42:00,18.22,18.23,18.25,18.21,59900.0,1092160.9945
2026-09-04 13:43:00,18.24,18.26,18.26,18.23,65245.0,1190175.9074
2026-09-04 13:44:00,18.26,18.23,18.27,18.23,53122.0,969489.7197
2026-09-04 13:45:00,18.23,18.22,18.24,18.2,58600.0,1067533.9601
2026-09-04 13:46:00,18.21,18.19,18.22,18.19,103300.0,1880062.3429
2026-09-04 13:47:00,18.19,18.19,18.2,18.19,104400.0,1899259.0353
2026-09-04 13:48:00,18.2,18.2,18.2,18.19,72800.0,1324574.0212
2026-09-04 13:49:00,18.2,18.21,18.21,18.19,43572.0,793001.4186
2026-09-04 13:50:00,18.21,18.18,18.21,18.18,158638.0,2885504.5103
2026-09-04 13:51:00,18.17,18.07,18.18,18.07,256000.0,4636988.007
2026-09-04 13:52:00,18.07,18.03,18.08,18.02,322152.0,5811818.1344
2026-09-04 13:53:00,18.05,18.1,18.11,18.04,94667.0,1709772.3441
2026-09-04 13:54:00,18.1,18.02,18.12,18.01,179800.0,3246923.4919
2026-09-04 13:55:00,18.01,18.02,18.04,18.0,268678.0,4840540.285
2026-09-04 13:56:00,18.03,18.02,18.03,18.01,130700.0,2355416.0145
2026-09-04 13:57:00,18.02,18.01,18.03,18.01,139247.0,2508422.4794
2026-09-04 13:58:00,18.01,18.09,18.09,18.01,71100.0,1282504.0003
2026-09-04 13:59:00,18.09,18.11,18.12,18.07,80200.0,1451147.001
2026-09-04 14:00:00,18.11,18.06,18.12,18.04,90500.0,1636804.9988
2026-09-04 14:01:00,18.05,18.03,18.07,18.03,77600.0,1400301.0059
2026-09-04 14:02:00,18.03,18.03,18.04,18.02,84390.0,1521188.538
2026-09-04 14:03:00,18.04,18.05,18.07,18.02,58889.0,1062235.5709
2026-09-04 14:04:00,18.05,18.05,18.05,18.04,47000.0,848209.9999
2026-09-04 14:05:00,18.04,18.06,18.07,18.04,61068.0,1102213.7125
2026-09-04 14:06:00,18.06,18.05,18.07,18.05,76400.0,1379400.9716
2026-09-04 14:07:00,18.05,18.04,18.05,18.04,62000.0,1118686.0365
2026-09-04 14:08:00,18.04,18.04,18.05,18.03,106771.0,1926456.8853
2026-09-04 14:09:00,18.04,18.01,18.04,18.01,140400.0,2529793.8412
2026-09-04 14:10:00,18.01,17.94,18.02,17.93,399382.0,7187357.8201
2026-09-04 14:11:00,17.94,17.87,17.94,17.84,391484.0,7004254.9973
2026-09-04 14:12:00,17.86,17.96,17.97,17.84,153504.0,2746446.5014
2026-09-04 14:13:00,17.97,17.92,17.97,17.9,141225.0,2533698.2206
2026-09-04 14:14:00,17.92,17.94,17.94,17.92,75000.0,1344616.0
2026-09-04 14:15:00,17.93,17.9,17.93,17.89,153300.0,2745482.0
2026-09-04 14:16:00,17.91,17.92,17.92,17.89,116000.0,2077184.9995
2026-09-04 14:17:00,17.91,17.92,17.93,17.9,82900.0,1484989.9389
2026-09-04 14:18:00,17.91,17.88,17.92,17.88,106400.0,1904505.681
2026-09-04 14:19:00,17.88,17.85,17.89,17.85,171428.0,3063618.5825
2026-09-04 14:20:00,17.85,17.72,17.85,17.71,642528.0,11426238.8464
2026-09-04 14:21:00,17.72,17.84,17.84,17.71,206901.0,3672626.8377
2026-09-04 14:22:00,17.84,17.78,17.86,17.78,91900.0,1637535.9969
2026-09-04 14:23:00,17.78,17.8,17.82,17.77,137600.0,2448264.0477
2026-09-04 14:24:00,17.8,17.83,17.84,17.79,99187.0,1767627.7317
2026-09-04 14:25:00,17.84,17.85,17.87,17.83,71200.0,1271027.0083
2026-09-04 14:26:00,17.85,17.82,17.86,17.81,105100.0,1874134.0007
2026-09-04 14:27:00,17.82,17.77,17.84,17.77,90413.0,1608903.2937
2026-09-04 14:28:00,17.77,17.65,17.78,17.58,520453.0,9201443.8694
2026-09-04 14:29:00,17.66,17.72,17.75,17.61,117326.0,2075130.8623
2026-09-04 14:30:00,17.73,17.7,17.74,17.69,113103.0,2003093.1343
2026-09-04 14:31:00,17.69,17.66,17.7,17.65,127200.0,2247889.0008
2026-09-04 14:32:00,17.67,17.59,17.67,17.58,187221.0,3298452.3635
2026-09-04 14:33:00,17.58,17.63,17.63,17.54,245394.0,4316288.2362
2026-09-04 14:34:00,17.62,17.63,17.65,17.61,100700.0,1775162.9839
2026-09-04 14:35:00,17.63,17.66,17.67,17.63,105970.0,1870266.3545
2026-09-04 14:36:00,17.65,17.65,17.68,17.65,104847.0,1852044.0136
2026-09-04 14:37:00,17.65,17.6,17.68,17.59,175429.0,3091409.2972
2026-09-04 14:38:00,17.6,17.6,17.61,17.57,168800.0,2969674.2062
2026-09-04 14:39:00,17.6,17.6,17.62,17.6,118626.0,2088727.6329
2026-09-04 14:40:00,17.61,17.64,17.67,17.6,111554.0,1966384.8227
2026-09-04 14:41:00,17.65,17.64,17.66,17.63,114200.0,2014296.9521
2026-09-04 14:42:00,17.64,17.6,17.64,17.6,136400.0,2402533.0087
2026-09-04 14:43:00,17.6,17.55,17.6,17.55,164718.0,2895162.3809
2026-09-04 14:44:00,17.55,17.55,17.57,17.52,205975.0,3612159.7754
2026-09-04 14:45:00,17.55,17.58,17.58,17.53,159823.0,2804957.5603
2026-09-04 14:46:00,17.58,17.58,17.59,17.56,140000.0,2460494.0
2026-09-04 14:47:00,17.57,17.51,17.58,17.51,246991.0,4332736.7906
2026-09-04 14:48:00,17.52,17.52,17.54,17.51,220642.0,3866875.5817
2026-09-04 14:49:00,17.53,17.52,17.53,17.51,239354.0,4192820.1807
2026-09-04 14:50:00,17.51,17.51,17.52,17.5,383387.0,6711453.5421
2026-09-04 14:51:00,17.51,17.56,17.58,17.51,205607.0,3604919.8113
2026-09-04 14:52:00,17.58,17.56,17.59,17.55,162000.0,2847105.9995
2026-09-04 14:53:00,17.55,17.55,17.57,17.55,170800.0,2998787.9631
2026-09-04 14:54:00,17.55,17.57,17.58,17.55,231400.0,4063704.9586
2026-09-04 14:55:00,17.56,17.57,17.58,17.56,199800.0,3511390.0031
2026-09-04 14:56:00,17.58,17.55,17.58,17.54,339700.0,5965731.9513
2026-09-04 14:57:00,17.55,17.54,17.55,17.51,447308.0,7839920.0299
2026-09-04 15:00:00,17.54,17.54,17.54,17.54,584100.0,10245114.611
2026-09-07 09:31:00,17.21,17.21,17.33,17.02,1520640.0,26160883.6415
2026-09-07 09:32:00,17.21,17.09,17.23,16.89,1135702.0,19317039.9968
2026-09-07 09:33:00,17.09,16.96,17.15,16.95,481058.0,8210100.0826
2026-09-07 09:34:00,16.96,17.13,17.19,16.95,583638.0,9963734.7939
2026-09-07 09:35:00,17.13,17.0,17.14,16.96,550700.0,9382585.4055
2026-09-07 09:36:00,17.0,17.12,17.16,17.0,346710.0,5925611.2011
2026-09-07 09:37:00,17.11,16.98,17.11,16.96,384138.0,6541268.1066
2026-09-07 09:38:00,16.98,17.01,17.04,16.95,471372.0,8009444.3206
2026-09-07 09:39:00,17.0,17.0,17.03,16.98,495842.0,8431622.1602
2026-09-07 09:40:00,17.0,16.96,17.0,16.93,523235.0,8875559.3464
2026-09-07 09:41:00,17.0,17.08,17.09,16.95,350068.0,5954350.235
2026-09-07 09:42:00,17.06,17.0,17.1,17.0,249700.0,4257639.3467
2026-09-07 09:43:00,17.01,17.01,17.03,16.97,173400.0,2947467.3201
2026-09-07 09:44:00,17.0,16.97,17.04,16.97,196532.0,3339567.9797
2026-09-07 09:45:00,16.96,16.93,16.97,16.92,334623.0,5668933.8272
2026-09-07 09:46:00,16.93,17.01,17.03,16.92,493745.0,8375620.4253
2026-09-07 09:47:00,17.01,16.98,17.03,16.98,203800.0,3465220.005
2026-09-07 09:48:00,16.98,16.99,17.0,16.97,106579.0,1810527.9783
2026-09-07 09:49:00,16.99,17.01,17.01,16.98,142647.0,2424359.178
2026-09-07 09:50:00,17.02,17.07,17.08,17.01,141300.0,2407180.0402
2026-09-07 09:51:00,17.07,17.2,17.21,17.06,206846.0,3546225.1375
2026-09-07 09:52:00,17.18,17.2,17.21,17.15,157710.0,2710131.4357
2026-09-07 09:53:00,17.2,17.21,17.21,17.15,156027.0,2680503.8719
2026-09-07 09:54:00,17.21,17.25,17.3,17.16,149246.0,2573823.0833
2026-09-07 09:55:00,17.25,17.18,17.27,17.16,120436.0,2072432.3807
2026-09-07 09:56:00,17.18,17.21,17.25,17.17,117402.0,2018731.0007
2026-09-07 09:57:00,17.21,17.36,17.41,17.2,282196.0,4894833.2786
2026-09-07 09:58:00,17.38,17.3,17.39,17.3,172387.0,2991313.0872
2026-09-07 09:59:00,17.31,17.45,17.46,17.3,149000.0,2589982.9983
2026-09-07 10:00:00,17.44,17.35,17.47,17.31,131298.0,2282320.4137
2026-09-07 10:01:00,17.35,17.33,17.38,17.33,119902.0,2081045.7292
2026-09-07 10:02:00,17.33,17.32,17.33,17.23,81481.0,1408548.5521
2026-09-07 10:03:00,17.3,17.19,17.31,17.19,168932.0,2913649.9138
2026-09-07 10:04:00,17.18,17.25,17.25,17.17,98927.0,1701308.2921
2026-09-07 10:05:00,17.26,17.21,17.28,17.2,85500.0,1474493.3196
2026-09-07 10:06:00,17.21,17.21,17.23,17.19,61800.0,1063263.9959
2026-09-07 10:07:00,17.22,17.22,17.24,17.19,97600.0,1679542.4878
2026-09-07 10:08:00,17.2,17.13,17.2,17.11,139188.0,2386890.5371
2026-09-07 10:09:00,17.12,17.16,17.17,17.12,68753.0,1178188.3474
2026-09-07 10:10:00,17.16,17.15,17.16,17.14,74800.0,1283141.0
2026-09-07 10:11:00,17.16,17.15,17.16,17.13,74800.0,1282323.9836
2026-09-07 10:12:00,17.15,17.13,17.15,17.13,49000.0,839896.9848
2026-09-07 10:13:00,17.14,17.11,17.14,17.11,159800.0,2737596.9093
2026-09-07 10:14:00,17.12,17.04,17.12,17.04,161185.0,2754547.3676
2026-09-07 10:15:00,17.04,17.06,17.06,17.01,140105.0,2387184.7554
2026-09-07 10:16:00,17.06,17.13,17.13,17.06,100767.0,1723007.8813
2026-09-07 10:17:00,17.13,17.1,17.15,17.1,94427.0,1616156.532
2026-09-07 10:18:00,17.1,17.09,17.12,17.08,76121.0,1301370.1051
2026-09-07 10:19:00,17.08,17.08,17.09,17.07,51400.0,877909.0
2026-09-07 10:20:00,17.08,17.07,17.09,17.07,96200.0,1642945.0
2026-09-07 10:21:00,17.07,17.08,17.08,17.07,93200.0,1591469.0004
2026-09-07 10:22:00,17.08,17.08,17.09,17.07,79714.0,1361463.975
2026-09-07 10:23:00,17.08,17.18,17.18,17.08,37019.0,633840.3085
2026-09-07 10:24:00,17.18,17.25,17.28,17.17,102568.0,1767013.8872
2026-09-07 10:25:00,17.24,17.2,17.25,17.17,61749.0,1062123.8018
2026-09-07 10:26:00,17.21,17.35,17.37,17.21,121300.0,2099178.995
2026-09-07 10:27:00,17.36,17.31,17.37,17.3,141100.0,2444918.0042
2026-09-07 10:28:00,17.3,17.28,17.32,17.23,74200.0,1282497.0236
2026-09-07 10:29:00,17.28,17.33,17.36,17.28,161200.0,2794718.0012
2026-09-07 10:30:00,17.33,17.3,17.35,17.26,100400.0,1737015.0371
2026-09-07 10:31:00,17.3,17.33,17.36,17.29,137200.0,2378107.9982
2026-09-07 10:32:00,17.32,17.35,17.35,17.32,225500.0,3910754.9308
2026-09-07 10:33:00,17.34,17.26,17.35,17.26,132900.0,2301484.0248
2026-09-07 10:34:00,17.27,17.27,17.29,17.26,32410.0,559891.7142
2026-09-07 10:35:00,17.27,17.27,17.28,17.2,86200.0,1485075.3895
2026-09-07 10:36:00,17.27,17.29,17.3,17.27,112404.0,1942468.1587
2026-09-07 10:37:00,17.29,17.24,17.29,17.23,38896.0,671786.8976
2026-09-07 10:38:00,17.24,17.28,17.29,17.24,29300.0,505826.0016
2026-09-07 10:39:00,17.28,17.3,17.3,17.27,47300.0,817764.02
2026-09-07 10:40:00,17.3,17.27,17.31,17.27,123600.0,2136815.0614
2026-09-07 10:41:00,17.28,17.28,17.3,17.27,18500.0,319641.004
2026-09-07 10:42:00,17.27,17.28,17.29,17.27,66200.0,1144097.0394
2026-09-07 10:43:00,17.28,17.21,17.28,17.21,58700.0,1012014.9895
2026-09-07 10:44:00,17.2,17.18,17.21,17.16,57700.0,991569.0181
2026-09-07 10:45:00,17.16,17.18,17.19,17.15,94366.0,1620323.28
2026-09-07 10:46:00,17.19,17.22,17.22,17.18,56864.0,978090.4562
2026-09-07 10:47:00,17.21,17.2,17.24,17.2,67436.0,1160737.5284
2026-09-07 10:48:00,17.2,17.15,17.2,17.14,63234.0,1085464.7211
2026-09-07 10:49:00,17.15,17.1,17.15,17.06,181160.0,3097681.5765
2026-09-07 10:50:00,17.08,17.15,17.16,17.05,172302.0,2943737.0909
2026-09-07 10:51:00,17.15,17.16,17.17,17.15,25900.0,444469.0
2026-09-07 10:52:00,17.16,17.11,17.16,17.11,33570.0,574999.4977
2026-09-07 10:53:00,17.11,17.08,17.11,17.08,110400.0,1886636.002
2026-09-07 10:54:00,17.08,17.09,17.1,17.06,72900.0,1244822.0
2026-09-07 10:55:00,17.09,17.09,17.1,17.08,63700.0,1088680.0
2026-09-07 10:56:00,17.09,17.1,17.11,17.09,51900.0,887349.0
2026-09-07 10:57:00,17.1,17.09,17.13,17.07,122307.0,2089654.4919
2026-09-07 10:58:00,17.1,17.1,17.13,17.09,23808.0,407287.8025
2026-09-07 10:59:00,17.11,17.1,17.12,17.06,83600.0,1428062.6117
2026-09-07 11:00:00,17.1,17.06,17.1,17.05,161000.0,2745961.7819
2026-09-07 11:01:00,17.05,17.07,17.07,17.05,93968.0,1602951.3752
2026-09-07 11:02:00,17.07,17.06,17.08,17.05,72600.0,1238841.9902
2026-09-07 11:03:00,17.06,17.11,17.11,17.05,51100.0,872709.9993
2026-09-07 11:04:00,17.11,17.11,17.12,17.1,30132.0,515534.8935
2026-09-07 11:05:00,17.11,17.07,17.11,17.07,107868.0,1844846.8008
2026-09-07 11:06:00,17.08,17.1,17.1,17.07,51700.0,883003.0
2026-09-07 11:07:00,17.11,17.1,17.11,17.09,72200.0,1234837.0345
2026-09-07 11:08:00,17.09,17.09,17.1,17.09,19100.0,326475.0004
2026-09-07 11:09:00,17.09,17.11,17.11,17.09,66732.0,1140942.2039
2026-09-07 11:10:00,17.1,17.11,17.11,17.09,83634.0,1430175.7512
2026-09-07 11:11:00,17.11,17.12,17.13,17.1,54300.0,929215.021
2026-09-07 11:12:00,17.12,17.14,17.14,17.11,13300.0,227810.9948
2026-09-07 11:13:00,17.13,17.13,17.15,17.13,15200.0,260469.9926
2026-09-07 11:14:00,17.13,17.14,17.14,17.13,18000.0,308432.9895
2026-09-07 11:15:00,17.13,17.14,17.14,17.13,25800.0,442018.9841
2026-09-07 11:16:00,17.13,17.11,17.14,17.11,31200.0,534361.9985
2026-09-07 11:17:00,17.11,17.11,17.12,17.11,22200.0,379848.0038
2026-09-07 11:18:00,17.11,17.1,17.12,17.1,29700.0,507947.0005
2026-09-07 11:19:00,17.1,17.09,17.11,17.08,41334.0,706371.0586
2026-09-07 11:20:00,17.09,17.07,17.09,17.06,66400.0,1133934.9616
2026-09-07 11:21:00,17.06,17.06,17.07,17.06,64600.0,1102288.9993
2026-09-07 11:22:00,17.06,17.08,17.08,17.06,26200.0,447287.0797
2026-09-07 11:23:00,17.08,17.09,17.09,17.07,33444.0,571410.5174
2026-09-07 11:24:00,17.09,17.08,17.1,17.07,45300.0,773900.5601
2026-09-07 11:25:00,17.08,17.07,17.09,17.07,25100.0,428609.9982
2026-09-07 11:26:00,17.07,17.09,17.09,17.07,28470.0,486201.6005
2026-09-07 11:27:00,17.09,17.09,17.1,17.08,39300.0,671768.0
2026-09-07 11:28:00,17.09,17.1,17.1,17.08,29300.0,500668.0
2026-09-07 11:29:00,17.09,17.09,17.1,17.08,32100.0,548655.0
2026-09-07 11:30:00,17.08,17.09,17.1,17.08,38292.0,654307.3613
2026-09-07 13:01:00,17.08,17.04,17.1,17.04,115639.0,1973358.5148
2026-09-07 13:02:00,17.04,17.07,17.07,17.04,30658.0,522823.6451
2026-09-07 13:03:00,17.06,17.04,17.07,17.04,53900.0,918979.999
2026-09-07 13:04:00,17.04,17.04,17.05,17.03,66142.0,1126823.7218
2026-09-07 13:05:00,17.03,17.03,17.04,17.03,73267.0,1247859.044
2026-09-07 13:06:00,17.03,17.01,17.03,17.01,71200.0,1211664.0068
2026-09-07 13:07:00,17.02,17.01,17.02,17.0,145100.0,2467643.002
2026-09-07 13:08:00,17.0,17.0,17.01,16.99,156500.0,2660511.0
2026-09-07 13:09:00,16.99,16.98,17.0,16.97,108600.0,1844325.9802
2026-09-07 13:10:00,16.97,16.97,16.98,16.96,110793.0,1880214.1437
2026-09-07 13:11:00,16.97,17.0,17.0,16.97,51446.0,873519.13
2026-09-07 13:12:00,17.0,17.03,17.03,17.0,74937.0,1274131.6312
2026-09-07 13:13:00,17.01,17.01,17.01,16.99,78064.0,1326719.3538
2026-09-07 13:14:00,17.0,17.01,17.03,17.0,31968.0,543819.6801
2026-09-07 13:15:00,17.03,17.01,17.04,17.0,44000.0,748593.3246
2026-09-07 13:16:00,17.01,17.01,17.03,17.0,28600.0,486455.0005
2026-09-07 13:17:00,17.01,16.99,17.02,16.98,41232.0,700756.0
2026-09-07 13:18:00,16.99,16.99,17.01,16.98,56300.0,956666.3192
2026-09-07 13:19:00,17.0,17.01,17.02,16.99,33936.0,577248.0
2026-09-07 13:20:00,17.0,16.99,17.01,16.99,56864.0,966636.0
2026-09-07 13:21:00,17.0,17.01,17.01,16.99,82804.0,1407530.0
2026-09-07 13:22:00,17.0,17.1,17.1,16.99,162472.0,2766308.25
2026-09-07 13:23:00,17.09,17.1,17.13,17.08,50031.0,856115.1246
2026-09-07 13:24:00,17.09,17.05,17.1,17.04,49900.0,851474.9893
2026-09-07 13:25:00,17.05,17.02,17.05,17.02,23500.0,400371.0266
2026-09-07 13:26:00,17.03,17.01,17.03,17.0,89800.0,1527588.0017
2026-09-07 13:27:00,17.0,17.02,17.04,17.0,71467.0,1215870.6711
2026-09-07 13:28:00,17.02,17.05,17.06,17.02,37127.0,632662.5481
2026-09-07 13:29:00,17.05,17.08,17.08,17.04,13400.0,228693.9978
2026-09-07 13:30:00,17.09,17.1,17.1,17.08,17000.0,290518.0
2026-09-07 13:31:00,17.1,17.13,17.14,17.1,60800.0,1040607.0164
2026-09-07 13:32:00,17.13,17.13,17.15,17.12,55641.0,953511.3099
2026-09-07 13:33:00,17.13,17.14,17.14,17.12,50559.0,866076.2431
2026-09-07 13:34:00,17.13,17.1,17.14,17.1,64200.0,1099055.0042
2026-09-07 13:35:00,17.1,17.08,17.1,17.07,52100.0,890080.0
2026-09-07 13:36:00,17.07,17.09,17.1,17.07,36200.0,618606.0
2026-09-07 13:37:00,17.08,17.06,17.09,17.06,35200.0,600924.0
2026-09-07 13:38:00,17.07,17.03,17.08,17.03,73400.0,1251563.0024
2026-09-07 13:39:00,17.03,17.05,17.06,17.02,72600.0,1237346.9951
2026-09-07 13:40:00,17.06,17.04,17.07,17.03,62500.0,1065143.0316
2026-09-07 13:41:00,17.03,17.03,17.04,17.02,83600.0,1424081.0751
2026-09-07 13:42:00,17.03,17.02,17.04,17.01,106273.0,1808956.4804
2026-09-07 13:43:00,17.01,17.02,17.03,17.01,103324.0,1758489.5105
2026-09-07 13:44:00,17.02,17.02,17.03,17.01,42900.0,730100.0001
2026-09-07 13:45:00,17.02,17.02,17.03,17.02,41800.0,711544.0052
2026-09-07 13:46:00,17.03,17.06,17.07,17.03,21368.0,364295.7291
2026-09-07 13:47:00,17.07,17.07,17.08,17.06,14000.0,239023.0
2026-09-07 13:48:00,17.07,17.07,17.08,17.06,37001.0,631519.0703
2026-09-07 13:49:00,17.07,17.05,17.08,17.04,65800.0,1122294.981
2026-09-07 13:50:00,17.05,17.02,17.05,17.01,70937.0,1208227.1732
2026-09-07 13:51:00,17.02,17.04,17.04,17.01,36989.0,629590.5685
2026-09-07 13:52:00,17.04,17.06,17.07,17.04,24000.0,409435.9987
2026-09-07 13:53:00,17.05,17.01,17.06,17.01,66014.0,1123984.4794
2026-09-07 13:54:00,17.01,17.01,17.02,17.01,79992.0,1360792.926
2026-09-07 13:55:00,17.01,17.01,17.02,17.0,55997.0,952380.0081
2026-09-07 13:56:00,17.0,17.01,17.01,17.0,32900.0,559473.0
2026-09-07 13:57:00,17.01,17.01,17.02,17.0,67400.0,1146582.0
2026-09-07 13:58:00,17.01,17.01,17.01,17.0,53500.0,909854.0
2026-09-07 13:59:00,17.0,17.01,17.02,17.0,32300.0,549405.0
2026-09-07 14:00:00,17.01,17.0,17.01,17.0,52900.0,899529.0
2026-09-07 14:01:00,17.0,17.0,17.01,17.0,119462.0,2030889.0
2026-09-07 14:02:00,17.0,16.98,17.0,16.98,116404.0,1977445.7356
2026-09-07 14:03:00,16.98,16.99,17.0,16.98,42287.0,718207.2561
2026-09-07 14:04:00,16.99,16.99,17.02,16.97,163050.0,2771279.8269
2026-09-07 14:05:00,17.0,17.0,17.01,16.99,47200.0,802325.0
2026-09-07 14:06:00,16.99,16.98,17.0,16.98,44800.0,761380.0
2026-09-07 14:07:00,16.98,16.98,17.0,16.97,85000.0,1443592.9999
2026-09-07 14:08:00,16.98,16.98,16.99,16.97,63591.0,1079784.1707
2026-09-07 14:09:00,16.98,17.0,17.01,16.97,78848.0,1339862.9995
2026-09-07 14:10:00,17.01,17.03,17.05,17.01,39600.0,674459.0005
2026-09-07 14:11:00,17.03,17.05,17.06,17.03,42700.0,727876.9974
2026-09-07 14:12:00,17.04,17.0,17.04,17.0,59200.0,1007250.0103
2026-09-07 14:13:00,17.0,17.02,17.02,16.99,56877.0,967021.25
2026-09-07 14:14:00,17.02,17.07,17.1,17.02,89900.0,1534870.0065
2026-09-07 14:15:00,17.08,17.11,17.11,17.08,52436.0,896602.8809
2026-09-07 14:16:00,17.11,17.05,17.12,17.05,74464.0,1272983.1205
2026-09-07 14:17:00,17.05,17.08,17.08,17.03,62467.0,1065466.0219
2026-09-07 14:18:00,17.08,17.11,17.12,17.08,80600.0,1378256.0032
2026-09-07 14:19:00,17.11,17.11,17.11,17.1,58500.0,1000624.0039
2026-09-07 14:20:00,17.11,17.09,17.11,17.08,42600.0,728177.0007
2026-09-07 14:21:00,17.09,17.06,17.09,17.06,34000.0,580689.0
2026-09-07 14:22:00,17.06,17.05,17.07,17.05,30433.0,519119.2976
2026-09-07 14:23:00,17.05,17.05,17.06,17.03,50200.0,855684.0111
2026-09-07 14:24:00,17.05,17.06,17.07,17.04,48800.0,832673.3254
2026-09-07 14:25:00,17.04,17.03,17.06,17.03,33500.0,570937.0177
2026-09-07 14:26:00,17.04,17.03,17.04,17.03,43700.0,744295.0265
2026-09-07 14:27:00,17.04,17.03,17.04,17.02,72403.0,1233000.0902
2026-09-07 14:28:00,17.03,17.04,17.05,17.03,35668.0,607606.7395
2026-09-07 14:29:00,17.04,17.06,17.07,17.04,78300.0,1335171.9839
2026-09-07 14:30:00,17.06,17.05,17.07,17.05,39200.0,668809.9983
2026-09-07 14:31:00,17.05,17.05,17.06,17.04,108100.0,1843304.9711
2026-09-07 14:32:00,17.05,17.05,17.06,17.05,68767.0,1172875.3352
2026-09-07 14:33:00,17.06,17.06,17.09,17.05,191000.0,3258803.625
2026-09-07 14:34:00,17.06,17.07,17.08,17.06,20000.0,341361.9995
2026-09-07 14:35:00,17.07,17.08,17.08,17.06,47400.0,809078.0
2026-09-07 14:36:00,17.07,17.07,17.08,17.06,28100.0,479634.0
2026-09-07 14:37:00,17.06,17.05,17.07,17.05,97133.0,1656884.9531
2026-09-07 14:38:00,17.05,17.05,17.06,17.04,69700.0,1188539.9653
2026-09-07 14:39:00,17.04,17.05,17.06,17.04,73368.0,1250844.6909
2026-09-07 14:40:00,17.06,17.06,17.06,17.05,46800.0,798020.9849
2026-09-07 14:41:00,17.05,17.06,17.07,17.04,206500.0,3522259.5955
2026-09-07 14:42:00,17.06,17.06,17.07,17.06,83700.0,1428092.9915
2026-09-07 14:43:00,17.07,17.06,17.07,17.06,63200.0,1078326.9963
2026-09-07 14:44:00,17.06,17.06,17.07,17.06,81276.0,1386761.5583
2026-09-07 14:45:00,17.06,17.05,17.07,17.05,109300.0,1863730.9457
2026-09-07 14:46:00,17.05,17.04,17.06,17.03,209400.0,3568035.7921
2026-09-07 14:47:00,17.04,17.01,17.04,17.01,179961.0,3063278.9374
2026-09-07 14:48:00,17.01,16.98,17.01,16.98,276398.0,4698297.001
2026-09-07 14:49:00,16.98,17.0,17.01,16.98,223102.0,3790970.9585
2026-09-07 14:50:00,17.0,17.0,17.01,16.98,223562.0,3799524.998
2026-09-07 14:51:00,17.0,17.0,17.01,16.99,120000.0,2039712.3771
2026-09-07 14:52:00,16.99,16.99,17.0,16.98,316103.0,5370956.9538
2026-09-07 14:53:00,16.99,17.0,17.01,16.98,149302.0,2537732.999
2026-09-07 14:54:00,17.0,17.0,17.01,16.99,240171.0,4083066.0
2026-09-07 14:55:00,17.0,17.0,17.01,16.99,298608.0,5075999.1879
2026-09-07 14:56:00,16.99,17.0,17.01,16.99,424000.0,7207793.9974
2026-09-07 14:57:00,17.01,17.0,17.02,17.0,281238.0,4783510.0
2026-09-07 15:00:00,17.07,17.07,17.07,17.07,529900.0,9045392.9849
2026-09-08 09:31:00,16.93,16.89,17.0,16.86,973200.0,16473004.0393
2026-09-08 09:32:00,16.88,16.69,16.89,16.66,825868.0,13858554.1251
2026-09-08 09:33:00,16.69,16.7,16.77,16.67,571800.0,9551051.2427
2026-09-08 09:34:00,16.71,16.6,16.71,16.56,849680.0,14129471.0317
2026-09-08 09:35:00,16.61,16.65,16.7,16.59,430072.0,7159136.0936
2026-09-08 09:36:00,16.65,16.66,16.71,16.65,337132.0,5623216.5142
2026-09-08 09:37:00,16.67,16.63,16.68,16.62,350268.0,5835892.8704
2026-09-08 09:38:00,16.63,16.6,16.63,16.58,427300.0,7096343.8261
2026-09-08 09:39:00,16.59,16.59,16.61,16.57,400600.0,6644898.0012
2026-09-08 09:40:00,16.59,16.65,16.66,16.58,217457.0,3612569.4779
2026-09-08 09:41:00,16.66,16.62,16.69,16.61,205723.0,3424024.9262
2026-09-08 09:42:00,16.62,16.61,16.64,16.6,231895.0,3852269.5964
2026-09-08 09:43:00,16.61,16.68,16.71,16.61,211864.0,3528510.2301
2026-09-08 09:44:00,16.7,16.8,16.87,16.66,367208.0,6167321.4029
2026-09-08 09:45:00,16.79,17.07,17.07,16.79,642081.0,10886784.5572
2026-09-08 09:46:00,17.04,16.99,17.11,16.96,370700.0,6323785.9979
2026-09-08 09:47:00,16.99,17.02,17.02,16.96,104068.0,1767396.9868
2026-09-08 09:48:00,17.01,16.94,17.05,16.93,285800.0,4860583.9718
2026-09-08 09:49:00,16.94,16.9,16.95,16.89,152002.0,2571583.0867
2026-09-08 09:50:00,16.9,17.08,17.08,16.88,213372.0,3626280.5528
2026-09-08 09:51:00,17.06,17.04,17.13,17.04,441208.0,7541338.8873
2026-09-08 09:52:00,17.05,16.98,17.05,16.97,79600.0,1354426.0125
2026-09-08 09:53:00,16.97,16.96,16.98,16.95,77987.0,1322646.6213
2026-09-08 09:54:00,16.96,17.07,17.08,16.95,149598.0,2543003.0237
2026-09-08 09:55:00,17.05,17.13,17.14,17.05,386310.0,6606100.3666
2026-09-08 09:56:00,17.13,17.1,17.19,17.1,533990.0,9152581.5594
2026-09-08 09:57:00,17.1,17.15,17.15,17.09,247269.0,4228410.9315
2026-09-08 09:58:00,17.14,17.19,17.2,17.14,381800.0,6558117.0199
2026-09-08 09:59:00,17.17,17.16,17.18,17.12,217700.0,3735068.3187
2026-09-08 10:00:00,17.16,17.12,17.16,17.12,98300.0,1685151.972
2026-09-08 10:01:00,17.12,17.11,17.13,17.1,175488.0,3003668.8059
2026-09-08 10:02:00,17.11,17.1,17.12,17.1,76300.0,1305389.0098
2026-09-08 10:03:00,17.11,17.07,17.11,17.06,287690.0,4916281.0995
2026-09-08 10:04:00,17.06,17.04,17.07,17.02,45300.0,772020.0
2026-09-08 10:05:00,17.05,17.03,17.05,17.02,52990.0,902306.821
2026-09-08 10:06:00,17.03,17.05,17.05,17.02,59600.0,1015195.0216
2026-09-08 10:07:00,17.05,17.09,17.11,17.05,57400.0,981112.9998
2026-09-08 10:08:00,17.09,17.05,17.09,17.04,76200.0,1300727.9904
2026-09-08 10:09:00,17.05,17.04,17.05,17.03,29500.0,502592.021
2026-09-08 10:10:00,17.03,17.02,17.03,17.0,65110.0,1108038.3108
2026-09-08 10:11:00,17.01,16.91,17.02,16.88,194900.0,3303627.992
2026-09-08 10:12:00,16.91,16.87,16.93,16.8,314200.0,5295780.0015
2026-09-08 10:13:00,16.89,16.95,16.95,16.88,97100.0,1643369.1982
2026-09-08 10:14:00,16.94,16.98,16.99,16.93,33890.0,575239.4967
2026-09-08 10:15:00,16.97,16.88,16.98,16.87,81400.0,1376274.9818
2026-09-08 10:16:00,16.87,16.92,16.93,16.87,55301.0,934565.9152
2026-09-08 10:17:00,16.94,16.96,16.98,16.92,31700.0,536893.0015
2026-09-08 10:18:00,16.96,16.91,16.96,16.9,21100.0,357224.0021
2026-09-08 10:19:00,16.91,16.91,16.92,16.9,34068.0,576035.1985
2026-09-08 10:20:00,16.92,16.93,16.93,16.91,18498.0,312957.1789
2026-09-08 10:21:00,16.93,16.94,16.95,16.92,18400.0,311547.0004
2026-09-08 10:22:00,16.94,16.93,16.94,16.92,27200.0,460488.0
2026-09-08 10:23:00,16.93,16.91,16.94,16.91,43900.0,742944.0005
2026-09-08 10:24:00,16.92,16.88,16.92,16.88,95134.0,1607429.5914
2026-09-08 10:25:00,16.88,16.86,16.89,16.86,104168.0,1757677.4655
2026-09-08 10:26:00,16.86,16.88,16.89,16.86,62300.0,1051067.0033
2026-09-08 10:27:00,16.88,16.88,16.88,16.87,61812.0,1043108.5545
2026-09-08 10:28:00,16.88,16.88,16.9,16.88,57500.0,970844.9566
2026-09-08 10:29:00,16.89,16.91,16.92,16.89,30800.0,520677.0
2026-09-08 10:30:00,16.91,16.91,16.92,16.9,21473.0,363038.4299
2026-09-08 10:31:00,16.92,16.91,16.92,16.91,22527.0,381015.5699
2026-09-08 10:32:00,16.91,16.9,16.91,16.9,20373.0,344391.6986
2026-09-08 10:33:00,16.91,16.87,16.91,16.87,70627.0,1192955.287
2026-09-08 10:34:00,16.87,16.83,16.87,16.83,98232.0,1655576.538
2026-09-08 10:35:00,16.84,16.81,16.85,16.8,168885.0,2839802.9835
2026-09-08 10:36:00,16.81,16.83,16.84,16.8,82167.0,1381726.9234
2026-09-08 10:37:00,16.83,16.83,16.84,16.82,41747.0,702505.0044
2026-09-08 10:38:00,16.83,16.83,16.84,16.83,45700.0,769253.001
2026-09-08 10:39:00,16.84,16.84,16.85,16.83,34053.0,573334.9902
2026-09-08 10:40:00,16.85,16.84,16.86,16.84,21600.0,363856.0316
2026-09-08 10:41:00,16.84,16.84,16.85,16.83,44700.0,752909.0035
2026-09-08 10:42:00,16.84,16.81,16.86,16.81,74100.0,1246722.0
2026-09-08 10:43:00,16.81,16.8,16.82,16.8,100048.0,1681023.3393
2026-09-08 10:44:00,16.8,16.8,16.81,16.79,52367.0,879618.5836
2026-09-08 10:45:00,16.79,16.81,16.82,16.79,113478.0,1906016.4402
2026-09-08 10:46:00,16.82,17.1,17.17,16.82,457344.0,7795912.1312
2026-09-08 10:47:00,17.1,17.34,17.35,17.1,1478965.0,25443346.5313
2026-09-08 10:48:00,17.34,17.27,17.35,17.21,597149.0,10311358.8213
2026-09-08 10:49:00,17.26,17.48,17.55,17.25,1200440.0,20928517.657
2026-09-08 10:50:00,17.49,17.48,17.5,17.37,440595.0,7679345.3542
2026-09-08 10:51:00,17.45,17.54,17.66,17.45,1036767.0,18231826.1295
2026-09-08 10:52:00,17.53,17.52,17.56,17.5,480900.0,8425750.0264
2026-09-08 10:53:00,17.52,17.56,17.66,17.52,605400.0,10660137.741
2026-09-08 10:54:00,17.55,17.56,17.57,17.52,258656.0,4538848.6011
2026-09-08 10:55:00,17.56,17.52,17.57,17.51,392564.0,6886481.0394
2026-09-08 10:56:00,17.52,17.5,17.54,17.5,206600.0,3618308.0129
2026-09-08 10:57:00,17.5,17.4,17.51,17.4,233800.0,4078585.0547
2026-09-08 10:58:00,17.4,17.48,17.48,17.36,117200.0,2040816.9727
2026-09-08 10:59:00,17.47,17.54,17.55,17.47,180768.0,3166215.596
2026-09-08 11:00:00,17.53,17.46,17.53,17.45,122925.0,2150122.9588
2026-09-08 11:01:00,17.46,17.47,17.48,17.45,49700.0,868019.2171
2026-09-08 11:02:00,17.47,17.52,17.54,17.47,131304.0,2298924.7578
2026-09-08 11:03:00,17.51,17.46,17.52,17.46,101396.0,1773872.7395
2026-09-08 11:04:00,17.46,17.41,17.47,17.41,79400.0,1384611.692
2026-09-08 11:05:00,17.41,17.35,17.41,17.35,140832.0,2447680.1924
2026-09-08 11:06:00,17.35,17.43,17.43,17.34,66268.0,1151815.5246
2026-09-08 11:07:00,17.42,17.4,17.43,17.37,57000.0,991729.9921
2026-09-08 11:08:00,17.38,17.42,17.42,17.38,43400.0,755204.9928
2026-09-08 11:09:00,17.41,17.4,17.42,17.4,72200.0,1256972.9997
2026-09-08 11:10:00,17.4,17.31,17.4,17.3,133700.0,2319150.9498
2026-09-08 11:11:00,17.32,17.32,17.33,17.32,54500.0,944433.0
2026-09-08 11:12:00,17.32,17.36,17.36,17.32,26600.0,461473.001
2026-09-08 11:13:00,17.35,17.34,17.36,17.32,46300.0,803071.001
2026-09-08 11:14:00,17.34,17.31,17.34,17.3,56300.0,974889.9995
2026-09-08 11:15:00,17.31,17.27,17.31,17.26,115500.0,1996155.3174
2026-09-08 11:16:00,17.27,17.3,17.3,17.27,35367.0,611225.7921
2026-09-08 11:17:00,17.3,17.3,17.3,17.29,26300.0,454899.0038
2026-09-08 11:18:00,17.29,17.28,17.3,17.27,78433.0,1355535.2988
2026-09-08 11:19:00,17.28,17.29,17.29,17.27,29167.0,503986.7747
2026-09-08 11:20:00,17.28,17.31,17.32,17.27,48300.0,834925.3508
2026-09-08 11:21:00,17.33,17.45,17.5,17.33,122400.0,2136503.4049
2026-09-08 11:22:00,17.43,17.47,17.49,17.43,83900.0,1465749.9941
2026-09-08 11:23:00,17.47,17.4,17.47,17.39,77200.0,1346868.8621
2026-09-08 11:24:00,17.4,17.39,17.4,17.38,37100.0,645230.9951
2026-09-08 11:25:00,17.39,17.44,17.45,17.39,81300.0,1416343.0074
2026-09-08 11:26:00,17.44,17.47,17.47,17.42,88800.0,1550079.9441
2026-09-08 11:27:00,17.46,17.49,17.51,17.45,151037.0,2641846.2566
2026-09-08 11:28:00,17.49,17.46,17.5,17.46,72700.0,1271060.9947
2026-09-08 11:29:00,17.48,17.47,17.48,17.46,40345.0,704657.6692
2026-09-08 11:30:00,17.47,17.46,17.47,17.45,67755.0,1183095.2477
2026-09-08 13:01:00,17.45,17.43,17.48,17.42,74900.0,1307667.9698
2026-09-08 13:02:00,17.42,17.35,17.42,17.35,31600.0,549495.6287
2026-09-08 13:03:00,17.36,17.4,17.4,17.33,20500.0,356015.9991
2026-09-08 13:04:00,17.4,17.33,17.4,17.33,19600.0,340096.996
2026-09-08 13:05:00,17.33,17.32,17.33,17.31,23700.0,410414.0
2026-09-08 13:06:00,17.33,17.36,17.36,17.32,29000.0,502801.0039
2026-09-08 13:07:00,17.36,17.33,17.36,17.33,23300.0,404141.0
2026-09-08 13:08:00,17.32,17.32,17.33,17.32,33400.0,578641.0
2026-09-08 13:09:00,17.32,17.32,17.34,17.31,28000.0,484856.0
2026-09-08 13:10:00,17.31,17.3,17.31,17.29,50500.0,873663.9628
2026-09-08 13:11:00,17.3,17.3,17.31,17.28,43900.0,759297.9998
2026-09-08 13:12:00,17.31,17.31,17.31,17.3,26200.0,453326.988
2026-09-08 13:13:00,17.3,17.33,17.33,17.3,13300.0,230309.9999
2026-09-08 13:14:00,17.34,17.42,17.43,17.33,59468.0,1034022.5648
2026-09-08 13:15:00,17.42,17.41,17.49,17.4,196600.0,3425118.3177
2026-09-08 13:16:00,17.41,17.44,17.46,17.4,58300.0,1016194.9983
2026-09-08 13:17:00,17.42,17.4,17.43,17.4,87232.0,1519274.7585
2026-09-08 13:18:00,17.4,17.41,17.41,17.35,54100.0,940546.9926
2026-09-08 13:19:00,17.41,17.42,17.44,17.4,28468.0,495872.198
2026-09-08 13:20:00,17.43,17.46,17.47,17.42,43733.0,762769.1838
2026-09-08 13:21:00,17.46,17.48,17.5,17.44,113100.0,1977211.9034
2026-09-08 13:22:00,17.47,17.46,17.5,17.46,89300.0,1561410.9871
2026-09-08 13:23:00,17.47,17.46,17.47,17.45,28400.0,495951.9807
2026-09-08 13:24:00,17.45,17.43,17.46,17.41,82300.0,1435825.9697
2026-09-08 13:25:00,17.42,17.38,17.45,17.38,44432.0,773235.1056
2026-09-08 13:26:00,17.38,17.4,17.42,17.35,90604.0,1573208.4873
2026-09-08 13:27:00,17.42,17.45,17.45,17.42,14931.0,260381.0256
2026-09-08 13:28:00,17.45,17.41,17.45,17.41,19669.0,342828.9816
2026-09-08 13:29:00,17.41,17.43,17.43,17.4,17331.0,301808.0195
2026-09-08 13:30:00,17.44,17.5,17.52,17.42,126337.0,2208235.6125
2026-09-08 13:31:00,17.48,17.44,17.5,17.43,142800.0,2490110.6119
2026-09-08 13:32:00,17.43,17.47,17.47,17.43,32600.0,569170.0145
2026-09-08 13:33:00,17.47,17.51,17.53,17.47,139700.0,2446161.0085
2026-09-08 13:34:00,17.51,17.51,17.52,17.5,60000.0,1050725.0
2026-09-08 13:35:00,17.51,17.49,17.52,17.49,75000.0,1312532.0
2026-09-08 13:36:00,17.49,17.48,17.49,17.47,44000.0,769204.9955
2026-09-08 13:37:00,17.47,17.47,17.48,17.42,122699.0,2139877.5987
2026-09-08 13:38:00,17.42,17.46,17.47,17.42,17700.0,308583.9963
2026-09-08 13:39:00,17.47,17.48,17.49,17.46,35137.0,614145.7555
2026-09-08 13:40:00,17.48,17.48,17.49,17.47,33363.0,583279.8629
2026-09-08 13:41:00,17.47,17.48,17.5,17.47,75900.0,1327247.6179
2026-09-08 13:42:00,17.48,17.52,17.52,17.48,58637.0,1026592.5
2026-09-08 13:43:00,17.51,17.59,17.59,17.51,208300.0,3656401.0236
2026-09-08 13:44:00,17.59,17.55,17.6,17.55,150600.0,2648861.995
2026-09-08 13:45:00,17.55,17.54,17.56,17.53,49090.0,861232.6117
2026-09-08 13:46:00,17.54,17.47,17.55,17.47,78973.0,1382441.9072
2026-09-08 13:47:00,17.47,17.43,17.47,17.43,80900.0,1412603.9576
2026-09-08 13:48:00,17.43,17.45,17.45,17.42,34700.0,605151.0045
2026-09-08 13:49:00,17.44,17.48,17.48,17.44,40200.0,701443.0387
2026-09-08 13:50:00,17.49,17.5,17.51,17.48,33600.0,587934.0
2026-09-08 13:51:00,17.51,17.5,17.51,17.47,69600.0,1217338.0
2026-09-08 13:52:00,17.49,17.46,17.5,17.46,13000.0,227172.0951
2026-09-08 13:53:00,17.46,17.42,17.47,17.42,34000.0,592931.0011
2026-09-08 13:54:00,17.42,17.35,17.44,17.34,108796.0,1891060.5176
2026-09-08 13:55:00,17.34,17.36,17.38,17.33,86904.0,1507781.4833
2026-09-08 13:56:00,17.39,17.38,17.42,17.37,21800.0,379014.9972
2026-09-08 13:57:00,17.42,17.39,17.42,17.36,33400.0,580520.0012
2026-09-08 13:58:00,17.39,17.39,17.39,17.37,20800.0,361605.9987
2026-09-08 13:59:00,17.39,17.39,17.4,17.37,39400.0,685077.999
2026-09-08 14:00:00,17.39,17.38,17.39,17.38,23100.0,401550.9863
2026-09-08 14:01:00,17.38,17.38,17.39,17.38,15300.0,266008.994
2026-09-08 14:02:00,17.38,17.36,17.38,17.36,58600.0,1017927.0232
2026-09-08 14:03:00,17.36,17.29,17.37,17.29,147800.0,2560527.0022
2026-09-08 14:04:00,17.28,17.22,17.3,17.22,140433.0,2423557.9385
2026-09-08 14:05:00,17.22,17.25,17.25,17.22,87669.0,1511806.2498
2026-09-08 14:06:00,17.29,17.29,17.3,17.26,16500.0,285257.3308
2026-09-08 14:07:00,17.29,17.28,17.29,17.26,50102.0,865826.5865
2026-09-08 14:08:00,17.28,17.28,17.28,17.27,17798.0,307415.425
2026-09-08 14:09:00,17.27,17.26,17.27,17.26,34174.0,589964.2209
2026-09-08 14:10:00,17.26,17.28,17.28,17.25,34602.0,597275.7817
2026-09-08 14:11:00,17.29,17.36,17.36,17.28,26468.0,458029.7299
2026-09-08 14:12:00,17.36,17.31,17.36,17.31,32600.0,565383.0
2026-09-08 14:13:00,17.32,17.26,17.32,17.25,131200.0,2265433.2836
2026-09-08 14:14:00,17.26,17.27,17.29,17.26,67000.0,1156516.0004
2026-09-08 14:15:00,17.27,17.24,17.27,17.23,122000.0,2103988.2395
2026-09-08 14:16:00,17.24,17.14,17.24,17.13,240200.0,4127090.9674
2026-09-08 14:17:00,17.14,17.2,17.21,17.13,47900.0,822088.9932
2026-09-08 14:18:00,17.18,17.2,17.2,17.17,46900.0,805950.248
2026-09-08 14:19:00,17.18,17.15,17.19,17.15,132100.0,2266800.0
2026-09-08 14:20:00,17.15,17.14,17.17,17.13,110300.0,1892304.9961
2026-09-08 14:21:00,17.14,17.14,17.14,17.12,42600.0,729748.9725
2026-09-08 14:22:00,17.13,17.14,17.14,17.13,52800.0,904815.9658
2026-09-08 14:23:00,17.14,17.19,17.19,17.14,75576.0,1297211.6396
2026-09-08 14:24:00,17.19,17.18,17.2,17.17,65000.0,1116816.0029
2026-09-08 14:25:00,17.17,17.18,17.18,17.16,31500.0,540936.0
2026-09-08 14:26:00,17.18,17.19,17.21,17.18,64371.0,1106983.8063
2026-09-08 14:27:00,17.2,17.2,17.2,17.19,38800.0,667283.0339
2026-09-08 14:28:00,17.19,17.17,17.2,17.17,45429.0,780591.5166
2026-09-08 14:29:00,17.18,17.18,17.2,17.16,158000.0,2714629.3055
2026-09-08 14:30:00,17.17,17.17,17.18,17.17,33300.0,571805.0
2026-09-08 14:31:00,17.18,17.16,17.18,17.14,70900.0,1216378.2322
2026-09-08 14:32:00,17.16,17.16,17.17,17.15,32400.0,556109.0
2026-09-08 14:33:00,17.16,17.14,17.17,17.14,77924.0,1336508.3599
2026-09-08 14:34:00,17.14,17.14,17.15,17.13,52176.0,894263.8585
2026-09-08 14:35:00,17.14,17.14,17.15,17.14,32400.0,555453.9922
2026-09-08 14:36:00,17.14,17.12,17.15,17.12,64724.0,1108593.1146
2026-09-08 14:37:00,17.12,17.09,17.12,17.09,100700.0,1722246.0083
2026-09-08 14:38:00,17.09,17.08,17.09,17.07,131167.0,2239917.3589
2026-09-08 14:39:00,17.08,17.1,17.1,17.08,40500.0,692279.0012
2026-09-08 14:40:00,17.1,17.1,17.11,17.09,92200.0,1576909.3954
2026-09-08 14:41:00,17.1,17.07,17.1,17.06,177033.0,3022984.3558
2026-09-08 14:42:00,17.07,17.07,17.1,17.06,118600.0,2025165.0073
2026-09-08 14:43:00,17.07,17.1,17.1,17.06,53928.0,920608.2383
2026-09-08 14:44:00,17.09,17.1,17.1,17.09,38700.0,661699.0
2026-09-08 14:45:00,17.11,17.11,17.11,17.1,42900.0,733769.0
2026-09-08 14:46:00,17.1,17.1,17.11,17.09,77100.0,1318323.0056
2026-09-08 14:47:00,17.1,17.08,17.1,17.08,113200.0,1933840.9847
2026-09-08 14:48:00,17.09,17.09,17.09,17.08,56300.0,961758.9968
2026-09-08 14:49:00,17.08,17.06,17.09,17.06,128072.0,2186789.7571
2026-09-08 14:50:00,17.07,17.05,17.07,17.04,169700.0,2894266.0154
2026-09-08 14:51:00,17.05,17.04,17.06,17.03,161268.0,2749067.0671
2026-09-08 14:52:00,17.04,17.05,17.06,17.03,63500.0,1082849.9745
2026-09-08 14:53:00,17.05,17.07,17.07,17.05,76200.0,1300177.998
2026-09-08 14:54:00,17.07,17.11,17.11,17.06,143596.0,2452988.0449
2026-09-08 14:55:00,17.1,17.08,17.12,17.08,148300.0,2535275.0094
2026-09-08 14:56:00,17.08,17.1,17.1,17.08,171376.0,2928869.092
2026-09-08 14:57:00,17.1,17.11,17.11,17.09,333700.0,5706326.0094
2026-09-08 15:00:00,17.1,17.1,17.1,17.1,271947.0,4650293.7026
2026-09-09 09:31:00,16.93,16.95,17.1,16.91,1135685.0,19276295.2959
2026-09-09 09:32:00,16.97,16.86,16.99,16.86,488215.0,8266657.2586
2026-09-09 09:33:00,16.86,16.92,16.93,16.8,544374.0,9161678.1508
2026-09-09 09:34:00,16.92,16.9,16.93,16.86,330015.0,5576995.0118
2026-09-09 09:35:00,16.9,16.71,16.91,16.71,471911.0,7927013.3756
2026-09-09 09:36:00,16.72,16.8,16.81,16.7,466319.0,7802060.137
2026-09-09 09:37:00,16.8,16.71,16.8,16.7,472114.0,7896975.6253
2026-09-09 09:38:00,16.71,16.72,16.76,16.71,223730.0,3741450.8969
2026-09-09 09:39:00,16.73,16.74,16.76,16.71,275268.0,4603795.8199
2026-09-09 09:40:00,16.74,16.83,16.85,16.73,124373.0,2087089.7668
2026-09-09 09:41:00,16.83,16.87,16.89,16.82,154590.0,2606983.3985
2026-09-09 09:42:00,16.87,16.81,16.88,16.8,238246.0,4011005.1694
2026-09-09 09:43:00,16.83,16.85,16.94,16.82,181400.0,3062307.4162
2026-09-09 09:44:00,16.85,16.81,16.85,16.81,143200.0,2409105.9824
2026-09-09 09:45:00,16.82,16.78,16.82,16.75,205664.0,3451254.8829
2026-09-09 09:46:00,16.78,16.77,16.78,16.73,153400.0,2568652.0004
2026-09-09 09:47:00,16.75,16.78,16.78,16.75,80600.0,1351579.0052
2026-09-09 09:48:00,16.78,16.77,16.79,16.77,118800.0,1992985.0527
2026-09-09 09:49:00,16.77,16.74,16.78,16.74,138200.0,2315078.2804
2026-09-09 09:50:00,16.75,16.75,16.75,16.73,92668.0,1551438.3203
2026-09-09 09:51:00,16.75,16.76,16.77,16.74,127000.0,2127424.9995
2026-09-09 09:52:00,16.76,16.75,16.77,16.74,110300.0,1847697.998
2026-09-09 09:53:00,16.75,16.68,16.75,16.66,583966.0,9754381.1974
2026-09-09 09:54:00,16.68,16.61,16.68,16.59,658203.0,10938691.966
2026-09-09 09:55:00,16.62,16.67,16.71,16.61,194300.0,3236793.011
2026-09-09 09:56:00,16.67,16.65,16.67,16.64,159200.0,2651166.998
2026-09-09 09:57:00,16.64,16.67,16.69,16.64,122500.0,2041138.0
2026-09-09 09:58:00,16.69,16.74,16.76,16.68,138800.0,2322357.9851
2026-09-09 09:59:00,16.75,16.98,16.98,16.72,368372.0,6196357.5023
2026-09-09 10:00:00,16.98,16.88,16.99,16.86,151000.0,2555575.0192
2026-09-09 10:01:00,16.89,17.0,17.05,16.88,408018.0,6929541.223
2026-09-09 10:02:00,17.0,16.96,17.0,16.9,111282.0,1886878.17
2026-09-09 10:03:00,16.94,16.92,16.97,16.91,153500.0,2600103.0214
2026-09-09 10:04:00,16.91,16.87,16.92,16.87,92700.0,1566739.0013
2026-09-09 10:05:00,16.87,16.8,16.87,16.79,83900.0,1412093.9922
2026-09-09 10:06:00,16.8,16.84,16.84,16.79,48391.0,813152.7887
2026-09-09 10:07:00,16.84,16.86,16.86,16.83,51137.0,861232.0811
2026-09-09 10:08:00,16.85,16.78,16.86,16.77,91872.0,1543535.1379
2026-09-09 10:09:00,16.78,16.84,16.85,16.78,38000.0,638953.0015
2026-09-09 10:10:00,16.84,16.77,16.84,16.77,127900.0,2147670.0176
2026-09-09 10:11:00,16.78,16.76,16.79,16.73,65874.0,1104251.0271
2026-09-09 10:12:00,16.76,16.74,16.77,16.73,66300.0,1110124.9988
2026-09-09 10:13:00,16.75,16.83,16.83,16.75,49856.0,836984.9993
2026-09-09 10:14:00,16.84,16.86,16.9,16.84,74900.0,1263725.9674
2026-09-09 10:15:00,16.85,16.8,16.87,16.8,46900.0,789391.9968
2026-09-09 10:16:00,16.81,16.81,16.83,16.8,21500.0,361569.9991
2026-09-09 10:17:00,16.81,16.81,16.83,16.81,36200.0,608694.0
2026-09-09 10:18:00,16.8,16.81,16.82,16.8,43600.0,732651.9868
2026-09-09 10:19:00,16.81,16.83,16.83,16.8,22181.0,372983.7997
2026-09-09 10:20:00,16.84,16.84,16.86,16.83,39576.0,666610.8398
2026-09-09 10:21:00,16.82,16.78,16.84,16.77,75819.0,1274184.9046
2026-09-09 10:22:00,16.77,16.75,16.78,16.75,94340.0,1580941.0007
2026-09-09 10:23:00,16.75,16.8,16.81,16.75,46662.0,782710.9485
2026-09-09 10:24:00,16.81,16.78,16.82,16.78,43700.0,734436.9933
2026-09-09 10:25:00,16.78,16.81,16.81,16.77,37800.0,634878.9932
2026-09-09 10:26:00,16.81,16.8,16.83,16.78,41500.0,696877.6777
2026-09-09 10:27:00,16.78,16.68,16.8,16.67,323868.0,5411118.3105
2026-09-09 10:28:00,16.68,16.77,16.79,16.65,386932.0,6450244.2725
2026-09-09 10:29:00,16.77,16.74,16.78,16.74,24526.0,411255.0222
2026-09-09 10:30:00,16.73,16.76,16.77,16.72,41005.0,686650.6971
2026-09-09 10:31:00,16.76,16.77,16.78,16.76,27176.0,455697.5216
2026-09-09 10:32:00,16.77,16.76,16.78,16.75,72324.0,1212725.503
2026-09-09 10:33:00,16.76,16.76,16.77,16.75,35244.0,590679.4336
2026-09-09 10:34:00,16.76,16.76,16.77,16.75,26200.0,439004.002
2026-09-09 10:35:00,16.76,16.76,16.77,16.76,40900.0,685695.0
2026-09-09 10:36:00,16.76,16.74,16.76,16.74,68956.0,1155158.5624
2026-09-09 10:37:00,16.75,16.72,16.75,16.72,49300.0,824617.9883
2026-09-09 10:38:00,16.71,16.7,16.72,16.69,40400.0,674768.9902
2026-09-09 10:39:00,16.69,16.69,16.7,16.67,65900.0,1099370.001
2026-09-09 10:40:00,16.7,16.72,16.73,16.69,32200.0,537949.0067
2026-09-09 10:41:00,16.72,16.72,16.73,16.7,57300.0,957622.965
2026-09-09 10:42:00,16.7,16.7,16.72,16.7,36700.0,613045.9935
2026-09-09 10:43:00,16.7,16.69,16.71,16.69,34000.0,567591.0151
2026-09-09 10:44:00,16.69,16.68,16.7,16.68,60200.0,1004367.0004
2026-09-09 10:45:00,16.68,16.68,16.7,16.68,42400.0,707539.0011
2026-09-09 10:46:00,16.69,16.7,16.7,16.68,43700.0,729283.0062
2026-09-09 10:47:00,16.7,16.7,16.71,16.69,70044.0,1169444.3765
2026-09-09 10:48:00,16.7,16.69,16.7,16.69,56000.0,935142.0187
2026-09-09 10:49:00,16.71,16.72,16.73,16.7,49800.0,832533.9615
2026-09-09 10:50:00,16.72,16.71,16.72,16.7,71200.0,1189860.9258
2026-09-09 10:51:00,16.71,16.71,16.72,16.7,80600.0,1347229.9261
2026-09-09 10:52:00,16.71,16.72,16.72,16.7,58800.0,982440.9575
2026-09-09 10:53:00,16.72,16.72,16.74,16.71,42200.0,705739.9808
2026-09-09 10:54:00,16.72,16.73,16.74,16.71,37400.0,625548.9895
2026-09-09 10:55:00,16.72,16.71,16.74,16.7,61600.0,1029331.9629
2026-09-09 10:56:00,16.71,16.71,16.71,16.7,82900.0,1385039.9445
2026-09-09 10:57:00,16.7,16.7,16.72,16.7,57500.0,960854.9807
2026-09-09 10:58:00,16.7,16.74,16.74,16.7,39300.0,656970.9948
2026-09-09 10:59:00,16.74,16.74,16.74,16.72,57400.0,960509.9996
2026-09-09 11:00:00,16.74,16.7,16.75,16.69,47100.0,787046.0096
2026-09-09 11:01:00,16.69,16.7,16.72,16.69,84279.0,1407013.54
2026-09-09 11:02:00,16.7,16.75,16.75,16.69,60868.0,1017758.308
2026-09-09 11:03:00,16.76,16.78,16.78,16.72,77800.0,1303553.0072
2026-09-09 11:04:00,16.78,16.71,16.78,16.71,80432.0,1345749.9747
2026-09-09 11:05:00,16.7,16.71,16.71,16.69,101400.0,1693411.0382
2026-09-09 11:06:00,16.71,16.71,16.72,16.71,18100.0,302532.9851
2026-09-09 11:07:00,16.73,16.72,16.73,16.72,20100.0,336095.9962
2026-09-09 11:08:00,16.72,16.73,16.73,16.71,62300.0,1041548.9531
2026-09-09 11:09:00,16.73,16.73,16.74,16.72,18700.0,312776.9922
2026-09-09 11:10:00,16.73,16.77,16.77,16.73,29900.0,500669.64
2026-09-09 11:11:00,16.77,16.76,16.79,16.76,21100.0,353940.0052
2026-09-09 11:12:00,16.76,16.77,16.77,16.76,15300.0,256502.0
2026-09-09 11:13:00,16.77,16.77,16.78,16.76,11000.0,184467.0006
2026-09-09 11:14:00,16.77,16.74,16.77,16.74,27900.0,467476.0
2026-09-09 11:15:00,16.73,16.74,16.74,16.73,29000.0,485262.0
2026-09-09 11:16:00,16.74,16.76,16.76,16.74,19100.0,319909.0
2026-09-09 11:17:00,16.76,16.73,16.76,16.73,61000.0,1021706.0
2026-09-09 11:18:00,16.74,16.75,16.76,16.74,11900.0,199332.0
2026-09-09 11:19:00,16.75,16.71,16.75,16.71,56000.0,936562.9779
2026-09-09 11:20:00,16.71,16.71,16.72,16.7,42000.0,701923.9779
2026-09-09 11:21:00,16.71,16.7,16.71,16.7,20400.0,340723.0115
2026-09-09 11:22:00,16.7,16.69,16.7,16.68,77077.0,1286458.1426
2026-09-09 11:23:00,16.68,16.68,16.7,16.68,24464.0,408173.5205
2026-09-09 11:24:00,16.69,16.69,16.7,16.68,58900.0,983145.0047
2026-09-09 11:25:00,16.68,16.68,16.69,16.68,17000.0,283593.002
2026-09-09 11:26:00,16.69,16.69,16.69,16.68,57500.0,959580.0029
2026-09-09 11:27:00,16.69,16.69,16.7,16.68,78168.0,1304477.9335
2026-09-09 11:28:00,16.7,16.67,16.7,16.66,114200.0,1904053.72
2026-09-09 11:29:00,16.68,16.65,16.68,16.63,190736.0,3176105.7451
2026-09-09 11:30:00,16.65,16.6,16.65,16.6,385800.0,6408762.9735
2026-09-09 13:01:00,16.64,16.62,16.65,16.6,90811.0,1508551.6143
2026-09-09 13:02:00,16.62,16.63,16.63,16.62,29600.0,492098.9991
2026-09-09 13:03:00,16.63,16.62,16.63,16.62,32700.0,543613.0155
2026-09-09 13:04:00,16.62,16.61,16.62,16.61,58700.0,975406.051
2026-09-09 13:05:00,16.61,16.62,16.62,16.6,51781.0,860019.2322
2026-09-09 13:06:00,16.63,16.62,16.64,16.62,44100.0,733083.9976
2026-09-09 13:07:00,16.62,16.64,16.64,16.62,35400.0,588615.9808
2026-09-09 13:08:00,16.65,16.7,16.7,16.63,34100.0,568291.9995
2026-09-09 13:09:00,16.7,16.67,16.72,16.67,43100.0,719485.0109
2026-09-09 13:10:00,16.67,16.68,16.68,16.67,42015.0,700527.0498
2026-09-09 13:11:00,16.69,16.7,16.7,16.67,58800.0,980586.9868
2026-09-09 13:12:00,16.67,16.67,16.69,16.66,28085.0,468193.9517
2026-09-09 13:13:00,16.67,16.65,16.67,16.65,34300.0,571367.9998
2026-09-09 13:14:00,16.65,16.66,16.67,16.65,36300.0,604580.0
2026-09-09 13:15:00,16.67,16.6,16.67,16.6,208800.0,3471297.9996
2026-09-09 13:16:00,16.61,16.61,16.61,16.59,117100.0,1944038.0
2026-09-09 13:17:00,16.61,16.6,16.61,16.59,79100.0,1312943.0039
2026-09-09 13:18:00,16.6,16.6,16.61,16.59,136186.0,2260224.74
2026-09-09 13:19:00,16.6,16.56,16.6,16.56,278026.0,4608618.1271
2026-09-09 13:20:00,16.56,16.53,16.58,16.53,181666.0,3006441.1387
2026-09-09 13:21:00,16.53,16.53,16.54,16.52,120200.0,1986709.0516
2026-09-09 13:22:00,16.53,16.52,16.54,16.52,124954.0,2064694.1104
2026-09-09 13:23:00,16.52,16.54,16.54,16.52,66151.0,1093233.5493
2026-09-09 13:24:00,16.53,16.55,16.55,16.53,79491.0,1314559.2898
2026-09-09 13:25:00,16.55,16.56,16.56,16.53,73300.0,1212474.0408
2026-09-09 13:26:00,16.56,16.56,16.56,16.53,122309.0,2023038.7796
2026-09-09 13:27:00,16.55,16.55,16.56,16.54,23800.0,393967.9957
2026-09-09 13:28:00,16.55,16.53,16.55,16.52,81300.0,1343877.0359
2026-09-09 13:29:00,16.52,16.53,16.54,16.52,72400.0,1196655.0231
2026-09-09 13:30:00,16.52,16.47,16.53,16.47,435900.0,7194191.001
2026-09-09 13:31:00,16.47,16.49,16.5,16.44,228800.0,3766781.9529
2026-09-09 13:32:00,16.5,16.51,16.53,16.48,58400.0,964326.0083
2026-09-09 13:33:00,16.51,16.52,16.54,16.47,92800.0,1531926.0093
2026-09-09 13:34:00,16.53,16.5,16.54,16.5,46600.0,769688.0099
2026-09-09 13:35:00,16.5,16.5,16.52,16.49,61400.0,1013270.0
2026-09-09 13:36:00,16.5,16.49,16.5,16.49,57200.0,943396.0
2026-09-09 13:37:00,16.49,16.51,16.52,16.48,101300.0,1671473.0
2026-09-09 13:38:00,16.51,16.52,16.52,16.5,19300.0,318648.0
2026-09-09 13:39:00,16.51,16.52,16.53,16.51,51135.0,844623.8513
2026-09-09 13:40:00,16.52,16.55,16.55,16.52,46567.0,769851.8662
2026-09-09 13:41:00,16.56,16.57,16.59,16.55,70900.0,1174633.998
2026-09-09 13:42:00,16.57,16.59,16.59,16.56,19500.0,323186.0
2026-09-09 13:43:00,16.58,16.56,16.59,16.56,65600.0,1086731.998
2026-09-09 13:44:00,16.55,16.55,16.56,16.55,30512.0,505192.591
2026-09-09 13:45:00,16.55,16.53,16.56,16.53,23388.0,386973.3964
2026-09-09 13:46:00,16.54,16.55,16.56,16.53,22745.0,376286.7667
2026-09-09 13:47:00,16.55,16.56,16.56,16.53,56200.0,930100.999
2026-09-09 13:48:00,16.55,16.55,16.57,16.55,24100.0,399027.9965
2026-09-09 13:49:00,16.56,16.55,16.56,16.54,27900.0,461797.9814
2026-09-09 13:50:00,16.55,16.56,16.56,16.54,31200.0,516478.9912
2026-09-09 13:51:00,16.56,16.7,16.7,16.56,159012.0,2645592.217
2026-09-09 13:52:00,16.69,16.66,16.71,16.65,97700.0,1629690.9952
2026-09-09 13:53:00,16.67,16.75,16.77,16.66,149900.0,2507012.0013
2026-09-09 13:54:00,16.75,16.71,16.76,16.71,68600.0,1148613.9988
2026-09-09 13:55:00,16.71,16.84,16.86,16.7,261101.0,4385529.0786
2026-09-09 13:56:00,16.84,17.09,17.1,16.83,846700.0,14392270.002
2026-09-09 13:57:00,17.08,17.13,17.16,17.08,651433.0,11158242.6584
2026-09-09 13:58:00,17.12,17.28,17.35,17.1,1302408.0,22459148.722
2026-09-09 13:59:00,17.28,17.5,17.53,17.28,1554748.0,27039882.1897
2026-09-09 14:00:00,17.5,17.41,17.53,17.31,661564.0,11519827.3559
2026-09-09 14:01:00,17.41,17.3,17.49,17.28,669300.0,11655687.3109
2026-09-09 14:02:00,17.31,17.3,17.42,17.27,377500.0,6557371.9922
2026-09-09 14:03:00,17.3,17.26,17.3,17.21,243300.0,4196995.9668
2026-09-09 14:04:00,17.27,17.29,17.35,17.26,202400.0,3502078.0055
2026-09-09 14:05:00,17.28,17.22,17.28,17.19,211100.0,3637054.0085
2026-09-09 14:06:00,17.22,17.17,17.24,17.16,174800.0,3005249.9766
2026-09-09 14:07:00,17.17,17.21,17.22,17.16,75400.0,1296141.0039
2026-09-09 14:08:00,17.21,17.15,17.22,17.15,112500.0,1932667.0098
2026-09-09 14:09:00,17.15,17.22,17.24,17.15,127900.0,2198685.9868
2026-09-09 14:10:00,17.22,17.16,17.22,17.16,149500.0,2569119.0332
2026-09-09 14:11:00,17.17,17.09,17.18,17.09,195500.0,3348104.9576
2026-09-09 14:12:00,17.1,17.13,17.13,17.09,69200.0,1184300.9915
2026-09-09 14:13:00,17.13,17.22,17.22,17.13,68750.0,1182060.8783
2026-09-09 14:14:00,17.21,17.25,17.25,17.21,189500.0,3266755.9828
2026-09-09 14:15:00,17.26,17.2,17.26,17.2,274600.0,4732800.0115
2026-09-09 14:16:00,17.2,17.13,17.2,17.13,39500.0,677679.0005
2026-09-09 14:17:00,17.13,17.16,17.16,17.13,37100.0,636195.9975
2026-09-09 14:18:00,17.16,17.15,17.16,17.14,32700.0,560926.0
2026-09-09 14:19:00,17.15,17.16,17.16,17.15,38600.0,662253.0
2026-09-09 14:20:00,17.16,17.17,17.17,17.16,30700.0,526874.0
2026-09-09 14:21:00,17.16,17.16,17.17,17.15,54400.0,933513.0
2026-09-09 14:22:00,17.15,17.14,17.16,17.14,37900.0,650163.0
2026-09-09 14:23:00,17.15,17.11,17.15,17.11,70500.0,1207511.0156
2026-09-09 14:24:00,17.11,17.13,17.13,17.11,32400.0,554736.0192
2026-09-09 14:25:00,17.14,17.16,17.16,17.13,50800.0,870954.9904
2026-09-09 14:26:00,17.15,17.15,17.17,17.14,46900.0,804451.998
2026-09-09 14:27:00,17.15,17.16,17.16,17.13,33148.0,568417.1965
2026-09-09 14:28:00,17.15,17.14,17.16,17.14,198752.0,3408564.75
2026-09-09 14:29:00,17.13,17.13,17.14,17.12,19100.0,327162.998
2026-09-09 14:30:00,17.13,17.13,17.14,17.12,15600.0,267196.9901
2026-09-09 14:31:00,17.13,17.11,17.13,17.1,82000.0,1403152.0214
2026-09-09 14:32:00,17.11,17.1,17.11,17.1,32400.0,554111.0
2026-09-09 14:33:00,17.1,17.09,17.11,17.09,60900.0,1041390.0
2026-09-09 14:34:00,17.09,17.07,17.09,17.07,54300.0,927667.0013
2026-09-09 14:35:00,17.08,17.07,17.08,17.06,69100.0,1179464.9961
2026-09-09 14:36:00,17.07,17.1,17.1,17.06,38572.0,659072.457
2026-09-09 14:37:00,17.1,17.12,17.12,17.1,29900.0,511561.007
2026-09-09 14:38:00,17.12,17.11,17.12,17.11,36200.0,619450.0105
2026-09-09 14:39:00,17.12,17.12,17.13,17.11,37300.0,638448.0322
2026-09-09 14:40:00,17.11,17.13,17.14,17.11,80600.0,1380043.0378
2026-09-09 14:41:00,17.13,17.12,17.14,17.12,23800.0,407518.014
2026-09-09 14:42:00,17.12,17.12,17.13,17.11,40500.0,693435.0217
2026-09-09 14:43:00,17.12,17.11,17.12,17.11,103900.0,1777933.0568
2026-09-09 14:44:00,17.12,17.13,17.13,17.12,102300.0,1751545.0829
2026-09-09 14:45:00,17.13,17.12,17.13,17.11,68800.0,1177995.049
2026-09-09 14:46:00,17.12,17.12,17.13,17.11,82500.0,1412616.0187
2026-09-09 14:47:00,17.13,17.12,17.13,17.1,101400.0,1735221.0162
2026-09-09 14:48:00,17.1,17.09,17.12,17.09,83000.0,1419846.0088
2026-09-09 14:49:00,17.09,17.08,17.1,17.08,66800.0,1141465.0021
2026-09-09 14:50:00,17.08,17.11,17.12,17.08,109321.0,1869237.6611
2026-09-09 14:51:00,17.11,17.17,17.17,17.11,232848.0,3990339.816
2026-09-09 14:52:00,17.17,17.23,17.23,17.12,162415.0,2790146.1166
2026-09-09 14:53:00,17.23,17.18,17.26,17.18,209000.0,3601499.9939
2026-09-09 14:54:00,17.18,17.19,17.22,17.18,184400.0,3172927.6852
2026-09-09 14:55:00,17.19,17.2,17.21,17.19,180100.0,3097149.0875
2026-09-09 14:56:00,17.2,17.23,17.26,17.19,320753.0,5523801.4648
2026-09-09 14:57:00,17.24,17.27,17.29,17.23,336966.0,5818730.2811
2026-09-09 15:00:00,17.25,17.25,17.25,17.25,520100.0,8971725.0
