time,open,close,high,low,volume,amount
2026-08-27 14:57:00,20.94,20.93,20.95,20.93,14244.0,298264.0
2026-08-27 14:58:00,20.93,20.93,20.93,20.93,4179.0,87468.0
2026-08-27 15:00:00,20.93,20.93,20.93,20.93,45208.0,946204.0
2026-08-28 09:31:00,20.93,20.88,20.93,20.86,16384.0,342846.0
2026-08-28 09:32:00,20.88,20.87,20.92,20.86,7445.0,155392.0
2026-08-28 09:33:00,20.87,20.96,20.96,20.87,25457.0,532914.0
2026-08-28 09:34:00,20.96,20.94,20.97,20.94,13405.0,280965.0
2026-08-28 09:35:00,20.96,21.09,21.09,20.94,26729.0,561155.0
2026-08-28 09:36:00,21.09,21.11,21.12,21.01,35534.0,728541.0
2026-08-28 09:37:00,21.11,21.12,21.15,21.11,29935.0,632233.0
2026-08-28 09:38:00,21.12,21.11,21.15,21.11,37995.0,803117.0
2026-08-28 09:39:00,21.12,21.23,21.23,21.11,40823.0,864555.0
2026-08-28 09:40:00,21.25,21.2,21.25,21.19,68877.0,1461895.0
2026-08-28 09:41:00,21.2,21.14,21.2,21.14,16826.0,356022.0
2026-08-28 09:42:00,21.16,21.14,21.16,21.14,16288.0,344387.0
2026-08-28 09:43:00,21.14,21.21,21.21,21.14,44678.0,945963.0
2026-08-28 09:44:00,21.22,21.16,21.22,21.15,12863.0,272363.0
2026-08-28 09:45:00,21.17,21.23,21.23,21.17,20936.0,443974.0
2026-08-28 09:46:00,21.22,21.25,21.25,21.22,15193.0,322653.0
2026-08-28 09:47:00,21.23,21.32,21.33,21.23,76427.0,1627982.0
2026-08-28 09:48:00,21.32,21.29,21.33,21.29,18669.0,398051.0
2026-08-28 09:49:00,21.3,21.31,21.32,21.3,38040.0,810757.0
2026-08-28 09:50:00,21.32,21.29,21.33,21.29,25399.0,541144.0
2026-08-28 09:51:00,21.29,21.3,21.3,21.28,10342.0,220232.0
2026-08-28 09:52:00,21.31,21.28,21.32,21.28,37784.0,805155.0
2026-08-28 09:53:00,21.28,21.26,21.28,21.26,9874.0,210019.0
2026-08-28 09:54:00,21.25,21.25,21.26,21.23,14162.0,300781.0
2026-08-28 09:55:00,21.23,21.21,21.25,21.21,16034.0,340308.0
2026-08-28 09:56:00,21.21,21.23,21.23,21.21,16373.0,347503.0
2026-08-28 09:57:00,21.22,21.23,21.23,21.22,11870.0,251919.0
2026-08-28 09:58:00,21.25,21.21,21.25,21.21,9551.0,202754.0
2026-08-28 09:59:00,21.22,21.22,21.22,21.21,8801.0,186741.0
2026-08-28 10:00:00,21.22,21.21,21.22,21.21,14900.0,316068.0
2026-08-28 10:01:00,21.21,21.21,21.21,21.2,14428.0,305954.0
2026-08-28 10:02:00,21.21,21.2,21.21,21.2,8769.0,185916.0
2026-08-28 10:03:00,21.21,21.23,21.23,21.21,4031.0,85538.0
2026-08-28 10:04:00,21.25,21.26,21.26,21.25,14146.0,300591.0
2026-08-28 10:05:00,21.28,21.39,21.39,21.28,84956.0,1813424.0
2026-08-28 10:06:00,21.39,21.44,21.44,21.37,40754.0,842504.0
2026-08-28 10:07:00,21.45,21.37,21.45,21.37,29393.0,629884.0
2026-08-28 10:08:00,21.37,21.38,21.39,21.34,11960.0,255732.0
2026-08-28 10:09:00,21.36,21.34,21.36,21.33,23760.0,507380.0
2026-08-28 10:10:00,21.34,21.35,21.38,21.34,3133.0,66952.0
2026-08-28 10:11:00,21.35,21.37,21.38,21.35,9265.0,197960.0
2026-08-28 10:12:00,21.35,21.3,21.35,21.3,56465.0,1204266.0
2026-08-28 10:13:00,21.3,21.31,21.35,21.3,4685.0,99878.0
2026-08-28 10:14:00,21.32,21.31,21.32,21.31,2715.0,57878.0
2026-08-28 10:15:00,21.31,21.22,21.31,21.22,19038.0,404910.0
2026-08-28 10:16:00,21.21,21.21,21.21,21.2,14390.0,256412.0
2026-08-28 10:17:00,21.2,21.19,21.2,21.19,4881.0,103466.0
2026-08-28 10:18:00,21.19,21.14,21.19,21.14,29746.0,629680.0
2026-08-28 10:19:00,21.13,21.14,21.17,21.13,9164.0,193704.0
2026-08-28 10:20:00,21.14,21.17,21.19,21.14,10585.0,224286.0
2026-08-28 10:21:00,21.16,21.22,21.22,21.16,4525.0,95876.0
2026-08-28 10:22:00,21.24,21.21,21.24,21.19,9260.0,196536.0
2026-08-28 10:23:00,21.21,21.21,21.21,21.21,100.0,2122.0
2026-08-28 10:24:00,21.22,21.21,21.22,21.21,6929.0,147034.0
2026-08-28 10:25:00,21.21,21.16,21.21,21.16,15742.0,333424.0
2026-08-28 10:26:00,21.16,21.16,21.21,21.16,4243.0,89800.0
2026-08-28 10:27:00,21.21,21.17,21.21,21.17,684.0,14496.0
2026-08-28 10:28:00,21.21,21.2,21.21,21.17,6300.0,133554.0
2026-08-28 10:29:00,21.2,21.16,21.2,21.16,8587.0,181774.0
2026-08-28 10:30:00,21.16,21.2,21.2,21.16,17345.0,367404.0
2026-08-28 10:31:00,21.18,21.17,21.18,21.17,8372.0,177304.0
2026-08-28 10:32:00,21.16,21.24,21.24,21.16,27197.0,576356.0
2026-08-28 10:33:00,21.16,21.16,21.17,21.16,6100.0,129088.0
2026-08-28 10:35:00,21.25,21.25,21.25,21.25,3738.0,79430.0
2026-08-28 10:36:00,21.18,21.17,21.18,21.17,700.0,14820.0
2026-08-28 10:37:00,21.25,21.18,21.25,21.18,396.0,8394.0
2026-08-28 10:38:00,21.18,21.18,21.18,21.18,700.0,14826.0
2026-08-28 10:39:00,21.19,21.19,21.19,21.19,600.0,12714.0
2026-08-28 10:40:00,21.19,21.18,21.23,21.18,4402.0,93314.0
2026-08-28 10:41:00,21.18,21.16,21.21,21.16,13411.0,284258.0
2026-08-28 10:42:00,21.16,21.17,21.17,21.16,12754.0,269980.0
2026-08-28 10:43:00,21.17,21.15,21.17,21.15,21025.0,444898.0
2026-08-28 10:44:00,21.16,21.16,21.16,21.16,4745.0,100406.0
2026-08-28 10:45:00,21.18,21.18,21.19,21.18,2654.0,56220.0
2026-08-28 10:46:00,21.18,21.2,21.21,21.18,10471.0,215660.0
2026-08-28 10:47:00,21.2,21.2,21.21,21.19,3546.0,75172.0
2026-08-28 10:48:00,21.2,21.2,21.21,21.2,1622.0,34388.0
2026-08-28 10:49:00,21.2,21.21,21.21,21.2,5435.0,115264.0
2026-08-28 10:50:00,21.21,21.2,21.21,21.2,9048.0,191882.0
2026-08-28 10:51:00,21.2,21.19,21.2,21.19,2938.0,62274.0
2026-08-28 10:52:00,21.19,21.19,21.19,21.19,7941.0,168270.0
2026-08-28 10:53:00,21.19,21.19,21.19,21.19,454.0,9620.0
2026-08-28 10:54:00,21.19,21.15,21.19,21.15,10722.0,227154.0
2026-08-28 10:55:00,21.15,21.15,21.15,21.15,100.0,2114.0
2026-08-28 10:56:00,21.15,21.19,21.19,21.15,2029.0,42986.0
2026-08-28 10:57:00,21.18,21.18,21.18,21.18,388.0,8220.0
2026-08-28 10:58:00,21.17,21.17,21.17,21.17,1908.0,40398.0
2026-08-28 10:59:00,21.18,21.18,21.18,21.18,100.0,2118.0
2026-08-28 11:00:00,21.19,21.18,21.19,21.18,2400.0,50852.0
2026-08-28 11:01:00,21.18,21.17,21.19,21.17,1300.0,27540.0
2026-08-28 11:02:00,21.17,21.17,21.21,21.17,8904.0,188532.0
2026-08-28 11:03:00,21.17,21.17,21.17,21.16,2498.0,52880.0
2026-08-28 11:04:00,21.17,21.15,21.17,21.15,16630.0,352000.0
2026-08-28 11:05:00,21.23,21.25,21.25,21.23,16413.0,348376.0
2026-08-28 11:06:00,21.23,21.23,21.23,21.23,4287.0,91024.0
2026-08-28 11:07:00,21.23,21.23,21.23,21.23,2200.0,46784.0
2026-08-28 11:08:00,21.2,21.27,21.27,21.2,1473.0,31240.0
2026-08-28 11:09:00,21.18,21.2,21.2,21.18,1408.0,29838.0
2026-08-28 11:12:00,21.25,21.2,21.25,21.2,1400.0,29718.0
2026-08-28 11:13:00,21.2,21.18,21.2,21.18,11321.0,239988.0
2026-08-28 11:14:00,21.17,21.17,21.17,21.17,5325.0,112738.0
2026-08-28 11:15:00,21.17,21.17,21.17,21.17,2816.0,59610.0
2026-08-28 11:16:00,21.17,21.25,21.25,21.17,3377.0,71728.0
2026-08-28 11:17:00,21.25,21.25,21.25,21.25,500.0,10626.0
2026-08-28 11:20:00,21.21,21.21,21.21,21.21,2119.0,44944.0
2026-08-28 11:21:00,21.22,21.22,21.22,21.22,900.0,19098.0
2026-08-28 11:22:00,21.25,21.22,21.25,21.22,2800.0,59466.0
2026-08-28 11:23:00,21.22,21.21,21.22,21.18,11500.0,243914.0
2026-08-28 11:24:00,21.18,21.21,21.23,21.18,19276.0,409310.0
2026-08-28 11:25:00,21.24,21.24,21.24,21.24,3464.0,73574.0
2026-08-28 11:26:00,21.24,21.23,21.24,21.23,1514.0,32144.0
2026-08-28 11:27:00,21.23,21.23,21.23,21.23,400.0,8492.0
2026-08-28 11:28:00,21.24,21.22,21.24,21.22,3043.0,64620.0
2026-08-28 11:29:00,21.24,21.24,21.24,21.24,38049.0,808160.0
2026-08-28 11:30:00,21.25,21.27,21.27,21.25,12719.0,270300.0
2026-08-28 13:01:00,21.29,21.26,21.3,21.26,14785.0,314592.0
2026-08-28 13:02:00,21.26,21.19,21.27,21.19,5004.0,106316.0
2026-08-28 13:03:00,21.27,21.2,21.27,21.2,2200.0,46760.0
2026-08-28 13:04:00,21.18,21.17,21.18,21.17,1203.0,25478.0
2026-08-28 13:05:00,21.17,21.17,21.17,21.17,1128.0,23880.0
2026-08-28 13:06:00,21.17,21.17,21.17,21.17,797.0,16874.0
2026-08-28 13:07:00,21.17,21.16,21.19,21.15,12485.0,264224.0
2026-08-28 13:08:00,21.16,21.16,21.19,21.16,4857.0,102916.0
2026-08-28 13:09:00,21.19,21.21,21.21,21.19,938.0,19884.0
2026-08-28 13:10:00,21.21,21.23,21.25,21.21,29857.0,634092.0
2026-08-28 13:11:00,21.18,21.17,21.18,21.17,1120.0,23716.0
2026-08-28 13:12:00,21.18,21.18,21.18,21.18,100.0,2120.0
2026-08-28 13:13:00,21.23,21.23,21.23,21.23,538.0,11424.0
2026-08-28 13:14:00,21.23,21.23,21.23,21.23,800.0,16984.0
2026-08-28 13:15:00,21.2,21.18,21.2,21.18,1362.0,28868.0
2026-08-28 13:16:00,21.18,21.16,21.18,21.16,11638.0,246468.0
2026-08-28 13:17:00,21.18,21.18,21.18,21.16,2663.0,56388.0
2026-08-28 13:18:00,21.17,21.19,21.2,21.17,5692.0,120632.0
2026-08-28 13:19:00,21.2,21.17,21.2,21.17,12900.0,273360.0
2026-08-28 13:20:00,21.19,21.19,21.19,21.19,100.0,2120.0
2026-08-28 13:22:00,21.18,21.18,21.18,21.17,1200.0,25404.0
2026-08-28 13:23:00,21.19,21.15,21.19,21.15,25865.0,547376.0
2026-08-28 13:24:00,21.15,21.16,21.18,21.15,1201.0,25424.0
2026-08-28 13:25:00,21.17,21.16,21.17,21.16,600.0,12704.0
2026-08-28 13:26:00,21.16,21.12,21.16,21.12,28468.0,601968.0
2026-08-28 13:27:00,21.11,21.11,21.11,21.11,2000.0,42220.0
2026-08-28 13:28:00,21.12,21.12,21.13,21.12,4499.0,95036.0
2026-08-28 13:29:00,21.11,21.12,21.12,21.11,5441.0,114884.0
2026-08-28 13:30:00,21.12,21.12,21.12,21.12,100.0,2112.0
2026-08-28 13:31:00,21.12,21.12,21.12,21.12,3300.0,69708.0
2026-08-28 13:32:00,21.13,21.12,21.13,21.12,570.0,12040.0
2026-08-28 13:33:00,21.12,21.11,21.12,21.11,3200.0,67576.0
2026-08-28 13:34:00,21.13,21.12,21.13,21.12,3229.0,68204.0
2026-08-28 13:35:00,21.12,21.1,21.12,21.1,9445.0,199388.0
2026-08-28 13:36:00,21.1,21.07,21.1,21.05,33274.0,508360.0
2026-08-28 13:37:00,21.05,21.04,21.05,21.04,6446.0,135644.0
2026-08-28 13:38:00,21.05,21.06,21.14,21.05,11524.0,242796.0
2026-08-28 13:39:00,21.07,21.15,21.15,21.07,15463.0,326876.0
2026-08-28 13:40:00,21.08,21.08,21.09,21.07,2300.0,48476.0
2026-08-28 13:41:00,21.08,21.08,21.08,21.08,124.0,2616.0
2026-08-28 13:43:00,21.11,21.11,21.11,21.11,2300.0,48552.0
2026-08-28 13:44:00,21.11,21.11,21.11,21.11,1300.0,27444.0
2026-08-28 13:45:00,21.14,21.14,21.14,21.14,1500.0,31708.0
2026-08-28 13:46:00,21.14,21.11,21.14,21.11,5400.0,113996.0
2026-08-28 13:47:00,21.1,21.1,21.11,21.09,9455.0,199476.0
2026-08-28 13:48:00,21.09,21.09,21.09,21.08,8395.0,177048.0
2026-08-28 13:49:00,21.09,21.09,21.1,21.09,4043.0,85280.0
2026-08-28 13:50:00,21.09,21.08,21.1,21.08,3447.0,72696.0
2026-08-28 13:51:00,21.08,21.1,21.1,21.08,2374.0,50080.0
2026-08-28 13:52:00,21.1,21.1,21.1,21.09,3463.0,73084.0
2026-08-28 13:53:00,21.1,21.1,21.1,21.1,4285.0,90440.0
2026-08-28 13:54:00,21.1,21.1,21.1,21.1,970.0,20468.0
2026-08-28 13:55:00,21.11,21.1,21.12,21.1,4650.0,98164.0
2026-08-28 13:56:00,21.1,21.11,21.12,21.1,1400.0,29556.0
2026-08-28 13:57:00,21.13,21.1,21.13,21.1,7802.0,164684.0
2026-08-28 13:58:00,21.1,21.1,21.1,21.1,200.0,4220.0
2026-08-28 13:59:00,21.1,21.1,21.1,21.1,7230.0,152552.0
2026-08-28 14:00:00,21.1,21.08,21.1,21.08,24088.0,507888.0
2026-08-28 14:01:00,21.06,21.07,21.08,21.06,25444.0,536104.0
2026-08-28 14:02:00,21.09,21.1,21.1,21.09,1300.0,27416.0
2026-08-28 14:03:00,21.1,21.09,21.1,21.09,1210.0,25532.0
2026-08-28 14:04:00,21.11,21.1,21.11,21.1,600.0,12664.0
2026-08-28 14:05:00,21.09,21.11,21.11,21.09,300.0,6332.0
2026-08-28 14:06:00,21.11,21.1,21.11,21.1,1310.0,27640.0
2026-08-28 14:07:00,21.09,21.09,21.09,21.08,3414.0,72000.0
2026-08-28 14:08:00,21.08,21.08,21.08,21.08,3183.0,67096.0
2026-08-28 14:09:00,21.08,21.08,21.09,21.08,1300.0,27416.0
2026-08-28 14:10:00,21.08,21.06,21.08,21.05,14897.0,313876.0
2026-08-28 14:11:00,21.06,21.08,21.08,21.05,3892.0,81988.0
2026-08-28 14:12:00,21.07,21.07,21.08,21.07,11830.0,249356.0
2026-08-28 14:13:00,21.07,21.08,21.08,21.07,11970.0,252316.0
2026-08-28 14:14:00,21.08,21.07,21.08,21.07,3080.0,64904.0
2026-08-28 14:15:00,21.12,21.1,21.12,21.1,16410.0,346424.0
2026-08-28 14:16:00,21.1,21.06,21.12,21.06,13613.0,286928.0
2026-08-28 14:17:00,21.06,21.05,21.06,21.05,15004.0,315836.0
2026-08-28 14:18:00,21.04,21.05,21.06,21.04,8527.0,179508.0
2026-08-28 14:19:00,21.06,21.06,21.06,21.06,410.0,8632.0
2026-08-28 14:20:00,21.05,21.06,21.06,21.05,1300.0,27376.0
2026-08-28 14:21:00,21.08,21.09,21.09,21.08,1488.0,31380.0
2026-08-28 14:22:00,21.09,21.08,21.09,21.08,3034.0,63956.0
2026-08-28 14:23:00,21.08,21.05,21.08,21.05,10352.0,217972.0
2026-08-28 14:25:00,21.07,21.07,21.07,21.05,7725.0,162700.0
2026-08-28 14:26:00,21.07,21.07,21.07,21.07,600.0,12644.0
2026-08-28 14:27:00,21.08,21.11,21.11,21.08,1524.0,32156.0
2026-08-28 14:28:00,21.11,21.12,21.12,21.11,4159.0,87836.0
2026-08-28 14:29:00,21.12,21.12,21.13,21.12,3312.0,69956.0
2026-08-28 14:30:00,21.13,21.13,21.13,21.13,830.0,17540.0
2026-08-28 14:31:00,21.13,21.14,21.14,21.13,400.0,8456.0
2026-08-28 14:32:00,21.19,21.14,21.19,21.13,14177.0,300108.0
2026-08-28 14:33:00,21.12,21.1,21.14,21.1,8560.0,180808.0
2026-08-28 14:34:00,21.11,21.12,21.12,21.11,3600.0,76024.0
2026-08-28 14:35:00,21.1,21.1,21.12,21.1,874.0,18444.0
2026-08-28 14:36:00,21.1,21.1,21.1,21.1,1966.0,41484.0
2026-08-28 14:37:00,21.1,21.09,21.1,21.09,800.0,16876.0
2026-08-28 14:38:00,21.09,21.09,21.09,21.09,2114.0,44584.0
2026-08-28 14:39:00,21.09,21.1,21.1,21.09,220.0,4644.0
2026-08-28 14:40:00,21.1,21.1,21.1,21.09,3657.0,77156.0
2026-08-28 14:41:00,21.09,21.09,21.1,21.09,11775.0,248384.0
2026-08-28 14:42:00,21.09,21.08,21.09,21.08,8433.0,177792.0
2026-08-28 14:43:00,21.07,21.08,21.08,21.07,1522.0,32072.0
2026-08-28 14:44:00,21.07,21.06,21.07,21.06,10345.0,217920.0
2026-08-28 14:45:00,21.06,21.06,21.07,21.06,3614.0,76144.0
2026-08-28 14:46:00,21.06,21.06,21.06,21.06,1226.0,25820.0
2026-08-28 14:47:00,21.05,21.05,21.05,21.05,14192.0,298748.0
2026-08-28 14:48:00,21.05,21.05,21.05,21.04,20619.0,434076.0
2026-08-28 14:49:00,21.05,21.06,21.06,21.05,10336.0,217616.0
2026-08-28 14:50:00,21.06,21.06,21.06,21.06,1600.0,33696.0
2026-08-28 14:51:00,21.06,21.07,21.07,21.06,2650.0,55824.0
2026-08-28 14:52:00,21.07,21.07,21.07,21.06,4941.0,104080.0
2026-08-28 14:53:00,21.07,21.06,21.07,21.06,9485.0,199808.0
2026-08-28 14:54:00,21.06,21.05,21.06,21.05,24161.0,508616.0
2026-08-28 14:55:00,21.05,21.06,21.07,21.05,12553.0,264396.0
2026-08-28 14:56:00,21.07,21.07,21.08,21.07,14161.0,298408.0
2026-08-28 14:57:00,21.08,21.07,21.08,21.07,4899.0,103240.0
2026-08-28 14:58:00,21.08,21.08,21.08,21.08,300.0,6324.0
2026-08-28 15:00:00,21.07,21.07,21.07,21.07,40394.0,851104.0
2026-08-31 09:31:00,20.89,20.76,20.89,20.71,42312.0,882102.0
2026-08-31 09:32:00,20.76,20.71,20.82,20.71,56745.0,1176932.0
2026-08-31 09:33:00,20.75,20.74,20.81,20.69,80571.0,1670255.0
2026-08-31 09:34:00,20.83,20.82,20.83,20.72,12119.0,251707.0
2026-08-31 09:35:00,20.82,20.72,20.82,20.72,6428.0,133477.0
2026-08-31 09:36:00,20.72,20.73,20.76,20.72,10842.0,224852.0
2026-08-31 09:37:00,20.76,20.71,20.79,20.7,38522.0,798819.0
2026-08-31 09:38:00,20.71,20.65,20.71,20.65,47732.0,987592.0
2026-08-31 09:39:00,20.69,20.69,20.69,20.62,74916.0,1546694.0
2026-08-31 09:40:00,20.69,20.64,20.79,20.64,30323.0,627278.0
2026-08-31 09:41:00,20.73,20.69,20.73,20.68,12121.0,250922.0
2026-08-31 09:42:00,20.69,20.7,20.7,20.69,14229.0,294529.0
2026-08-31 09:43:00,20.7,20.76,20.76,20.68,128443.0,2659381.0
2026-08-31 09:44:00,20.74,20.79,20.79,20.74,5439.0,113060.0
2026-08-31 09:45:00,20.74,20.71,20.75,20.71,9935.0,206044.0
2026-08-31 09:46:00,20.71,20.7,20.71,20.7,16662.0,344830.0
2026-08-31 09:47:00,20.68,20.69,20.69,20.68,2074.0,42908.0
2026-08-31 09:48:00,20.68,20.69,20.69,20.68,16172.0,334585.0
2026-08-31 09:49:00,20.7,20.79,20.79,20.69,5619.0,116345.0
2026-08-31 09:50:00,20.71,20.77,20.77,20.7,5223.0,103991.0
2026-08-31 09:51:00,20.77,20.7,20.77,20.7,3440.0,71414.0
2026-08-31 09:52:00,20.71,20.74,20.74,20.71,2100.0,43515.0
2026-08-31 09:53:00,20.75,20.71,20.75,20.7,13940.0,288670.0
2026-08-31 09:54:00,20.71,20.71,20.71,20.7,18449.0,382035.0
2026-08-31 09:55:00,20.7,20.75,20.75,20.7,10744.0,222583.0
2026-08-31 09:56:00,20.75,20.75,20.75,20.75,1464.0,30378.0
2026-08-31 09:57:00,20.75,20.75,20.75,20.75,3516.0,72958.0
2026-08-31 09:58:00,20.72,20.75,20.75,20.72,5090.0,105615.0
2026-08-31 09:59:00,20.75,20.77,20.77,20.75,3449.0,71576.0
2026-08-31 10:00:00,20.77,20.72,20.77,20.72,4132.0,85677.0
2026-08-31 10:01:00,20.73,20.73,20.75,20.73,2004.0,41571.0
2026-08-31 10:02:00,20.72,20.74,20.74,20.72,4450.0,92238.0
2026-08-31 10:03:00,20.71,20.69,20.71,20.69,32061.0,663609.0
2026-08-31 10:04:00,20.68,20.66,20.68,20.66,6047.0,125024.0
2026-08-31 10:05:00,20.67,20.66,20.67,20.65,14181.0,292973.0
2026-08-31 10:06:00,20.66,20.66,20.66,20.66,700.0,14462.0
2026-08-31 10:07:00,20.74,20.74,20.75,20.74,17600.0,364933.0
2026-08-31 10:08:00,20.69,20.68,20.69,20.68,5955.0,123154.0
2026-08-31 10:09:00,20.68,20.68,20.69,20.68,6429.0,132953.0
2026-08-31 10:10:00,20.68,20.67,20.68,20.67,23871.0,493550.0
2026-08-31 10:11:00,20.67,20.67,20.67,20.66,12702.0,262491.0
2026-08-31 10:12:00,20.66,20.67,20.67,20.66,10160.0,209926.0
2026-08-31 10:13:00,20.67,20.66,20.67,20.66,4812.0,99426.0
2026-08-31 10:14:00,20.67,20.67,20.67,20.66,3069.0,63418.0
2026-08-31 10:15:00,20.67,20.67,20.67,20.67,10324.0,213396.0
2026-08-31 10:16:00,20.68,20.68,20.68,20.68,500.0,10340.0
2026-08-31 10:17:00,20.69,20.69,20.69,20.69,1077.0,22284.0
2026-08-31 10:18:00,20.68,20.68,20.68,20.68,3542.0,73248.0
2026-08-31 10:19:00,20.7,20.7,20.7,20.68,1591.0,32924.0
2026-08-31 10:20:00,20.7,20.67,20.7,20.67,2989.0,61810.0
2026-08-31 10:21:00,20.68,20.67,20.68,20.67,3800.0,78566.0
2026-08-31 10:22:00,20.68,20.67,20.68,20.67,10100.0,208868.0
2026-08-31 10:23:00,20.68,20.67,20.69,20.67,3696.0,76424.0
2026-08-31 10:24:00,20.68,20.69,20.69,20.68,6611.0,136734.0
2026-08-31 10:25:00,20.69,20.68,20.69,20.68,23854.0,493334.0
2026-08-31 10:26:00,20.67,20.68,20.68,20.67,17436.0,360538.0
2026-08-31 10:27:00,20.68,20.68,20.68,20.67,9652.0,199570.0
2026-08-31 10:28:00,20.68,20.66,20.68,20.66,25700.0,531172.0
2026-08-31 10:29:00,20.66,20.66,20.66,20.65,33577.0,686866.0
2026-08-31 10:30:00,20.68,20.68,20.68,20.68,12422.0,256532.0
2026-08-31 10:31:00,20.66,20.66,20.66,20.66,1157.0,23902.0
2026-08-31 10:32:00,20.68,20.66,20.68,20.66,1655.0,34196.0
2026-08-31 10:33:00,20.65,20.62,20.65,20.62,39108.0,807340.0
2026-08-31 10:34:00,20.62,20.62,20.62,20.62,6657.0,137272.0
2026-08-31 10:35:00,20.62,20.62,20.62,20.62,32239.0,664412.0
2026-08-31 10:36:00,20.62,20.62,20.62,20.62,100.0,2062.0
2026-08-31 10:37:00,20.62,20.62,20.62,20.62,228.0,4702.0
2026-08-31 10:38:00,20.63,20.62,20.64,20.62,3624.0,74752.0
2026-08-31 10:39:00,20.64,20.66,20.66,20.64,12501.0,258200.0
2026-08-31 10:40:00,20.66,20.66,20.66,20.66,1200.0,24792.0
2026-08-31 10:41:00,20.68,20.66,20.68,20.66,2160.0,44644.0
2026-08-31 10:42:00,20.64,20.64,20.64,20.64,2347.0,48442.0
2026-08-31 10:43:00,20.63,20.63,20.63,20.63,4129.0,85182.0
2026-08-31 10:44:00,20.64,20.63,20.64,20.63,991.0,20448.0
2026-08-31 10:45:00,20.63,20.63,20.64,20.63,2093.0,43180.0
2026-08-31 10:46:00,20.63,20.63,20.63,20.63,500.0,10316.0
2026-08-31 10:47:00,20.64,20.64,20.64,20.64,106.0,2188.0
2026-08-31 10:48:00,20.64,20.64,20.64,20.64,398.0,8212.0
2026-08-31 10:49:00,20.67,20.64,20.67,20.64,2419.0,49948.0
2026-08-31 10:50:00,20.63,20.63,20.63,20.63,1573.0,32452.0
2026-08-31 10:51:00,20.63,20.63,20.65,20.63,2880.0,59428.0
2026-08-31 10:52:00,20.63,20.62,20.63,20.62,4655.0,95992.0
2026-08-31 10:54:00,20.63,20.62,20.63,20.62,12303.0,253696.0
2026-08-31 10:55:00,20.61,20.61,20.61,20.61,6500.0,133964.0
2026-08-31 10:56:00,20.6,20.62,20.62,20.6,11936.0,245964.0
2026-08-31 10:57:00,20.62,20.62,20.62,20.62,3914.0,80702.0
2026-08-31 10:58:00,20.61,20.62,20.62,20.61,11981.0,247026.0
2026-08-31 10:59:00,20.61,20.6,20.61,20.6,1527.0,31468.0
2026-08-31 11:00:00,20.61,20.6,20.61,20.6,16210.0,333932.0
2026-08-31 11:01:00,20.6,20.6,20.6,20.59,3308.0,68136.0
2026-08-31 11:02:00,20.61,20.6,20.61,20.6,6183.0,127396.0
2026-08-31 11:03:00,20.63,20.63,20.63,20.61,5644.0,116342.0
2026-08-31 11:04:00,20.63,20.63,20.63,20.63,262.0,5406.0
2026-08-31 11:05:00,20.64,20.63,20.64,20.62,2600.0,53624.0
2026-08-31 11:06:00,20.62,20.62,20.62,20.62,5000.0,103108.0
2026-08-31 11:07:00,20.66,20.65,20.66,20.65,414.0,8548.0
2026-08-31 11:08:00,20.62,20.61,20.62,20.61,9704.0,200052.0
2026-08-31 11:09:00,20.62,20.62,20.62,20.62,698.0,14392.0
2026-08-31 11:10:00,20.62,20.61,20.65,20.61,1100.0,22680.0
2026-08-31 11:11:00,20.62,20.62,20.62,20.62,1155.0,23818.0
2026-08-31 11:12:00,20.62,20.64,20.66,20.62,4284.0,88430.0
2026-08-31 11:13:00,20.65,20.66,20.66,20.65,400.0,8262.0
2026-08-31 11:14:00,20.66,20.7,20.7,20.66,20113.0,415962.0
2026-08-31 11:16:00,20.66,20.69,20.7,20.66,4900.0,101314.0
2026-08-31 11:17:00,20.7,20.7,20.7,20.7,5134.0,106274.0
2026-08-31 11:18:00,20.69,20.69,20.69,20.69,100.0,2068.0
2026-08-31 11:19:00,20.7,20.7,20.7,20.7,217.0,4492.0
2026-08-31 11:20:00,20.69,20.69,20.69,20.69,682.0,14112.0
2026-08-31 11:22:00,20.69,20.7,20.7,20.69,1491.0,30848.0
2026-08-31 11:23:00,20.75,20.75,20.75,20.75,9776.0,202610.0
2026-08-31 11:24:00,20.7,20.69,20.7,20.69,1535.0,31774.0
2026-08-31 11:25:00,20.7,20.7,20.7,20.7,1159.0,23992.0
2026-08-31 11:26:00,20.7,20.7,20.7,20.7,800.0,16560.0
2026-08-31 11:27:00,20.75,20.71,20.75,20.71,10274.0,213098.0
2026-08-31 11:29:00,20.75,20.75,20.75,20.75,40490.0,840194.0
2026-08-31 11:30:00,20.75,20.79,20.8,20.75,3488.0,72520.0
2026-08-31 13:01:00,20.8,20.79,20.8,20.79,1100.0,22882.0
2026-08-31 13:02:00,20.84,20.84,20.84,20.84,100.0,2084.0
2026-08-31 13:03:00,20.8,20.78,20.8,20.78,3849.0,80046.0
2026-08-31 13:04:00,20.75,20.75,20.75,20.75,151.0,3132.0
2026-08-31 13:05:00,20.8,20.8,20.8,20.8,100.0,2080.0
2026-08-31 13:08:00,20.8,20.76,20.8,20.76,200.0,4156.0
2026-08-31 13:09:00,20.75,20.71,20.76,20.71,3187.0,66114.0
2026-08-31 13:11:00,20.73,20.71,20.73,20.71,1602.0,33178.0
2026-08-31 13:12:00,20.71,20.71,20.71,20.71,2260.0,46806.0
2026-08-31 13:13:00,20.71,20.71,20.71,20.71,1860.0,38520.0
2026-08-31 13:14:00,20.71,20.71,20.71,20.71,1464.0,30320.0
2026-08-31 13:15:00,20.76,20.76,20.76,20.76,234.0,4858.0
2026-08-31 13:16:00,20.71,20.7,20.71,20.7,1964.0,40670.0
2026-08-31 13:18:00,20.75,20.73,20.76,20.73,2325.0,48238.0
2026-08-31 13:19:00,20.76,20.73,20.76,20.73,1221.0,25320.0
2026-08-31 13:20:00,20.73,20.75,20.75,20.73,4067.0,84340.0
2026-08-31 13:21:00,20.76,20.78,20.78,20.75,1096.0,22760.0
2026-08-31 13:22:00,20.79,20.79,20.79,20.79,837.0,17400.0
2026-08-31 13:23:00,20.79,20.79,20.79,20.79,1000.0,20790.0
2026-08-31 13:24:00,20.79,20.79,20.79,20.75,2224.0,46206.0
2026-08-31 13:26:00,20.76,20.76,20.79,20.76,1355.0,28132.0
2026-08-31 13:27:00,20.76,20.76,20.76,20.76,1939.0,40256.0
2026-08-31 13:28:00,20.78,20.78,20.78,20.78,222.0,4612.0
2026-08-31 13:29:00,20.78,20.79,20.79,20.78,172.0,3576.0
2026-08-31 13:30:00,20.79,20.77,20.79,20.77,4596.0,92430.0
2026-08-31 13:31:00,20.78,20.82,20.82,20.78,5646.0,117454.0
2026-08-31 13:32:00,20.83,20.88,20.88,20.83,21616.0,450700.0
2026-08-31 13:33:00,20.88,20.87,20.88,20.87,28298.0,590808.0
2026-08-31 13:34:00,20.87,20.87,20.9,20.87,6415.0,133934.0
2026-08-31 13:35:00,20.87,20.84,20.87,20.84,2213.0,46122.0
2026-08-31 13:36:00,20.84,20.84,20.84,20.84,207.0,4314.0
2026-08-31 13:37:00,20.81,20.81,20.84,20.81,1072.0,22330.0
2026-08-31 13:38:00,20.86,20.86,20.86,20.86,117.0,2440.0
2026-08-31 13:40:00,20.86,20.8,20.86,20.8,2806.0,58382.0
2026-08-31 13:41:00,20.78,20.78,20.78,20.78,192.0,3990.0
2026-08-31 13:42:00,20.81,20.81,20.81,20.81,5720.0,119032.0
2026-08-31 13:43:00,20.81,20.81,20.81,20.8,5017.0,104398.0
2026-08-31 13:44:00,20.81,20.81,20.81,20.81,100.0,2082.0
2026-08-31 13:45:00,20.8,20.84,20.84,20.8,8522.0,177372.0
2026-08-31 13:46:00,20.84,20.83,20.85,20.83,800.0,16676.0
2026-08-31 13:47:00,20.83,20.83,20.83,20.83,303.0,6312.0
2026-08-31 13:48:00,20.82,20.82,20.82,20.82,100.0,2082.0
2026-08-31 13:49:00,20.82,20.82,20.82,20.82,100.0,2082.0
2026-08-31 13:50:00,20.82,20.8,20.82,20.8,1840.0,38272.0
2026-08-31 13:51:00,20.83,20.83,20.83,20.83,2152.0,44828.0
2026-08-31 13:52:00,20.84,20.84,20.84,20.84,100.0,2084.0
2026-08-31 13:53:00,20.84,20.84,20.84,20.84,167.0,3480.0
2026-08-31 13:54:00,20.8,20.8,20.8,20.8,1440.0,29952.0
2026-08-31 13:55:00,20.84,20.8,20.84,20.8,870.0,18100.0
2026-08-31 13:58:00,20.84,20.83,20.84,20.81,2849.0,59338.0
2026-08-31 13:59:00,20.83,20.79,20.83,20.79,917.0,19074.0
2026-08-31 14:00:00,20.83,20.84,20.84,20.8,4200.0,87424.0
2026-08-31 14:01:00,20.84,20.84,20.84,20.84,800.0,16672.0
2026-08-31 14:02:00,20.84,20.84,20.84,20.83,2773.0,57776.0
2026-08-31 14:03:00,20.82,20.83,20.83,20.82,323.0,6726.0
2026-08-31 14:04:00,20.81,20.81,20.81,20.81,600.0,12486.0
2026-08-31 14:05:00,20.81,20.81,20.81,20.81,400.0,8324.0
2026-08-31 14:06:00,20.83,20.84,20.84,20.83,1764.0,36746.0
2026-08-31 14:07:00,20.84,20.81,20.84,20.81,3296.0,68606.0
2026-08-31 14:08:00,20.81,20.84,20.84,20.81,1400.0,29172.0
2026-08-31 14:09:00,20.82,20.83,20.83,20.82,1200.0,24990.0
2026-08-31 14:10:00,20.83,20.83,20.83,20.83,500.0,10414.0
2026-08-31 14:11:00,20.8,20.83,20.83,20.8,5065.0,105446.0
2026-08-31 14:12:00,20.83,20.83,20.84,20.79,8074.0,168026.0
2026-08-31 14:13:00,20.83,20.79,20.83,20.79,4212.0,87590.0
2026-08-31 14:14:00,20.8,20.8,20.8,20.79,2100.0,43670.0
2026-08-31 14:15:00,20.79,20.83,20.83,20.79,2577.0,53596.0
2026-08-31 14:16:00,20.83,20.83,20.83,20.83,133.0,2772.0
2026-08-31 14:18:00,20.83,20.84,20.84,20.83,4952.0,103142.0
2026-08-31 14:19:00,20.84,20.83,20.84,20.8,1429.0,29770.0
2026-08-31 14:20:00,20.83,20.83,20.83,20.83,100.0,2082.0
2026-08-31 14:21:00,20.82,20.83,20.83,20.82,10498.0,218590.0
2026-08-31 14:22:00,20.82,20.83,20.83,20.82,6400.0,133282.0
2026-08-31 14:23:00,20.83,20.83,20.83,20.83,5100.0,106234.0
2026-08-31 14:24:00,20.83,20.83,20.83,20.83,2219.0,46220.0
2026-08-31 14:25:00,20.83,20.83,20.83,20.82,4265.0,88814.0
2026-08-31 14:26:00,20.83,20.83,20.83,20.83,1569.0,32678.0
2026-08-31 14:27:00,20.83,20.83,20.83,20.82,4580.0,95368.0
2026-08-31 14:28:00,20.83,20.83,20.83,20.82,9100.0,189552.0
2026-08-31 14:29:00,20.83,20.83,20.83,20.82,4600.0,95782.0
2026-08-31 14:30:00,20.83,20.84,20.84,20.83,23294.0,483100.0
2026-08-31 14:31:00,20.84,20.85,20.85,20.83,11316.0,235868.0
2026-08-31 14:32:00,20.85,20.84,20.85,20.84,2395.0,49914.0
2026-08-31 14:33:00,20.84,20.87,20.87,20.84,17607.0,367160.0
2026-08-31 14:34:00,20.87,20.87,20.87,20.86,400.0,8348.0
2026-08-31 14:35:00,20.87,20.89,20.89,20.87,3225.0,67328.0
2026-08-31 14:36:00,20.89,20.87,20.89,20.87,18757.0,391640.0
2026-08-31 14:37:00,20.86,20.89,20.89,20.86,2252.0,46992.0
2026-08-31 14:38:00,20.89,20.89,20.89,20.89,100.0,2088.0
2026-08-31 14:39:00,20.87,20.86,20.87,20.86,1052.0,21952.0
2026-08-31 14:40:00,20.87,20.85,20.87,20.85,8498.0,177268.0
2026-08-31 14:41:00,20.87,20.87,20.87,20.87,500.0,10436.0
2026-08-31 14:42:00,20.87,20.89,20.89,20.87,12640.0,263928.0
2026-08-31 14:43:00,20.89,20.88,20.89,20.88,7077.0,147812.0
2026-08-31 14:44:00,20.88,20.87,20.88,20.87,4667.0,97436.0
2026-08-31 14:45:00,20.87,20.86,20.88,20.86,16300.0,340200.0
2026-08-31 14:46:00,20.86,20.88,20.88,20.85,10300.0,214876.0
2026-08-31 14:47:00,20.86,20.85,20.86,20.85,4322.0,90136.0
2026-08-31 14:48:00,20.84,20.83,20.84,20.83,2900.0,60436.0
2026-08-31 14:49:00,20.83,20.86,20.86,20.83,15302.0,306288.0
2026-08-31 14:50:00,20.86,20.86,20.88,20.84,7844.0,163640.0
2026-08-31 14:51:00,20.88,20.88,20.88,20.83,9743.0,203292.0
2026-08-31 14:52:00,20.88,20.86,20.88,20.86,2537.0,52956.0
2026-08-31 14:53:00,20.86,20.87,20.87,20.86,3628.0,75684.0
2026-08-31 14:54:00,20.87,20.87,20.87,20.86,7025.0,146564.0
2026-08-31 14:55:00,20.87,20.87,20.87,20.86,4991.0,104128.0
2026-08-31 14:56:00,20.87,20.87,20.87,20.87,10737.0,224056.0
2026-08-31 14:57:00,20.87,20.86,20.89,20.85,20861.0,435264.0
2026-08-31 15:00:00,20.81,20.81,20.81,20.81,37990.0,790572.0
2026-09-01 09:31:00,20.73,20.65,20.73,20.65,18732.0,387822.0
2026-09-01 09:32:00,20.69,20.73,20.73,20.69,9373.0,193997.0
2026-09-01 09:33:00,20.73,20.7,20.73,20.69,1895.0,39232.0
2026-09-01 09:34:00,20.69,20.73,20.73,20.67,27922.0,577959.0
2026-09-01 09:35:00,20.73,20.7,20.73,20.7,6184.0,128118.0
2026-09-01 09:36:00,20.7,20.66,20.7,20.66,9685.0,200370.0
2026-09-01 09:37:00,20.67,20.66,20.69,20.66,10836.0,223943.0
2026-09-01 09:38:00,20.67,20.65,20.67,20.63,26655.0,550723.0
2026-09-01 09:39:00,20.64,20.66,20.66,20.64,10475.0,216286.0
2026-09-01 09:40:00,20.66,20.66,20.66,20.65,13535.0,279630.0
2026-09-01 09:41:00,20.66,20.7,20.7,20.66,17227.0,355948.0
2026-09-01 09:42:00,20.7,20.68,20.7,20.68,3135.0,64868.0
2026-09-01 09:43:00,20.67,20.67,20.67,20.66,12498.0,258239.0
2026-09-01 09:44:00,20.66,20.66,20.66,20.65,18162.0,375227.0
2026-09-01 09:45:00,20.65,20.66,20.66,20.65,27080.0,555265.0
2026-09-01 09:46:00,20.66,20.66,20.66,20.66,1137.0,23490.0
2026-09-01 09:48:00,20.68,20.66,20.72,20.66,16598.0,343152.0
2026-09-01 09:49:00,20.66,20.66,20.68,20.66,40068.0,827880.0
2026-09-01 09:50:00,20.65,20.64,20.66,20.64,20531.0,423968.0
2026-09-01 09:51:00,20.65,20.65,20.65,20.65,3251.0,67133.0
2026-09-01 09:52:00,20.67,20.64,20.67,20.64,6242.0,128892.0
2026-09-01 09:53:00,20.65,20.66,20.66,20.64,5588.0,115372.0
2026-09-01 09:54:00,20.66,20.64,20.66,20.64,18320.0,378216.0
2026-09-01 09:55:00,20.64,20.64,20.64,20.64,11272.0,232654.0
2026-09-01 09:56:00,20.63,20.64,20.64,20.63,4946.0,102084.0
2026-09-01 09:57:00,20.65,20.64,20.65,20.64,6764.0,139660.0
2026-09-01 09:58:00,20.65,20.65,20.65,20.65,11138.0,230000.0
2026-09-01 09:59:00,20.64,20.64,20.66,20.64,21964.0,453369.0
2026-09-01 10:00:00,20.64,20.64,20.64,20.64,4500.0,92890.0
2026-09-01 10:01:00,20.64,20.65,20.65,20.64,3600.0,74314.0
2026-09-01 10:02:00,20.66,20.64,20.66,20.64,13211.0,272770.0
2026-09-01 10:03:00,20.64,20.65,20.66,20.64,18260.0,377021.0
2026-09-01 10:04:00,20.65,20.64,20.65,20.64,3600.0,74307.0
2026-09-01 10:05:00,20.64,20.64,20.65,20.64,4700.0,97013.0
2026-09-01 10:06:00,20.64,20.64,20.65,20.64,12005.0,247874.0
2026-09-01 10:07:00,20.65,20.66,20.66,20.65,5342.0,110328.0
2026-09-01 10:08:00,20.65,20.65,20.66,20.65,1533.0,31667.0
2026-09-01 10:09:00,20.65,20.64,20.65,20.64,6013.0,124167.0
2026-09-01 10:10:00,20.64,20.64,20.64,20.64,2100.0,43344.0
2026-09-01 10:11:00,20.64,20.65,20.65,20.64,1919.0,39626.0
2026-09-01 10:12:00,20.67,20.67,20.67,20.65,3600.0,74378.0
2026-09-01 10:13:00,20.67,20.67,20.67,20.67,148.0,3060.0
2026-09-01 10:14:00,20.67,20.67,20.67,20.67,200.0,4134.0
2026-09-01 10:15:00,20.68,20.68,20.68,20.67,1100.0,22746.0
2026-09-01 10:16:00,20.68,20.68,20.68,20.68,300.0,6204.0
2026-09-01 10:17:00,20.68,20.67,20.68,20.67,2252.0,46558.0
2026-09-01 10:18:00,20.68,20.68,20.68,20.68,12798.0,264666.0
2026-09-01 10:19:00,20.68,20.68,20.68,20.68,8002.0,165481.0
2026-09-01 10:20:00,20.68,20.68,20.68,20.68,1221.0,25251.0
2026-09-01 10:21:00,20.68,20.68,20.68,20.68,279.0,5769.0
2026-09-01 10:22:00,20.66,20.66,20.68,20.66,8514.0,175912.0
2026-09-01 10:23:00,20.66,20.66,20.66,20.65,29687.0,613341.0
2026-09-01 10:24:00,20.65,20.65,20.65,20.65,9961.0,205702.0
2026-09-01 10:25:00,20.65,20.67,20.67,20.65,100.0,2067.0
2026-09-01 10:26:00,20.67,20.65,20.67,20.65,13616.0,281208.0
2026-09-01 10:27:00,20.65,20.65,20.67,20.65,5100.0,105353.0
2026-09-01 10:28:00,20.66,20.65,20.66,20.64,8680.0,179216.0
2026-09-01 10:29:00,20.64,20.65,20.65,20.64,4368.0,90194.0
2026-09-01 10:30:00,20.65,20.64,20.65,20.64,10076.0,207977.0
2026-09-01 10:31:00,20.64,20.64,20.64,20.64,21769.0,449312.0
2026-09-01 10:32:00,20.63,20.64,20.64,20.63,4100.0,84611.0
2026-09-01 10:33:00,20.64,20.65,20.65,20.63,16708.0,344889.0
2026-09-01 10:34:00,20.65,20.65,20.65,20.65,1278.0,26391.0
2026-09-01 10:35:00,20.63,20.64,20.64,20.63,11020.0,227361.0
2026-09-01 10:36:00,20.64,20.64,20.64,20.64,200.0,4128.0
2026-09-01 10:37:00,20.64,20.64,20.64,20.63,5060.0,104397.0
2026-09-01 10:38:00,20.64,20.65,20.65,20.64,400.0,8258.0
2026-09-01 10:39:00,20.65,20.64,20.65,20.64,5100.0,105265.0
2026-09-01 10:40:00,20.65,20.64,20.65,20.64,4700.0,97038.0
2026-09-01 10:41:00,20.65,20.65,20.65,20.65,100.0,2065.0
2026-09-01 10:42:00,20.65,20.68,20.68,20.65,6136.0,126725.0
2026-09-01 10:43:00,20.68,20.68,20.68,20.68,1488.0,30772.0
2026-09-01 10:44:00,20.68,20.78,20.79,20.65,30734.0,636445.0
2026-09-01 10:45:00,20.78,20.79,20.79,20.66,6237.0,129602.0
2026-09-01 10:46:00,20.69,20.69,20.69,20.68,5890.0,121847.0
2026-09-01 10:47:00,20.69,20.69,20.69,20.69,1600.0,33104.0
2026-09-01 10:48:00,20.69,20.77,20.78,20.69,6717.0,139278.0
2026-09-01 10:49:00,20.76,20.76,20.76,20.76,4845.0,100582.0
2026-09-01 10:50:00,20.74,20.74,20.74,20.74,205.0,4252.0
2026-09-01 10:51:00,20.71,20.71,20.71,20.71,1126.0,23319.0
2026-09-01 10:53:00,20.74,20.74,20.74,20.74,100.0,2074.0
2026-09-01 10:54:00,20.74,20.74,20.74,20.74,695.0,14414.0
2026-09-01 10:55:00,20.75,20.77,20.77,20.75,9463.0,193026.0
2026-09-01 10:56:00,20.77,20.72,20.77,20.72,7165.0,148742.0
2026-09-01 10:57:00,20.73,20.73,20.73,20.73,1180.0,24462.0
2026-09-01 10:58:00,20.76,20.73,20.76,20.73,906.0,18805.0
2026-09-01 11:01:00,20.74,20.75,20.75,20.74,2600.0,53925.0
2026-09-01 11:02:00,20.75,20.75,20.75,20.75,253.0,5250.0
2026-09-01 11:04:00,20.75,20.75,20.75,20.75,977.0,20272.0
2026-09-01 11:05:00,20.75,20.75,20.76,20.75,5664.0,117530.0
2026-09-01 11:06:00,20.75,20.75,20.75,20.75,12119.0,251459.0
2026-09-01 11:07:00,20.75,20.76,20.76,20.75,3650.0,75760.0
2026-09-01 11:08:00,20.73,20.85,20.85,20.73,55560.0,1155521.0
2026-09-01 11:09:00,20.89,20.89,20.9,20.86,16964.0,354294.0
2026-09-01 11:10:00,20.86,20.86,20.87,20.86,1878.0,39188.0
2026-09-01 11:11:00,20.86,20.85,20.86,20.85,4697.0,97962.0
2026-09-01 11:12:00,20.82,20.88,20.88,20.82,20871.0,435522.0
2026-09-01 11:13:00,20.86,20.86,20.86,20.82,862.0,17974.0
2026-09-01 11:15:00,20.85,20.9,20.9,20.85,7664.0,159948.0
2026-09-01 11:16:00,20.9,20.9,20.91,20.9,10469.0,218824.0
2026-09-01 11:17:00,20.9,20.9,20.9,20.9,2000.0,41800.0
2026-09-01 11:18:00,20.88,20.87,20.88,20.87,4479.0,93512.0
2026-09-01 11:19:00,20.89,20.91,20.91,20.87,10197.0,213072.0
2026-09-01 11:20:00,20.9,20.89,20.9,20.89,3340.0,69792.0
2026-09-01 11:21:00,20.89,20.91,20.91,20.89,1599.0,33428.0
2026-09-01 11:22:00,20.91,20.9,20.91,20.9,2258.0,47212.0
2026-09-01 11:23:00,20.89,20.87,20.89,20.87,6273.0,131024.0
2026-09-01 11:24:00,20.88,20.88,20.88,20.88,7284.0,152152.0
2026-09-01 11:25:00,20.88,20.92,20.92,20.88,5646.0,118056.0
2026-09-01 11:26:00,20.92,20.92,20.92,20.92,1000.0,20920.0
2026-09-01 11:27:00,20.94,20.92,20.96,20.92,8695.0,182132.0
2026-09-01 11:28:00,20.99,20.99,20.99,20.92,48937.0,1026410.0
2026-09-01 11:29:00,20.98,20.98,20.98,20.98,200.0,4196.0
2026-09-01 11:30:00,20.94,20.98,20.99,20.94,9327.0,195668.0
2026-09-01 13:01:00,21.18,21.15,21.18,21.15,38943.0,819566.0
2026-09-01 13:02:00,21.03,21.11,21.12,21.03,1700.0,35840.0
2026-09-01 13:03:00,21.05,21.05,21.11,21.05,5352.0,112768.0
2026-09-01 13:04:00,21.05,21.05,21.05,21.03,2794.0,58800.0
2026-09-01 13:05:00,21.05,21.09,21.09,21.05,4678.0,98580.0
2026-09-01 13:06:00,21.1,21.13,21.13,21.1,4811.0,101562.0
2026-09-01 13:07:00,21.1,21.1,21.12,21.07,7667.0,161744.0
2026-09-01 13:08:00,21.1,21.07,21.1,21.07,12800.0,269966.0
2026-09-01 13:09:00,21.07,21.1,21.11,21.07,12568.0,265096.0
2026-09-01 13:10:00,21.1,21.08,21.1,21.08,3758.0,79228.0
2026-09-01 13:11:00,21.07,21.08,21.08,21.07,10971.0,231248.0
2026-09-01 13:12:00,21.08,21.07,21.09,21.07,5857.0,123460.0
2026-09-01 13:13:00,21.07,21.03,21.07,21.03,15718.0,330792.0
2026-09-01 13:14:00,21.04,21.04,21.04,21.04,3000.0,63120.0
2026-09-01 13:15:00,21.03,21.03,21.03,21.03,5112.0,107524.0
2026-09-01 13:16:00,21.04,21.08,21.08,21.03,5396.0,113576.0
2026-09-01 13:17:00,21.08,21.08,21.08,21.08,500.0,10540.0
2026-09-01 13:18:00,21.05,21.05,21.05,21.05,100.0,2104.0
2026-09-01 13:19:00,21.05,21.04,21.05,21.04,5145.0,108272.0
2026-09-01 13:20:00,21.08,21.04,21.08,21.04,5260.0,110838.0
2026-09-01 13:22:00,21.07,21.05,21.07,21.05,1700.0,35806.0
2026-09-01 13:23:00,21.05,21.07,21.07,21.05,3700.0,77954.0
2026-09-01 13:24:00,21.05,21.05,21.05,21.05,2940.0,61886.0
2026-09-01 13:25:00,21.05,21.05,21.05,21.05,1669.0,35136.0
2026-09-01 13:26:00,21.05,21.04,21.05,21.04,2900.0,61036.0
2026-09-01 13:27:00,21.04,21.04,21.04,21.04,4757.0,100068.0
2026-09-01 13:28:00,21.02,21.03,21.03,21.02,1720.0,36164.0
2026-09-01 13:29:00,21.03,21.0,21.03,21.0,4700.0,98752.0
2026-09-01 13:30:00,20.98,20.98,20.98,20.98,400.0,8392.0
2026-09-01 13:31:00,20.99,20.99,20.99,20.99,1500.0,31480.0
2026-09-01 13:32:00,20.97,20.97,20.97,20.97,20100.0,422090.0
2026-09-01 13:33:00,20.99,21.0,21.0,20.99,4000.0,83990.0
2026-09-01 13:34:00,20.98,20.98,20.98,20.97,4850.0,101748.0
2026-09-01 13:36:00,20.98,20.98,20.98,20.98,11678.0,244982.0
2026-09-01 13:37:00,20.98,20.99,20.99,20.98,3745.0,78598.0
2026-09-01 13:38:00,20.99,20.99,20.99,20.99,200.0,4200.0
2026-09-01 13:39:00,20.99,21.0,21.0,20.99,859.0,18036.0
2026-09-01 13:40:00,21.05,21.05,21.05,21.05,16000.0,336394.0
2026-09-01 13:41:00,21.05,21.05,21.05,21.05,7824.0,164696.0
2026-09-01 13:42:00,21.02,21.02,21.02,21.02,1500.0,31530.0
2026-09-01 13:43:00,21.02,21.02,21.02,21.02,5841.0,122788.0
2026-09-01 13:44:00,21.01,21.01,21.01,21.01,897.0,18844.0
2026-09-01 13:45:00,21.02,21.02,21.02,21.02,1939.0,40760.0
2026-09-01 13:46:00,21.02,21.03,21.03,21.02,707.0,14864.0
2026-09-01 13:47:00,21.03,21.03,21.03,21.03,493.0,10368.0
2026-09-01 13:49:00,21.03,21.03,21.03,21.03,955.0,20084.0
2026-09-01 13:50:00,21.01,21.03,21.03,21.01,4134.0,86900.0
2026-09-01 13:51:00,21.03,21.03,21.03,21.03,746.0,15688.0
2026-09-01 13:52:00,21.03,21.02,21.03,21.02,1790.0,37634.0
2026-09-01 13:53:00,21.02,21.03,21.03,21.02,12760.0,268312.0
2026-09-01 13:54:00,21.03,21.03,21.03,21.03,346.0,7278.0
2026-09-01 13:56:00,21.02,21.02,21.02,21.02,100.0,2100.0
2026-09-01 13:57:00,21.02,21.01,21.02,21.01,1000.0,21020.0
2026-09-01 13:58:00,21.02,21.01,21.02,21.01,2000.0,42024.0
2026-09-01 13:59:00,21.0,20.99,21.0,20.99,12397.0,260318.0
2026-09-01 14:00:00,20.98,20.97,20.98,20.95,8550.0,179290.0
2026-09-01 14:01:00,20.96,20.96,20.96,20.96,700.0,14672.0
2026-09-01 14:02:00,20.96,20.96,20.96,20.96,1707.0,35780.0
2026-09-01 14:03:00,20.95,20.95,20.95,20.95,4589.0,96140.0
2026-09-01 14:04:00,20.95,20.95,20.95,20.95,2000.0,41900.0
2026-09-01 14:05:00,20.95,20.95,20.95,20.95,6368.0,133408.0
2026-09-01 14:06:00,20.93,20.95,20.95,20.93,4873.0,102084.0
2026-09-01 14:07:00,20.94,20.95,20.95,20.94,2100.0,43994.0
2026-09-01 14:09:00,20.95,20.95,20.95,20.95,200.0,4190.0
2026-09-01 14:10:00,20.94,20.94,20.94,20.94,20300.0,425082.0
2026-09-01 14:11:00,20.94,20.94,20.94,20.94,3200.0,67008.0
2026-09-01 14:12:00,20.93,20.93,20.93,20.93,4000.0,83720.0
2026-09-01 14:13:00,20.93,20.91,20.93,20.91,600.0,12548.0
2026-09-01 14:14:00,20.91,20.9,20.91,20.9,5665.0,118428.0
2026-09-01 14:15:00,20.89,20.87,20.89,20.87,5919.0,123590.0
2026-09-01 14:16:00,20.87,20.86,20.87,20.86,4551.0,94952.0
2026-09-01 14:17:00,20.86,20.86,20.86,20.86,929.0,19380.0
2026-09-01 14:18:00,20.88,20.86,20.88,20.86,5900.0,123140.0
2026-09-01 14:19:00,20.87,20.88,20.88,20.87,4900.0,102308.0
2026-09-01 14:20:00,20.9,20.9,20.9,20.9,7200.0,150480.0
2026-09-01 14:21:00,20.9,20.9,20.9,20.9,1400.0,29260.0
2026-09-01 14:22:00,20.91,20.91,20.91,20.91,5114.0,106932.0
2026-09-01 14:23:00,20.91,20.93,20.93,20.91,1800.0,37662.0
2026-09-01 14:24:00,20.91,20.92,20.95,20.91,6935.0,145202.0
2026-09-01 14:25:00,20.93,20.93,20.93,20.92,4200.0,87872.0
2026-09-01 14:26:00,20.93,20.93,20.93,20.93,6200.0,129764.0
2026-09-01 14:27:00,20.93,20.92,20.93,20.92,1069.0,22374.0
2026-09-01 14:29:00,20.93,20.94,20.94,20.93,3201.0,67030.0
2026-09-01 14:30:00,20.94,20.93,20.94,20.93,4300.0,90016.0
2026-09-01 14:31:00,20.93,20.92,20.94,20.92,13145.0,275112.0
2026-09-01 14:32:00,20.92,20.92,20.92,20.92,3200.0,66944.0
2026-09-01 14:35:00,20.93,20.91,20.93,20.91,10001.0,209216.0
2026-09-01 14:36:00,20.91,20.89,20.91,20.89,4190.0,87562.0
2026-09-01 14:37:00,20.9,20.92,20.92,20.9,6505.0,136040.0
2026-09-01 14:38:00,20.92,20.91,20.92,20.91,18900.0,395238.0
2026-09-01 14:39:00,20.92,20.91,20.92,20.91,16207.0,338912.0
2026-09-01 14:40:00,20.91,20.9,20.91,20.9,1287.0,26902.0
2026-09-01 14:41:00,20.9,20.9,20.9,20.9,4008.0,83786.0
2026-09-01 14:42:00,20.89,20.88,20.89,20.88,2095.0,43756.0
2026-09-01 14:43:00,20.88,20.88,20.88,20.88,5000.0,104400.0
2026-09-01 14:44:00,20.89,20.93,20.93,20.89,3077.0,64328.0
2026-09-01 14:45:00,20.93,20.95,20.95,20.93,19940.0,411396.0
2026-09-01 14:46:00,20.96,20.96,20.96,20.96,13907.0,291480.0
2026-09-01 14:47:00,20.98,20.95,20.98,20.95,9205.0,192964.0
2026-09-01 14:48:00,20.95,20.95,20.95,20.95,5077.0,106364.0
2026-09-01 14:50:00,20.92,20.91,20.92,20.91,1809.0,37826.0
2026-09-01 14:51:00,20.89,20.88,20.89,20.84,36402.0,759256.0
2026-09-01 14:52:00,20.88,20.88,20.88,20.88,7260.0,151578.0
2026-09-01 14:53:00,20.89,20.88,20.89,20.88,9654.0,201612.0
2026-09-01 14:54:00,20.88,20.93,20.93,20.88,6633.0,138704.0
2026-09-01 14:55:00,20.93,20.93,20.93,20.92,12100.0,253224.0
2026-09-01 14:56:00,20.93,20.99,20.99,20.93,16612.0,348280.0
2026-09-01 14:57:00,20.95,20.96,21.0,20.95,28121.0,590228.0
2026-09-01 15:00:00,20.96,20.96,20.96,20.96,15592.0,326812.0
2026-09-02 09:31:00,20.78,20.87,20.87,20.73,27198.0,564550.0
2026-09-02 09:32:00,20.83,20.84,20.84,20.8,7553.0,157125.0
2026-09-02 09:33:00,20.83,20.8,20.84,20.8,26557.0,553154.0
2026-09-02 09:34:00,20.8,20.8,20.83,20.8,8089.0,168380.0
2026-09-02 09:35:00,20.83,20.98,20.98,20.83,11350.0,237243.0
2026-09-02 09:36:00,20.97,20.95,20.97,20.9,7029.0,146987.0
2026-09-02 09:37:00,20.93,20.93,20.93,20.89,1507.0,31493.0
2026-09-02 09:38:00,20.93,20.94,20.95,20.93,15123.0,316655.0
2026-09-02 09:39:00,20.94,20.92,20.94,20.89,7894.0,165197.0
2026-09-02 09:40:00,20.92,20.91,20.92,20.89,4204.0,87860.0
2026-09-02 09:41:00,20.9,20.97,20.97,20.9,16860.0,352795.0
2026-09-02 09:42:00,20.97,20.98,20.99,20.96,9049.0,189808.0
2026-09-02 09:43:00,20.98,21.08,21.09,20.98,71292.0,1498743.0
2026-09-02 09:44:00,21.08,21.09,21.11,21.08,17125.0,360989.0
2026-09-02 09:45:00,21.1,21.13,21.13,21.09,38008.0,802286.0
2026-09-02 09:46:00,21.12,21.11,21.13,21.07,21558.0,454822.0
2026-09-02 09:47:00,21.1,21.2,21.2,21.09,43423.0,918267.0
2026-09-02 09:48:00,21.2,21.15,21.2,21.15,17505.0,370942.0
2026-09-02 09:49:00,21.14,21.15,21.17,21.14,17234.0,364738.0
2026-09-02 09:50:00,21.14,21.17,21.17,21.14,23432.0,495926.0
2026-09-02 09:51:00,21.16,21.16,21.16,21.13,7071.0,149550.0
2026-09-02 09:52:00,21.15,21.13,21.16,21.13,7317.0,154749.0
2026-09-02 09:53:00,21.13,21.11,21.13,21.11,4504.0,95149.0
2026-09-02 09:54:00,21.11,21.08,21.13,21.08,6301.0,132999.0
2026-09-02 09:55:00,21.08,21.14,21.14,21.08,1797.0,37901.0
2026-09-02 09:56:00,21.14,21.1,21.14,21.1,1465.0,30956.0
2026-09-02 09:57:00,21.14,21.14,21.15,21.14,16037.0,339037.0
2026-09-02 09:58:00,21.17,21.2,21.2,21.15,46634.0,987512.0
2026-09-02 09:59:00,21.2,21.21,21.24,21.19,17271.0,366285.0
2026-09-02 10:00:00,21.24,21.3,21.3,21.24,35770.0,730240.0
2026-09-02 10:01:00,21.31,21.34,21.34,21.3,20428.0,435314.0
2026-09-02 10:02:00,21.34,21.36,21.36,21.33,43664.0,932070.0
2026-09-02 10:03:00,21.38,21.38,21.4,21.38,72644.0,1553150.0
2026-09-02 10:04:00,21.41,21.49,21.49,21.41,65041.0,1395374.0
2026-09-02 10:05:00,21.5,21.48,21.5,21.47,45046.0,967876.0
2026-09-02 10:06:00,21.48,21.48,21.59,21.46,101571.0,2182078.0
2026-09-02 10:07:00,21.56,21.5,21.59,21.49,58929.0,1268344.0
2026-09-02 10:08:00,21.48,21.55,21.55,21.47,68611.0,1475648.0
2026-09-02 10:09:00,21.55,21.57,21.58,21.53,50824.0,1096252.0
2026-09-02 10:10:00,21.56,21.49,21.57,21.49,30706.0,661004.0
2026-09-02 10:11:00,21.49,21.5,21.5,21.46,34012.0,730816.0
2026-09-02 10:12:00,21.49,21.51,21.52,21.49,49191.0,1057490.0
2026-09-02 10:13:00,21.5,21.42,21.5,21.42,30615.0,657294.0
2026-09-02 10:14:00,21.47,21.44,21.47,21.41,15247.0,327064.0
2026-09-02 10:15:00,21.44,21.45,21.45,21.43,9916.0,212622.0
2026-09-02 10:16:00,21.45,21.53,21.53,21.45,16410.0,352938.0
2026-09-02 10:17:00,21.53,21.52,21.55,21.51,24918.0,536524.0
2026-09-02 10:18:00,21.5,21.48,21.52,21.45,16400.0,352358.0
2026-09-02 10:19:00,21.48,21.49,21.5,21.48,16455.0,353586.0
2026-09-02 10:20:00,21.5,21.49,21.52,21.49,8107.0,150540.0
2026-09-02 10:21:00,21.49,21.43,21.49,21.43,44933.0,964044.0
2026-09-02 10:22:00,21.43,21.51,21.54,21.43,46817.0,1005928.0
2026-09-02 10:23:00,21.52,21.53,21.55,21.51,15985.0,344164.0
2026-09-02 10:24:00,21.53,21.6,21.6,21.53,77019.0,1661616.0
2026-09-02 10:25:00,21.6,21.73,21.73,21.6,51348.0,1111888.0
2026-09-02 10:26:00,21.75,21.69,21.75,21.6,50722.0,1098804.0
2026-09-02 10:27:00,21.71,21.69,21.74,21.61,28645.0,621680.0
2026-09-02 10:28:00,21.68,21.73,21.73,21.68,32959.0,715748.0
2026-09-02 10:29:00,21.73,21.73,21.74,21.72,13711.0,297948.0
2026-09-02 10:30:00,21.73,21.74,21.75,21.73,58035.0,1221052.0
2026-09-02 10:31:00,21.74,21.68,21.74,21.68,9186.0,199384.0
2026-09-02 10:32:00,21.68,21.62,21.68,21.62,12239.0,264896.0
2026-09-02 10:33:00,21.62,21.63,21.63,21.62,15950.0,344936.0
2026-09-02 10:34:00,21.62,21.67,21.67,21.61,11000.0,238176.0
2026-09-02 10:35:00,21.68,21.66,21.68,21.66,4376.0,94864.0
2026-09-02 10:36:00,21.65,21.65,21.66,21.65,5730.0,124068.0
2026-09-02 10:37:00,21.65,21.75,21.75,21.65,42972.0,932636.0
2026-09-02 10:38:00,21.77,21.79,21.79,21.75,59506.0,1295708.0
2026-09-02 10:39:00,21.79,21.81,21.81,21.78,41477.0,903852.0
2026-09-02 10:40:00,21.8,21.81,21.82,21.8,22872.0,498796.0
2026-09-02 10:41:00,21.75,21.8,21.81,21.75,22266.0,485196.0
2026-09-02 10:42:00,21.81,21.81,21.81,21.79,54023.0,1178916.0
2026-09-02 10:43:00,21.85,21.99,21.99,21.82,65325.0,1433988.0
2026-09-02 10:44:00,21.99,22.11,22.16,21.99,61343.0,1353172.0
2026-09-02 10:45:00,22.11,22.02,22.11,22.02,50970.0,1125628.0
2026-09-02 10:46:00,22.07,22.05,22.07,22.02,78198.0,1723864.0
2026-09-02 10:47:00,22.01,21.92,22.01,21.92,8868.0,195080.0
2026-09-02 10:48:00,21.92,21.92,21.92,21.92,11501.0,252060.0
2026-09-02 10:49:00,21.92,21.9,21.97,21.9,12231.0,267928.0
2026-09-02 10:50:00,21.9,21.8,21.9,21.8,12289.0,268504.0
2026-09-02 10:51:00,21.8,21.89,21.89,21.79,15472.0,337252.0
2026-09-02 10:52:00,21.89,21.89,21.9,21.89,10290.0,225296.0
2026-09-02 10:53:00,21.91,21.86,21.95,21.86,22313.0,488760.0
2026-09-02 10:54:00,21.86,21.9,21.9,21.82,13961.0,305640.0
2026-09-02 10:55:00,21.87,21.83,21.87,21.83,10396.0,227160.0
2026-09-02 10:56:00,21.82,21.76,21.82,21.76,17175.0,374344.0
2026-09-02 10:57:00,21.76,21.68,21.79,21.68,29688.0,645704.0
2026-09-02 10:58:00,21.65,21.6,21.65,21.6,31895.0,689984.0
2026-09-02 10:59:00,21.61,21.68,21.68,21.6,30195.0,653244.0
2026-09-02 11:00:00,21.69,21.68,21.7,21.68,17262.0,374436.0
2026-09-02 11:01:00,21.69,21.64,21.69,21.62,11923.0,258444.0
2026-09-02 11:02:00,21.63,21.66,21.66,21.63,5338.0,115616.0
2026-09-02 11:03:00,21.66,21.7,21.7,21.66,7376.0,159876.0
2026-09-02 11:04:00,21.8,21.77,21.8,21.77,12551.0,273252.0
2026-09-02 11:05:00,21.77,21.77,21.77,21.77,3091.0,67292.0
2026-09-02 11:06:00,21.7,21.69,21.7,21.69,5273.0,114416.0
2026-09-02 11:07:00,21.69,21.77,21.77,21.69,7527.0,163772.0
2026-09-02 11:08:00,21.77,21.73,21.77,21.73,7019.0,152692.0
2026-09-02 11:09:00,21.72,21.72,21.72,21.71,11652.0,253032.0
2026-09-02 11:10:00,21.72,21.72,21.75,21.72,36830.0,591996.0
2026-09-02 11:11:00,21.73,21.73,21.73,21.72,10490.0,227888.0
2026-09-02 11:12:00,21.72,21.72,21.74,21.72,14929.0,324300.0
2026-09-02 11:13:00,21.72,21.76,21.79,21.72,22776.0,495332.0
2026-09-02 11:14:00,21.76,21.97,21.97,21.76,21485.0,469028.0
2026-09-02 11:15:00,21.99,21.93,21.99,21.93,40923.0,899112.0
2026-09-02 11:16:00,21.92,21.95,21.99,21.92,54001.0,1185652.0
2026-09-02 11:17:00,21.96,21.94,21.96,21.94,30789.0,675940.0
2026-09-02 11:18:00,21.95,21.96,21.96,21.94,41730.0,915800.0
2026-09-02 11:19:00,21.96,21.82,21.96,21.82,23976.0,524480.0
2026-09-02 11:20:00,21.82,21.85,21.85,21.82,5996.0,130884.0
2026-09-02 11:21:00,21.99,22.07,22.07,21.99,48398.0,1064152.0
2026-09-02 11:22:00,22.15,22.08,22.15,21.98,156004.0,3437380.0
2026-09-02 11:23:00,22.09,22.05,22.09,22.0,37518.0,826880.0
2026-09-02 11:24:00,22.03,22.07,22.08,22.03,39395.0,868840.0
2026-09-02 11:25:00,22.07,22.18,22.18,22.07,74858.0,1657008.0
2026-09-02 11:26:00,22.16,22.16,22.18,22.11,27011.0,598632.0
2026-09-02 11:27:00,22.11,22.16,22.16,22.08,43061.0,952984.0
2026-09-02 11:28:00,22.14,22.0,22.16,22.0,5585.0,123448.0
2026-09-02 11:29:00,22.0,22.01,22.01,22.0,3172.0,69792.0
2026-09-02 11:30:00,22.01,22.0,22.01,22.0,4000.0,88152.0
2026-09-02 13:01:00,22.01,22.12,22.12,22.01,18835.0,415032.0
2026-09-02 13:02:00,22.1,22.08,22.12,22.08,4573.0,101056.0
2026-09-02 13:03:00,22.06,22.08,22.08,22.06,3776.0,83352.0
2026-09-02 13:04:00,22.08,22.08,22.08,22.06,9366.0,206744.0
2026-09-02 13:05:00,22.08,22.05,22.08,22.05,10391.0,229152.0
2026-09-02 13:06:00,22.02,22.0,22.04,21.99,16398.0,360944.0
2026-09-02 13:07:00,21.97,21.97,21.97,21.97,2100.0,46136.0
2026-09-02 13:08:00,21.95,21.94,21.95,21.94,15084.0,331072.0
2026-09-02 13:09:00,21.95,21.94,21.95,21.94,1200.0,26344.0
2026-09-02 13:10:00,21.94,21.96,21.96,21.94,2350.0,51600.0
2026-09-02 13:11:00,21.95,21.94,21.96,21.94,6516.0,143024.0
2026-09-02 13:12:00,21.98,21.98,21.98,21.93,8409.0,184680.0
2026-09-02 13:13:00,21.98,21.98,22.0,21.98,7105.0,156256.0
2026-09-02 13:14:00,21.99,21.91,21.99,21.91,35574.0,780240.0
2026-09-02 13:15:00,21.93,21.92,21.93,21.92,17730.0,388648.0
2026-09-02 13:16:00,21.91,21.93,21.93,21.91,18729.0,410544.0
2026-09-02 13:17:00,21.94,21.94,21.94,21.94,5000.0,109704.0
2026-09-02 13:18:00,21.94,21.94,21.94,21.93,12100.0,265360.0
2026-09-02 13:19:00,21.94,21.94,21.94,21.93,3334.0,73144.0
2026-09-02 13:20:00,21.92,21.93,21.93,21.92,9673.0,212080.0
2026-09-02 13:21:00,21.93,21.91,21.93,21.91,4507.0,98768.0
2026-09-02 13:22:00,21.92,21.89,21.92,21.89,20806.0,455600.0
2026-09-02 13:23:00,21.88,21.87,21.88,21.85,9741.0,213032.0
2026-09-02 13:24:00,21.87,21.87,21.87,21.87,500.0,10936.0
2026-09-02 13:25:00,21.85,21.8,21.85,21.8,6499.0,141800.0
2026-09-02 13:26:00,21.81,21.81,21.81,21.8,5718.0,124696.0
2026-09-02 13:27:00,21.77,21.78,21.78,21.77,3400.0,74032.0
2026-09-02 13:28:00,21.78,21.81,21.81,21.78,5310.0,115744.0
2026-09-02 13:29:00,21.8,21.85,21.85,21.8,8968.0,195736.0
2026-09-02 13:30:00,21.85,21.86,21.86,21.83,12420.0,264888.0
2026-09-02 13:32:00,21.83,21.82,21.85,21.82,9010.0,196640.0
2026-09-02 13:34:00,21.83,21.83,21.83,21.83,3000.0,65496.0
2026-09-02 13:35:00,21.82,21.81,21.82,21.81,7092.0,154720.0
2026-09-02 13:36:00,21.82,21.82,21.82,21.82,100.0,2184.0
2026-09-02 13:37:00,21.82,21.82,21.82,21.82,825.0,18000.0
2026-09-02 13:38:00,21.82,21.82,21.83,21.82,25171.0,549256.0
2026-09-02 13:39:00,21.77,21.77,21.77,21.77,14487.0,315224.0
2026-09-02 13:40:00,21.78,21.77,21.79,21.77,13514.0,287792.0
2026-09-02 13:41:00,21.77,21.74,21.77,21.74,702.0,15280.0
2026-09-02 13:42:00,21.74,21.75,21.75,21.74,1300.0,28264.0
2026-09-02 13:43:00,21.75,21.74,21.75,21.74,6725.0,146208.0
2026-09-02 13:44:00,21.74,21.78,21.78,21.74,2394.0,52072.0
2026-09-02 13:45:00,21.8,21.77,21.8,21.77,737.0,16056.0
2026-09-02 13:46:00,21.77,21.76,21.77,21.76,4137.0,90064.0
2026-09-02 13:47:00,21.76,21.76,21.77,21.76,8230.0,179080.0
2026-09-02 13:48:00,21.76,21.77,21.77,21.76,6086.0,132440.0
2026-09-02 13:49:00,21.76,21.76,21.76,21.76,700.0,15232.0
2026-09-02 13:50:00,21.77,21.77,21.77,21.77,3160.0,47016.0
2026-09-02 13:51:00,21.76,21.76,21.76,21.76,10110.0,220040.0
2026-09-02 13:52:00,21.75,21.76,21.78,21.75,1715.0,37336.0
2026-09-02 13:53:00,21.76,21.75,21.76,21.75,4732.0,102944.0
2026-09-02 13:54:00,21.75,21.72,21.75,21.72,28859.0,627096.0
2026-09-02 13:55:00,21.7,21.72,21.73,21.7,30307.0,657824.0
2026-09-02 13:56:00,21.72,21.7,21.72,21.7,8890.0,192936.0
2026-09-02 13:57:00,21.7,21.7,21.7,21.7,3235.0,70200.0
2026-09-02 13:59:00,21.71,21.72,21.72,21.71,600.0,13032.0
2026-09-02 14:00:00,21.72,21.72,21.72,21.72,2100.0,45608.0
2026-09-02 14:01:00,21.75,21.78,21.78,21.75,9314.0,202624.0
2026-09-02 14:02:00,21.78,21.8,21.8,21.78,4020.0,87624.0
2026-09-02 14:03:00,21.85,21.86,21.86,21.85,4901.0,107120.0
2026-09-02 14:04:00,21.87,21.87,21.88,21.8,30408.0,665008.0
2026-09-02 14:05:00,21.86,21.87,21.88,21.86,2180.0,47672.0
2026-09-02 14:06:00,21.87,21.85,21.88,21.85,4370.0,95552.0
2026-09-02 14:07:00,21.85,21.86,21.86,21.85,3026.0,66168.0
2026-09-02 14:08:00,21.85,21.86,21.86,21.85,8682.0,189776.0
2026-09-02 14:09:00,21.86,21.86,21.86,21.86,4311.0,94240.0
2026-09-02 14:10:00,21.81,21.81,21.81,21.81,300.0,6544.0
2026-09-02 14:11:00,21.81,21.81,21.81,21.81,680.0,14824.0
2026-09-02 14:12:00,21.81,21.8,21.81,21.8,2462.0,53696.0
2026-09-02 14:13:00,21.81,21.8,21.81,21.8,3621.0,78968.0
2026-09-02 14:14:00,21.8,21.8,21.8,21.8,1000.0,21800.0
2026-09-02 14:15:00,21.79,21.79,21.79,21.79,4914.0,107080.0
2026-09-02 14:16:00,21.78,21.78,21.79,21.78,3500.0,76224.0
2026-09-02 14:17:00,21.78,21.78,21.78,21.78,3509.0,76432.0
2026-09-02 14:18:00,21.75,21.75,21.76,21.75,12396.0,269672.0
2026-09-02 14:19:00,21.75,21.75,21.75,21.75,1140.0,24792.0
2026-09-02 14:20:00,21.75,21.71,21.75,21.71,6327.0,137400.0
2026-09-02 14:21:00,21.67,21.67,21.72,21.67,20232.0,438808.0
2026-09-02 14:22:00,21.67,21.67,21.67,21.67,834.0,18072.0
2026-09-02 14:23:00,21.67,21.68,21.68,21.67,5210.0,112952.0
2026-09-02 14:24:00,21.68,21.68,21.68,21.67,1653.0,35832.0
2026-09-02 14:25:00,21.68,21.7,21.7,21.67,23091.0,500056.0
2026-09-02 14:26:00,21.7,21.61,21.7,21.61,15323.0,331848.0
2026-09-02 14:28:00,21.63,21.64,21.64,21.63,1556.0,33680.0
2026-09-02 14:29:00,21.64,21.64,21.64,21.64,100.0,2168.0
2026-09-02 14:30:00,21.64,21.68,21.68,21.64,655.0,14192.0
2026-09-02 14:31:00,21.68,21.68,21.68,21.68,384.0,8328.0
2026-09-02 14:32:00,21.69,21.69,21.69,21.69,8564.0,185752.0
2026-09-02 14:33:00,21.69,21.69,21.69,21.68,5584.0,121104.0
2026-09-02 14:34:00,21.7,21.7,21.7,21.7,1400.0,30376.0
2026-09-02 14:35:00,21.7,21.7,21.7,21.7,3100.0,67272.0
2026-09-02 14:36:00,21.69,21.7,21.7,21.69,2390.0,51856.0
2026-09-02 14:37:00,21.71,21.71,21.71,21.7,3601.0,78176.0
2026-09-02 14:38:00,21.73,21.71,21.74,21.7,10407.0,226008.0
2026-09-02 14:39:00,21.71,21.74,21.74,21.7,3735.0,81120.0
2026-09-02 14:40:00,21.73,21.73,21.73,21.7,1501.0,32600.0
2026-09-02 14:41:00,21.7,21.7,21.7,21.7,6724.0,145912.0
2026-09-02 14:42:00,21.7,21.7,21.7,21.7,1200.0,26040.0
2026-09-02 14:43:00,21.7,21.7,21.7,21.7,1666.0,36152.0
2026-09-02 14:44:00,21.7,21.72,21.72,21.7,5532.0,120128.0
2026-09-02 14:45:00,21.73,21.75,21.76,21.73,20025.0,435424.0
2026-09-02 14:46:00,21.75,21.75,21.77,21.75,13236.0,288136.0
2026-09-02 14:47:00,21.75,21.7,21.75,21.7,7674.0,166640.0
2026-09-02 14:48:00,21.7,21.72,21.72,21.7,9353.0,203032.0
2026-09-02 14:49:00,21.73,21.73,21.73,21.72,1715.0,37264.0
2026-09-02 14:50:00,21.72,21.7,21.72,21.7,16807.0,343184.0
2026-09-02 14:51:00,21.69,21.68,21.71,21.66,30373.0,658864.0
2026-09-02 14:52:00,21.68,21.66,21.68,21.66,7758.0,168112.0
2026-09-02 14:53:00,21.68,21.67,21.68,21.66,29493.0,638992.0
2026-09-02 14:54:00,21.67,21.66,21.67,21.65,10399.0,225288.0
2026-09-02 14:55:00,21.66,21.68,21.68,21.66,17555.0,380488.0
2026-09-02 14:56:00,21.68,21.67,21.68,21.67,4945.0,107160.0
2026-09-02 14:57:00,21.67,21.66,21.68,21.66,31668.0,686272.0
2026-09-02 14:58:00,21.66,21.66,21.66,21.66,1000.0,21656.0
2026-09-02 15:00:00,21.66,21.67,21.67,21.66,19423.0,420896.0
2026-09-03 09:31:00,21.4,21.3,21.4,21.3,86876.0,1856815.0
2026-09-03 09:32:00,21.3,21.4,21.4,21.3,19922.0,424728.0
2026-09-03 09:33:00,21.45,21.35,21.45,21.35,33407.0,714918.0
2026-09-03 09:34:00,21.37,21.39,21.4,21.35,21915.0,468334.0
2026-09-03 09:35:00,21.37,21.36,21.37,21.35,33727.0,720628.0
2026-09-03 09:36:00,21.35,21.22,21.36,21.22,66509.0,1416579.0
2026-09-03 09:37:00,21.22,21.23,21.24,21.22,50660.0,1075368.0
2026-09-03 09:38:00,21.23,21.22,21.25,21.22,24262.0,515115.0
2026-09-03 09:39:00,21.22,21.1,21.22,21.1,120270.0,2543852.0
2026-09-03 09:40:00,21.11,21.11,21.12,21.09,33390.0,704559.0
2026-09-03 09:41:00,21.08,21.07,21.1,21.05,51635.0,1087849.0
2026-09-03 09:42:00,21.08,21.03,21.08,21.03,53513.0,1126252.0
2026-09-03 09:43:00,21.05,21.09,21.09,21.05,27272.0,574718.0
2026-09-03 09:44:00,21.09,21.1,21.1,21.07,30703.0,647586.0
2026-09-03 09:45:00,21.09,21.08,21.1,21.06,24928.0,525608.0
2026-09-03 09:46:00,21.08,21.08,21.1,21.07,31734.0,669125.0
2026-09-03 09:47:00,21.11,21.11,21.13,21.11,12425.0,262322.0
2026-09-03 09:48:00,21.12,21.16,21.16,21.11,8179.0,172774.0
2026-09-03 09:49:00,21.15,21.16,21.16,21.15,20563.0,433740.0
2026-09-03 09:50:00,21.14,21.16,21.16,21.12,15469.0,327133.0
2026-09-03 09:51:00,21.16,21.17,21.17,21.16,6148.0,130097.0
2026-09-03 09:52:00,21.16,21.13,21.16,21.13,3748.0,79256.0
2026-09-03 09:53:00,21.13,21.12,21.13,21.1,16409.0,346538.0
2026-09-03 09:54:00,21.1,21.1,21.14,21.1,11660.0,246166.0
2026-09-03 09:55:00,21.12,21.15,21.15,21.12,4178.0,88256.0
2026-09-03 09:56:00,21.15,21.16,21.16,21.15,3061.0,64744.0
2026-09-03 09:57:00,21.16,21.17,21.17,21.16,2728.0,57736.0
2026-09-03 09:58:00,21.18,21.16,21.18,21.16,14045.0,297262.0
2026-09-03 09:59:00,21.16,21.16,21.16,21.16,3318.0,70228.0
2026-09-03 10:00:00,21.17,21.19,21.19,21.17,3282.0,69534.0
2026-09-03 10:01:00,21.18,21.17,21.18,21.17,4157.0,88020.0
2026-09-03 10:02:00,21.17,21.18,21.18,21.17,7425.0,157194.0
2026-09-03 10:03:00,21.17,21.16,21.18,21.15,12962.0,274382.0
2026-09-03 10:04:00,21.16,21.16,21.17,21.15,5489.0,116144.0
2026-09-03 10:05:00,21.15,21.15,21.15,21.14,16799.0,355296.0
2026-09-03 10:06:00,21.15,21.14,21.17,21.14,22019.0,465688.0
2026-09-03 10:07:00,21.14,21.17,21.17,21.14,2102.0,44470.0
2026-09-03 10:08:00,21.15,21.19,21.19,21.15,12494.0,264446.0
2026-09-03 10:09:00,21.19,21.3,21.3,21.19,10245.0,217918.0
2026-09-03 10:10:00,21.3,21.18,21.3,21.18,34035.0,723694.0
2026-09-03 10:11:00,21.19,21.23,21.23,21.19,800.0,16960.0
2026-09-03 10:12:00,21.19,21.2,21.2,21.19,1949.0,41308.0
2026-09-03 10:13:00,21.23,21.18,21.23,21.18,15276.0,323694.0
2026-09-03 10:14:00,21.16,21.09,21.17,21.09,33942.0,717086.0
2026-09-03 10:15:00,21.1,21.09,21.1,21.09,18080.0,381348.0
2026-09-03 10:16:00,21.11,21.13,21.13,21.11,6224.0,131460.0
2026-09-03 10:17:00,21.13,21.12,21.13,21.12,14115.0,298198.0
2026-09-03 10:18:00,21.13,21.19,21.19,21.13,2339.0,49484.0
2026-09-03 10:19:00,21.16,21.16,21.16,21.16,4163.0,88104.0
2026-09-03 10:20:00,21.16,21.16,21.16,21.16,10817.0,228888.0
2026-09-03 10:21:00,21.16,21.16,21.16,21.16,12600.0,266636.0
2026-09-03 10:22:00,21.2,21.2,21.2,21.2,5100.0,108074.0
2026-09-03 10:23:00,21.19,21.19,21.19,21.19,500.0,10594.0
2026-09-03 10:25:00,21.17,21.17,21.17,21.17,190.0,4022.0
2026-09-03 10:26:00,21.17,21.17,21.17,21.17,456.0,9654.0
2026-09-03 10:27:00,21.17,21.19,21.19,21.17,2896.0,61360.0
2026-09-03 10:28:00,21.17,21.16,21.17,21.15,7525.0,159276.0
2026-09-03 10:29:00,21.16,21.16,21.16,21.16,1100.0,23276.0
2026-09-03 10:30:00,21.15,21.16,21.16,21.15,9497.0,200866.0
2026-09-03 10:31:00,21.14,21.14,21.15,21.14,4300.0,90912.0
2026-09-03 10:32:00,21.15,21.15,21.15,21.15,900.0,19034.0
2026-09-03 10:33:00,21.15,21.16,21.16,21.15,3500.0,74032.0
2026-09-03 10:34:00,21.16,21.17,21.17,21.16,4988.0,105558.0
2026-09-03 10:35:00,21.2,21.2,21.2,21.2,6934.0,147002.0
2026-09-03 10:37:00,21.21,21.21,21.25,21.21,5774.0,122482.0
2026-09-03 10:38:00,21.21,21.17,21.21,21.17,6445.0,136512.0
2026-09-03 10:39:00,21.17,21.17,21.17,21.17,1795.0,38000.0
2026-09-03 10:40:00,21.17,21.17,21.17,21.17,1090.0,23078.0
2026-09-03 10:41:00,21.17,21.17,21.17,21.17,314.0,6648.0
2026-09-03 10:42:00,21.16,21.16,21.16,21.16,7409.0,156774.0
2026-09-03 10:43:00,21.17,21.16,21.17,21.16,2800.0,59268.0
2026-09-03 10:44:00,21.16,21.16,21.17,21.16,4882.0,103324.0
2026-09-03 10:45:00,21.17,21.16,21.17,21.16,1151.0,24360.0
2026-09-03 10:46:00,21.17,21.17,21.17,21.17,287.0,6076.0
2026-09-03 10:47:00,21.19,21.19,21.19,21.19,2500.0,52976.0
2026-09-03 10:48:00,21.18,21.19,21.19,21.18,400.0,8476.0
2026-09-03 10:49:00,21.17,21.19,21.19,21.17,2600.0,55052.0
2026-09-03 10:50:00,21.17,21.17,21.17,21.17,1500.0,31754.0
2026-09-03 10:51:00,21.17,21.17,21.17,21.17,2400.0,50808.0
2026-09-03 10:52:00,21.18,21.15,21.18,21.15,32959.0,697322.0
2026-09-03 10:53:00,21.15,21.1,21.15,21.1,37942.0,801886.0
2026-09-03 10:54:00,21.11,21.11,21.11,21.11,700.0,14778.0
2026-09-03 10:55:00,21.08,21.08,21.08,21.08,12664.0,267194.0
2026-09-03 10:56:00,21.08,21.06,21.08,21.06,17863.0,376458.0
2026-09-03 10:57:00,21.06,21.03,21.08,21.03,21794.0,458844.0
2026-09-03 10:58:00,21.02,21.03,21.03,21.01,23098.0,485652.0
2026-09-03 10:59:00,21.03,21.04,21.04,21.03,200.0,4208.0
2026-09-03 11:00:00,21.06,21.09,21.09,21.06,2709.0,57070.0
2026-09-03 11:01:00,21.08,21.1,21.1,21.08,300.0,6328.0
2026-09-03 11:02:00,21.1,21.06,21.1,21.06,4200.0,88536.0
2026-09-03 11:03:00,21.06,21.06,21.06,21.06,2143.0,45132.0
2026-09-03 11:04:00,21.07,21.11,21.11,21.07,4269.0,90002.0
2026-09-03 11:05:00,21.1,21.11,21.11,21.1,700.0,14770.0
2026-09-03 11:06:00,21.06,21.05,21.06,21.05,34587.0,728554.0
2026-09-03 11:07:00,21.06,21.11,21.11,21.06,34442.0,724716.0
2026-09-03 11:10:00,21.11,21.16,21.16,21.11,5122.0,108288.0
2026-09-03 11:11:00,21.16,21.16,21.16,21.16,21.0,444.0
2026-09-03 11:12:00,21.15,21.11,21.15,21.11,6430.0,135964.0
2026-09-03 11:13:00,21.12,21.11,21.12,21.09,3342.0,70536.0
2026-09-03 11:14:00,21.11,21.11,21.11,21.09,5507.0,116172.0
2026-09-03 11:15:00,21.11,21.1,21.11,21.09,5227.0,110330.0
2026-09-03 11:16:00,21.09,21.12,21.12,21.09,4504.0,95022.0
2026-09-03 11:17:00,21.07,21.08,21.08,21.07,27659.0,583148.0
2026-09-03 11:18:00,21.07,21.07,21.07,21.07,4526.0,95364.0
2026-09-03 11:19:00,21.08,21.08,21.08,21.08,6008.0,126648.0
2026-09-03 11:20:00,21.08,21.07,21.08,21.07,7613.0,160456.0
2026-09-03 11:21:00,21.07,21.1,21.1,21.07,25020.0,527176.0
2026-09-03 11:22:00,21.11,21.11,21.11,21.1,1500.0,31656.0
2026-09-03 11:24:00,21.1,21.1,21.1,21.1,200.0,4220.0
2026-09-03 11:25:00,21.1,21.1,21.1,21.1,400.0,8440.0
2026-09-03 11:26:00,21.09,21.1,21.1,21.09,1400.0,29528.0
2026-09-03 11:27:00,21.09,21.09,21.09,21.09,1568.0,33072.0
2026-09-03 11:28:00,21.08,21.08,21.08,21.08,258.0,5440.0
2026-09-03 11:29:00,21.08,21.09,21.09,21.08,3100.0,65376.0
2026-09-03 11:30:00,21.09,21.09,21.09,21.09,2409.0,50806.0
2026-09-03 13:01:00,21.07,21.08,21.08,21.07,18928.0,398936.0
2026-09-03 13:02:00,21.08,21.08,21.08,21.08,2900.0,61132.0
2026-09-03 13:03:00,21.08,21.08,21.08,21.08,500.0,10540.0
2026-09-03 13:05:00,21.08,21.07,21.08,21.07,5929.0,124978.0
2026-09-03 13:06:00,21.08,21.07,21.08,21.07,7288.0,153576.0
2026-09-03 13:07:00,21.07,21.03,21.07,21.03,12166.0,256140.0
2026-09-03 13:08:00,21.03,21.03,21.03,21.02,11660.0,245152.0
2026-09-03 13:09:00,21.03,21.04,21.04,21.03,1400.0,29448.0
2026-09-03 13:10:00,21.02,21.02,21.02,21.02,13767.0,289388.0
2026-09-03 13:11:00,21.04,21.06,21.06,21.04,1037.0,21828.0
2026-09-03 13:12:00,21.06,21.06,21.06,21.06,1554.0,32728.0
2026-09-03 13:13:00,21.06,21.06,21.06,21.06,3100.0,65260.0
2026-09-03 13:14:00,21.02,21.03,21.03,21.02,10715.0,225240.0
2026-09-03 13:15:00,21.03,21.03,21.03,21.03,4735.0,99576.0
2026-09-03 13:16:00,21.02,21.02,21.02,21.02,28494.0,598944.0
2026-09-03 13:17:00,21.01,20.98,21.02,20.98,70120.0,1472500.0
2026-09-03 13:18:00,20.98,20.95,20.98,20.95,9429.0,197660.0
2026-09-03 13:19:00,20.95,20.98,20.98,20.95,1778.0,37256.0
2026-09-03 13:20:00,20.98,20.95,20.98,20.95,12377.0,259420.0
2026-09-03 13:21:00,21.01,20.96,21.01,20.96,600.0,12588.0
2026-09-03 13:22:00,20.96,20.95,20.96,20.95,5542.0,116128.0
2026-09-03 13:23:00,20.95,20.92,20.96,20.92,14128.0,295856.0
2026-09-03 13:24:00,20.92,20.94,20.94,20.91,16006.0,334832.0
2026-09-03 13:25:00,20.95,20.95,20.95,20.95,2303.0,48248.0
2026-09-03 13:26:00,20.95,20.93,20.95,20.93,3785.0,79284.0
2026-09-03 13:27:00,20.92,20.95,20.95,20.92,7510.0,157252.0
2026-09-03 13:28:00,20.92,20.9,20.95,20.9,13744.0,287456.0
2026-09-03 13:29:00,20.9,20.89,20.9,20.89,14670.0,278756.0
2026-09-03 13:30:00,20.89,20.9,20.9,20.89,2450.0,51184.0
2026-09-03 13:31:00,20.9,20.91,20.92,20.9,21516.0,449884.0
2026-09-03 13:32:00,20.91,20.9,20.91,20.9,3412.0,71324.0
2026-09-03 13:33:00,20.91,20.91,20.91,20.9,2200.0,45996.0
2026-09-03 13:34:00,20.91,20.91,20.91,20.91,24096.0,503756.0
2026-09-03 13:35:00,20.91,20.91,20.91,20.9,12422.0,259740.0
2026-09-03 13:37:00,20.95,20.95,20.95,20.95,2000.0,41892.0
2026-09-03 13:39:00,20.95,20.96,20.96,20.95,5900.0,71240.0
2026-09-03 13:40:00,20.93,20.93,20.93,20.93,5681.0,118976.0
2026-09-03 13:41:00,20.93,20.93,20.93,20.93,2400.0,50232.0
2026-09-03 13:42:00,20.92,20.92,20.92,20.92,1800.0,37668.0
2026-09-03 13:43:00,20.93,20.93,20.93,20.93,1177.0,24632.0
2026-09-03 13:44:00,20.94,20.93,20.94,20.93,1162.0,24324.0
2026-09-03 13:45:00,20.93,20.94,20.94,20.93,1954.0,40908.0
2026-09-03 13:46:00,20.93,20.92,20.93,20.92,7908.0,165456.0
2026-09-03 13:47:00,20.92,20.94,20.94,20.92,946.0,19804.0
2026-09-03 13:48:00,20.92,20.92,20.92,20.92,100.0,2092.0
2026-09-03 13:49:00,20.92,20.92,20.94,20.92,2212.0,46300.0
2026-09-03 13:50:00,20.92,20.92,20.92,20.92,1100.0,23012.0
2026-09-03 13:51:00,20.92,20.92,20.92,20.92,100.0,2092.0
2026-09-03 13:52:00,20.94,20.94,20.94,20.94,7015.0,146900.0
2026-09-03 13:54:00,20.94,20.94,20.94,20.93,6484.0,135776.0
2026-09-03 13:55:00,20.94,20.95,20.95,20.94,10367.0,217108.0
2026-09-03 13:56:00,20.96,20.96,20.96,20.96,4800.0,100608.0
2026-09-03 13:57:00,20.96,20.96,20.98,20.96,5838.0,122364.0
2026-09-03 13:58:00,20.96,20.96,20.96,20.96,400.0,8384.0
2026-09-03 13:59:00,20.96,20.96,20.96,20.96,252.0,5284.0
2026-09-03 14:00:00,20.97,20.98,20.98,20.97,2007.0,42088.0
2026-09-03 14:01:00,20.98,20.98,20.98,20.98,2295.0,48148.0
2026-09-03 14:02:00,20.99,20.99,20.99,20.99,100.0,2100.0
2026-09-03 14:03:00,21.0,21.05,21.05,21.0,7895.0,166324.0
2026-09-03 14:04:00,21.05,21.04,21.05,21.03,2727.0,57384.0
2026-09-03 14:05:00,21.01,21.02,21.08,21.01,5434.0,114496.0
2026-09-03 14:06:00,21.02,21.06,21.07,21.02,4552.0,95716.0
2026-09-03 14:07:00,21.06,21.06,21.06,21.06,200.0,4212.0
2026-09-03 14:08:00,21.06,21.05,21.06,21.05,1200.0,25264.0
2026-09-03 14:09:00,21.0,21.0,21.01,21.0,12136.0,228328.0
2026-09-03 14:10:00,21.0,21.0,21.0,21.0,1875.0,39376.0
2026-09-03 14:11:00,21.0,20.99,21.0,20.99,6400.0,134376.0
2026-09-03 14:12:00,20.98,20.95,20.99,20.95,13486.0,282656.0
2026-09-03 14:13:00,20.97,20.99,20.99,20.97,2635.0,55280.0
2026-09-03 14:14:00,20.99,21.0,21.0,20.99,1456.0,30576.0
2026-09-03 14:15:00,21.0,20.98,21.0,20.98,544.0,11416.0
2026-09-03 14:16:00,20.98,20.97,20.98,20.97,2460.0,51588.0
2026-09-03 14:17:00,20.98,20.98,20.98,20.98,40.0,840.0
2026-09-03 14:18:00,20.97,20.96,20.97,20.96,12653.0,265308.0
2026-09-03 14:19:00,20.96,20.97,20.97,20.96,4517.0,94720.0
2026-09-03 14:20:00,20.99,21.0,21.0,20.99,294.0,6168.0
2026-09-03 14:21:00,21.02,21.03,21.08,21.02,8048.0,169528.0
2026-09-03 14:22:00,21.02,21.06,21.06,21.0,1012.0,21288.0
2026-09-03 14:23:00,21.0,21.0,21.0,21.0,200.0,4200.0
2026-09-03 14:26:00,21.02,21.02,21.02,21.02,800.0,16816.0
2026-09-03 14:27:00,21.03,21.03,21.03,21.03,2820.0,59304.0
2026-09-03 14:28:00,21.03,21.01,21.03,21.01,5037.0,105840.0
2026-09-03 14:29:00,20.99,21.01,21.01,20.98,9875.0,207340.0
2026-09-03 14:31:00,20.99,20.99,21.01,20.99,6100.0,128048.0
2026-09-03 14:32:00,21.01,21.0,21.01,21.0,1900.0,39900.0
2026-09-03 14:33:00,21.0,21.0,21.0,21.0,1800.0,37800.0
2026-09-03 14:34:00,21.0,20.98,21.01,20.98,11811.0,248016.0
2026-09-03 14:35:00,20.99,21.02,21.02,20.99,13998.0,294080.0
2026-09-03 14:36:00,21.02,21.04,21.04,21.0,18502.0,388920.0
2026-09-03 14:37:00,21.04,21.04,21.04,21.04,500.0,10520.0
2026-09-03 14:38:00,20.97,20.97,20.97,20.97,12534.0,262888.0
2026-09-03 14:39:00,20.97,20.97,20.97,20.97,4720.0,98976.0
2026-09-03 14:40:00,20.97,20.95,20.97,20.95,17772.0,372492.0
2026-09-03 14:41:00,20.95,20.96,20.96,20.95,9651.0,202240.0
2026-09-03 14:42:00,20.97,20.97,20.97,20.97,2889.0,60580.0
2026-09-03 14:43:00,20.97,20.96,20.97,20.96,4161.0,87248.0
2026-09-03 14:44:00,20.96,20.96,20.96,20.96,5800.0,121568.0
2026-09-03 14:45:00,20.95,20.94,20.95,20.94,9451.0,197996.0
2026-09-03 14:46:00,20.95,20.95,20.95,20.94,17055.0,357216.0
2026-09-03 14:47:00,20.95,20.94,20.95,20.94,27214.0,570032.0
2026-09-03 14:48:00,20.94,20.92,20.94,20.92,22844.0,478228.0
2026-09-03 14:49:00,20.92,20.88,20.92,20.88,25240.0,527600.0
2026-09-03 14:50:00,20.88,20.88,20.88,20.85,20904.0,436216.0
2026-09-03 14:51:00,20.86,20.88,20.88,20.86,20213.0,421932.0
2026-09-03 14:52:00,20.88,20.87,20.88,20.87,12314.0,257024.0
2026-09-03 14:53:00,20.87,20.88,20.88,20.87,6971.0,145528.0
2026-09-03 14:54:00,20.88,20.88,20.89,20.88,34516.0,720740.0
2026-09-03 14:55:00,20.89,20.91,20.91,20.88,4060.0,84828.0
2026-09-03 14:56:00,20.9,20.89,20.9,20.88,16223.0,338908.0
2026-09-03 14:57:00,20.88,20.88,20.88,20.87,43587.0,909988.0
2026-09-03 14:58:00,20.87,20.87,20.87,20.87,500.0,10436.0
2026-09-03 15:00:00,20.88,20.88,20.88,20.88,20398.0,425908.0
2026-09-04 09:31:00,20.93,21.06,21.15,20.93,25366.0,533379.0
2026-09-04 09:32:00,21.05,21.01,21.05,21.0,17427.0,365884.0
2026-09-04 09:33:00,21.0,20.95,21.0,20.92,11302.0,236894.0
2026-09-04 09:34:00,20.94,20.99,20.99,20.94,5528.0,116024.0
2026-09-04 09:35:00,20.99,20.99,20.99,20.99,1392.0,29218.0
2026-09-04 09:36:00,20.97,21.0,21.0,20.97,15264.0,320344.0
2026-09-04 09:37:00,20.97,20.97,20.97,20.97,17470.0,366425.0
2026-09-04 09:38:00,20.96,20.9,20.96,20.9,32348.0,676855.0
2026-09-04 09:39:00,20.9,20.84,20.9,20.83,28579.0,596615.0
2026-09-04 09:40:00,20.84,20.88,20.88,20.83,8495.0,177049.0
2026-09-04 09:41:00,20.85,20.87,20.87,20.85,9179.0,191483.0
2026-09-04 09:42:00,20.87,20.92,20.92,20.87,10879.0,227109.0
2026-09-04 09:43:00,20.92,20.9,20.92,20.83,19816.0,413251.0
2026-09-04 09:44:00,20.89,20.85,20.89,20.85,9190.0,191818.0
2026-09-04 09:45:00,20.85,20.86,20.86,20.85,2702.0,56353.0
2026-09-04 09:46:00,20.89,20.92,20.93,20.86,11341.0,236931.0
2026-09-04 09:47:00,20.9,20.95,20.95,20.9,2505.0,52455.0
2026-09-04 09:48:00,20.9,20.89,20.96,20.89,3576.0,74770.0
2026-09-04 09:49:00,20.89,20.88,20.89,20.88,6606.0,137952.0
2026-09-04 09:50:00,20.96,20.96,20.96,20.96,500.0,10480.0
2026-09-04 09:51:00,20.9,20.9,20.9,20.9,609.0,12728.0
2026-09-04 09:52:00,20.91,20.92,20.92,20.91,4051.0,84738.0
2026-09-04 09:53:00,20.93,20.9,20.94,20.9,33506.0,701210.0
2026-09-04 09:54:00,20.91,20.91,20.92,20.9,22850.0,477713.0
2026-09-04 09:56:00,20.92,20.92,20.92,20.92,100.0,2092.0
2026-09-04 09:57:00,20.92,20.91,20.92,20.91,17467.0,365417.0
2026-09-04 09:58:00,20.91,20.88,20.91,20.88,4350.0,90922.0
2026-09-04 09:59:00,20.89,20.91,20.92,20.89,16630.0,347553.0
2026-09-04 10:00:00,20.91,20.96,20.96,20.91,1138.0,23837.0
2026-09-04 10:01:00,20.96,21.01,21.02,20.96,13222.0,277713.0
2026-09-04 10:02:00,21.01,21.02,21.03,21.01,2810.0,59067.0
2026-09-04 10:03:00,21.03,21.05,21.05,21.02,22400.0,471099.0
2026-09-04 10:04:00,21.06,21.07,21.07,21.02,7953.0,167461.0
2026-09-04 10:05:00,21.07,21.09,21.09,21.07,5989.0,126232.0
2026-09-04 10:06:00,21.08,21.07,21.08,21.07,8033.0,169333.0
2026-09-04 10:07:00,21.08,21.07,21.08,21.07,2606.0,54930.0
2026-09-04 10:08:00,21.04,21.05,21.05,21.03,1733.0,36477.0
2026-09-04 10:09:00,21.05,21.06,21.06,21.05,3349.0,70522.0
2026-09-04 10:10:00,21.06,21.1,21.11,21.06,32633.0,688128.0
2026-09-04 10:11:00,21.09,21.1,21.1,21.07,3231.0,68149.0
2026-09-04 10:12:00,21.1,21.1,21.1,21.1,5160.0,108900.0
2026-09-04 10:13:00,21.08,21.09,21.09,21.08,700.0,14757.0
2026-09-04 10:14:00,21.09,21.09,21.09,21.09,600.0,12654.0
2026-09-04 10:15:00,21.09,21.08,21.09,21.07,5524.0,116455.0
2026-09-04 10:16:00,21.08,21.07,21.08,21.07,1757.0,37029.0
2026-09-04 10:17:00,21.08,21.09,21.09,21.08,5999.0,126480.0
2026-09-04 10:18:00,21.09,21.07,21.09,21.07,4991.0,84119.0
2026-09-04 10:19:00,21.08,21.07,21.08,21.07,4619.0,97358.0
2026-09-04 10:20:00,21.08,21.22,21.22,21.08,73710.0,1557404.0
2026-09-04 10:21:00,21.29,21.26,21.29,21.22,46249.0,983192.0
2026-09-04 10:22:00,21.26,21.24,21.26,21.24,45572.0,968487.0
2026-09-04 10:23:00,21.24,21.21,21.25,21.21,26071.0,553709.0
2026-09-04 10:24:00,21.21,21.21,21.21,21.21,3143.0,66663.0
2026-09-04 10:25:00,21.2,21.2,21.2,21.2,2100.0,44516.0
2026-09-04 10:26:00,21.12,21.12,21.12,21.12,1690.0,35765.0
2026-09-04 10:27:00,21.15,21.15,21.15,21.15,600.0,12690.0
2026-09-04 10:28:00,21.19,21.2,21.2,21.19,12374.0,262126.0
2026-09-04 10:29:00,21.19,21.19,21.19,21.19,256.0,5424.0
2026-09-04 10:30:00,21.18,21.18,21.18,21.18,4731.0,100203.0
2026-09-04 10:31:00,21.16,21.16,21.16,21.16,3400.0,71954.0
2026-09-04 10:33:00,21.16,21.16,21.16,21.16,1100.0,23276.0
2026-09-04 10:34:00,21.15,21.15,21.15,21.15,6469.0,136819.0
2026-09-04 10:35:00,21.15,21.14,21.15,21.14,1367.0,28902.0
2026-09-04 10:36:00,21.13,21.13,21.13,21.13,3000.0,63390.0
2026-09-04 10:37:00,21.13,21.1,21.13,21.1,11451.0,241951.0
2026-09-04 10:38:00,21.1,21.13,21.13,21.1,6949.0,146811.0
2026-09-04 10:39:00,21.12,21.12,21.12,21.12,1800.0,38021.0
2026-09-04 10:40:00,21.13,21.13,21.13,21.13,300.0,6339.0
2026-09-04 10:41:00,21.15,21.12,21.15,21.12,3845.0,81222.0
2026-09-04 10:42:00,21.1,21.1,21.1,21.1,3000.0,63300.0
2026-09-04 10:43:00,21.15,21.12,21.15,21.12,3769.0,79657.0
2026-09-04 10:44:00,21.11,21.11,21.11,21.11,2742.0,57883.0
2026-09-04 10:45:00,21.1,21.11,21.11,21.1,300.0,6332.0
2026-09-04 10:46:00,21.1,21.1,21.1,21.1,2963.0,62520.0
2026-09-04 10:47:00,21.11,21.11,21.11,21.1,1743.0,36792.0
2026-09-04 10:48:00,21.11,21.1,21.11,21.1,915.0,19314.0
2026-09-04 10:49:00,21.11,21.11,21.11,21.11,100.0,2111.0
2026-09-04 10:51:00,21.11,21.12,21.12,21.11,9700.0,204837.0
2026-09-04 10:52:00,21.1,21.1,21.1,21.1,9835.0,207518.0
2026-09-04 10:53:00,21.1,21.12,21.12,21.1,17397.0,367300.0
2026-09-04 10:54:00,21.12,21.14,21.14,21.12,3876.0,81878.0
2026-09-04 10:55:00,21.13,21.13,21.13,21.13,1197.0,25293.0
2026-09-04 10:56:00,21.14,21.15,21.15,21.14,493.0,10425.0
2026-09-04 10:57:00,21.13,21.13,21.13,21.13,3456.0,73031.0
2026-09-04 10:58:00,21.12,21.12,21.12,21.12,1035.0,21859.0
2026-09-04 10:59:00,21.12,21.11,21.12,21.11,2100.0,44351.0
2026-09-04 11:00:00,21.11,21.11,21.11,21.11,1636.0,34542.0
2026-09-04 11:02:00,21.12,21.13,21.13,21.12,355.0,7499.0
2026-09-04 11:03:00,21.12,21.13,21.13,21.12,10978.0,231920.0
2026-09-04 11:04:00,21.13,21.12,21.13,21.12,6270.0,132496.0
2026-09-04 11:05:00,21.11,21.1,21.11,21.1,2400.0,50648.0
2026-09-04 11:06:00,21.1,21.09,21.1,21.09,2868.0,60500.0
2026-09-04 11:07:00,21.09,21.1,21.1,21.08,6110.0,128888.0
2026-09-04 11:09:00,21.1,21.1,21.1,21.1,1422.0,30004.0
2026-09-04 11:11:00,21.1,21.1,21.1,21.1,300.0,6330.0
2026-09-04 11:12:00,21.09,21.06,21.09,21.06,22442.0,472734.0
2026-09-04 11:13:00,21.06,21.05,21.06,21.05,14806.0,311744.0
2026-09-04 11:14:00,21.05,21.04,21.05,21.04,844.0,17766.0
2026-09-04 11:15:00,21.05,21.05,21.05,21.05,206.0,4336.0
2026-09-04 11:16:00,21.06,21.06,21.06,21.06,1321.0,27820.0
2026-09-04 11:17:00,21.06,21.05,21.06,21.05,3231.0,68014.0
2026-09-04 11:19:00,21.05,21.04,21.05,21.04,1994.0,41972.0
2026-09-04 11:20:00,21.04,21.06,21.06,21.04,9592.0,201912.0
2026-09-04 11:21:00,21.05,21.05,21.05,21.05,900.0,18960.0
2026-09-04 11:22:00,21.06,21.06,21.06,21.06,500.0,10532.0
2026-09-04 11:25:00,21.07,21.07,21.07,21.07,6244.0,131570.0
2026-09-04 11:26:00,21.06,21.05,21.06,21.05,8570.0,180416.0
2026-09-04 11:27:00,21.04,21.04,21.04,21.04,12544.0,263946.0
2026-09-04 11:28:00,21.06,21.06,21.06,21.06,2700.0,56840.0
2026-09-04 11:29:00,21.04,21.04,21.04,21.04,700.0,14728.0
2026-09-04 11:30:00,21.03,21.07,21.07,21.03,9577.0,201548.0
2026-09-04 13:01:00,21.07,21.07,21.07,21.07,2950.0,62158.0
2026-09-04 13:02:00,21.09,21.09,21.09,21.09,1212.0,25550.0
2026-09-04 13:03:00,21.09,21.09,21.09,21.09,946.0,19952.0
2026-09-04 13:05:00,21.09,21.07,21.09,21.07,613.0,12926.0
2026-09-04 13:07:00,21.07,21.06,21.07,21.06,1872.0,39426.0
2026-09-04 13:08:00,21.05,21.05,21.05,21.05,1855.0,39048.0
2026-09-04 13:10:00,21.05,21.05,21.05,21.05,154.0,3240.0
2026-09-04 13:11:00,21.04,21.03,21.04,21.03,3227.0,67876.0
2026-09-04 13:13:00,21.03,21.03,21.03,21.03,500.0,10516.0
2026-09-04 13:14:00,21.05,21.05,21.05,21.05,500.0,10524.0
2026-09-04 13:15:00,21.03,21.03,21.03,21.03,256.0,5384.0
2026-09-04 13:17:00,21.03,21.02,21.03,21.02,1738.0,36544.0
2026-09-04 13:18:00,21.02,21.01,21.02,21.01,5802.0,121950.0
2026-09-04 13:19:00,21.0,20.99,21.0,20.99,10600.0,222518.0
2026-09-04 13:20:00,20.98,21.02,21.02,20.98,12372.0,259674.0
2026-09-04 13:21:00,21.02,21.05,21.05,21.01,7869.0,165482.0
2026-09-04 13:22:00,21.09,21.09,21.09,21.09,2500.0,52724.0
2026-09-04 13:23:00,21.07,21.08,21.08,21.07,2323.0,48968.0
2026-09-04 13:24:00,21.05,21.05,21.05,21.05,500.0,10524.0
2026-09-04 13:26:00,21.05,21.05,21.05,21.05,501.0,10548.0
2026-09-04 13:27:00,21.05,21.05,21.05,21.05,4263.0,89736.0
2026-09-04 13:29:00,21.01,20.97,21.01,20.97,6588.0,138284.0
2026-09-04 13:32:00,20.98,20.98,20.98,20.98,200.0,4196.0
2026-09-04 13:33:00,20.97,20.95,20.97,20.95,3104.0,65068.0
2026-09-04 13:34:00,20.97,21.01,21.01,20.95,1829.0,38364.0
2026-09-04 13:35:00,20.97,20.92,20.97,20.92,6950.0,145556.0
2026-09-04 13:36:00,20.92,20.92,20.92,20.92,700.0,14644.0
2026-09-04 13:37:00,20.92,20.93,20.93,20.92,3249.0,67980.0
2026-09-04 13:38:00,20.92,20.92,20.92,20.92,9313.0,195024.0
2026-09-04 13:39:00,20.91,20.89,20.91,20.89,11457.0,239468.0
2026-09-04 13:40:00,20.89,20.89,20.89,20.89,900.0,18802.0
2026-09-04 13:41:00,20.89,20.9,20.9,20.89,2125.0,44404.0
2026-09-04 13:42:00,20.9,20.9,20.9,20.9,1790.0,37410.0
2026-09-04 13:43:00,20.9,20.92,20.92,20.9,2245.0,46936.0
2026-09-04 13:44:00,20.89,20.92,20.92,20.89,2000.0,41810.0
2026-09-04 13:45:00,20.9,20.9,20.9,20.9,300.0,6270.0
2026-09-04 13:46:00,20.91,20.9,20.91,20.9,1400.0,29262.0
2026-09-04 13:47:00,20.91,20.91,20.91,20.9,1761.0,36818.0
2026-09-04 13:48:00,20.91,20.89,20.91,20.88,16862.0,348728.0
2026-09-04 13:49:00,20.89,20.89,20.89,20.89,5153.0,107624.0
2026-09-04 13:50:00,20.89,20.89,20.89,20.89,1543.0,32232.0
2026-09-04 13:51:00,20.88,20.88,20.88,20.88,860.0,17958.0
2026-09-04 13:52:00,20.87,20.87,20.87,20.87,12063.0,251762.0
2026-09-04 13:53:00,20.86,20.86,20.86,20.86,17805.0,371372.0
2026-09-04 13:54:00,20.86,20.84,20.86,20.84,10339.0,215476.0
2026-09-04 13:55:00,20.84,20.83,20.84,20.83,18921.0,394164.0
2026-09-04 13:56:00,20.83,20.83,20.85,20.83,1900.0,39612.0
2026-09-04 13:57:00,20.84,20.84,20.86,20.83,1700.0,35424.0
2026-09-04 13:58:00,20.84,20.84,20.84,20.84,3400.0,70856.0
2026-09-04 13:59:00,20.84,20.84,20.84,20.83,5453.0,113604.0
2026-09-04 14:00:00,20.84,20.83,20.84,20.83,1000.0,20836.0
2026-09-04 14:01:00,20.86,20.84,20.86,20.84,1700.0,35456.0
2026-09-04 14:02:00,20.84,20.83,20.84,20.83,6900.0,143756.0
2026-09-04 14:04:00,20.84,20.84,20.84,20.84,358.0,7460.0
2026-09-04 14:05:00,20.85,20.86,20.86,20.85,2240.0,46722.0
2026-09-04 14:06:00,20.86,20.86,20.87,20.86,3710.0,77406.0
2026-09-04 14:07:00,20.87,20.87,20.87,20.87,1500.0,31306.0
2026-09-04 14:08:00,20.87,20.86,20.89,20.86,8460.0,176598.0
2026-09-04 14:09:00,20.86,20.85,20.87,20.85,4946.0,103170.0
2026-09-04 14:10:00,20.85,20.85,20.85,20.85,7557.0,157564.0
2026-09-04 14:11:00,20.85,20.85,20.85,20.85,500.0,10426.0
2026-09-04 14:12:00,20.86,20.87,20.87,20.86,1161.0,24226.0
2026-09-04 14:13:00,20.87,20.88,20.88,20.86,5140.0,107278.0
2026-09-04 14:14:00,20.88,20.88,20.88,20.88,1200.0,25056.0
2026-09-04 14:15:00,20.88,20.88,20.88,20.88,5000.0,104392.0
2026-09-04 14:16:00,20.86,20.86,20.86,20.86,2800.0,58408.0
2026-09-04 14:17:00,20.86,20.85,20.86,20.85,5629.0,117416.0
2026-09-04 14:18:00,20.85,20.85,20.86,20.85,11720.0,242280.0
2026-09-04 14:19:00,20.85,20.85,20.85,20.85,10736.0,223846.0
2026-09-04 14:20:00,20.85,20.82,20.85,20.82,37193.0,775346.0
2026-09-04 14:21:00,20.82,20.8,20.82,20.8,21664.0,450860.0
2026-09-04 14:22:00,20.81,20.77,20.81,20.76,52351.0,1088652.0
2026-09-04 14:23:00,20.75,20.72,20.76,20.71,24901.0,516376.0
2026-09-04 14:24:00,20.72,20.72,20.72,20.72,7460.0,154584.0
2026-09-04 14:25:00,20.72,20.72,20.72,20.72,1000.0,20724.0
2026-09-04 14:26:00,20.76,20.76,20.76,20.76,700.0,14532.0
2026-09-04 14:27:00,20.79,20.77,20.79,20.77,1500.0,31180.0
2026-09-04 14:28:00,20.8,20.76,20.8,20.75,2200.0,45660.0
2026-09-04 14:29:00,20.77,20.75,20.77,20.75,2310.0,47960.0
2026-09-04 14:30:00,20.75,20.75,20.86,20.75,9347.0,194432.0
2026-09-04 14:31:00,20.74,20.74,20.74,20.74,1900.0,39404.0
2026-09-04 14:32:00,20.75,20.75,20.75,20.75,900.0,18676.0
2026-09-04 14:33:00,20.75,20.73,20.75,20.73,7400.0,153470.0
2026-09-04 14:34:00,20.73,20.74,20.74,20.73,1887.0,39122.0
2026-09-04 14:35:00,20.73,20.72,20.73,20.72,11635.0,241172.0
2026-09-04 14:36:00,20.71,20.69,20.72,20.69,20182.0,417864.0
2026-09-04 14:37:00,20.69,20.7,20.7,20.69,18304.0,378824.0
2026-09-04 14:38:00,20.7,20.7,20.7,20.7,1701.0,35210.0
2026-09-04 14:39:00,20.7,20.66,20.7,20.66,34313.0,709550.0
2026-09-04 14:40:00,20.64,20.66,20.66,20.64,8460.0,174748.0
2026-09-04 14:41:00,20.66,20.66,20.68,20.66,12940.0,267342.0
2026-09-04 14:42:00,20.68,20.66,20.68,20.66,7700.0,159202.0
2026-09-04 14:43:00,20.66,20.65,20.67,20.65,10991.0,227080.0
2026-09-04 14:44:00,20.65,20.64,20.65,20.64,32368.0,668392.0
2026-09-04 14:45:00,20.65,20.63,20.65,20.63,10313.0,212872.0
2026-09-04 14:46:00,20.63,20.63,20.64,20.63,9099.0,187716.0
2026-09-04 14:47:00,20.63,20.63,20.63,20.63,5731.0,118232.0
2026-09-04 14:48:00,20.62,20.6,20.63,20.6,35143.0,674504.0
2026-09-04 14:49:00,20.59,20.63,20.63,20.59,24404.0,502868.0
2026-09-04 14:50:00,20.63,20.64,20.64,20.61,5523.0,113984.0
2026-09-04 14:51:00,20.64,20.64,20.64,20.62,14181.0,292552.0
2026-09-04 14:52:00,20.64,20.65,20.65,20.64,10104.0,208624.0
2026-09-04 14:53:00,20.65,20.62,20.66,20.62,6871.0,141888.0
2026-09-04 14:54:00,20.65,20.65,20.65,20.62,30755.0,634904.0
2026-09-04 14:55:00,20.61,20.64,20.64,20.61,11152.0,230044.0
2026-09-04 14:56:00,20.64,20.63,20.64,20.63,15502.0,319936.0
2026-09-04 14:57:00,20.63,20.68,20.68,20.63,10331.0,213360.0
2026-09-04 14:58:00,20.65,20.65,20.65,20.65,4276.0,88300.0
2026-09-04 15:00:00,20.65,20.65,20.65,20.65,29146.0,601868.0
2026-09-07 09:31:00,20.65,20.51,20.71,20.51,44542.0,920150.0
2026-09-07 09:32:00,20.52,20.52,20.57,20.5,25801.0,416486.0
2026-09-07 09:33:00,20.6,20.7,20.7,20.58,16597.0,342362.0
2026-09-07 09:34:00,20.7,20.6,20.7,20.6,3893.0,80277.0
2026-09-07 09:35:00,20.6,20.65,20.65,20.59,33631.0,692977.0
2026-09-07 09:36:00,20.61,20.62,20.62,20.6,7116.0,146654.0
2026-09-07 09:37:00,20.62,20.6,20.62,20.6,3372.0,69475.0
2026-09-07 09:38:00,20.6,20.55,20.6,20.55,8123.0,167224.0
2026-09-07 09:39:00,20.55,20.52,20.55,20.52,15464.0,317582.0
2026-09-07 09:40:00,20.59,20.61,20.61,20.59,5095.0,104973.0
2026-09-07 09:41:00,20.63,20.63,20.63,20.63,3200.0,66016.0
2026-09-07 09:42:00,20.63,20.55,20.63,20.55,6998.0,143863.0
2026-09-07 09:43:00,20.55,20.5,20.55,20.44,54933.0,1126469.0
2026-09-07 09:44:00,20.49,20.45,20.49,20.45,5841.0,119542.0
2026-09-07 09:45:00,20.49,20.46,20.49,20.44,18103.0,370207.0
2026-09-07 09:46:00,20.48,20.49,20.49,20.48,10517.0,215396.0
2026-09-07 09:47:00,20.49,20.49,20.53,20.49,3700.0,75837.0
2026-09-07 09:48:00,20.49,20.48,20.49,20.48,6251.0,128031.0
2026-09-07 09:49:00,20.49,20.49,20.49,20.49,3846.0,78804.0
2026-09-07 09:50:00,20.49,20.49,20.51,20.48,30427.0,623485.0
2026-09-07 09:51:00,20.49,20.47,20.49,20.47,8104.0,165986.0
2026-09-07 09:52:00,20.47,20.48,20.5,20.47,13473.0,276075.0
2026-09-07 09:53:00,20.48,20.51,20.51,20.48,6738.0,138082.0
2026-09-07 09:54:00,20.52,20.54,20.54,20.52,12159.0,249646.0
2026-09-07 09:55:00,20.55,20.54,20.55,20.54,12319.0,253110.0
2026-09-07 09:56:00,20.51,20.51,20.55,20.51,5829.0,119613.0
2026-09-07 09:57:00,20.51,20.55,20.55,20.51,2423.0,49741.0
2026-09-07 09:58:00,20.55,20.52,20.55,20.52,3094.0,63509.0
2026-09-07 09:59:00,20.5,20.5,20.51,20.5,19354.0,396829.0
2026-09-07 10:00:00,20.51,20.53,20.53,20.51,2301.0,47198.0
2026-09-07 10:01:00,20.51,20.5,20.52,20.5,25832.0,529641.0
2026-09-07 10:02:00,20.5,20.5,20.5,20.49,2503.0,51291.0
2026-09-07 10:03:00,20.5,20.48,20.5,20.48,16625.0,340630.0
2026-09-07 10:04:00,20.48,20.48,20.48,20.48,19116.0,391495.0
2026-09-07 10:05:00,20.53,20.53,20.53,20.53,200.0,4106.0
2026-09-07 10:07:00,20.5,20.49,20.5,20.49,2446.0,50132.0
2026-09-07 10:08:00,20.48,20.5,20.5,20.48,7520.0,154014.0
2026-09-07 10:09:00,20.48,20.49,20.49,20.48,8926.0,182822.0
2026-09-07 10:10:00,20.5,20.5,20.5,20.49,5602.0,114841.0
2026-09-07 10:11:00,20.52,20.5,20.52,20.5,8919.0,182910.0
2026-09-07 10:12:00,20.5,20.51,20.51,20.5,1000.0,20510.0
2026-09-07 10:13:00,20.51,20.51,20.51,20.51,400.0,8204.0
2026-09-07 10:14:00,20.52,20.51,20.52,20.51,2500.0,51277.0
2026-09-07 10:15:00,20.5,20.51,20.51,20.5,7009.0,143725.0
2026-09-07 10:16:00,20.52,20.53,20.53,20.52,9996.0,205189.0
2026-09-07 10:17:00,20.53,20.53,20.53,20.53,1300.0,26689.0
2026-09-07 10:19:00,20.53,20.51,20.53,20.51,500.0,10262.0
2026-09-07 10:20:00,20.52,20.52,20.52,20.52,3329.0,68311.0
2026-09-07 10:21:00,20.52,20.52,20.52,20.52,2790.0,57251.0
2026-09-07 10:22:00,20.51,20.51,20.51,20.51,500.0,10255.0
2026-09-07 10:23:00,20.5,20.5,20.5,20.48,13514.0,277020.0
2026-09-07 10:24:00,20.5,20.5,20.5,20.5,2000.0,41000.0
2026-09-07 10:25:00,20.5,20.48,20.5,20.48,12000.0,245762.0
2026-09-07 10:26:00,20.48,20.48,20.48,20.48,808.0,16548.0
2026-09-07 10:27:00,20.5,20.49,20.5,20.49,6897.0,141328.0
2026-09-07 10:28:00,20.5,20.5,20.5,20.5,163.0,3341.0
2026-09-07 10:29:00,20.5,20.49,20.5,20.49,2235.0,45802.0
2026-09-07 10:30:00,20.52,20.52,20.52,20.52,381.0,7818.0
2026-09-07 10:31:00,20.52,20.5,20.52,20.5,1895.0,38850.0
2026-09-07 10:32:00,20.5,20.5,20.5,20.5,200.0,4101.0
2026-09-07 10:33:00,20.53,20.53,20.53,20.53,300.0,6159.0
2026-09-07 10:34:00,20.55,20.53,20.55,20.53,3000.0,61600.0
2026-09-07 10:35:00,20.55,20.55,20.55,20.55,834.0,17138.0
2026-09-07 10:36:00,20.7,20.7,20.7,20.7,4000.0,82768.0
2026-09-07 10:38:00,20.66,20.65,20.66,20.65,600.0,12393.0
2026-09-07 10:39:00,20.58,20.58,20.58,20.58,2444.0,50298.0
2026-09-07 10:40:00,20.63,20.6,20.63,20.6,9135.0,188221.0
2026-09-07 10:41:00,20.6,20.63,20.63,20.6,7616.0,156968.0
2026-09-07 10:44:00,20.63,20.63,20.63,20.63,40.0,825.0
2026-09-07 10:45:00,20.63,20.63,20.63,20.63,4660.0,96148.0
2026-09-07 10:46:00,20.63,20.63,20.63,20.63,635.0,13100.0
2026-09-07 10:47:00,20.61,20.61,20.61,20.61,600.0,12366.0
2026-09-07 10:48:00,20.61,20.57,20.61,20.57,3732.0,76822.0
2026-09-07 10:49:00,20.57,20.57,20.57,20.57,371.0,7632.0
2026-09-07 10:50:00,20.57,20.56,20.57,20.56,6668.0,137101.0
2026-09-07 10:52:00,20.56,20.6,20.6,20.56,1000.0,20600.0
2026-09-07 10:55:00,20.57,20.57,20.57,20.57,500.0,10285.0
2026-09-07 10:56:00,20.57,20.57,20.57,20.57,500.0,10285.0
2026-09-07 10:57:00,20.59,20.59,20.59,20.59,1535.0,31606.0
2026-09-07 10:58:00,20.48,20.49,20.49,20.48,49507.0,1015573.0
2026-09-07 11:00:00,20.51,20.51,20.51,20.51,100.0,2051.0
2026-09-07 11:02:00,20.51,20.5,20.51,20.5,826.0,16937.0
2026-09-07 11:03:00,20.5,20.5,20.5,20.5,3032.0,62158.0
2026-09-07 11:04:00,20.5,20.5,20.5,20.5,1022.0,20951.0
2026-09-07 11:06:00,20.5,20.5,20.51,20.5,397.0,8140.0
2026-09-07 11:07:00,20.51,20.51,20.51,20.51,289.0,5927.0
2026-09-07 11:08:00,20.51,20.51,20.51,20.51,1031.0,21146.0
2026-09-07 11:09:00,20.52,20.52,20.52,20.52,40.0,821.0
2026-09-07 11:10:00,20.52,20.52,20.52,20.52,1000.0,20520.0
2026-09-07 11:11:00,20.52,20.53,20.53,20.52,705.0,14471.0
2026-09-07 11:12:00,20.54,20.54,20.54,20.54,1000.0,20540.0
2026-09-07 11:13:00,20.55,20.55,20.55,20.55,1299.0,26695.0
2026-09-07 11:15:00,20.56,20.56,20.56,20.56,474.0,9745.0
2026-09-07 11:18:00,20.57,20.57,20.57,20.57,600.0,12342.0
2026-09-07 11:21:00,20.57,20.57,20.58,20.57,1700.0,34972.0
2026-09-07 11:22:00,20.55,20.56,20.56,20.55,586.0,12044.0
2026-09-07 11:24:00,20.57,20.57,20.57,20.57,4564.0,93881.0
2026-09-07 11:25:00,20.56,20.55,20.56,20.55,3041.0,62493.0
2026-09-07 11:26:00,20.54,20.5,20.54,20.5,13292.0,272600.0
2026-09-07 11:27:00,20.51,20.51,20.51,20.51,700.0,14357.0
2026-09-07 11:28:00,20.51,20.51,20.51,20.51,1700.0,34867.0
2026-09-07 11:29:00,20.5,20.5,20.5,20.5,6493.0,133106.0
2026-09-07 11:30:00,20.5,20.5,20.5,20.5,13807.0,283044.0
2026-09-07 13:01:00,20.52,20.52,20.52,20.52,4658.0,95582.0
2026-09-07 13:04:00,20.52,20.53,20.53,20.52,737.0,15126.0
2026-09-07 13:06:00,20.53,20.53,20.53,20.53,100.0,2053.0
2026-09-07 13:08:00,20.52,20.52,20.52,20.52,300.0,6156.0
2026-09-07 13:09:00,20.52,20.52,20.52,20.52,528.0,10835.0
2026-09-07 13:10:00,20.51,20.51,20.52,20.51,2123.0,43547.0
2026-09-07 13:11:00,20.52,20.52,20.52,20.52,1000.0,20520.0
2026-09-07 13:12:00,20.5,20.49,20.5,20.49,2780.0,56979.0
2026-09-07 13:16:00,20.53,20.53,20.53,20.53,1000.0,20530.0
2026-09-07 13:17:00,20.49,20.49,20.49,20.49,5300.0,108610.0
2026-09-07 13:18:00,20.49,20.49,20.49,20.49,6121.0,125419.0
2026-09-07 13:19:00,20.48,20.49,20.52,20.48,5817.0,119280.0
2026-09-07 13:20:00,20.48,20.52,20.52,20.48,10705.0,219547.0
2026-09-07 13:21:00,20.52,20.53,20.53,20.52,4191.0,86034.0
2026-09-07 13:24:00,20.53,20.52,20.53,20.52,846.0,17361.0
2026-09-07 13:26:00,20.52,20.52,20.52,20.52,2489.0,51074.0
2026-09-07 13:27:00,20.5,20.5,20.5,20.5,497.0,10190.0
2026-09-07 13:28:00,20.53,20.53,20.53,20.53,200.0,4106.0
2026-09-07 13:29:00,20.53,20.53,20.53,20.53,101.0,2073.0
2026-09-07 13:30:00,20.54,20.54,20.54,20.54,1100.0,22594.0
2026-09-07 13:32:00,20.55,20.6,20.6,20.55,2483.0,51080.0
2026-09-07 13:33:00,20.61,20.65,20.65,20.61,4418.0,91161.0
2026-09-07 13:37:00,20.6,20.6,20.6,20.6,500.0,10300.0
2026-09-07 13:38:00,20.6,20.61,20.61,20.6,644.0,13271.0
2026-09-07 13:39:00,20.6,20.6,20.6,20.6,3649.0,75170.0
2026-09-07 13:41:00,20.55,20.55,20.55,20.55,2242.0,46081.0
2026-09-07 13:42:00,20.55,20.56,20.56,20.55,1462.0,30052.0
2026-09-07 13:43:00,20.59,20.59,20.59,20.59,500.0,10295.0
2026-09-07 13:46:00,20.61,20.61,20.61,20.61,4500.0,92719.0
2026-09-07 13:47:00,20.61,20.62,20.62,20.61,2041.0,42083.0
2026-09-07 13:48:00,20.62,20.61,20.62,20.61,4703.0,96944.0
2026-09-07 13:49:00,20.58,20.57,20.58,20.57,2100.0,43217.0
2026-09-07 13:50:00,20.57,20.6,20.6,20.57,2978.0,61310.0
2026-09-07 13:51:00,20.58,20.58,20.58,20.58,3214.0,66145.0
2026-09-07 13:52:00,20.59,20.58,20.59,20.58,3751.0,77205.0
2026-09-07 13:53:00,20.58,20.58,20.58,20.58,1744.0,35892.0
2026-09-07 13:54:00,20.57,20.57,20.57,20.57,707.0,14543.0
2026-09-07 13:55:00,20.57,20.57,20.57,20.56,3451.0,70975.0
2026-09-07 13:56:00,20.56,20.56,20.56,20.56,800.0,16448.0
2026-09-07 13:57:00,20.56,20.56,20.56,20.56,8210.0,168797.0
2026-09-07 13:58:00,20.57,20.56,20.57,20.55,5924.0,121806.0
2026-09-07 13:59:00,20.55,20.55,20.56,20.55,2696.0,55418.0
2026-09-07 14:00:00,20.55,20.55,20.55,20.55,3106.0,63832.0
2026-09-07 14:03:00,20.56,20.56,20.56,20.56,1600.0,32896.0
2026-09-07 14:04:00,20.56,20.56,20.56,20.56,1251.0,25722.0
2026-09-07 14:05:00,20.56,20.56,20.56,20.56,4203.0,86434.0
2026-09-07 14:06:00,20.55,20.55,20.55,20.55,1763.0,36228.0
2026-09-07 14:07:00,20.55,20.55,20.55,20.55,11332.0,232874.0
2026-09-07 14:08:00,20.55,20.55,20.55,20.55,466.0,9576.0
2026-09-07 14:10:00,20.56,20.56,20.56,20.56,400.0,8224.0
2026-09-07 14:12:00,20.56,20.56,20.56,20.56,1126.0,19018.0
2026-09-07 14:13:00,20.55,20.56,20.57,20.55,1996.0,41042.0
2026-09-07 14:14:00,20.56,20.56,20.56,20.56,2904.0,59706.0
2026-09-07 14:15:00,20.56,20.56,20.56,20.56,4400.0,90464.0
2026-09-07 14:18:00,20.56,20.56,20.56,20.56,3721.0,76504.0
2026-09-07 14:20:00,20.56,20.56,20.56,20.56,101.0,2076.0
2026-09-07 14:21:00,20.56,20.56,20.56,20.56,500.0,10280.0
2026-09-07 14:22:00,20.56,20.57,20.57,20.56,3750.0,77138.0
2026-09-07 14:24:00,20.57,20.57,20.57,20.57,4300.0,88450.0
2026-09-07 14:25:00,20.56,20.57,20.57,20.56,1712.0,35208.0
2026-09-07 14:26:00,20.56,20.56,20.56,20.56,3000.0,61680.0
2026-09-07 14:27:00,20.56,20.56,20.56,20.56,100.0,2056.0
2026-09-07 14:28:00,20.56,20.56,20.56,20.56,300.0,6168.0
2026-09-07 14:30:00,20.56,20.56,20.56,20.56,3063.0,62974.0
2026-09-07 14:31:00,20.56,20.56,20.56,20.56,3567.0,73338.0
2026-09-07 14:32:00,20.56,20.53,20.56,20.53,7927.0,162900.0
2026-09-07 14:33:00,20.55,20.55,20.55,20.55,300.0,6164.0
2026-09-07 14:34:00,20.54,20.55,20.55,20.54,2445.0,50224.0
2026-09-07 14:35:00,20.55,20.54,20.55,20.54,1861.0,38234.0
2026-09-07 14:36:00,20.54,20.54,20.54,20.54,1852.0,38040.0
2026-09-07 14:37:00,20.53,20.54,20.54,20.53,2626.0,53918.0
2026-09-07 14:38:00,20.53,20.48,20.53,20.48,33300.0,682502.0
2026-09-07 14:39:00,20.48,20.48,20.48,20.47,25828.0,529018.0
2026-09-07 14:40:00,20.48,20.48,20.48,20.48,10713.0,219456.0
2026-09-07 14:41:00,20.48,20.48,20.48,20.48,200.0,4096.0
2026-09-07 14:42:00,20.48,20.52,20.52,20.48,2403.0,49246.0
2026-09-07 14:43:00,20.53,20.53,20.53,20.53,600.0,12318.0
2026-09-07 14:44:00,20.53,20.53,20.54,20.53,11701.0,240224.0
2026-09-07 14:45:00,20.53,20.52,20.53,20.51,600.0,12314.0
2026-09-07 14:46:00,20.5,20.49,20.5,20.49,3468.0,71066.0
2026-09-07 14:47:00,20.5,20.51,20.51,20.5,7174.0,147044.0
2026-09-07 14:48:00,20.51,20.49,20.51,20.49,6639.0,136102.0
2026-09-07 14:49:00,20.5,20.49,20.5,20.49,4600.0,94260.0
2026-09-07 14:50:00,20.49,20.5,20.5,20.49,4513.0,92502.0
2026-09-07 14:51:00,20.5,20.5,20.5,20.5,10125.0,207552.0
2026-09-07 14:52:00,20.51,20.52,20.52,20.51,5134.0,105332.0
2026-09-07 14:53:00,20.5,20.52,20.52,20.5,19759.0,405280.0
2026-09-07 14:54:00,20.52,20.52,20.53,20.52,13369.0,274374.0
2026-09-07 14:55:00,20.52,20.55,20.55,20.52,10482.0,215286.0
2026-09-07 14:56:00,20.55,20.56,20.56,20.53,4355.0,89498.0
2026-09-07 14:57:00,20.53,20.52,20.53,20.52,6779.0,139140.0
2026-09-07 15:00:00,20.52,20.52,20.52,20.52,12918.0,265078.0
2026-09-08 09:31:00,20.62,20.5,20.62,20.48,19401.0,398492.0
2026-09-08 09:32:00,20.49,20.48,20.49,20.48,12122.0,248310.0
2026-09-08 09:33:00,20.48,20.46,20.48,20.45,7907.0,161860.0
2026-09-08 09:34:00,20.45,20.48,20.48,20.45,26471.0,541776.0
2026-09-08 09:35:00,20.48,20.48,20.49,20.48,18468.0,378237.0
2026-09-08 09:36:00,20.46,20.45,20.47,20.45,7054.0,144281.0
2026-09-08 09:37:00,20.44,20.47,20.47,20.44,20527.0,419787.0
2026-09-08 09:38:00,20.49,20.44,20.49,20.44,12705.0,260027.0
2026-09-08 09:39:00,20.44,20.42,20.45,20.42,15657.0,319971.0
2026-09-08 09:40:00,20.42,20.41,20.42,20.41,8196.0,167307.0
2026-09-08 09:41:00,20.4,20.41,20.41,20.4,19010.0,387874.0
2026-09-08 09:42:00,20.41,20.41,20.41,20.41,800.0,16333.0
2026-09-08 09:43:00,20.42,20.41,20.44,20.41,14658.0,299472.0
2026-09-08 09:44:00,20.44,20.44,20.44,20.42,36164.0,739088.0
2026-09-08 09:45:00,20.44,20.44,20.44,20.43,9821.0,200737.0
2026-09-08 09:46:00,20.44,20.45,20.45,20.43,9816.0,200615.0
2026-09-08 09:47:00,20.45,20.42,20.45,20.42,5693.0,116283.0
2026-09-08 09:48:00,20.43,20.42,20.43,20.42,12136.0,247877.0
2026-09-08 09:49:00,20.42,20.42,20.42,20.42,1810.0,36960.0
2026-09-08 09:50:00,20.43,20.42,20.43,20.42,2423.0,49482.0
2026-09-08 09:51:00,20.43,20.42,20.43,20.42,2771.0,56590.0
2026-09-08 09:52:00,20.42,20.39,20.42,20.39,29815.0,608376.0
2026-09-08 09:53:00,20.39,20.38,20.4,20.38,26532.0,541067.0
2026-09-08 09:54:00,20.38,20.43,20.43,20.38,11808.0,240977.0
2026-09-08 09:55:00,20.44,20.44,20.44,20.44,6942.0,141890.0
2026-09-08 09:56:00,20.46,20.46,20.46,20.46,3976.0,81349.0
2026-09-08 09:57:00,20.46,20.44,20.46,20.44,5791.0,118418.0
2026-09-08 09:58:00,20.43,20.47,20.47,20.4,9250.0,188976.0
2026-09-08 09:59:00,20.49,20.49,20.49,20.49,10200.0,209004.0
2026-09-08 10:01:00,20.44,20.44,20.44,20.44,300.0,6132.0
2026-09-08 10:02:00,20.48,20.49,20.49,20.48,1200.0,24582.0
2026-09-08 10:03:00,20.49,20.48,20.49,20.43,3856.0,78936.0
2026-09-08 10:04:00,20.49,20.49,20.54,20.49,6503.0,133354.0
2026-09-08 10:05:00,20.53,20.52,20.53,20.52,710.0,14574.0
2026-09-08 10:06:00,20.52,20.52,20.52,20.52,2500.0,51300.0
2026-09-08 10:07:00,20.52,20.52,20.52,20.52,4381.0,89898.0
2026-09-08 10:08:00,20.54,20.55,20.55,20.54,5367.0,110263.0
2026-09-08 10:09:00,20.54,20.54,20.54,20.54,2158.0,44327.0
2026-09-08 10:10:00,20.52,20.52,20.54,20.52,2719.0,55804.0
2026-09-08 10:11:00,20.5,20.52,20.52,20.5,3544.0,72693.0
2026-09-08 10:12:00,20.5,20.52,20.52,20.5,7400.0,151742.0
2026-09-08 10:13:00,20.52,20.54,20.54,20.52,1591.0,32661.0
2026-09-08 10:14:00,20.53,20.52,20.53,20.52,2290.0,46996.0
2026-09-08 10:15:00,20.52,20.49,20.52,20.49,600.0,12300.0
2026-09-08 10:16:00,20.52,20.5,20.52,20.5,200.0,4102.0
2026-09-08 10:17:00,20.49,20.49,20.49,20.49,2783.0,57050.0
2026-09-08 10:18:00,20.49,20.49,20.49,20.49,7048.0,144413.0
2026-09-08 10:19:00,20.48,20.48,20.48,20.48,4100.0,83968.0
2026-09-08 10:20:00,20.48,20.48,20.48,20.48,1000.0,20480.0
2026-09-08 10:21:00,20.48,20.48,20.48,20.48,3000.0,61440.0
2026-09-08 10:23:00,20.48,20.48,20.48,20.48,2000.0,40960.0
2026-09-08 10:26:00,20.5,20.5,20.52,20.5,1900.0,38954.0
2026-09-08 10:27:00,20.5,20.52,20.52,20.5,2210.0,45319.0
2026-09-08 10:28:00,20.53,20.54,20.54,20.51,9280.0,190562.0
2026-09-08 10:29:00,20.54,20.58,20.58,20.54,4766.0,97979.0
2026-09-08 10:30:00,20.56,20.56,20.56,20.56,297.0,6106.0
2026-09-08 10:31:00,20.56,20.51,20.56,20.51,3140.0,64435.0
2026-09-08 10:32:00,20.51,20.51,20.51,20.51,1060.0,21740.0
2026-09-08 10:38:00,20.52,20.49,20.52,20.49,5001.0,102546.0
2026-09-08 10:40:00,20.49,20.49,20.49,20.49,10201.0,209019.0
2026-09-08 10:41:00,20.49,20.49,20.49,20.49,2299.0,47106.0
2026-09-08 10:42:00,20.49,20.48,20.49,20.48,547.0,11205.0
2026-09-08 10:43:00,20.48,20.49,20.49,20.48,6237.0,127736.0
2026-09-08 10:45:00,20.49,20.54,20.54,20.49,1967.0,40314.0
2026-09-08 10:46:00,20.49,20.49,20.49,20.49,100.0,2049.0
2026-09-08 10:47:00,20.5,20.5,20.5,20.5,100.0,2050.0
2026-09-08 10:48:00,20.5,20.5,20.5,20.5,100.0,2050.0
2026-09-08 10:49:00,20.5,20.5,20.5,20.5,2021.0,41430.0
2026-09-08 10:50:00,20.5,20.5,20.5,20.5,1300.0,26650.0
2026-09-08 10:51:00,20.5,20.5,20.5,20.5,1947.0,39914.0
2026-09-08 10:53:00,20.5,20.5,20.5,20.5,5000.0,102500.0
2026-09-08 10:54:00,20.53,20.51,20.53,20.51,597.0,12252.0
2026-09-08 10:55:00,20.53,20.51,20.53,20.51,2001.0,41062.0
2026-09-08 10:59:00,20.51,20.51,20.51,20.51,2000.0,41020.0
2026-09-08 11:00:00,20.51,20.5,20.51,20.5,2652.0,54390.0
2026-09-08 11:01:00,20.5,20.5,20.5,20.5,3352.0,68716.0
2026-09-08 11:02:00,20.5,20.5,20.5,20.5,8515.0,174558.0
2026-09-08 11:03:00,20.48,20.48,20.48,20.48,263.0,5386.0
2026-09-08 11:04:00,20.47,20.47,20.47,20.47,21.0,430.0
2026-09-08 11:05:00,20.47,20.47,20.47,20.47,279.0,5711.0
2026-09-08 11:06:00,20.47,20.46,20.47,20.46,6600.0,135090.0
2026-09-08 11:07:00,20.46,20.49,20.49,20.46,5200.0,106397.0
2026-09-08 11:11:00,20.46,20.46,20.46,20.46,7104.0,145348.0
2026-09-08 11:12:00,20.49,20.46,20.49,20.46,5041.0,103280.0
2026-09-08 11:13:00,20.47,20.47,20.47,20.47,328.0,6714.0
2026-09-08 11:16:00,20.49,20.49,20.49,20.49,534.0,10941.0
2026-09-08 11:17:00,20.44,20.44,20.44,20.44,61798.0,1263486.0
2026-09-08 11:18:00,20.5,20.5,20.5,20.5,100.0,2050.0
2026-09-08 11:19:00,20.5,20.5,20.5,20.5,1700.0,34850.0
2026-09-08 11:20:00,20.46,20.46,20.46,20.46,100.0,2046.0
2026-09-08 11:21:00,20.46,20.46,20.46,20.46,1400.0,28644.0
2026-09-08 11:22:00,20.45,20.45,20.45,20.45,3000.0,61355.0
2026-09-08 11:23:00,20.45,20.46,20.46,20.45,2210.0,45210.0
2026-09-08 11:24:00,20.45,20.45,20.45,20.45,2000.0,40906.0
2026-09-08 11:25:00,20.44,20.44,20.44,20.44,17000.0,347517.0
2026-09-08 11:26:00,20.44,20.44,20.44,20.44,300.0,6138.0
2026-09-08 11:29:00,20.45,20.45,20.45,20.45,1100.0,22495.0
2026-09-08 13:01:00,20.5,20.52,20.52,20.45,13896.0,284467.0
2026-09-08 13:02:00,20.52,20.45,20.52,20.45,111.0,2270.0
2026-09-08 13:04:00,20.46,20.46,20.46,20.46,1000.0,20460.0
2026-09-08 13:06:00,20.5,20.46,20.5,20.46,1158.0,23700.0
2026-09-08 13:07:00,20.46,20.46,20.46,20.46,173.0,3539.0
2026-09-08 13:08:00,20.45,20.45,20.45,20.45,1800.0,36810.0
2026-09-08 13:10:00,20.45,20.45,20.45,20.45,27.0,552.0
2026-09-08 13:13:00,20.5,20.5,20.5,20.46,4660.0,95526.0
2026-09-08 13:14:00,20.51,20.5,20.51,20.5,3700.0,75865.0
2026-09-08 13:15:00,20.5,20.5,20.5,20.5,2000.0,41000.0
2026-09-08 13:16:00,20.5,20.5,20.5,20.5,1842.0,37761.0
2026-09-08 13:17:00,20.5,20.5,20.5,20.5,158.0,3239.0
2026-09-08 13:18:00,20.5,20.5,20.5,20.5,300.0,6150.0
2026-09-08 13:19:00,20.5,20.5,20.5,20.5,2800.0,57400.0
2026-09-08 13:20:00,20.48,20.5,20.5,20.48,3879.0,79445.0
2026-09-08 13:22:00,20.49,20.49,20.49,20.49,800.0,16392.0
2026-09-08 13:23:00,20.49,20.49,20.49,20.49,100.0,2049.0
2026-09-08 13:24:00,20.48,20.5,20.5,20.48,1441.0,29521.0
2026-09-08 13:25:00,20.5,20.52,20.52,20.5,1966.0,40327.0
2026-09-08 13:26:00,20.53,20.54,20.54,20.53,6475.0,132980.0
2026-09-08 13:27:00,20.54,20.54,20.54,20.54,200.0,4108.0
2026-09-08 13:30:00,20.51,20.51,20.51,20.51,3300.0,67683.0
2026-09-08 13:31:00,20.51,20.5,20.51,20.5,322.0,6603.0
2026-09-08 13:32:00,20.49,20.51,20.51,20.49,4900.0,100448.0
2026-09-08 13:34:00,20.51,20.52,20.52,20.51,3700.0,75891.0
2026-09-08 13:38:00,20.49,20.51,20.51,20.49,3608.0,73942.0
2026-09-08 13:39:00,20.5,20.51,20.51,20.5,1784.0,36574.0
2026-09-08 13:42:00,20.51,20.52,20.52,20.51,3248.0,66629.0
2026-09-08 13:43:00,20.52,20.52,20.52,20.52,800.0,16416.0
2026-09-08 13:44:00,20.52,20.52,20.53,20.52,4555.0,93475.0
2026-09-08 13:47:00,20.51,20.52,20.52,20.51,2500.0,51276.0
2026-09-08 13:48:00,20.5,20.5,20.5,20.5,5903.0,121012.0
2026-09-08 13:49:00,20.52,20.52,20.52,20.52,300.0,6156.0
2026-09-08 13:50:00,20.52,20.52,20.52,20.52,2400.0,49248.0
2026-09-08 13:51:00,20.51,20.52,20.52,20.5,4786.0,98157.0
2026-09-08 13:52:00,20.5,20.55,20.55,20.5,11193.0,229794.0
2026-09-08 13:53:00,20.56,20.55,20.56,20.55,2462.0,50606.0
2026-09-08 13:54:00,20.55,20.55,20.55,20.54,4935.0,101405.0
2026-09-08 13:55:00,20.54,20.54,20.54,20.54,959.0,19698.0
2026-09-08 13:56:00,20.54,20.53,20.54,20.51,3517.0,72162.0
2026-09-08 13:57:00,20.53,20.53,20.53,20.53,100.0,2053.0
2026-09-08 13:59:00,20.51,20.51,20.51,20.51,589.0,12080.0
2026-09-08 14:00:00,20.51,20.52,20.52,20.5,3053.0,62601.0
2026-09-08 14:01:00,20.52,20.53,20.53,20.52,12300.0,252412.0
2026-09-08 14:02:00,20.53,20.52,20.53,20.52,5400.0,110810.0
2026-09-08 14:03:00,20.52,20.55,20.55,20.52,21214.0,435620.0
2026-09-08 14:04:00,20.56,20.57,20.57,20.56,6403.0,131649.0
2026-09-08 14:05:00,20.55,20.55,20.55,20.55,1442.0,29634.0
2026-09-08 14:06:00,20.52,20.54,20.54,20.52,3300.0,67722.0
2026-09-08 14:07:00,20.52,20.52,20.52,20.52,900.0,18468.0
2026-09-08 14:08:00,20.52,20.52,20.52,20.52,4742.0,97306.0
2026-09-08 14:12:00,20.52,20.52,20.52,20.52,1074.0,22038.0
2026-09-08 14:13:00,20.52,20.54,20.54,20.52,4957.0,101724.0
2026-09-08 14:14:00,20.54,20.51,20.54,20.51,6055.0,124215.0
2026-09-08 14:15:00,20.53,20.5,20.53,20.5,2400.0,49242.0
2026-09-08 14:16:00,20.5,20.54,20.54,20.5,4523.0,92803.0
2026-09-08 14:17:00,20.52,20.54,20.54,20.52,6672.0,136916.0
2026-09-08 14:18:00,20.52,20.52,20.52,20.51,321.0,6586.0
2026-09-08 14:19:00,20.52,20.51,20.52,20.51,3450.0,70772.0
2026-09-08 14:20:00,20.51,20.5,20.51,20.5,1839.0,37710.0
2026-09-08 14:21:00,20.5,20.48,20.5,20.48,6086.0,124728.0
2026-09-08 14:22:00,20.48,20.47,20.48,20.47,6234.0,85320.0
2026-09-08 14:23:00,20.47,20.46,20.47,20.46,2500.0,51154.0
2026-09-08 14:24:00,20.47,20.45,20.47,20.45,4698.0,96086.0
2026-09-08 14:25:00,20.45,20.46,20.46,20.45,400.0,8184.0
2026-09-08 14:26:00,20.44,20.46,20.47,20.44,5197.0,106312.0
2026-09-08 14:28:00,20.5,20.5,20.5,20.48,1843.0,37776.0
2026-09-08 14:29:00,20.5,20.48,20.5,20.48,601.0,12314.0
2026-09-08 14:30:00,20.5,20.5,20.5,20.5,400.0,8200.0
2026-09-08 14:31:00,20.5,20.5,20.5,20.5,1300.0,26650.0
2026-09-08 14:32:00,20.5,20.49,20.5,20.49,480.0,9840.0
2026-09-08 14:33:00,20.49,20.49,20.5,20.49,2412.0,49424.0
2026-09-08 14:34:00,20.49,20.5,20.5,20.48,3264.0,66884.0
2026-09-08 14:35:00,20.5,20.52,20.52,20.49,14341.0,293964.0
2026-09-08 14:36:00,20.52,20.52,20.52,20.52,349.0,7160.0
2026-09-08 14:37:00,20.52,20.52,20.52,20.52,2000.0,41040.0
2026-09-08 14:38:00,20.53,20.52,20.53,20.52,3433.0,70456.0
2026-09-08 14:39:00,20.52,20.52,20.52,20.52,2200.0,45144.0
2026-09-08 14:40:00,20.52,20.52,20.52,20.52,1500.0,30780.0
2026-09-08 14:41:00,20.52,20.51,20.52,20.51,985.0,20204.0
2026-09-08 14:42:00,20.51,20.51,20.51,20.51,100.0,2052.0
2026-09-08 14:44:00,20.52,20.52,20.52,20.52,1929.0,39580.0
2026-09-08 14:45:00,20.53,20.52,20.53,20.52,519.0,10656.0
2026-09-08 14:46:00,20.52,20.52,20.52,20.52,200.0,4104.0
2026-09-08 14:47:00,20.52,20.52,20.52,20.52,1300.0,26676.0
2026-09-08 14:48:00,20.52,20.52,20.52,20.52,100.0,2052.0
2026-09-08 14:49:00,20.5,20.52,20.53,20.5,16600.0,340384.0
2026-09-08 14:50:00,20.52,20.54,20.54,20.52,16669.0,342192.0
2026-09-08 14:51:00,20.54,20.54,20.54,20.53,2970.0,60996.0
2026-09-08 14:52:00,20.54,20.54,20.54,20.54,3660.0,75176.0
2026-09-08 14:53:00,20.55,20.55,20.55,20.55,2800.0,57540.0
2026-09-08 14:54:00,20.52,20.54,20.55,20.52,3700.0,75984.0
2026-09-08 14:55:00,20.54,20.53,20.54,20.53,2559.0,52540.0
2026-09-08 14:56:00,20.53,20.54,20.54,20.52,14673.0,301072.0
2026-09-08 14:57:00,20.53,20.53,20.53,20.53,3159.0,64852.0
2026-09-08 14:58:00,20.52,20.52,20.52,20.52,1000.0,20520.0
2026-09-08 15:00:00,20.52,20.52,20.52,20.52,15600.0,320112.0
2026-09-09 09:31:00,20.58,20.47,20.58,20.46,6811.0,139772.0
2026-09-09 09:32:00,20.46,20.44,20.47,20.44,5117.0,104665.0
2026-09-09 09:33:00,20.44,20.43,20.44,20.43,10541.0,215448.0
2026-09-09 09:34:00,20.44,20.44,20.44,20.44,3256.0,66553.0
2026-09-09 09:35:00,20.45,20.47,20.47,20.45,3307.0,67616.0
2026-09-09 09:36:00,20.47,20.54,20.54,20.47,1900.0,38928.0
2026-09-09 09:37:00,20.53,20.53,20.53,20.53,2164.0,44426.0
2026-09-09 09:38:00,20.47,20.47,20.47,20.47,2196.0,44953.0
2026-09-09 09:39:00,20.47,20.48,20.52,20.45,10860.0,222171.0
2026-09-09 09:40:00,20.45,20.47,20.5,20.45,2670.0,54651.0
2026-09-09 09:41:00,20.5,20.5,20.5,20.5,200.0,4100.0
2026-09-09 09:42:00,20.5,20.5,20.5,20.5,4000.0,82000.0
2026-09-09 09:43:00,20.5,20.47,20.5,20.46,19832.0,405879.0
2026-09-09 09:44:00,20.47,20.5,20.5,20.47,587.0,12029.0
2026-09-09 09:45:00,20.48,20.48,20.48,20.48,300.0,6144.0
2026-09-09 09:46:00,20.47,20.52,20.52,20.47,16740.0,342842.0
2026-09-09 09:47:00,20.53,20.52,20.53,20.52,4129.0,84749.0
2026-09-09 09:49:00,20.47,20.45,20.47,20.44,16800.0,343575.0
2026-09-09 09:50:00,20.52,20.52,20.52,20.52,500.0,10260.0
2026-09-09 09:51:00,20.52,20.46,20.52,20.46,5780.0,118576.0
2026-09-09 09:52:00,20.51,20.51,20.51,20.51,1800.0,36918.0
2026-09-09 09:53:00,20.51,20.51,20.51,20.51,2259.0,46332.0
2026-09-09 09:54:00,20.52,20.51,20.52,20.51,15741.0,322867.0
2026-09-09 09:55:00,20.5,20.5,20.5,20.5,20178.0,413663.0
2026-09-09 09:56:00,20.5,20.5,20.5,20.5,10000.0,205000.0
2026-09-09 09:57:00,20.48,20.48,20.48,20.48,917.0,18795.0
2026-09-09 09:58:00,20.48,20.48,20.48,20.48,8415.0,172324.0
2026-09-09 09:59:00,20.48,20.48,20.48,20.48,7000.0,143360.0
2026-09-09 10:00:00,20.49,20.49,20.49,20.49,22709.0,465151.0
2026-09-09 10:01:00,20.49,20.52,20.52,20.46,21582.0,442267.0
2026-09-09 10:02:00,20.52,20.48,20.53,20.47,26484.0,543447.0
2026-09-09 10:03:00,20.5,20.55,20.57,20.5,33533.0,609176.0
2026-09-09 10:04:00,20.53,20.53,20.55,20.53,13457.0,276337.0
2026-09-09 10:05:00,20.53,20.53,20.53,20.53,1400.0,28740.0
2026-09-09 10:06:00,20.54,20.54,20.54,20.53,9272.0,190396.0
2026-09-09 10:07:00,20.54,20.54,20.55,20.54,10442.0,214481.0
2026-09-09 10:08:00,20.54,20.54,20.54,20.53,4873.0,100059.0
2026-09-09 10:09:00,20.53,20.54,20.54,20.53,11599.0,238157.0
2026-09-09 10:10:00,20.53,20.53,20.54,20.53,4718.0,96869.0
2026-09-09 10:11:00,20.52,20.53,20.53,20.52,1711.0,35113.0
2026-09-09 10:12:00,20.53,20.53,20.53,20.53,100.0,2053.0
2026-09-09 10:13:00,20.53,20.54,20.54,20.53,3822.0,78467.0
2026-09-09 10:14:00,20.53,20.53,20.54,20.53,14179.0,291112.0
2026-09-09 10:15:00,20.52,20.53,20.53,20.52,3180.0,65279.0
2026-09-09 10:17:00,20.52,20.53,20.53,20.51,2292.0,47043.0
2026-09-09 10:18:00,20.51,20.5,20.53,20.5,5517.0,113107.0
2026-09-09 10:19:00,20.5,20.5,20.5,20.5,200.0,4100.0
2026-09-09 10:20:00,20.49,20.49,20.49,20.49,6743.0,138184.0
2026-09-09 10:21:00,20.49,20.49,20.52,20.49,3580.0,73372.0
2026-09-09 10:22:00,20.52,20.52,20.52,20.52,100.0,2052.0
2026-09-09 10:23:00,20.52,20.53,20.53,20.52,1300.0,26678.0
2026-09-09 10:25:00,20.5,20.49,20.52,20.49,1120.0,22961.0
2026-09-09 10:26:00,20.48,20.47,20.48,20.47,5242.0,107338.0
2026-09-09 10:27:00,20.47,20.44,20.47,20.44,15273.0,312356.0
2026-09-09 10:29:00,20.45,20.45,20.45,20.45,7459.0,152557.0
2026-09-09 10:30:00,20.45,20.45,20.45,20.44,18399.0,376086.0
2026-09-09 10:31:00,20.44,20.45,20.45,20.44,10088.0,206210.0
2026-09-09 10:32:00,20.44,20.44,20.44,20.44,800.0,16352.0
2026-09-09 10:34:00,20.45,20.44,20.45,20.44,7671.0,156848.0
2026-09-09 10:35:00,20.44,20.44,20.44,20.44,500.0,10220.0
2026-09-09 10:36:00,20.44,20.44,20.44,20.44,5009.0,102384.0
2026-09-09 10:37:00,20.45,20.45,20.45,20.45,7705.0,157567.0
2026-09-09 10:38:00,20.45,20.45,20.45,20.45,900.0,18405.0
2026-09-09 10:40:00,20.45,20.45,20.45,20.45,2300.0,47035.0
2026-09-09 10:41:00,20.45,20.45,20.45,20.45,5300.0,108385.0
2026-09-09 10:43:00,20.45,20.45,20.45,20.45,2100.0,42945.0
2026-09-09 10:45:00,20.45,20.45,20.45,20.45,89.0,1820.0
2026-09-09 10:46:00,20.51,20.51,20.51,20.51,100.0,2051.0
2026-09-09 10:47:00,20.46,20.46,20.46,20.46,500.0,10230.0
2026-09-09 10:48:00,20.51,20.51,20.51,20.51,1017.0,20859.0
2026-09-09 10:50:00,20.46,20.46,20.46,20.45,3436.0,70276.0
2026-09-09 10:51:00,20.45,20.45,20.45,20.45,333.0,6810.0
2026-09-09 10:52:00,20.46,20.46,20.46,20.46,1000.0,20460.0
2026-09-09 10:53:00,20.46,20.45,20.46,20.45,5099.0,104283.0
2026-09-09 10:54:00,20.46,20.45,20.46,20.45,1830.0,37441.0
2026-09-09 10:55:00,20.43,20.43,20.43,20.43,30000.0,613181.0
2026-09-09 10:56:00,20.45,20.4,20.45,20.4,47566.0,971378.0
2026-09-09 10:57:00,20.4,20.39,20.4,20.39,16102.0,328480.0
2026-09-09 10:58:00,20.39,20.39,20.39,20.39,6100.0,124379.0
2026-09-09 10:59:00,20.39,20.38,20.39,20.38,61897.0,1261543.0
2026-09-09 11:00:00,20.34,20.26,20.34,20.26,34664.0,703802.0
2026-09-09 11:01:00,20.27,20.28,20.31,20.27,13450.0,272750.0
2026-09-09 11:02:00,20.29,20.32,20.33,20.29,3922.0,79707.0
2026-09-09 11:03:00,20.35,20.31,20.35,20.31,6298.0,105633.0
2026-09-09 11:04:00,20.3,20.27,20.3,20.27,38598.0,783045.0
2026-09-09 11:05:00,20.27,20.29,20.29,20.26,14907.0,302184.0
2026-09-09 11:06:00,20.29,20.28,20.29,20.28,11348.0,230159.0
2026-09-09 11:07:00,20.28,20.21,20.28,20.21,64407.0,1304874.0
2026-09-09 11:08:00,20.22,20.23,20.27,20.22,10412.0,210744.0
2026-09-09 11:09:00,20.28,20.28,20.28,20.28,5000.0,101400.0
2026-09-09 11:10:00,20.28,20.27,20.28,20.27,2094.0,42458.0
2026-09-09 11:11:00,20.26,20.25,20.26,20.25,12637.0,256012.0
2026-09-09 11:12:00,20.26,20.26,20.26,20.25,7667.0,155292.0
2026-09-09 11:13:00,20.26,20.26,20.26,20.26,1500.0,30390.0
2026-09-09 11:14:00,20.26,20.26,20.26,20.26,700.0,14182.0
2026-09-09 11:15:00,20.24,20.24,20.26,20.24,8600.0,174114.0
2026-09-09 11:16:00,20.24,20.24,20.24,20.24,12245.0,247664.0
2026-09-09 11:17:00,20.26,20.25,20.26,20.25,2600.0,52674.0
2026-09-09 11:18:00,20.24,20.24,20.24,20.24,4247.0,85960.0
2026-09-09 11:19:00,20.23,20.25,20.25,20.23,6000.0,121432.0
2026-09-09 11:20:00,20.23,20.26,20.26,20.23,3208.0,64916.0
2026-09-09 11:21:00,20.26,20.26,20.26,20.25,5894.0,119360.0
2026-09-09 11:22:00,20.26,20.25,20.26,20.25,1390.0,28154.0
2026-09-09 11:23:00,20.25,20.23,20.25,20.23,11124.0,225070.0
2026-09-09 11:24:00,20.23,20.24,20.24,20.23,1800.0,36420.0
2026-09-09 11:25:00,20.25,20.23,20.25,20.23,700.0,14162.0
2026-09-09 11:27:00,20.24,20.23,20.24,20.23,9870.0,199674.0
2026-09-09 11:28:00,20.24,20.23,20.24,20.23,824.0,16678.0
2026-09-09 11:29:00,20.23,20.22,20.23,20.22,6942.0,140420.0
2026-09-09 11:30:00,20.22,20.22,20.23,20.22,16639.0,336454.0
2026-09-09 13:01:00,20.23,20.22,20.23,20.22,15708.0,317632.0
2026-09-09 13:02:00,20.22,20.21,20.22,20.21,12336.0,249312.0
2026-09-09 13:03:00,20.21,20.22,20.22,20.21,3904.0,78904.0
2026-09-09 13:04:00,20.2,20.14,20.2,20.14,51954.0,1049038.0
2026-09-09 13:05:00,20.14,20.13,20.14,20.13,6827.0,137490.0
2026-09-09 13:06:00,20.13,20.09,20.13,20.08,49793.0,999276.0
2026-09-09 13:07:00,20.07,20.03,20.07,20.03,6000.0,120248.0
2026-09-09 13:08:00,20.07,20.08,20.08,20.07,2956.0,59336.0
2026-09-09 13:09:00,20.09,20.09,20.09,20.09,8699.0,174756.0
2026-09-09 13:10:00,20.09,20.09,20.09,20.09,2000.0,40180.0
2026-09-09 13:11:00,20.11,20.11,20.11,20.11,1000.0,20110.0
2026-09-09 13:12:00,20.11,20.11,20.11,20.11,1127.0,22664.0
2026-09-09 13:13:00,20.12,20.13,20.13,20.12,3563.0,71694.0
2026-09-09 13:14:00,20.18,20.19,20.19,20.18,20900.0,421768.0
2026-09-09 13:15:00,20.13,20.13,20.13,20.13,1199.0,24136.0
2026-09-09 13:16:00,20.12,20.1,20.12,20.1,3676.0,73938.0
2026-09-09 13:17:00,20.12,20.1,20.12,20.1,3304.0,66452.0
2026-09-09 13:18:00,20.1,20.1,20.1,20.09,3156.0,63422.0
2026-09-09 13:19:00,20.1,20.08,20.1,20.08,7782.0,156346.0
2026-09-09 13:20:00,20.1,20.07,20.1,20.07,4761.0,95618.0
2026-09-09 13:21:00,20.07,20.05,20.07,20.05,5026.0,100816.0
2026-09-09 13:22:00,20.06,20.06,20.08,20.05,1800.0,36122.0
2026-09-09 13:23:00,20.05,20.04,20.08,20.04,12422.0,249220.0
2026-09-09 13:24:00,20.04,20.03,20.04,20.03,16676.0,334122.0
2026-09-09 13:25:00,20.05,20.05,20.05,20.05,1737.0,34828.0
2026-09-09 13:26:00,20.05,20.05,20.05,20.05,800.0,16040.0
2026-09-09 13:27:00,20.07,20.07,20.07,20.07,239.0,4796.0
2026-09-09 13:28:00,20.06,20.05,20.06,20.05,3611.0,72406.0
2026-09-09 13:29:00,20.05,20.03,20.06,20.03,25626.0,513632.0
2026-09-09 13:30:00,20.03,20.01,20.03,20.01,14927.0,298850.0
2026-09-09 13:31:00,20.02,20.03,20.03,20.02,4912.0,98380.0
2026-09-09 13:32:00,20.02,20.02,20.02,20.02,10319.0,206588.0
2026-09-09 13:33:00,20.02,20.02,20.02,20.01,12649.0,253224.0
2026-09-09 13:34:00,20.03,20.03,20.03,20.02,7823.0,156690.0
2026-09-09 13:35:00,20.03,20.02,20.03,20.02,2073.0,41514.0
2026-09-09 13:36:00,20.02,20.02,20.02,20.02,2000.0,40040.0
2026-09-09 13:37:00,20.02,20.02,20.02,20.02,9478.0,189748.0
2026-09-09 13:38:00,20.01,20.01,20.01,20.01,12830.0,256730.0
2026-09-09 13:39:00,20.01,20.02,20.02,20.01,6499.0,130054.0
2026-09-09 13:40:00,20.02,20.02,20.02,20.02,1129.0,22602.0
2026-09-09 13:41:00,20.02,20.02,20.02,20.02,11470.0,229546.0
2026-09-09 13:42:00,20.03,20.03,20.03,20.03,1755.0,35152.0
2026-09-09 13:43:00,20.03,20.03,20.03,20.03,5200.0,104156.0
2026-09-09 13:44:00,20.03,20.02,20.03,20.02,10972.0,219716.0
2026-09-09 13:45:00,20.01,19.98,20.01,19.98,72095.0,1441964.0
2026-09-09 13:46:00,19.96,19.93,19.96,19.91,20444.0,407624.0
2026-09-09 13:47:00,19.94,19.93,19.94,19.93,11744.0,234102.0
2026-09-09 13:48:00,19.93,19.96,19.96,19.93,1551.0,30918.0
2026-09-09 13:49:00,19.96,19.98,19.98,19.96,14271.0,284998.0
2026-09-09 13:50:00,19.96,19.97,19.98,19.96,4519.0,90250.0
2026-09-09 13:51:00,19.97,19.97,19.97,19.97,1109.0,22148.0
2026-09-09 13:52:00,19.98,19.98,19.98,19.98,11323.0,226232.0
2026-09-09 13:53:00,19.98,19.98,19.98,19.98,5658.0,113048.0
2026-09-09 13:54:00,19.97,19.98,19.98,19.97,1038.0,20738.0
2026-09-09 13:55:00,19.98,19.98,19.98,19.98,1300.0,25974.0
2026-09-09 13:56:00,19.98,19.99,19.99,19.98,11707.0,233952.0
2026-09-09 13:58:00,20.0,20.0,20.0,19.97,7788.0,155672.0
2026-09-09 13:59:00,20.01,20.03,20.03,20.01,7540.0,150930.0
2026-09-09 14:00:00,20.04,20.06,20.06,20.04,15177.0,304148.0
2026-09-09 14:01:00,20.06,20.06,20.06,20.06,2500.0,50150.0
2026-09-09 14:02:00,20.03,20.05,20.05,20.03,1806.0,36180.0
2026-09-09 14:03:00,20.05,20.05,20.05,20.05,1010.0,20252.0
2026-09-09 14:04:00,20.07,20.07,20.07,20.07,7638.0,153294.0
2026-09-09 14:05:00,20.05,20.07,20.07,20.05,2900.0,58202.0
2026-09-09 14:07:00,20.04,20.04,20.04,20.04,3266.0,65480.0
2026-09-09 14:08:00,20.02,20.0,20.02,20.0,3202.0,64066.0
2026-09-09 14:09:00,19.99,19.99,19.99,19.99,2000.0,39980.0
2026-09-09 14:10:00,19.99,19.99,19.99,19.99,5032.0,100590.0
2026-09-09 14:11:00,19.99,20.0,20.0,19.99,1200.0,23988.0
2026-09-09 14:12:00,20.0,20.0,20.0,20.0,4754.0,95080.0
2026-09-09 14:13:00,20.0,20.0,20.0,20.0,1.0,20.0
2026-09-09 14:15:00,20.01,20.01,20.01,20.01,1576.0,31536.0
2026-09-09 14:16:00,20.01,20.01,20.01,20.01,400.0,8004.0
2026-09-09 14:17:00,20.01,20.01,20.01,20.01,1000.0,20012.0
2026-09-09 14:18:00,20.0,20.01,20.01,20.0,2624.0,52480.0
2026-09-09 14:19:00,20.03,20.03,20.03,20.03,300.0,6008.0
2026-09-09 14:22:00,20.03,20.03,20.03,20.03,1100.0,22034.0
2026-09-09 14:23:00,20.03,20.03,20.03,20.03,1020.0,20430.0
2026-09-09 14:24:00,20.02,20.02,20.02,20.02,2000.0,40052.0
2026-09-09 14:25:00,20.03,20.04,20.04,20.03,1480.0,29648.0
2026-09-09 14:26:00,20.04,20.07,20.07,20.04,1881.0,37726.0
2026-09-09 14:27:00,20.08,20.08,20.08,20.08,200.0,4016.0
2026-09-09 14:28:00,20.07,20.07,20.08,20.07,2041.0,40970.0
2026-09-09 14:31:00,20.07,20.07,20.07,20.07,1639.0,32896.0
2026-09-09 14:32:00,20.09,20.09,20.1,20.09,5055.0,101558.0
2026-09-09 14:33:00,20.09,20.09,20.09,20.09,4237.0,75920.0
2026-09-09 14:35:00,20.07,20.07,20.07,20.07,100.0,2006.0
2026-09-09 14:36:00,20.09,20.1,20.1,20.09,3009.0,60478.0
2026-09-09 14:37:00,20.1,20.11,20.11,20.1,874.0,17568.0
2026-09-09 14:39:00,20.1,20.1,20.1,20.09,2080.0,41800.0
2026-09-09 14:40:00,20.1,20.1,20.1,20.1,1500.0,30150.0
2026-09-09 14:42:00,20.1,20.1,20.1,20.1,800.0,16084.0
2026-09-09 14:43:00,20.1,20.09,20.1,20.09,7515.0,151028.0
2026-09-09 14:44:00,20.1,20.1,20.1,20.1,3935.0,79092.0
2026-09-09 14:45:00,20.1,20.11,20.11,20.1,5771.0,116018.0
2026-09-09 14:46:00,20.1,20.09,20.1,20.09,7270.0,146118.0
2026-09-09 14:48:00,20.09,20.09,20.09,20.09,11158.0,224164.0
2026-09-09 14:49:00,20.09,20.09,20.09,20.07,7083.0,142276.0
2026-09-09 14:50:00,20.08,20.07,20.08,20.07,3467.0,69612.0
2026-09-09 14:51:00,20.07,20.06,20.09,20.06,5564.0,111696.0
2026-09-09 14:53:00,20.06,20.05,20.06,20.05,9672.0,193972.0
2026-09-09 14:54:00,20.05,20.04,20.05,20.04,3672.0,73596.0
2026-09-09 14:55:00,20.03,19.99,20.03,19.99,15748.0,315264.0
2026-09-09 14:56:00,19.99,19.98,19.99,19.95,3677.0,73476.0
2026-09-09 14:57:00,19.98,20.0,20.0,19.98,19968.0,399100.0
2026-09-09 14:58:00,20.0,20.0,20.0,20.0,469.0,9380.0
2026-09-09 15:00:00,19.99,19.99,19.99,19.99,50629.0,1012076.0
