time,open,close,high,low,volume,amount
2026-08-28 13:11:00,917.05,918.0,922.0,916.6,10621.0,9761296.3264
2026-08-28 13:12:00,920.0,919.0,922.0,917.01,5660.0,5207206.9453
2026-08-28 13:13:00,922.0,920.0,923.47,917.01,7520.0,6918237.6442
2026-08-28 13:14:00,918.0,918.0,923.0,917.08,7113.0,6543557.0669
2026-08-28 13:15:00,918.0,929.92,929.92,918.0,7622.0,7041634.2559
2026-08-28 13:16:00,929.92,929.97,930.0,925.5,6611.0,6135236.9473
2026-08-28 13:17:00,929.97,929.97,930.0,922.03,4225.0,3924754.1543
2026-08-28 13:18:00,929.97,922.5,933.96,922.04,6569.0,6107037.3184
2026-08-28 13:19:00,931.46,931.4,931.46,927.51,600.0,558074.0
2026-08-28 13:20:00,929.02,931.59,933.22,927.0,4211.0,3919196.5156
2026-08-28 13:21:00,930.0,927.11,932.0,927.11,5830.0,5426330.6611
2026-08-28 13:22:00,930.0,928.0,931.0,928.0,606.0,563227.0
2026-08-28 13:23:00,927.13,927.14,928.0,927.12,601.0,557381.12
2026-08-28 13:24:00,927.14,928.0,930.95,927.0,3655.0,3395744.243
2026-08-28 13:25:00,928.0,927.05,930.5,927.05,2944.0,2734306.0578
2026-08-28 13:26:00,928.74,928.73,928.74,926.0,1214.0,1126260.6201
2026-08-28 13:27:00,928.0,928.0,928.0,926.0,1401.0,1298654.5
2026-08-28 13:28:00,926.1,928.0,928.0,926.0,1611.0,1493806.0
2026-08-28 13:29:00,928.0,929.94,929.94,928.0,423.0,392932.0
2026-08-28 13:30:00,929.94,931.0,932.0,928.0,4656.0,4330544.6406
2026-08-28 13:31:00,931.97,928.29,931.98,928.29,3204.0,2983823.1328
2026-08-28 13:32:00,928.52,928.52,931.68,928.52,1430.0,1331122.9204
2026-08-28 13:33:00,931.68,929.1,931.85,929.1,1644.0,1530280.4984
2026-08-28 13:34:00,931.8,930.08,931.8,928.29,3652.0,3393491.3877
2026-08-28 13:35:00,930.08,931.79,931.8,928.52,1736.0,1615297.0581
2026-08-28 13:36:00,931.33,929.02,931.79,929.0,2342.0,2180341.4824
2026-08-28 13:37:00,931.67,931.69,931.69,931.67,209.0,194719.21
2026-08-28 13:38:00,929.05,923.3,929.05,923.3,8118.0,7530280.2102
2026-08-28 13:39:00,923.03,922.5,923.28,922.5,2283.0,2107014.5
2026-08-28 13:40:00,922.5,923.02,923.02,922.5,1888.0,1742387.7334
2026-08-28 13:41:00,923.28,922.5,924.03,922.5,2051.0,1892622.5
2026-08-28 13:42:00,922.5,924.0,928.01,922.5,2411.0,2230463.9873
2026-08-28 13:43:00,930.83,929.9,930.83,924.14,4528.0,4207873.5645
2026-08-28 13:44:00,929.9,930.0,930.0,924.52,4379.0,4067147.0049
2026-08-28 13:45:00,930.0,930.7,931.0,924.04,3788.0,3515948.1201
2026-08-28 13:46:00,925.0,925.03,925.03,925.0,400.0,370006.0
2026-08-28 13:47:00,930.0,925.03,930.0,925.03,633.0,586706.0
2026-08-28 13:48:00,927.51,930.0,930.0,927.51,426.0,395680.0
2026-08-28 13:49:00,929.99,927.55,929.99,925.1,1502.0,1394631.9063
2026-08-28 13:50:00,927.53,927.53,927.53,927.53,200.0,185506.0
2026-08-28 13:51:00,928.0,930.0,930.0,927.57,1759.0,1634169.9922
2026-08-28 13:52:00,927.0,927.1,931.0,927.0,2976.0,2765994.5
2026-08-28 13:53:00,928.62,927.12,928.62,927.12,400.0,371148.0
2026-08-28 13:54:00,930.02,927.2,930.02,927.2,1100.0,1022555.2686
2026-08-28 13:55:00,930.0,930.0,930.0,930.0,1202.0,1117860.0
2026-08-28 13:56:00,930.0,930.0,930.0,927.23,1446.0,1343258.0
2026-08-28 13:57:00,930.0,930.0,930.02,930.0,3656.0,3400108.5
2026-08-28 13:58:00,930.0,927.2,930.02,927.2,4914.0,4568552.8203
2026-08-28 13:59:00,927.3,927.11,927.3,927.11,2166.0,2008314.2969
2026-08-28 14:00:00,927.2,927.2,927.2,927.2,238.0,220673.6016
2026-08-28 14:01:00,928.55,927.11,928.55,927.11,800.0,742264.3625
2026-08-28 14:02:00,927.11,924.0,927.11,924.0,3632.0,3362326.5322
2026-08-28 14:03:00,924.0,922.0,924.01,922.0,12326.0,11386485.4375
2026-08-28 14:04:00,922.0,920.0,922.0,920.0,7473.0,6876551.3018
2026-08-28 14:05:00,920.0,920.0,920.0,919.06,2441.0,2245252.0
2026-08-28 14:06:00,920.0,924.0,924.0,920.0,4500.0,4151567.5156
2026-08-28 14:07:00,923.99,923.83,924.0,921.06,3635.0,3358048.7676
2026-08-28 14:08:00,923.83,923.81,923.83,923.81,835.0,771394.0518
2026-08-28 14:09:00,923.82,923.82,923.83,923.82,1200.0,1108586.0
2026-08-28 14:10:00,921.2,921.07,921.2,921.07,4886.0,4500523.6201
2026-08-28 14:11:00,921.07,921.0,921.07,921.0,2188.0,2015191.0547
2026-08-28 14:12:00,921.09,921.1,921.1,921.09,2200.0,2026419.7012
2026-08-28 14:13:00,921.1,921.11,921.11,921.1,604.0,556350.1406
2026-08-28 14:14:00,922.0,923.0,923.0,921.11,1339.0,1234618.0
2026-08-28 14:15:00,922.0,922.0,922.0,922.0,400.0,368800.0
2026-08-28 14:16:00,922.0,922.0,922.0,922.0,1623.0,1496406.0
2026-08-28 14:17:00,923.0,923.0,923.99,923.0,3900.0,3602536.6406
2026-08-28 14:18:00,923.0,921.21,923.8,921.21,2219.0,2046028.3809
2026-08-28 14:19:00,921.21,923.0,923.0,921.21,2319.0,2138596.0
2026-08-28 14:20:00,922.0,921.3,922.0,921.3,2000.0,1842740.0
2026-08-28 14:21:00,923.0,923.0,923.0,923.0,553.0,510419.0
2026-08-28 14:22:00,923.0,923.0,923.0,923.0,263.0,242749.0
2026-08-28 14:23:00,922.01,922.01,922.01,922.01,288.0,265538.8828
2026-08-28 14:24:00,922.03,921.2,922.98,921.2,4779.0,4403784.8623
2026-08-28 14:25:00,921.2,921.1,921.2,921.0,5346.0,4924380.7813
2026-08-28 14:26:00,921.0,919.0,921.0,918.88,8936.0,8218577.9203
2026-08-28 14:27:00,919.01,918.0,920.99,918.0,6895.0,6331391.4852
2026-08-28 14:28:00,918.05,917.99,918.17,917.0,15231.0,13980957.0137
2026-08-28 14:29:00,917.99,917.0,917.99,916.6,3946.0,3619111.2119
2026-08-28 14:30:00,917.58,917.99,917.99,917.0,1679.0,1539999.0
2026-08-28 14:31:00,917.99,920.0,920.0,917.99,1464.0,1344459.7305
2026-08-28 14:32:00,920.0,921.11,921.2,919.94,1826.0,1680895.0625
2026-08-28 14:33:00,921.11,921.23,921.23,920.0,2275.0,2093909.2129
2026-08-28 14:34:00,918.61,918.6,921.03,918.18,2402.0,2207962.4688
2026-08-28 14:35:00,920.0,919.0,921.03,919.0,2696.0,2482058.9063
2026-08-28 14:36:00,919.0,920.0,920.0,918.6,3200.0,2942040.0
2026-08-28 14:37:00,919.0,918.66,920.0,918.6,2458.0,2258849.3877
2026-08-28 14:38:00,918.6,918.18,918.6,916.23,10941.0,10040389.3715
2026-08-28 14:39:00,918.18,915.6,918.18,915.57,13190.0,12084245.0195
2026-08-28 14:40:00,915.6,915.15,916.3,915.15,8253.0,7555726.6372
2026-08-28 14:41:00,915.15,911.06,915.15,911.06,25283.0,23100833.1982
2026-08-28 14:42:00,911.06,904.0,911.06,902.36,26770.0,24263273.3066
2026-08-28 14:43:00,906.0,911.0,911.0,903.0,14818.0,13435148.4297
2026-08-28 14:44:00,911.0,911.0,912.76,911.0,7110.0,6483591.9023
2026-08-28 14:45:00,911.0,909.0,911.0,906.6,7743.0,7045132.9531
2026-08-28 14:46:00,909.0,909.95,909.95,906.6,7721.0,7006973.6602
2026-08-28 14:47:00,907.02,907.0,909.95,907.0,11310.0,10262440.5664
2026-08-28 14:48:00,907.0,906.6,907.24,906.5,6248.0,5665540.2686
2026-08-28 14:49:00,907.24,908.0,908.0,906.5,4336.0,3934842.1973
2026-08-28 14:50:00,908.0,903.33,908.8,903.33,11407.0,10335145.8594
2026-08-28 14:51:00,903.28,901.78,903.33,901.18,21005.0,18954073.6072
2026-08-28 14:52:00,902.0,901.0,902.0,900.0,31177.0,28083913.5039
2026-08-28 14:53:00,900.27,902.0,902.0,900.0,13463.0,12125686.6006
2026-08-28 14:54:00,901.02,901.0,902.0,900.5,9965.0,8981060.5781
2026-08-28 14:55:00,901.3,900.02,902.58,900.0,19159.0,17251667.9057
2026-08-28 14:56:00,900.02,900.01,902.0,900.01,39233.0,35336671.4663
2026-08-28 14:57:00,900.01,900.1,901.99,900.0,12063.0,10863420.6084
2026-08-28 15:00:00,900.89,900.89,900.89,900.89,18342.0,16524124.5225
2026-08-31 09:31:00,865.03,858.1,869.0,858.1,93205.0,80491343.5701
2026-08-31 09:32:00,858.1,857.9,858.1,850.58,43429.0,37050779.0059
2026-08-31 09:33:00,858.0,866.0,866.0,857.9,17865.0,15400577.2249
2026-08-31 09:34:00,865.03,863.0,866.0,861.22,11628.0,10048780.4404
2026-08-31 09:35:00,863.0,866.77,866.77,863.0,8856.0,7660943.5
2026-08-31 09:36:00,867.0,860.0,868.99,860.0,16734.0,14486167.7598
2026-08-31 09:37:00,858.03,845.06,860.0,845.06,38177.0,32497546.4604
2026-08-31 09:38:00,848.0,850.0,851.13,842.8,32629.0,27590374.0391
2026-08-31 09:39:00,846.02,851.25,851.25,846.0,20681.0,17543750.457
2026-08-31 09:40:00,850.0,841.65,852.0,841.65,27282.0,23103024.6572
2026-08-31 09:41:00,841.0,846.01,846.01,838.03,74647.0,62717724.6809
2026-08-31 09:42:00,846.0,850.0,856.0,846.0,21070.0,17880871.9441
2026-08-31 09:43:00,850.0,845.14,855.19,845.11,13223.0,11218295.9436
2026-08-31 09:44:00,846.0,846.98,849.88,846.0,3233.0,2738997.604
2026-08-31 09:45:00,849.78,850.0,850.98,846.13,9673.0,8210980.5781
2026-08-31 09:46:00,850.0,847.1,853.0,847.1,13550.0,11523620.2026
2026-08-31 09:47:00,847.0,846.19,854.01,846.0,16887.0,14332803.2
2026-08-31 09:48:00,846.19,846.02,848.97,846.01,7981.0,6757613.3215
2026-08-31 09:49:00,846.02,842.9,846.3,842.9,14190.0,11988600.7412
2026-08-31 09:50:00,842.8,840.01,845.0,840.0,15710.0,13209951.5654
2026-08-31 09:51:00,839.8,833.34,840.1,833.0,30657.0,25650677.3283
2026-08-31 09:52:00,833.34,832.01,839.76,832.01,15878.0,13227552.5479
2026-08-31 09:53:00,832.15,830.02,833.0,830.0,22095.0,18359568.8606
2026-08-31 09:54:00,830.8,827.05,831.0,826.04,25106.0,20816886.2607
2026-08-31 09:55:00,827.05,830.0,830.88,827.05,24915.0,20662619.5588
2026-08-31 09:56:00,830.18,835.0,838.8,830.0,9737.0,8107703.8789
2026-08-31 09:57:00,834.98,834.99,835.0,831.07,5538.0,4617273.4453
2026-08-31 09:58:00,832.0,836.07,838.53,831.5,10672.0,8903303.6602
2026-08-31 09:59:00,836.08,842.0,845.0,836.08,9846.0,8267426.3945
2026-08-31 10:00:00,843.0,840.0,844.9,840.0,11563.0,9718733.0801
2026-08-31 10:01:00,839.5,835.02,840.0,835.02,3466.0,2899831.7266
2026-08-31 10:02:00,835.0,840.2,840.2,835.0,20846.0,17483688.291
2026-08-31 10:03:00,840.2,841.78,844.98,840.2,6750.0,5693159.9063
2026-08-31 10:04:00,841.78,843.75,848.0,841.78,7511.0,6347266.8242
2026-08-31 10:05:00,848.18,844.03,849.45,843.75,4221.0,3575622.0313
2026-08-31 10:06:00,848.0,843.0,849.05,843.0,14444.0,12216481.1797
2026-08-31 10:07:00,843.0,841.08,846.98,840.0,6979.0,5875434.3281
2026-08-31 10:08:00,844.47,840.08,844.47,840.0,9346.0,7859461.0254
2026-08-31 10:09:00,840.08,844.24,845.49,840.0,2919.0,2459901.3398
2026-08-31 10:10:00,844.24,843.0,845.5,843.0,2838.0,2397081.0088
2026-08-31 10:11:00,844.24,844.4,844.4,841.8,4882.0,4118721.7344
2026-08-31 10:12:00,844.4,845.6,847.0,842.0,5391.0,4556919.1563
2026-08-31 10:13:00,845.6,843.0,845.6,843.0,3653.0,3081033.7969
2026-08-31 10:14:00,843.0,840.01,843.0,840.01,1906.0,1603202.209
2026-08-31 10:15:00,840.02,840.12,841.8,840.02,2639.0,2217695.5186
2026-08-31 10:16:00,840.2,841.8,841.8,840.01,2691.0,2261351.6191
2026-08-31 10:17:00,840.04,840.0,840.04,836.0,8155.0,6841361.7241
2026-08-31 10:18:00,840.0,840.0,845.04,840.0,5602.0,4711162.2748
2026-08-31 10:19:00,840.01,843.74,843.8,838.88,3674.0,3087938.1626
2026-08-31 10:20:00,838.0,836.01,842.92,836.0,5779.0,4858125.6191
2026-08-31 10:21:00,836.0,835.0,844.0,835.0,24906.0,20961800.8586
2026-08-31 10:22:00,835.0,832.51,838.0,832.35,5543.0,4626773.3203
2026-08-31 10:23:00,832.51,832.4,835.22,832.35,2599.0,2164329.3516
2026-08-31 10:24:00,835.04,833.0,836.0,832.39,5840.0,4873275.3999
2026-08-31 10:25:00,833.0,832.6,842.92,832.6,6096.0,5096408.748
2026-08-31 10:26:00,832.6,832.65,842.77,832.35,10100.0,8421006.4648
2026-08-31 10:27:00,832.81,834.0,840.79,832.81,2969.0,2485626.5
2026-08-31 10:28:00,839.98,835.0,839.98,834.26,4050.0,3381317.7012
2026-08-31 10:29:00,834.25,831.51,834.32,831.51,21499.0,17896474.9736
2026-08-31 10:30:00,832.0,831.51,832.7,831.51,5424.0,4512923.1685
2026-08-31 10:31:00,831.62,831.55,831.62,831.55,2735.0,2274372.2988
2026-08-31 10:32:00,831.56,831.56,831.56,831.56,200.0,166312.0
2026-08-31 10:33:00,835.99,835.99,835.99,835.99,200.0,167198.0
2026-08-31 10:34:00,835.0,832.16,836.47,832.11,4064.0,3385410.3823
2026-08-31 10:35:00,832.18,834.95,834.99,832.15,2362.0,1967504.7002
2026-08-31 10:36:00,833.0,832.11,833.0,832.11,3867.0,3220365.5078
2026-08-31 10:37:00,832.2,833.0,834.94,832.2,3833.0,3190903.0781
2026-08-31 10:38:00,832.2,831.9,832.97,831.9,7239.0,6023500.8984
2026-08-31 10:39:00,831.9,831.9,834.94,831.85,2386.0,1985487.1563
2026-08-31 10:40:00,831.9,831.8,834.9,831.8,2099.0,1747942.9141
2026-08-31 10:41:00,832.0,834.8,834.8,832.0,995.0,829225.0156
2026-08-31 10:42:00,834.79,834.77,834.79,834.08,788.0,657668.7656
2026-08-31 10:43:00,834.77,834.77,834.77,833.39,620.0,517281.4053
2026-08-31 10:44:00,834.8,832.0,834.8,832.0,4630.0,3854089.4531
2026-08-31 10:45:00,832.0,832.0,832.0,831.88,800.0,665585.9609
2026-08-31 10:46:00,831.88,831.55,831.88,831.55,4140.0,3443174.9063
2026-08-31 10:47:00,831.55,830.0,831.58,830.0,21635.0,17982389.3667
2026-08-31 10:48:00,830.0,828.0,830.0,828.0,13554.0,11240343.7144
2026-08-31 10:49:00,828.0,826.9,834.48,826.36,13555.0,11231115.3672
2026-08-31 10:50:00,827.1,827.04,834.0,826.89,5411.0,4497433.1719
2026-08-31 10:51:00,827.4,827.52,827.6,827.38,1534.0,1269388.3994
2026-08-31 10:52:00,828.0,827.52,829.11,827.52,2887.0,2389964.1953
2026-08-31 10:53:00,827.6,825.99,828.0,825.99,14675.0,12129504.0557
2026-08-31 10:54:00,825.99,823.0,825.99,823.0,10156.0,8373843.5757
2026-08-31 10:55:00,823.0,821.0,823.0,820.2,12698.0,10437460.125
2026-08-31 10:56:00,820.2,820.5,823.9,820.0,20414.0,16745046.8296
2026-08-31 10:57:00,821.01,823.39,825.79,821.0,1041.0,857486.9473
2026-08-31 10:58:00,825.8,825.47,827.6,823.39,7044.0,5819565.7295
2026-08-31 10:59:00,825.0,829.5,829.5,823.8,1724.0,1426613.999
2026-08-31 11:00:00,827.6,825.0,830.0,825.0,2752.0,2276801.1914
2026-08-31 11:01:00,828.77,826.03,828.77,825.01,1008.0,832938.3936
2026-08-31 11:02:00,825.01,826.03,826.03,825.0,1555.0,1283212.999
2026-08-31 11:03:00,826.03,825.0,826.03,825.0,733.0,605062.7852
2026-08-31 11:04:00,824.0,828.71,828.75,824.0,2425.0,2004306.4844
2026-08-31 11:05:00,828.7,828.7,828.7,828.7,200.0,165740.0
2026-08-31 11:06:00,828.0,825.0,828.76,825.0,3423.0,2829549.9961
2026-08-31 11:07:00,828.75,824.05,828.75,824.0,1808.0,1491165.3721
2026-08-31 11:08:00,828.76,825.02,828.8,825.0,1566.0,1293479.2539
2026-08-31 11:09:00,825.03,825.03,825.03,825.03,284.0,234308.5234
2026-08-31 11:10:00,825.11,825.11,825.11,825.11,158.0,130367.375
2026-08-31 11:11:00,826.76,828.08,828.08,826.76,400.0,330968.0
2026-08-31 11:12:00,828.09,826.1,828.99,825.36,2814.0,2327742.3926
2026-08-31 11:13:00,826.0,828.0,828.0,825.57,2027.0,1674073.3906
2026-08-31 11:14:00,826.02,828.95,828.99,826.02,600.0,496642.7646
2026-08-31 11:15:00,828.95,825.6,828.97,825.6,5240.0,4335434.5781
2026-08-31 11:16:00,825.6,828.99,828.99,825.6,1264.0,1047168.3906
2026-08-31 11:17:00,828.99,829.59,830.5,826.3,8834.0,7322093.4277
2026-08-31 11:18:00,830.0,825.01,830.6,825.0,12023.0,9933232.7974
2026-08-31 11:19:00,825.3,827.7,830.0,825.02,2226.0,1846064.2012
2026-08-31 11:20:00,830.0,828.85,830.51,828.85,1406.0,1167264.3794
2026-08-31 11:21:00,830.59,830.01,831.4,830.0,5076.0,4216578.0847
2026-08-31 11:22:00,831.57,831.0,831.57,830.01,2618.0,2174825.9988
2026-08-31 11:23:00,831.59,831.91,832.0,830.82,3210.0,2670058.8232
2026-08-31 11:24:00,832.0,834.98,836.01,832.0,9699.0,8086342.0077
2026-08-31 11:25:00,834.98,833.5,837.5,833.5,3003.0,2508892.293
2026-08-31 11:26:00,837.47,833.5,837.94,833.5,3765.0,3151975.5078
2026-08-31 11:27:00,833.5,833.5,833.5,833.5,218.0,181703.0
2026-08-31 11:28:00,836.0,837.4,837.48,836.0,1000.0,836576.0
2026-08-31 11:29:00,837.5,836.99,837.5,836.06,5605.0,4690708.7891
2026-08-31 11:30:00,837.05,837.96,837.96,837.05,2898.0,2427450.6729
2026-08-31 13:01:00,837.93,842.5,842.9,836.13,9237.0,7750874.0874
2026-08-31 13:02:00,843.2,843.76,845.0,842.8,5579.0,4710670.0698
2026-08-31 13:03:00,845.0,844.97,845.0,843.74,2900.0,2449104.0
2026-08-31 13:04:00,843.7,843.0,843.7,843.0,1336.0,1127061.4102
2026-08-31 13:05:00,843.9,842.5,843.9,840.8,2941.0,2477035.1938
2026-08-31 13:06:00,842.5,843.94,843.94,842.5,700.0,590470.0
2026-08-31 13:07:00,842.02,842.02,843.8,842.02,2203.0,1855385.0825
2026-08-31 13:08:00,842.1,841.5,842.1,841.5,3922.0,3302269.8291
2026-08-31 13:09:00,842.15,836.15,843.69,836.15,5274.0,4443186.2949
2026-08-31 13:10:00,836.13,833.6,836.13,833.5,2846.0,2376002.3203
2026-08-31 13:11:00,833.7,833.5,834.0,833.5,2413.0,2011873.0132
2026-08-31 13:12:00,833.5,832.04,833.5,830.27,9110.0,7588825.0352
2026-08-31 13:13:00,830.27,835.12,837.0,830.0,5001.0,4157944.4609
2026-08-31 13:14:00,839.8,831.2,839.8,830.33,1437.0,1195906.6992
2026-08-31 13:15:00,831.21,838.47,838.47,831.21,1884.0,1569661.6309
2026-08-31 13:16:00,838.4,843.8,843.9,834.9,7976.0,6707338.4102
2026-08-31 13:17:00,843.8,843.58,843.87,843.2,2046.0,1726014.6523
2026-08-31 13:18:00,843.58,843.99,843.99,843.01,5329.0,4496800.332
2026-08-31 13:19:00,843.03,838.5,843.03,838.5,2777.0,2340130.5625
2026-08-31 13:20:00,838.5,841.02,842.5,838.5,1382.0,1163991.0
2026-08-31 13:21:00,841.32,842.9,842.9,841.31,1320.0,1111401.8203
2026-08-31 13:22:00,842.99,842.1,843.0,842.1,2219.0,1869261.3018
2026-08-31 13:23:00,842.23,841.32,842.23,841.32,4200.0,3536500.8145
2026-08-31 13:24:00,841.32,841.31,841.32,841.31,1167.0,981814.668
2026-08-31 13:25:00,841.25,840.91,841.25,840.7,1406.0,1182392.3828
2026-08-31 13:26:00,840.45,840.0,840.45,840.0,1398.0,1174410.0
2026-08-31 13:27:00,840.0,840.0,840.45,840.0,913.0,767100.0
2026-08-31 13:28:00,840.13,840.0,840.44,840.0,1302.0,1093850.8438
2026-08-31 13:29:00,839.51,840.0,840.0,839.02,1729.0,1452258.0801
2026-08-31 13:30:00,840.0,840.0,840.0,839.96,5470.0,4594792.0
2026-08-31 13:31:00,839.03,840.12,840.12,839.03,741.0,622157.2344
2026-08-31 13:32:00,840.12,840.0,840.13,840.0,2774.0,2330446.6191
2026-08-31 13:33:00,840.0,840.0,840.13,839.8,9166.0,7699881.625
2026-08-31 13:34:00,839.79,840.0,840.0,839.79,4595.0,3859709.25
2026-08-31 13:35:00,839.99,839.79,840.0,839.79,4699.0,3947038.2031
2026-08-31 13:36:00,839.79,840.0,840.0,839.62,1140.0,957520.2197
2026-08-31 13:37:00,839.81,839.8,839.81,839.64,806.0,676848.7998
2026-08-31 13:38:00,839.64,839.64,839.64,839.62,1181.0,991603.2188
2026-08-31 13:39:00,839.62,839.6,839.64,839.5,1411.0,1184676.8984
2026-08-31 13:40:00,839.6,839.57,839.61,839.57,995.0,835399.4102
2026-08-31 13:41:00,839.57,839.53,839.61,839.53,2249.0,1888188.8906
2026-08-31 13:42:00,839.34,839.09,839.34,839.09,609.0,511057.8999
2026-08-31 13:43:00,839.07,835.02,839.07,835.02,3987.0,3344553.4492
2026-08-31 13:44:00,835.02,836.0,836.0,833.0,3471.0,2895907.5557
2026-08-31 13:45:00,836.99,837.0,837.0,833.04,2333.0,1951921.6016
2026-08-31 13:46:00,835.17,835.17,835.17,835.17,220.0,183737.4004
2026-08-31 13:47:00,837.0,835.0,837.0,835.0,1820.0,1521077.9531
2026-08-31 13:48:00,835.0,834.0,835.0,834.0,691.0,576494.0
2026-08-31 13:49:00,834.0,833.5,835.0,833.5,2309.0,1926016.0
2026-08-31 13:50:00,833.6,833.6,833.6,833.34,1300.0,1083627.9844
2026-08-31 13:51:00,833.6,833.0,833.6,833.0,7081.0,5899139.8008
2026-08-31 13:52:00,833.05,833.05,833.6,833.0,2760.0,2299289.4219
2026-08-31 13:53:00,833.01,833.1,833.1,833.0,5628.0,4688397.7422
2026-08-31 13:54:00,833.1,833.6,833.6,833.1,1758.0,1465348.7813
2026-08-31 13:55:00,836.19,833.47,837.56,833.47,874.0,730910.7656
2026-08-31 13:56:00,837.56,834.0,837.56,834.0,400.0,334312.0
2026-08-31 13:57:00,837.55,837.56,837.56,837.55,505.0,422967.0619
2026-08-31 13:58:00,834.02,837.5,837.5,834.02,673.0,562903.2207
2026-08-31 13:59:00,837.49,836.87,837.49,836.87,874.0,731610.0
2026-08-31 14:00:00,837.0,837.0,837.0,837.0,466.0,390042.0
2026-08-31 14:01:00,836.8,836.5,837.0,836.5,3204.0,2681248.0
2026-08-31 14:02:00,836.49,836.5,836.99,834.23,2000.0,1671417.6563
2026-08-31 14:03:00,836.49,836.99,837.0,835.13,9923.0,8301409.8828
2026-08-31 14:04:00,836.07,836.06,836.07,836.06,600.0,501638.0078
2026-08-31 14:05:00,835.4,837.02,837.02,835.36,5725.0,4791103.0781
2026-08-31 14:06:00,837.0,836.13,837.0,836.09,1056.0,883217.7109
2026-08-31 14:07:00,836.14,837.0,837.0,836.14,229.0,191648.0605
2026-08-31 14:08:00,837.49,838.84,838.84,837.49,1120.0,938624.293
2026-08-31 14:09:00,837.55,840.0,840.0,837.55,8138.0,6830213.4668
2026-08-31 14:10:00,839.6,843.77,843.77,839.6,2246.0,1888565.6221
2026-08-31 14:11:00,843.98,841.35,843.99,841.35,7958.0,6704360.1245
2026-08-31 14:12:00,841.58,842.0,842.0,841.58,1246.0,1049011.8828
2026-08-31 14:13:00,842.0,843.0,843.0,842.0,835.0,703469.9297
2026-08-31 14:14:00,842.99,843.75,843.75,842.99,807.0,680449.0
2026-08-31 14:15:00,843.06,842.0,843.06,841.6,4260.0,3589628.2188
2026-08-31 14:16:00,842.0,841.73,842.0,841.65,803.0,675962.0
2026-08-31 14:17:00,841.73,842.0,843.0,841.73,6401.0,5391008.4063
2026-08-31 14:18:00,842.0,843.0,843.0,841.67,3230.0,2721187.0
2026-08-31 14:19:00,842.88,843.0,843.0,842.48,8125.0,6849235.0
2026-08-31 14:20:00,843.0,847.25,847.25,843.0,8461.0,7148604.6777
2026-08-31 14:21:00,847.25,848.5,848.5,847.25,3585.0,3039401.2031
2026-08-31 14:22:00,848.0,845.0,848.0,845.0,2600.0,2199486.0
2026-08-31 14:23:00,845.0,845.0,847.8,844.0,4340.0,3670061.7715
2026-08-31 14:24:00,845.0,847.0,847.8,845.0,3200.0,2710520.7852
2026-08-31 14:25:00,847.0,848.45,848.45,847.0,11557.0,9794391.2056
2026-08-31 14:26:00,847.0,848.45,848.45,846.5,15903.0,13467018.3379
2026-08-31 14:27:00,848.4,848.44,848.44,848.4,400.0,339368.0
2026-08-31 14:28:00,847.01,853.0,853.0,847.0,14643.0,12431427.1191
2026-08-31 14:29:00,853.34,852.99,853.35,849.0,4923.0,4192431.7949
2026-08-31 14:30:00,849.0,853.99,854.0,849.0,4284.0,3653872.75
2026-08-31 14:31:00,852.0,853.46,853.48,852.0,5490.0,4683476.0078
2026-08-31 14:32:00,853.46,853.5,853.5,853.21,8436.0,7199830.3298
2026-08-31 14:33:00,853.5,855.36,855.36,853.5,10775.0,9208162.3979
2026-08-31 14:34:00,855.36,857.25,858.0,855.36,10385.0,8892130.1641
2026-08-31 14:35:00,857.0,857.0,858.0,856.0,4232.0,3628234.5
2026-08-31 14:36:00,857.0,853.5,857.89,853.5,7314.0,6261713.8125
2026-08-31 14:37:00,855.0,853.0,855.8,853.0,2755.0,2354128.9883
2026-08-31 14:38:00,852.91,850.1,853.49,850.08,2032.0,1731435.9023
2026-08-31 14:39:00,851.0,853.5,853.5,850.0,4868.0,4139743.6719
2026-08-31 14:40:00,850.0,853.0,853.0,850.0,650.0,553850.0
2026-08-31 14:41:00,850.53,850.54,850.54,850.53,400.0,340214.0
2026-08-31 14:42:00,850.57,850.88,850.88,850.57,1195.0,1016505.1563
2026-08-31 14:43:00,850.6,853.0,853.0,850.6,2666.0,2271034.0
2026-08-31 14:44:00,852.0,850.61,852.0,850.61,600.0,510922.0
2026-08-31 14:45:00,852.0,852.0,852.47,850.61,2536.0,2159173.1328
2026-08-31 14:46:00,850.6,850.66,852.0,850.6,2304.0,1961157.5977
2026-08-31 14:47:00,851.0,851.0,852.48,850.66,1900.0,1617656.4785
2026-08-31 14:48:00,851.08,851.0,852.44,850.68,2214.0,1885158.1602
2026-08-31 14:49:00,851.0,850.65,851.0,850.65,2413.0,2052846.5977
2026-08-31 14:50:00,850.7,850.01,852.0,850.01,5178.0,4405131.0996
2026-08-31 14:51:00,851.0,850.0,851.98,849.11,4440.0,3775191.4565
2026-08-31 14:52:00,850.0,851.75,851.89,850.0,1928.0,1639554.5625
2026-08-31 14:53:00,851.7,851.5,851.7,850.1,4055.0,3450136.5234
2026-08-31 14:54:00,851.4,850.15,851.44,850.0,5719.0,4862619.6481
2026-08-31 14:55:00,850.0,850.12,850.94,850.0,5160.0,4386873.59
2026-08-31 14:56:00,850.15,850.0,850.85,849.13,4952.0,4208654.9438
2026-08-31 14:57:00,850.0,850.01,850.2,849.24,8550.0,7267281.7822
2026-08-31 15:00:00,849.2,849.2,849.2,849.2,19611.0,16653661.3984
2026-09-01 09:31:00,833.0,835.0,845.0,833.0,27566.0,23067091.8394
2026-09-01 09:32:00,836.0,835.0,836.99,833.1,13110.0,10936164.0557
2026-09-01 09:33:00,835.0,839.59,840.0,835.0,3913.0,3278012.8174
2026-09-01 09:34:00,840.95,841.01,842.28,839.59,9150.0,7695631.59
2026-09-01 09:35:00,841.88,843.01,843.01,841.0,12969.0,10919959.915
2026-09-01 09:36:00,843.0,849.0,849.0,842.48,11337.0,9597850.793
2026-09-01 09:37:00,848.99,840.0,849.59,840.0,9375.0,7917488.5117
2026-09-01 09:38:00,840.0,838.0,842.06,836.0,10101.0,8471623.0571
2026-09-01 09:39:00,838.02,838.02,844.66,837.5,9665.0,8123785.5391
2026-09-01 09:40:00,840.0,837.0,844.31,836.5,9066.0,7597849.457
2026-09-01 09:41:00,837.0,835.0,837.0,835.0,9936.0,8306436.4863
2026-09-01 09:42:00,835.11,839.0,839.84,835.11,12233.0,10260830.0027
2026-09-01 09:43:00,839.0,839.1,843.79,839.0,7762.0,6520965.4531
2026-09-01 09:44:00,837.0,834.0,837.0,833.32,16105.0,13460087.0781
2026-09-01 09:45:00,834.99,830.13,834.99,830.12,9090.0,7566015.0156
2026-09-01 09:46:00,834.0,841.0,842.0,834.0,15649.0,13152710.3123
2026-09-01 09:47:00,839.99,838.65,842.0,834.02,2948.0,2477433.5313
2026-09-01 09:48:00,837.16,836.0,837.16,836.0,3146.0,2630929.6758
2026-09-01 09:49:00,836.01,836.0,836.11,836.0,1919.0,1604316.3984
2026-09-01 09:50:00,835.99,836.0,836.0,834.1,2636.0,2202599.0
2026-09-01 09:51:00,836.0,836.0,836.0,834.8,1464.0,1223021.8906
2026-09-01 09:52:00,836.97,834.52,836.97,834.52,5230.0,4373180.9844
2026-09-01 09:53:00,834.5,830.4,834.5,830.4,14298.0,11915421.1753
2026-09-01 09:54:00,830.4,830.29,832.79,830.21,5049.0,4193151.4063
2026-09-01 09:55:00,830.35,831.93,832.0,830.14,5061.0,4203970.7715
2026-09-01 09:56:00,831.93,831.0,831.93,830.67,1680.0,1396877.9846
2026-09-01 09:57:00,831.1,831.0,831.89,830.72,2820.0,2343650.2148
2026-09-01 09:58:00,831.0,827.95,831.0,826.88,17619.0,14620136.4673
2026-09-01 09:59:00,827.95,826.66,827.95,826.11,12242.0,10123082.7627
2026-09-01 10:00:00,827.0,827.1,828.6,826.11,8349.0,6910324.0762
2026-09-01 10:01:00,828.6,832.0,832.0,826.66,12245.0,10153721.666
2026-09-01 10:02:00,832.0,836.0,836.0,830.0,25403.0,21152979.2539
2026-09-01 10:03:00,835.98,837.3,838.95,835.12,8242.0,6902063.6016
2026-09-01 10:04:00,837.29,837.59,838.25,833.0,6131.0,5133400.207
2026-09-01 10:05:00,835.0,835.01,835.01,834.0,2788.0,2327659.0234
2026-09-01 10:06:00,835.11,833.4,836.97,833.4,3600.0,3005993.0781
2026-09-01 10:07:00,836.64,834.0,836.64,834.0,1418.0,1184967.98
2026-09-01 10:08:00,834.78,831.12,836.0,829.99,16106.0,13404753.1523
2026-09-01 10:09:00,830.1,834.39,834.39,828.0,3428.0,2847315.4136
2026-09-01 10:10:00,833.99,836.66,836.66,833.89,2719.0,2269899.6958
2026-09-01 10:11:00,837.79,831.0,839.09,831.0,7366.0,6146595.9092
2026-09-01 10:12:00,831.0,835.39,835.39,830.8,991.0,825699.0
2026-09-01 10:13:00,832.3,833.98,834.5,831.12,4586.0,3815450.3008
2026-09-01 10:14:00,833.0,833.95,833.98,833.0,600.0,500186.0
2026-09-01 10:15:00,834.0,832.5,834.0,832.5,502.0,418280.0
2026-09-01 10:16:00,832.5,834.43,834.45,832.5,882.0,735488.1699
2026-09-01 10:17:00,834.41,837.0,837.0,834.41,3131.0,2615783.6964
2026-09-01 10:18:00,837.0,840.0,840.44,836.1,4128.0,3462048.2891
2026-09-01 10:19:00,840.0,840.0,842.0,839.9,3820.0,3210030.584
2026-09-01 10:20:00,841.5,840.5,841.78,840.5,587.0,493987.2656
2026-09-01 10:21:00,841.49,840.5,841.99,840.5,4851.0,4082823.1431
2026-09-01 10:22:00,840.0,836.0,840.0,836.0,1611.0,1350340.2656
2026-09-01 10:23:00,836.0,839.0,839.0,835.88,904.0,757027.6406
2026-09-01 10:24:00,838.0,837.99,838.0,835.88,1290.0,1079436.3359
2026-09-01 10:25:00,837.95,835.39,837.95,835.39,1412.0,1180437.9658
2026-09-01 10:26:00,835.38,832.01,836.98,832.01,4616.0,3848301.636
2026-09-01 10:27:00,832.01,831.72,835.0,831.2,2313.0,1926234.4775
2026-09-01 10:28:00,832.0,830.37,835.0,830.37,6595.0,5484411.6563
2026-09-01 10:29:00,830.37,828.0,832.0,827.0,9742.0,8075970.5156
2026-09-01 10:30:00,829.27,828.19,829.27,827.66,2682.0,2221341.9648
2026-09-01 10:31:00,828.29,826.66,829.41,826.66,10629.0,8799131.0713
2026-09-01 10:32:00,828.3,828.64,828.64,826.7,1214.0,1004784.2031
2026-09-01 10:33:00,826.92,830.12,830.36,826.88,3283.0,2717242.1094
2026-09-01 10:34:00,828.57,830.11,830.11,827.0,1955.0,1620319.7969
2026-09-01 10:35:00,827.2,827.21,828.66,827.0,1000.0,827478.2002
2026-09-01 10:36:00,827.21,826.25,827.21,826.25,7000.0,5787746.3916
2026-09-01 10:37:00,826.25,823.3,826.25,822.19,11360.0,9372704.5889
2026-09-01 10:38:00,823.0,823.2,823.2,823.0,2585.0,2127640.9922
2026-09-01 10:39:00,823.3,823.21,824.0,823.21,4353.0,3584014.207
2026-09-01 10:40:00,823.31,821.22,823.31,821.22,6696.0,5507170.1294
2026-09-01 10:41:00,821.25,820.13,821.28,820.13,7831.0,6428560.0605
2026-09-01 10:42:00,820.22,819.0,820.22,818.88,16843.0,13807506.6709
2026-09-01 10:43:00,819.0,821.0,821.18,819.0,6401.0,5251051.2227
2026-09-01 10:44:00,821.0,824.0,824.0,821.0,4427.0,3638992.5273
2026-09-01 10:45:00,824.0,824.0,824.01,823.2,2871.0,2365651.8516
2026-09-01 10:46:00,825.78,826.0,828.05,825.0,1511.0,1248471.0
2026-09-01 10:47:00,826.0,825.01,826.0,825.0,4424.0,3650834.4063
2026-09-01 10:48:00,824.02,824.88,824.88,824.02,1157.0,953808.25
2026-09-01 10:49:00,824.88,825.0,825.0,824.88,503.0,414934.6875
2026-09-01 10:50:00,824.99,823.22,824.99,823.22,2175.0,1791961.4375
2026-09-01 10:51:00,823.2,823.5,823.5,823.2,2414.0,1987246.3828
2026-09-01 10:52:00,823.66,825.0,825.0,823.6,4276.0,3524379.4371
2026-09-01 10:53:00,825.85,824.0,825.85,823.51,3457.0,2852262.4609
2026-09-01 10:54:00,825.0,822.5,825.86,822.5,2384.0,1966043.418
2026-09-01 10:55:00,824.0,820.0,824.0,820.0,4811.0,3953806.947
2026-09-01 10:56:00,820.0,818.2,820.3,818.2,12872.0,10545991.0605
2026-09-01 10:57:00,818.2,816.0,818.2,816.0,6702.0,5479124.8913
2026-09-01 10:58:00,816.0,816.0,816.0,812.93,21459.0,17469390.825
2026-09-01 10:59:00,816.77,819.02,820.0,816.77,3997.0,3272185.4805
2026-09-01 11:00:00,820.0,819.05,820.0,819.03,912.0,747351.3594
2026-09-01 11:01:00,820.92,819.02,820.93,819.02,1177.0,965229.0391
2026-09-01 11:02:00,820.92,822.8,822.8,819.02,2572.0,2112789.5381
2026-09-01 11:03:00,822.88,825.44,825.44,820.93,3581.0,2948310.1025
2026-09-01 11:04:00,825.0,822.88,825.0,822.88,1412.0,1163370.5625
2026-09-01 11:05:00,823.93,820.0,823.93,819.05,4520.0,3718038.1816
2026-09-01 11:06:00,820.0,820.0,820.0,820.0,28.0,22960.0
2026-09-01 11:07:00,821.84,821.84,821.84,821.84,200.0,164368.0
2026-09-01 11:08:00,823.68,823.68,823.68,821.84,931.0,766478.0801
2026-09-01 11:09:00,823.68,823.6,823.79,823.6,1500.0,1235571.0
2026-09-01 11:10:00,822.19,823.0,823.0,822.19,464.0,381710.0
2026-09-01 11:11:00,822.99,823.0,823.0,822.99,380.0,312738.0
2026-09-01 11:12:00,821.35,821.01,822.99,821.01,1013.0,832221.1318
2026-09-01 11:13:00,822.99,821.0,822.99,821.0,2000.0,1642421.3125
2026-09-01 11:14:00,822.89,823.0,823.0,822.89,201.0,165401.0
2026-09-01 11:15:00,821.01,818.79,821.01,818.79,4323.0,3545824.8008
2026-09-01 11:16:00,817.5,817.8,821.0,817.21,7715.0,6324300.5215
2026-09-01 11:17:00,817.8,819.2,823.0,817.55,2293.0,1883450.4063
2026-09-01 11:18:00,823.78,819.21,823.78,819.21,1581.0,1296818.9375
2026-09-01 11:19:00,820.0,820.0,820.0,820.0,400.0,328000.0
2026-09-01 11:20:00,822.95,822.99,822.99,822.95,500.0,411485.0
2026-09-01 11:21:00,820.15,820.0,820.15,820.0,1100.0,902095.0
2026-09-01 11:22:00,820.5,820.16,820.5,820.16,500.0,410182.0
2026-09-01 11:23:00,820.15,819.28,820.15,819.28,1086.0,890476.4111
2026-09-01 11:24:00,820.15,822.2,822.2,820.15,4270.0,3506316.293
2026-09-01 11:25:00,819.55,819.55,819.55,819.55,200.0,163910.0
2026-09-01 11:26:00,821.4,823.6,823.6,819.28,1844.0,1513548.2344
2026-09-01 11:27:00,823.6,824.99,825.01,823.6,5427.0,4474175.3672
2026-09-01 11:28:00,824.98,825.0,825.0,824.98,889.0,733419.8398
2026-09-01 11:29:00,822.1,825.86,825.86,822.05,2765.0,2278902.0078
2026-09-01 11:30:00,822.2,825.75,825.75,822.2,953.0,786179.75
2026-09-01 13:01:00,825.7,825.58,828.75,823.5,4248.0,3510211.625
2026-09-01 13:02:00,822.57,824.35,824.35,822.55,639.0,526331.4492
2026-09-01 13:03:00,826.14,826.1,826.14,826.0,668.0,551822.7871
2026-09-01 13:04:00,826.0,828.55,828.98,826.0,3482.0,2882682.0
2026-09-01 13:05:00,826.0,826.11,830.0,825.64,8075.0,6692735.5938
2026-09-01 13:06:00,827.05,827.05,827.05,827.05,200.0,165410.0
2026-09-01 13:07:00,827.08,829.77,829.77,827.08,2712.0,2249483.6094
2026-09-01 13:08:00,827.1,829.5,829.8,826.33,1382.0,1144573.4961
2026-09-01 13:10:00,829.4,829.6,829.6,829.4,1600.0,1327296.0
2026-09-01 13:11:00,827.68,829.5,829.5,827.4,3244.0,2687981.7266
2026-09-01 13:12:00,828.03,828.85,828.85,827.0,558.0,462121.3438
2026-09-01 13:13:00,827.0,829.7,830.0,827.0,1983.0,1643716.0483
2026-09-01 13:14:00,829.98,830.0,830.0,829.98,741.0,615023.3906
2026-09-01 13:15:00,827.01,826.0,827.01,825.65,1844.0,1524108.5029
2026-09-01 13:16:00,827.0,824.1,827.0,824.1,1393.0,1150475.791
2026-09-01 13:17:00,826.98,826.98,826.98,826.98,200.0,165396.0
2026-09-01 13:18:00,826.0,825.0,826.98,824.66,2192.0,1809021.9844
2026-09-01 13:19:00,824.4,824.4,824.4,824.4,200.0,164880.0
2026-09-01 13:20:00,824.47,824.21,824.53,824.21,1852.0,1526804.6719
2026-09-01 13:21:00,824.21,824.19,825.0,823.0,3001.0,2472926.0664
2026-09-01 13:22:00,824.2,822.06,824.2,822.06,2125.0,1749079.332
2026-09-01 13:23:00,822.05,820.12,822.05,820.0,8538.0,7003563.9395
2026-09-01 13:24:00,820.51,824.19,824.19,820.51,1075.0,883875.6563
2026-09-01 13:25:00,823.98,821.04,824.0,821.04,472.0,388185.1992
2026-09-01 13:26:00,821.25,821.04,821.25,821.01,4665.0,3830566.707
2026-09-01 13:27:00,822.0,821.01,822.0,821.01,860.0,706572.6016
2026-09-01 13:28:00,821.04,821.77,821.83,821.0,2652.0,2178472.4917
2026-09-01 13:29:00,820.77,820.52,821.12,820.52,1358.0,1114514.9355
2026-09-01 13:30:00,820.51,819.03,820.51,819.02,6777.0,5555796.4253
2026-09-01 13:31:00,820.32,819.03,820.32,819.0,4314.0,3534900.375
2026-09-01 13:32:00,819.03,819.5,820.99,818.0,6211.0,5086088.9688
2026-09-01 13:33:00,819.5,819.5,819.5,819.5,500.0,409750.0
2026-09-01 13:34:00,820.97,820.97,820.97,820.97,400.0,328388.0
2026-09-01 13:35:00,820.28,821.0,821.0,819.01,2401.0,1968083.4063
2026-09-01 13:36:00,821.0,820.0,821.0,820.0,2705.0,2218782.0
2026-09-01 13:37:00,820.0,820.0,820.0,820.0,470.0,385400.0
2026-09-01 13:38:00,820.0,820.0,820.0,819.2,1387.0,1136899.1953
2026-09-01 13:39:00,821.0,822.0,822.0,821.0,400.0,328600.0
2026-09-01 13:40:00,822.0,822.0,822.0,822.0,900.0,739800.0
2026-09-01 13:41:00,820.26,820.0,820.26,820.0,3602.0,2954050.5
2026-09-01 13:42:00,819.1,819.01,819.1,819.01,700.0,573325.0
2026-09-01 13:43:00,819.01,818.78,819.01,818.78,1080.0,884433.125
2026-09-01 13:44:00,819.99,819.54,820.0,819.54,700.0,573904.4063
2026-09-01 13:45:00,820.29,820.0,820.29,819.55,1575.0,1291175.25
2026-09-01 13:46:00,820.0,821.0,821.0,820.0,400.0,328200.0
2026-09-01 13:47:00,822.0,823.0,823.0,822.0,1772.0,1457366.5
2026-09-01 13:48:00,821.0,821.0,821.0,821.0,420.0,344820.0
2026-09-01 13:50:00,820.02,820.0,820.02,820.0,2157.0,1768757.6094
2026-09-01 13:51:00,820.0,821.0,821.0,819.88,1957.0,1605206.1211
2026-09-01 13:52:00,820.0,819.54,820.0,819.54,2659.0,2179908.8691
2026-09-01 13:53:00,819.54,819.0,819.98,819.0,7360.0,6029839.9297
2026-09-01 13:54:00,819.01,819.99,819.99,819.0,2697.0,2209526.125
2026-09-01 13:55:00,819.98,820.0,820.0,819.98,739.0,605976.0
2026-09-01 13:56:00,820.99,820.0,821.0,820.0,1245.0,1021940.8008
2026-09-01 13:57:00,820.0,820.0,820.0,820.0,400.0,328000.0
2026-09-01 13:58:00,821.0,821.0,821.0,821.0,200.0,164200.0
2026-09-01 13:59:00,821.0,822.85,822.85,821.0,545.0,448268.25
2026-09-01 14:00:00,822.8,821.8,822.8,821.8,599.0,492557.1953
2026-09-01 14:01:00,822.71,822.72,822.75,822.0,764.0,628416.9961
2026-09-01 14:02:00,821.01,821.01,821.01,821.01,36.0,29556.3594
2026-09-01 14:03:00,821.01,818.28,821.01,818.28,5197.0,4260298.1523
2026-09-01 14:04:00,819.14,820.0,820.0,819.14,9867.0,8090410.0
2026-09-01 14:05:00,820.03,819.16,820.03,819.16,600.0,491697.7109
2026-09-01 14:06:00,821.99,821.99,821.99,821.99,200.0,164398.0
2026-09-01 14:07:00,821.0,819.5,821.0,819.2,3815.0,3126145.7188
2026-09-01 14:08:00,819.5,819.0,819.99,818.68,4159.0,3407153.2969
2026-09-01 14:09:00,818.5,816.02,818.5,816.02,10184.0,8330080.182
2026-09-01 14:10:00,816.1,816.3,817.1,816.03,1666.0,1360528.0
2026-09-01 14:11:00,816.02,815.04,816.98,815.0,19259.0,15701778.3125
2026-09-01 14:12:00,815.04,816.96,816.96,814.13,2276.0,1855310.3438
2026-09-01 14:13:00,815.1,815.01,816.6,815.01,1436.0,1170676.3594
2026-09-01 14:14:00,815.01,815.1,816.6,815.0,9812.0,7998451.0625
2026-09-01 14:15:00,816.59,816.59,816.59,814.66,3723.0,3035434.1406
2026-09-01 14:16:00,816.59,816.0,816.8,815.07,1057.0,862284.041
2026-09-01 14:17:00,816.0,815.02,816.0,815.02,1335.0,1088397.7031
2026-09-01 14:18:00,815.03,815.1,816.0,814.8,5540.0,4515501.8008
2026-09-01 14:19:00,815.02,814.5,815.02,814.5,5448.0,4439432.7461
2026-09-01 14:20:00,814.82,814.82,814.82,814.82,200.0,162964.0
2026-09-01 14:21:00,815.0,815.88,815.88,815.0,3450.0,2812102.0
2026-09-01 14:22:00,815.88,815.9,815.9,815.8,1908.0,1556629.2031
2026-09-01 14:23:00,815.08,816.68,817.89,815.08,10193.0,8322988.3145
2026-09-01 14:24:00,816.68,817.0,817.0,816.28,1381.0,1127887.2422
2026-09-01 14:25:00,816.99,816.29,816.99,816.29,645.0,526678.5469
2026-09-01 14:26:00,816.3,815.24,816.3,815.24,5174.0,4222361.7013
2026-09-01 14:27:00,815.21,813.1,815.21,813.02,15888.0,12937762.9644
2026-09-01 14:28:00,813.11,814.0,814.0,812.94,12882.0,10474911.6494
2026-09-01 14:29:00,814.0,813.2,814.0,812.82,6563.0,5337015.7266
2026-09-01 14:30:00,813.2,813.5,813.51,813.2,1500.0,1220046.0
2026-09-01 14:31:00,814.0,815.0,815.0,814.0,3425.0,2789584.2395
2026-09-01 14:32:00,814.99,815.1,815.12,814.53,9384.0,7648007.8057
2026-09-01 14:33:00,815.12,816.0,816.0,815.12,2181.0,1778446.7109
2026-09-01 14:34:00,816.0,815.2,816.0,815.2,1040.0,848091.8008
2026-09-01 14:35:00,815.34,815.13,815.34,815.12,1576.0,1284682.8711
2026-09-01 14:36:00,815.14,815.54,816.0,815.0,8605.0,7017097.168
2026-09-01 14:37:00,815.82,815.03,815.82,815.01,4291.0,3499891.5664
2026-09-01 14:38:00,816.0,816.0,816.0,816.0,780.0,636480.0
2026-09-01 14:39:00,816.0,815.05,816.0,815.05,1000.0,815240.0
2026-09-01 14:40:00,815.06,815.04,815.06,815.04,1400.0,1141074.7148
2026-09-01 14:41:00,815.06,814.15,815.43,814.15,6286.0,5123222.9675
2026-09-01 14:42:00,815.01,815.01,815.01,815.0,1030.0,839456.0625
2026-09-01 14:43:00,815.3,815.8,815.98,815.3,2100.0,1712541.0
2026-09-01 14:44:00,815.98,816.97,816.97,815.81,2252.0,1837979.0088
2026-09-01 14:45:00,816.98,818.0,818.01,816.98,5919.0,4838399.2993
2026-09-01 14:46:00,818.0,818.98,818.98,818.0,485.0,396990.3594
2026-09-01 14:47:00,817.5,816.62,818.97,816.62,1537.0,1257810.5938
2026-09-01 14:48:00,816.7,817.0,818.48,816.7,1100.0,898878.9688
2026-09-01 14:49:00,817.01,816.7,817.01,816.7,2018.0,1648500.0703
2026-09-01 14:50:00,816.68,816.62,816.8,816.62,1877.0,1532951.3633
2026-09-01 14:51:00,816.64,816.6,816.66,816.0,3488.0,2847593.7969
2026-09-01 14:52:00,815.51,816.6,816.63,815.3,4308.0,3516185.2908
2026-09-01 14:53:00,815.59,815.0,816.6,815.0,9797.0,7989207.9457
2026-09-01 14:54:00,815.88,815.0,815.88,814.07,10333.0,8418108.3105
2026-09-01 14:55:00,814.54,814.26,815.7,814.2,5610.0,4572407.4473
2026-09-01 14:56:00,815.0,814.99,815.78,814.31,10632.0,8664476.8438
2026-09-01 14:57:00,814.31,814.35,815.0,814.31,7766.0,6324862.3218
2026-09-01 15:00:00,814.35,814.35,814.35,814.35,9538.0,7767270.189
2026-09-02 09:31:00,790.0,808.0,812.0,788.01,74532.0,59423139.0242
2026-09-02 09:32:00,809.91,804.01,810.0,803.58,8716.0,7028931.958
2026-09-02 09:33:00,806.0,800.01,807.0,800.01,8321.0,6696898.0166
2026-09-02 09:34:00,800.0,795.0,800.0,795.0,6803.0,5424762.4414
2026-09-02 09:35:00,793.01,793.7,797.0,792.0,9498.0,7546035.9937
2026-09-02 09:36:00,794.98,802.0,804.78,794.98,9664.0,7726777.1533
2026-09-02 09:37:00,802.0,805.03,806.03,799.8,12804.0,10274821.5879
2026-09-02 09:38:00,806.03,798.0,806.03,797.0,13411.0,10739421.4834
2026-09-02 09:39:00,798.99,800.0,802.0,798.02,3467.0,2776688.7117
2026-09-02 09:40:00,800.52,796.51,800.52,796.11,8485.0,6772458.9609
2026-09-02 09:41:00,798.45,804.69,806.0,798.0,22643.0,18178397.7068
2026-09-02 09:42:00,801.87,800.0,805.17,800.0,3263.0,2613721.2227
2026-09-02 09:43:00,800.0,800.97,800.97,795.01,8104.0,6464802.8076
2026-09-02 09:44:00,800.97,799.97,800.97,796.76,4573.0,3653985.4063
2026-09-02 09:45:00,797.0,797.57,799.93,795.19,2749.0,2191670.7178
2026-09-02 09:46:00,796.4,796.52,799.89,795.21,4160.0,3316921.1523
2026-09-02 09:47:00,796.52,799.86,799.86,795.3,4187.0,3336257.3613
2026-09-02 09:48:00,796.01,802.0,803.21,796.01,2913.0,2333250.3398
2026-09-02 09:49:00,800.0,802.0,802.0,800.0,2918.0,2338924.0
2026-09-02 09:50:00,802.0,800.0,802.0,799.89,5158.0,4129274.7891
2026-09-02 09:51:00,801.57,797.51,802.0,796.6,3178.0,2543203.7227
2026-09-02 09:52:00,798.03,798.0,799.0,798.0,5994.0,4784193.375
2026-09-02 09:53:00,799.0,797.14,799.0,797.14,2663.0,2126483.7188
2026-09-02 09:54:00,799.0,798.0,799.0,797.15,1100.0,877960.0
2026-09-02 09:55:00,799.0,799.0,799.0,798.0,5922.0,4730662.0
2026-09-02 09:56:00,799.0,797.99,799.89,797.99,4159.0,3324015.2031
2026-09-02 09:57:00,797.14,796.51,797.5,796.51,3169.0,2525657.332
2026-09-02 09:58:00,796.58,793.0,796.58,792.05,13039.0,10361014.8677
2026-09-02 09:59:00,793.0,791.0,793.0,790.1,8724.0,6903985.9531
2026-09-02 10:00:00,791.03,789.0,791.03,789.0,11360.0,8973832.6252
2026-09-02 10:01:00,789.0,784.0,789.0,783.33,19996.0,15735026.8691
2026-09-02 10:02:00,784.0,786.0,786.0,783.0,21514.0,16859225.7617
2026-09-02 10:03:00,786.0,786.78,786.99,784.0,4225.0,3319044.502
2026-09-02 10:04:00,786.69,785.0,786.69,784.0,6025.0,4731693.3816
2026-09-02 10:05:00,784.0,782.0,784.2,781.01,16838.0,13171884.7021
2026-09-02 10:06:00,781.5,781.2,783.0,781.08,11868.0,9273484.4567
2026-09-02 10:07:00,781.5,781.1,783.92,781.0,10687.0,8350728.592
2026-09-02 10:08:00,781.2,780.88,782.0,780.08,10354.0,8087815.8188
2026-09-02 10:09:00,780.88,782.96,783.7,780.01,9173.0,7174008.436
2026-09-02 10:10:00,782.94,784.99,784.99,780.53,9790.0,7668205.1319
2026-09-02 10:11:00,784.5,781.21,785.0,781.01,2913.0,2281640.7988
2026-09-02 10:12:00,784.5,784.9,784.9,781.5,8474.0,6644389.8795
2026-09-02 10:13:00,784.8,782.2,784.89,782.2,1218.0,953603.0273
2026-09-02 10:14:00,784.73,784.69,784.73,782.25,1762.0,1380154.9862
2026-09-02 10:15:00,782.25,782.0,782.25,782.0,7645.0,5979368.7539
2026-09-02 10:16:00,783.0,783.0,783.0,781.89,1853.0,1449408.9297
2026-09-02 10:17:00,783.0,782.02,783.0,781.91,3432.0,2685130.0469
2026-09-02 10:18:00,783.0,782.0,783.0,782.0,3329.0,2604990.6055
2026-09-02 10:19:00,782.0,781.96,782.0,781.68,1751.0,1369124.5742
2026-09-02 10:20:00,782.02,780.22,782.02,780.22,5762.0,4501797.6582
2026-09-02 10:21:00,780.39,781.99,781.99,780.09,5037.0,3932457.3735
2026-09-02 10:22:00,780.1,780.0,781.98,780.0,17578.0,13714978.7637
2026-09-02 10:23:00,779.99,785.0,785.0,778.18,20386.0,15944821.2217
2026-09-02 10:24:00,785.01,785.97,786.67,785.01,1700.0,1336456.2031
2026-09-02 10:25:00,785.02,784.97,785.02,784.97,407.0,319492.79
2026-09-02 10:26:00,784.97,785.96,785.96,782.81,2160.0,1694820.126
2026-09-02 10:27:00,785.0,787.01,787.01,785.0,8910.0,7004617.8125
2026-09-02 10:28:00,787.0,791.0,791.0,786.7,7297.0,5749422.5586
2026-09-02 10:29:00,792.0,791.0,793.0,791.0,6649.0,5263314.7031
2026-09-02 10:30:00,790.89,791.0,791.0,788.0,6014.0,4747234.9531
2026-09-02 10:31:00,790.95,788.0,791.0,788.0,7734.0,6097033.3916
2026-09-02 10:32:00,785.2,786.0,790.88,785.2,2627.0,2068737.9121
2026-09-02 10:33:00,786.6,790.0,790.0,786.5,1833.0,1443638.5
2026-09-02 10:34:00,790.0,790.63,790.63,790.0,1530.0,1208843.6406
2026-09-02 10:35:00,790.5,790.5,790.95,790.5,2199.0,1738556.9238
2026-09-02 10:36:00,790.5,787.38,790.5,787.36,713.0,561879.5586
2026-09-02 10:37:00,787.37,788.33,790.94,787.37,4054.0,3202362.7471
2026-09-02 10:38:00,788.36,788.5,790.94,788.33,3744.0,2955619.3066
2026-09-02 10:39:00,790.17,788.8,790.33,788.8,748.0,590602.3984
2026-09-02 10:40:00,788.55,790.33,790.33,788.33,3444.0,2716360.5469
2026-09-02 10:41:00,790.29,790.29,790.29,786.51,2995.0,2359454.7837
2026-09-02 10:42:00,787.33,786.1,790.19,786.1,1325.0,1043253.4922
2026-09-02 10:43:00,786.01,795.0,795.0,786.01,11288.0,8936063.2402
2026-09-02 10:44:00,794.98,794.78,797.67,794.7,3674.0,2921353.1602
2026-09-02 10:45:00,793.98,791.88,793.98,790.27,2759.0,2187585.8125
2026-09-02 10:46:00,793.54,791.03,793.8,789.99,8118.0,6427997.5859
2026-09-02 10:47:00,791.07,788.12,793.48,788.12,2085.0,1648595.2007
2026-09-02 10:48:00,793.4,788.26,793.4,788.0,1322.0,1044507.2197
2026-09-02 10:49:00,792.0,786.06,792.0,786.02,4509.0,3551918.1582
2026-09-02 10:50:00,786.03,786.24,788.45,786.0,2425.0,1906658.0859
2026-09-02 10:51:00,790.47,789.0,790.71,786.25,1824.0,1438731.5
2026-09-02 10:52:00,786.5,785.32,786.5,785.0,3618.0,2841662.0059
2026-09-02 10:53:00,785.78,786.8,789.65,783.44,4310.0,3385012.2783
2026-09-02 10:54:00,784.48,788.46,788.46,784.23,859.0,675104.2578
2026-09-02 10:55:00,788.41,784.26,788.41,784.26,1236.0,971159.3682
2026-09-02 10:56:00,786.18,788.0,788.07,784.3,1597.0,1254833.0938
2026-09-02 10:57:00,784.5,784.5,784.5,784.5,646.0,506787.0
2026-09-02 10:58:00,787.76,784.52,787.78,784.52,2282.0,1793766.2227
2026-09-02 10:59:00,784.8,784.4,787.78,784.4,3310.0,2597450.2031
2026-09-02 11:00:00,784.4,780.0,784.4,780.0,7609.0,5954846.436
2026-09-02 11:01:00,785.01,785.01,785.01,785.01,1121.0,879996.2031
2026-09-02 11:02:00,784.0,785.0,785.0,783.41,3581.0,2807846.7891
2026-09-02 11:03:00,785.0,785.0,785.0,785.0,203.0,159355.0
2026-09-02 11:04:00,785.0,781.13,785.0,781.13,2533.0,1982497.5781
2026-09-02 11:05:00,782.04,785.85,785.87,782.04,818.0,641809.9219
2026-09-02 11:06:00,785.59,783.91,785.59,782.04,2297.0,1798352.3828
2026-09-02 11:07:00,783.91,783.91,783.91,783.91,496.0,388819.3516
2026-09-02 11:08:00,784.0,783.0,784.0,782.18,7385.0,5780579.0
2026-09-02 11:09:00,782.05,782.11,782.2,782.05,754.0,589707.125
2026-09-02 11:10:00,782.51,784.47,784.96,782.14,2040.0,1599634.5938
2026-09-02 11:11:00,783.7,783.7,783.7,783.7,208.0,163009.6094
2026-09-02 11:12:00,783.71,782.55,783.71,782.55,830.0,650441.9531
2026-09-02 11:13:00,785.56,782.57,785.56,782.57,615.0,481880.5469
2026-09-02 11:14:00,782.6,782.15,782.6,782.15,1015.0,794216.4063
2026-09-02 11:15:00,782.56,782.15,784.69,782.15,1193.0,933710.043
2026-09-02 11:16:00,782.3,782.15,784.5,782.15,2313.0,1810037.9688
2026-09-02 11:17:00,784.49,782.5,784.49,782.5,839.0,657614.5
2026-09-02 11:18:00,782.5,782.3,782.5,782.21,1779.0,1391814.2617
2026-09-02 11:19:00,782.36,784.49,784.49,782.3,888.0,695138.4063
2026-09-02 11:20:00,784.49,785.2,785.2,784.49,2655.0,2083632.9141
2026-09-02 11:21:00,787.48,785.01,787.88,785.0,3052.0,2398882.8042
2026-09-02 11:22:00,785.01,785.01,785.01,785.01,941.0,738694.4063
2026-09-02 11:23:00,785.5,785.01,787.26,785.01,2102.0,1652835.0234
2026-09-02 11:24:00,785.58,786.0,787.27,785.0,1900.0,1492957.3984
2026-09-02 11:25:00,785.0,783.1,785.0,783.1,2563.0,2010274.0859
2026-09-02 11:26:00,783.13,783.3,783.3,783.12,1086.0,850506.3096
2026-09-02 11:27:00,784.23,783.4,784.23,783.4,1584.0,1241071.6563
2026-09-02 11:28:00,783.88,787.37,787.76,783.88,1920.0,1509893.5
2026-09-02 11:29:00,787.73,791.0,793.38,787.73,9519.0,7524857.5391
2026-09-02 11:30:00,792.3,792.0,792.3,788.19,1882.0,1488491.3047
2026-09-02 13:01:00,788.19,788.0,790.0,786.29,2400.0,1891707.0
2026-09-02 13:02:00,786.35,786.27,786.35,786.27,602.0,473374.2891
2026-09-02 13:03:00,786.36,783.9,786.36,783.9,5600.0,4400227.7075
2026-09-02 13:04:00,786.36,785.25,786.36,785.25,459.0,360717.2344
2026-09-02 13:05:00,786.36,786.36,790.0,786.36,4332.0,3415010.8438
2026-09-02 13:06:00,790.69,792.0,793.0,789.99,5590.0,4423640.334
2026-09-02 13:07:00,791.98,793.55,793.55,791.9,6553.0,5195025.8359
2026-09-02 13:08:00,793.0,791.71,793.55,790.27,2417.0,1916745.8359
2026-09-02 13:09:00,790.31,791.65,791.71,790.3,1720.0,1361113.0977
2026-09-02 13:10:00,792.0,791.64,794.0,790.3,3000.0,2378605.825
2026-09-02 13:11:00,791.64,791.64,791.64,790.32,1136.0,898444.5527
2026-09-02 13:12:00,791.64,791.64,791.64,790.3,786.0,621750.6602
2026-09-02 13:13:00,791.64,794.99,794.99,791.64,4217.0,3347826.8848
2026-09-02 13:14:00,794.0,794.0,794.0,792.89,5583.0,4429039.9531
2026-09-02 13:15:00,793.88,791.8,794.0,791.8,1750.0,1388545.1328
2026-09-02 13:16:00,792.21,792.2,792.21,792.2,411.0,325596.2031
2026-09-02 13:17:00,793.89,793.0,794.0,793.0,999.0,792662.0
2026-09-02 13:18:00,792.69,791.8,792.69,791.8,822.0,651193.2012
2026-09-02 13:19:00,792.43,791.81,793.07,791.81,600.0,475460.0
2026-09-02 13:20:00,791.7,791.81,791.81,791.7,1536.0,1216063.4063
2026-09-02 13:21:00,791.9,791.85,791.9,791.85,221.0,175008.8496
2026-09-02 13:22:00,791.92,790.18,791.92,790.18,2925.0,2315586.0051
2026-09-02 13:23:00,790.24,792.99,793.0,790.24,8589.0,6795018.5938
2026-09-02 13:24:00,792.99,790.33,793.0,790.33,1272.0,1006844.7617
2026-09-02 13:25:00,790.44,793.07,793.08,790.3,5408.0,4284440.7734
2026-09-02 13:26:00,793.07,790.45,793.07,790.45,1897.0,1501377.9141
2026-09-02 13:27:00,790.46,790.45,790.46,790.42,1901.0,1502602.2781
2026-09-02 13:28:00,791.95,791.95,791.95,790.47,2002.0,1585030.7588
2026-09-02 13:30:00,792.0,793.0,793.0,792.0,1590.0,1259859.0
2026-09-02 13:31:00,793.07,793.79,793.98,790.48,3420.0,2710612.6875
2026-09-02 13:32:00,793.79,793.97,793.97,793.79,336.0,266737.9141
2026-09-02 13:33:00,791.39,793.96,793.96,790.48,1881.0,1489769.5898
2026-09-02 13:34:00,793.95,790.73,793.96,790.63,1328.0,1051909.6172
2026-09-02 13:35:00,790.79,787.0,790.98,787.0,6379.0,5038474.2261
2026-09-02 13:36:00,787.0,790.98,790.98,787.0,5770.0,4556451.3281
2026-09-02 13:37:00,790.98,793.47,793.47,790.98,617.0,488532.6523
2026-09-02 13:38:00,790.07,790.0,792.85,788.58,4052.0,3203614.7891
2026-09-02 13:39:00,791.01,790.02,791.01,790.02,766.0,605749.3281
2026-09-02 13:40:00,790.11,790.03,792.0,790.02,1332.0,1052763.0254
2026-09-02 13:41:00,790.13,790.03,790.13,790.02,2200.0,1738129.6968
2026-09-02 13:42:00,790.02,787.13,790.02,787.0,2399.0,1890051.625
2026-09-02 13:43:00,787.5,791.9,791.9,787.14,1402.0,1106136.8691
2026-09-02 13:44:00,791.92,790.0,791.92,790.0,419.0,331204.0
2026-09-02 13:45:00,790.0,790.94,790.94,787.31,2359.0,1860080.748
2026-09-02 13:46:00,787.96,787.95,790.92,787.95,945.0,745211.6094
2026-09-02 13:47:00,788.0,787.7,788.27,787.7,1696.0,1336451.2051
2026-09-02 13:48:00,789.5,791.0,791.0,787.31,2930.0,2309272.1523
2026-09-02 13:49:00,787.6,787.88,787.9,787.57,912.0,718446.2031
2026-09-02 13:50:00,790.5,788.01,790.5,788.01,659.0,519798.8403
2026-09-02 13:51:00,788.02,788.02,788.02,788.02,432.0,340424.6563
2026-09-02 13:52:00,788.18,787.57,788.18,787.57,2538.0,1999750.1719
2026-09-02 13:53:00,789.88,787.58,789.92,787.58,2742.0,2164047.9766
2026-09-02 13:54:00,787.7,787.7,787.7,787.6,1000.0,787680.0
2026-09-02 13:55:00,787.71,783.12,787.71,783.12,14287.0,11230101.7009
2026-09-02 13:56:00,783.88,788.0,788.0,783.88,1494.0,1176835.2813
2026-09-02 13:57:00,788.0,789.0,789.0,788.0,517.0,407854.0
2026-09-02 13:58:00,789.0,792.0,792.0,788.51,11012.0,8708677.7695
2026-09-02 13:59:00,792.0,785.6,792.7,784.68,4762.0,3766319.2305
2026-09-02 14:00:00,790.88,789.55,790.88,785.15,1713.0,1348643.5
2026-09-02 14:02:00,787.02,789.57,789.8,787.01,619.0,488230.4951
2026-09-02 14:03:00,789.55,790.88,790.9,789.55,4561.0,3603419.7012
2026-09-02 14:04:00,790.02,791.0,791.0,790.02,1905.0,1506594.8882
2026-09-02 14:05:00,790.02,789.54,790.02,789.54,969.0,765395.3281
2026-09-02 14:06:00,790.0,790.95,790.95,790.0,1171.0,925481.1484
2026-09-02 14:07:00,790.03,793.47,793.47,790.02,12324.0,9754617.7344
2026-09-02 14:08:00,793.88,793.0,793.88,793.0,629.0,499286.1992
2026-09-02 14:09:00,792.99,792.99,792.99,792.99,1500.0,1189484.9961
2026-09-02 14:10:00,790.03,787.11,790.03,787.11,1800.0,1418822.4844
2026-09-02 14:12:00,788.31,788.0,791.0,788.0,2876.0,2272195.9258
2026-09-02 14:13:00,789.49,789.49,789.49,789.49,516.0,407376.8438
2026-09-02 14:14:00,788.25,788.26,789.0,788.03,1012.0,798014.7378
2026-09-02 14:15:00,788.26,790.0,790.0,788.05,664.0,523780.7178
2026-09-02 14:16:00,790.04,787.51,790.7,787.51,1762.0,1389985.4053
2026-09-02 14:17:00,787.51,789.52,790.0,787.3,3365.0,2651855.2007
2026-09-02 14:18:00,789.52,790.0,790.0,789.52,1401.0,1106232.7344
2026-09-02 14:19:00,790.0,790.18,790.18,790.0,2765.0,2184404.627
2026-09-02 14:20:00,790.23,790.01,790.23,790.01,860.0,679462.8008
2026-09-02 14:21:00,790.0,789.99,790.0,787.11,3574.0,2820491.6094
2026-09-02 14:22:00,788.8,788.88,788.88,788.8,1125.0,887466.0
2026-09-02 14:23:00,789.99,791.0,791.0,788.8,6442.0,5090321.2648
2026-09-02 14:24:00,791.0,792.78,793.81,791.0,8032.0,6369250.1408
2026-09-02 14:25:00,793.29,790.23,793.3,790.23,1100.0,871036.0127
2026-09-02 14:26:00,790.23,788.79,790.23,788.0,2931.0,2312737.4473
2026-09-02 14:27:00,790.0,791.96,791.96,790.0,963.0,761332.5313
2026-09-02 14:29:00,791.94,790.0,791.94,788.0,6490.0,5121437.5146
2026-09-02 14:30:00,790.17,790.01,790.17,788.0,10138.0,8002758.7203
2026-09-02 14:31:00,790.01,789.52,790.01,788.88,6670.0,5265949.7461
2026-09-02 14:32:00,789.52,789.53,791.0,787.9,7339.0,5794777.1211
2026-09-02 14:33:00,789.53,789.51,789.54,787.55,9696.0,7647963.2656
2026-09-02 14:34:00,789.52,790.01,790.01,788.0,5341.0,4211706.2578
2026-09-02 14:35:00,790.0,787.77,790.02,787.77,5370.0,4236337.5625
2026-09-02 14:36:00,790.0,787.78,790.0,787.78,1229.0,968627.6309
2026-09-02 14:37:00,787.78,787.5,789.97,787.5,10886.0,8577958.4082
2026-09-02 14:38:00,787.8,787.01,787.8,787.0,3690.0,2905005.0781
2026-09-02 14:39:00,787.02,787.8,787.8,787.01,4795.0,3774129.1035
2026-09-02 14:40:00,787.76,787.01,789.5,787.01,1752.0,1379868.0
2026-09-02 14:41:00,787.2,787.01,787.2,787.01,1716.0,1350650.1445
2026-09-02 14:42:00,787.07,787.07,788.0,787.02,1507.0,1186308.5703
2026-09-02 14:43:00,787.02,786.02,787.02,786.01,3485.0,2740525.1289
2026-09-02 14:44:00,786.23,786.99,786.99,786.01,2856.0,2246070.3086
2026-09-02 14:45:00,786.14,786.02,787.0,786.02,3828.0,3011005.957
2026-09-02 14:46:00,787.0,786.23,787.0,786.03,1954.0,1537073.875
2026-09-02 14:47:00,786.23,786.99,786.99,786.23,714.0,561618.8516
2026-09-02 14:48:00,786.98,786.98,786.99,786.3,1365.0,1073904.8301
2026-09-02 14:49:00,786.98,786.06,787.9,786.06,4442.0,3493298.6973
2026-09-02 14:50:00,786.06,786.06,786.06,785.0,10059.0,7904431.625
2026-09-02 14:51:00,786.23,785.1,786.98,785.1,3440.0,2703397.9702
2026-09-02 14:52:00,785.1,784.23,786.33,783.0,9600.0,7527848.2344
2026-09-02 14:53:00,785.0,783.3,785.0,783.3,1700.0,1333241.0
2026-09-02 14:54:00,783.17,783.37,785.2,783.04,8165.0,6399233.0742
2026-09-02 14:55:00,784.75,785.0,785.0,783.55,5195.0,4073504.7422
2026-09-02 14:56:00,784.75,783.58,785.99,783.39,10209.0,8009493.0879
2026-09-02 14:57:00,783.57,783.58,785.0,783.57,3967.0,3111061.9905
2026-09-02 15:00:00,784.01,784.01,784.01,784.01,8369.0,6561379.7231
2026-09-03 09:31:00,790.8,795.0,796.96,790.0,24217.0,19218606.2667
2026-09-03 09:32:00,794.8,792.0,795.0,791.08,8824.0,7006020.707
2026-09-03 09:33:00,794.0,794.99,795.72,792.01,10558.0,8392720.8335
2026-09-03 09:34:00,795.0,795.5,795.72,794.0,6417.0,5103368.1779
2026-09-03 09:35:00,795.31,796.78,798.0,795.0,18025.0,14351032.6172
2026-09-03 09:36:00,796.78,795.0,797.2,791.2,5575.0,4428135.9463
2026-09-03 09:37:00,794.99,796.0,796.0,793.0,3410.0,2711203.5879
2026-09-03 09:38:00,796.0,793.04,797.0,793.04,9127.0,7266361.5469
2026-09-03 09:39:00,795.99,796.86,796.86,793.06,13712.0,10890370.7729
2026-09-03 09:40:00,796.85,795.0,796.85,793.26,2276.0,1809686.9063
2026-09-03 09:41:00,794.35,793.38,796.49,793.38,9951.0,7912189.0942
2026-09-03 09:42:00,793.41,794.98,795.14,793.38,3486.0,2769653.7793
2026-09-03 09:43:00,794.0,790.83,795.55,790.8,14351.0,11370725.6592
2026-09-03 09:44:00,790.83,790.02,791.0,790.02,8601.0,6801114.1738
2026-09-03 09:45:00,790.0,786.12,790.02,786.12,4065.0,3209184.5469
2026-09-03 09:46:00,786.1,788.58,788.62,786.0,6185.0,4869608.2305
2026-09-03 09:47:00,789.9,790.99,791.29,789.9,3308.0,2615712.0781
2026-09-03 09:48:00,790.51,786.21,790.51,786.1,4609.0,3633415.3311
2026-09-03 09:49:00,787.84,790.97,792.0,787.84,5067.0,4005882.7551
2026-09-03 09:50:00,793.0,792.98,793.0,790.1,2272.0,1799302.3359
2026-09-03 09:51:00,792.98,793.49,793.49,791.0,4551.0,3608101.0889
2026-09-03 09:52:00,793.01,790.0,793.46,790.0,6446.0,5104253.3145
2026-09-03 09:53:00,791.54,790.02,791.54,790.02,1178.0,932347.4565
2026-09-03 09:54:00,791.99,790.0,791.99,790.0,5075.0,4011248.752
2026-09-03 09:55:00,788.24,788.24,788.24,788.23,912.0,718871.2852
2026-09-03 09:56:00,790.69,790.0,790.7,790.0,1292.0,1021111.3
2026-09-03 09:57:00,790.0,788.0,790.69,788.0,2923.0,2306005.3984
2026-09-03 09:58:00,788.51,787.2,788.51,786.5,2407.0,1894233.5938
2026-09-03 09:59:00,790.63,790.64,790.7,790.63,1184.0,936129.7656
2026-09-03 10:00:00,789.3,786.46,790.58,785.19,5480.0,4311690.189
2026-09-03 10:01:00,786.46,783.83,786.46,782.0,8338.0,6540502.5703
2026-09-03 10:02:00,783.83,786.2,786.45,782.03,1763.0,1382672.8164
2026-09-03 10:03:00,786.2,783.0,786.2,783.0,1279.0,1002846.4023
2026-09-03 10:04:00,784.0,783.42,784.0,782.74,2082.0,1630940.4395
2026-09-03 10:05:00,783.83,785.42,785.42,783.83,600.0,470618.0
2026-09-03 10:06:00,786.19,784.7,786.19,784.7,1113.0,874078.9844
2026-09-03 10:07:00,784.71,787.17,787.17,784.7,3184.0,2502826.6841
2026-09-03 10:08:00,789.0,788.88,789.97,788.88,1350.0,1065294.0
2026-09-03 10:09:00,787.8,787.8,787.8,787.8,209.0,164650.2031
2026-09-03 10:10:00,787.8,788.88,788.88,787.8,1075.0,847829.998
2026-09-03 10:12:00,788.0,788.68,788.68,786.12,2962.0,2331452.3994
2026-09-03 10:13:00,785.6,785.56,785.6,783.0,2468.0,1935717.7344
2026-09-03 10:14:00,784.23,785.56,785.56,784.23,720.0,564807.3984
2026-09-03 10:15:00,785.3,784.28,785.3,784.28,400.0,313916.0
2026-09-03 10:16:00,783.89,781.99,783.89,781.12,8246.0,6453270.9512
2026-09-03 10:17:00,781.99,782.96,783.0,781.99,729.0,570668.7109
2026-09-03 10:18:00,783.01,787.0,787.0,782.97,3565.0,2794806.752
2026-09-03 10:19:00,783.62,786.6,786.99,783.62,1923.0,1512273.7656
2026-09-03 10:20:00,783.68,783.68,783.68,783.6,818.0,641034.2402
2026-09-03 10:21:00,784.88,786.93,786.93,784.88,835.0,656504.5469
2026-09-03 10:22:00,785.81,785.81,785.81,785.81,200.0,157162.0
2026-09-03 10:23:00,786.81,788.0,788.0,786.79,4600.0,3621317.5391
2026-09-03 10:24:00,784.7,787.89,788.0,784.56,5126.0,4033144.4805
2026-09-03 10:25:00,784.89,787.75,787.77,784.89,600.0,472082.0
2026-09-03 10:26:00,784.77,784.5,784.77,784.5,2529.0,1984339.0156
2026-09-03 10:27:00,786.98,786.98,786.98,786.98,327.0,257342.4609
2026-09-03 10:28:00,784.21,785.0,786.19,784.21,1022.0,802636.1265
2026-09-03 10:29:00,785.0,784.07,785.0,784.07,1380.0,1082461.1563
2026-09-03 10:30:00,784.03,783.0,784.07,783.0,3793.0,2972383.7466
2026-09-03 10:31:00,784.07,782.15,784.07,782.05,2718.0,2129462.696
2026-09-03 10:32:00,782.5,782.5,782.5,782.5,400.0,313000.0
2026-09-03 10:33:00,784.92,782.91,784.92,782.91,2986.0,2338207.2422
2026-09-03 10:34:00,782.91,785.0,785.0,782.85,2665.0,2087208.5786
2026-09-03 10:35:00,785.97,786.0,787.28,785.97,4663.0,3667547.2109
2026-09-03 10:36:00,786.03,787.0,788.88,786.0,6346.0,4999709.2109
2026-09-03 10:37:00,787.0,787.0,789.9,787.0,6083.0,4791553.4043
2026-09-03 10:38:00,789.0,793.46,793.46,789.0,11645.0,9222030.5063
2026-09-03 10:39:00,792.0,792.04,792.04,792.0,3600.0,2851208.0
2026-09-03 10:40:00,792.04,790.12,792.88,790.12,3770.0,2982698.5117
2026-09-03 10:41:00,790.12,790.0,790.17,790.0,2735.0,2160846.9219
2026-09-03 10:42:00,790.17,790.17,790.17,790.17,200.0,158034.0
2026-09-03 10:43:00,788.0,787.23,788.0,787.23,626.0,493131.9805
2026-09-03 10:44:00,787.99,788.0,788.0,787.99,1402.0,1104763.9922
2026-09-03 10:45:00,788.0,785.99,788.0,785.0,6648.0,5227967.3438
2026-09-03 10:46:00,785.99,785.0,786.75,785.0,2334.0,1834812.4844
2026-09-03 10:47:00,785.1,784.5,785.1,784.5,619.0,485835.0
2026-09-03 10:48:00,784.86,784.06,784.86,784.06,1521.0,1193190.5488
2026-09-03 10:49:00,784.06,783.27,784.07,782.89,8487.0,6650063.2471
2026-09-03 10:50:00,783.85,785.1,785.1,783.85,850.0,666961.0
2026-09-03 10:51:00,785.1,786.0,787.0,785.07,1379.0,1083499.2168
2026-09-03 10:52:00,786.0,786.0,787.0,786.0,1639.0,1288674.0
2026-09-03 10:54:00,786.0,784.0,786.0,784.0,2839.0,2229151.0043
2026-09-03 10:55:00,783.85,785.11,785.11,783.85,796.0,624540.207
2026-09-03 10:56:00,784.01,787.76,788.0,784.01,4443.0,3498305.0
2026-09-03 10:57:00,787.04,792.57,792.57,787.04,6894.0,5447868.4688
2026-09-03 10:58:00,792.56,794.71,794.71,792.5,13581.0,10778666.3149
2026-09-03 10:59:00,791.48,794.0,795.0,791.48,7813.0,6205292.9258
2026-09-03 11:00:00,793.52,793.0,793.52,793.0,1002.0,794898.0
2026-09-03 11:01:00,792.16,792.2,792.23,792.16,800.0,633760.0
2026-09-03 11:02:00,792.96,798.0,798.0,792.95,17805.0,14168284.3994
2026-09-03 11:03:00,797.0,797.0,798.0,795.1,4643.0,3702478.4279
2026-09-03 11:04:00,795.06,795.02,795.06,794.47,8130.0,6462842.1621
2026-09-03 11:05:00,795.02,798.0,798.0,795.02,10398.0,8290907.7637
2026-09-03 11:06:00,797.01,798.0,798.0,795.1,10369.0,8266332.8643
2026-09-03 11:07:00,797.99,799.79,799.79,795.52,16305.0,13017397.7305
2026-09-03 11:08:00,799.0,799.0,799.79,797.85,8614.0,6882985.1826
2026-09-03 11:09:00,798.99,798.98,799.0,796.26,1851.0,1477647.416
2026-09-03 11:10:00,798.98,796.35,798.98,796.35,816.0,651425.6797
2026-09-03 11:11:00,798.0,797.79,798.0,796.35,1251.0,996919.8699
2026-09-03 11:12:00,797.75,797.7,798.2,796.35,5205.0,4149364.8516
2026-09-03 11:13:00,797.33,796.5,797.5,796.5,1391.0,1108707.0313
2026-09-03 11:14:00,797.33,798.79,798.79,796.03,3715.0,2960115.26
2026-09-03 11:15:00,798.0,799.0,799.0,798.0,2180.0,1741250.5664
2026-09-03 11:16:00,798.94,799.49,799.49,798.94,5363.0,4285574.832
2026-09-03 11:17:00,799.49,799.49,799.5,796.18,3235.0,2582109.2014
2026-09-03 11:19:00,798.5,797.01,799.35,797.01,1436.0,1145372.9143
2026-09-03 11:20:00,798.98,799.0,799.0,798.98,1332.0,1064259.0859
2026-09-03 11:21:00,799.0,805.0,805.0,799.0,17340.0,13868812.8733
2026-09-03 11:22:00,802.93,805.0,806.0,800.0,38222.0,30650896.3809
2026-09-03 11:23:00,804.0,800.0,804.5,800.0,15190.0,12169224.0313
2026-09-03 11:24:00,801.66,800.0,801.66,799.9,8753.0,7004316.3438
2026-09-03 11:25:00,800.0,803.0,803.0,800.0,4938.0,3956212.1499
2026-09-03 11:26:00,800.74,801.45,801.48,800.0,1927.0,1543395.7109
2026-09-03 11:27:00,799.88,799.99,800.0,798.87,6338.0,5067673.8738
2026-09-03 11:28:00,799.99,799.99,799.99,799.98,625.0,499991.7344
2026-09-03 11:29:00,799.99,798.0,799.99,798.0,1494.0,1192904.97
2026-09-03 11:30:00,798.0,797.24,798.0,796.18,7021.0,5593256.3867
2026-09-03 13:01:00,797.24,793.0,797.25,792.08,12980.0,10321676.3369
2026-09-03 13:02:00,793.0,792.01,794.07,792.01,5846.0,4633358.7021
2026-09-03 13:03:00,792.22,792.12,792.91,792.12,863.0,683856.6074
2026-09-03 13:04:00,792.23,792.23,792.23,792.23,204.0,161614.9199
2026-09-03 13:05:00,792.39,792.4,794.23,792.31,4812.0,3815711.0854
2026-09-03 13:06:00,793.24,794.23,794.23,793.0,2743.0,2176891.2891
2026-09-03 13:08:00,792.51,792.41,794.22,792.0,3789.0,3002345.3079
2026-09-03 13:09:00,792.41,793.43,793.43,792.41,255.0,202268.5469
2026-09-03 13:10:00,792.41,791.07,793.0,791.07,1151.0,911360.9844
2026-09-03 13:11:00,792.41,796.66,797.9,791.07,4667.0,3710017.4982
2026-09-03 13:12:00,795.58,792.33,796.19,792.33,1999.0,1589153.8144
2026-09-03 13:13:00,792.0,792.0,792.0,792.0,346.0,274032.0
2026-09-03 13:14:00,792.0,792.54,795.0,791.11,2498.0,1977589.7587
2026-09-03 13:15:00,792.55,790.11,792.55,790.11,3517.0,2782005.9297
2026-09-03 13:16:00,790.09,788.01,790.12,788.01,5201.0,4108022.7949
2026-09-03 13:17:00,788.14,792.29,792.29,787.09,4290.0,3384563.5469
2026-09-03 13:19:00,788.08,790.1,790.1,788.08,1133.0,893938.9413
2026-09-03 13:20:00,790.15,791.98,791.98,790.15,1402.0,1109642.7275
2026-09-03 13:21:00,789.3,788.58,791.96,788.58,1261.0,996841.3906
2026-09-03 13:22:00,788.73,791.89,791.89,788.09,4253.0,3356074.4717
2026-09-03 13:23:00,788.38,791.8,791.85,788.38,1816.0,1437153.0996
2026-09-03 13:24:00,788.54,788.6,788.6,788.39,2740.0,2160593.625
2026-09-03 13:25:00,788.1,787.1,788.6,787.1,2849.0,2244713.9004
2026-09-03 13:26:00,787.09,785.0,787.09,784.04,9287.0,7294553.4901
2026-09-03 13:27:00,784.12,784.04,784.12,783.99,4036.0,3164317.8193
2026-09-03 13:28:00,784.04,785.0,785.0,784.02,2796.0,2193157.0908
2026-09-03 13:29:00,784.2,783.11,784.2,782.88,6899.0,5405029.0723
2026-09-03 13:30:00,783.31,784.2,784.2,783.31,1622.0,1271316.8003
2026-09-03 13:31:00,784.2,783.41,785.6,783.33,7822.0,6132775.8838
2026-09-03 13:32:00,785.0,785.0,785.0,785.0,306.0,240210.0
2026-09-03 13:33:00,785.01,783.56,785.01,783.5,7103.0,5572956.7324
2026-09-03 13:34:00,784.59,785.0,785.58,783.77,5899.0,4632428.5469
2026-09-03 13:35:00,784.13,783.8,785.0,783.8,3285.0,2575849.1973
2026-09-03 13:36:00,784.0,784.0,784.0,783.99,3462.0,2714202.6094
2026-09-03 13:37:00,784.0,783.0,784.99,782.9,10361.0,8117062.7266
2026-09-03 13:38:00,783.03,782.85,783.03,782.85,2679.0,2097659.1641
2026-09-03 13:39:00,782.85,782.64,783.0,782.56,1000.0,782793.8496
2026-09-03 13:40:00,782.64,783.0,783.0,782.64,2811.0,2200463.957
2026-09-03 13:41:00,783.0,785.49,785.49,783.0,3737.0,2927710.3906
2026-09-03 13:42:00,783.92,783.05,783.92,783.05,2135.0,1672067.0
2026-09-03 13:43:00,783.92,784.54,784.54,783.92,770.0,603807.4922
2026-09-03 13:44:00,784.54,783.18,784.54,783.18,1800.0,1410339.9959
2026-09-03 13:45:00,783.17,783.18,784.54,782.92,3807.0,2981938.4292
2026-09-03 13:46:00,782.92,782.3,782.92,782.18,4909.0,3841134.1758
2026-09-03 13:47:00,782.36,781.57,782.36,781.57,8053.0,6297706.3047
2026-09-03 13:48:00,781.58,781.58,781.79,781.58,1693.0,1323256.937
2026-09-03 13:49:00,781.58,781.5,781.58,781.31,4297.0,3357887.6641
2026-09-03 13:50:00,781.5,781.58,782.21,781.5,1180.0,922771.8154
2026-09-03 13:51:00,782.36,785.5,785.5,782.36,2379.0,1863486.4766
2026-09-03 13:52:00,785.2,785.2,785.2,785.2,400.0,314080.0
2026-09-03 13:53:00,784.59,786.2,786.2,784.59,2330.0,1829977.394
2026-09-03 13:54:00,786.2,788.53,788.53,786.2,694.0,546618.7817
2026-09-03 13:55:00,788.07,788.88,788.88,786.84,4982.0,3925613.7734
2026-09-03 13:56:00,788.88,788.85,788.88,788.85,697.0,549843.3516
2026-09-03 13:57:00,788.77,788.7,788.78,788.0,416.0,327974.1604
2026-09-03 13:58:00,788.5,788.5,788.5,788.49,1266.0,998238.6406
2026-09-03 13:59:00,786.99,788.4,788.51,786.99,2339.0,1843624.6123
2026-09-03 14:00:00,788.4,789.85,790.0,788.4,3983.0,3143223.041
2026-09-03 14:01:00,790.98,792.0,793.0,790.9,6963.0,5515393.9014
2026-09-03 14:02:00,792.0,792.19,792.29,790.03,1882.0,1490339.8906
2026-09-03 14:03:00,792.1,793.0,794.5,792.1,2697.0,2137956.2661
2026-09-03 14:04:00,793.0,794.98,797.38,793.0,10237.0,8137151.0684
2026-09-03 14:05:00,795.18,793.03,796.9,793.03,1351.0,1074436.8867
2026-09-03 14:06:00,793.98,795.0,795.0,793.96,3935.0,3126934.6956
2026-09-03 14:07:00,794.73,796.77,796.77,794.73,2489.0,1981209.3047
2026-09-03 14:08:00,796.76,795.89,796.76,791.07,1867.0,1483932.5889
2026-09-03 14:09:00,795.49,793.51,795.5,793.03,767.0,609364.5313
2026-09-03 14:10:00,795.3,793.52,795.8,793.52,4586.0,3646872.3535
2026-09-03 14:11:00,795.79,795.62,795.79,793.03,2297.0,1824396.3303
2026-09-03 14:12:00,793.1,793.1,793.1,793.1,200.0,158620.0
2026-09-03 14:13:00,793.1,793.05,793.66,793.05,2677.0,2123626.1875
2026-09-03 14:14:00,793.05,796.0,796.0,792.6,6854.0,5451544.0496
2026-09-03 14:15:00,795.85,795.85,795.85,795.75,423.0,336624.5492
2026-09-03 14:16:00,793.18,793.18,793.18,793.16,565.0,448143.3926
2026-09-03 14:17:00,793.18,793.18,793.18,793.18,15.0,11897.7002
2026-09-03 14:18:00,795.0,794.91,795.0,793.2,605.0,480588.0
2026-09-03 14:19:00,793.3,796.0,796.0,793.3,5480.0,4359586.0195
2026-09-03 14:20:00,796.0,795.85,796.0,795.85,1157.0,920940.9375
2026-09-03 14:21:00,795.5,795.5,795.73,795.5,1605.0,1276823.5
2026-09-03 14:22:00,796.0,797.74,797.74,796.0,4707.0,3750315.1514
2026-09-03 14:23:00,797.74,798.0,798.18,796.5,2250.0,1795063.0
2026-09-03 14:24:00,796.5,798.0,798.18,796.5,1109.0,884718.0
2026-09-03 14:25:00,798.0,796.5,798.0,796.5,1011.0,806404.0
2026-09-03 14:26:00,796.5,796.5,796.51,796.5,1147.0,913587.5
2026-09-03 14:27:00,797.94,797.38,798.0,797.38,2738.0,2184718.4688
2026-09-03 14:28:00,797.0,799.65,799.65,797.0,5031.0,4018036.9141
2026-09-03 14:29:00,799.65,802.01,802.01,799.65,5474.0,4380618.4141
2026-09-03 14:30:00,801.91,800.08,801.91,800.02,3281.0,2628817.0996
2026-09-03 14:31:00,800.08,799.8,801.91,797.77,2472.0,1975493.2305
2026-09-03 14:32:00,799.0,800.06,800.06,799.0,1403.0,1122187.2925
2026-09-03 14:33:00,799.01,798.0,799.01,798.0,636.0,508029.0
2026-09-03 14:34:00,798.0,798.0,798.0,798.0,796.0,635208.0
2026-09-03 14:35:00,798.75,798.75,798.75,798.09,1301.0,1038629.2656
2026-09-03 14:36:00,798.09,798.0,798.09,797.6,807.0,643920.7656
2026-09-03 14:37:00,797.0,798.0,798.0,797.0,981.0,782638.0
2026-09-03 14:38:00,798.0,798.0,798.0,797.0,768.0,612416.0
2026-09-03 14:39:00,797.74,797.0,797.74,797.0,738.0,588510.8516
2026-09-03 14:40:00,796.81,796.81,797.5,796.8,1601.0,1276039.6553
2026-09-03 14:41:00,796.81,796.8,797.0,796.8,1084.0,863856.3359
2026-09-03 14:42:00,796.8,796.86,796.86,796.8,500.0,398412.0
2026-09-03 14:43:00,796.9,796.88,797.0,796.79,2880.0,2294976.4453
2026-09-03 14:44:00,796.88,796.79,797.77,796.79,1600.0,1275625.5195
2026-09-03 14:45:00,797.5,796.7,797.5,796.7,896.0,714070.1875
2026-09-03 14:46:00,796.6,796.7,796.7,796.58,1612.0,1284112.8281
2026-09-03 14:47:00,796.7,796.61,796.7,796.25,2246.0,1789048.2227
2026-09-03 14:48:00,796.5,796.0,796.5,796.0,5755.0,4582125.0234
2026-09-03 14:49:00,795.5,795.48,795.51,794.2,1220.0,969774.9531
2026-09-03 14:50:00,795.49,794.26,795.49,794.26,1837.0,1459854.5469
2026-09-03 14:51:00,794.99,794.51,795.49,794.51,2038.0,1620265.0234
2026-09-03 14:52:00,794.5,793.5,794.5,793.5,3441.0,2732357.938
2026-09-03 14:53:00,793.03,794.5,794.5,793.0,3016.0,2394959.5
2026-09-03 14:54:00,795.0,795.2,795.5,795.0,2888.0,2296332.7295
2026-09-03 14:55:00,795.5,795.0,795.5,793.33,3583.0,2848104.7188
2026-09-03 14:56:00,793.07,795.06,795.09,793.05,2515.0,1997564.3203
2026-09-03 14:57:00,795.06,795.5,795.5,794.0,3209.0,2551235.4365
2026-09-03 15:00:00,794.4,794.4,794.4,794.4,5904.0,4690137.6523
2026-09-04 09:31:00,799.0,800.49,802.8,795.0,26421.0,21117156.8574
2026-09-04 09:32:00,800.0,795.69,801.0,795.26,6976.0,5569198.1001
2026-09-04 09:33:00,795.71,796.0,796.73,795.69,4980.0,3964005.2969
2026-09-04 09:34:00,796.0,795.72,798.2,795.7,7275.0,5791187.897
2026-09-04 09:35:00,798.0,798.01,799.99,797.99,7125.0,5691758.657
2026-09-04 09:36:00,799.0,803.0,804.0,799.0,21623.0,17323717.3203
2026-09-04 09:37:00,803.5,807.0,807.99,800.0,15816.0,12732154.7373
2026-09-04 09:38:00,807.0,810.0,811.0,806.5,19768.0,15992376.1707
2026-09-04 09:39:00,808.0,806.77,809.99,804.1,4815.0,3884425.2939
2026-09-04 09:40:00,806.77,805.0,806.78,804.01,13336.0,10738419.127
2026-09-04 09:41:00,805.0,804.0,805.0,804.0,3987.0,3208042.4766
2026-09-04 09:42:00,805.0,802.47,805.0,800.31,5758.0,4618070.1094
2026-09-04 09:43:00,802.48,802.0,802.48,802.0,1234.0,989981.748
2026-09-04 09:44:00,802.5,798.18,802.5,798.18,10200.0,8161787.8462
2026-09-04 09:45:00,798.18,798.39,800.37,798.18,2338.0,1869675.4045
2026-09-04 09:46:00,798.4,797.5,799.38,797.5,4645.0,3708420.3756
2026-09-04 09:47:00,797.5,796.56,797.5,796.07,3019.0,2405451.7168
2026-09-04 09:48:00,796.2,797.56,798.0,796.2,2358.0,1879066.4609
2026-09-04 09:49:00,797.0,796.67,797.0,796.61,2256.0,1797574.1239
2026-09-04 09:50:00,797.45,803.88,803.88,796.8,5376.0,4301000.5684
2026-09-04 09:51:00,800.28,802.83,803.28,800.28,2556.0,2051886.6865
2026-09-04 09:52:00,798.89,801.98,802.4,797.0,4452.0,3561027.6908
2026-09-04 09:53:00,801.97,798.0,801.97,797.69,999.0,798016.6709
2026-09-04 09:54:00,798.28,796.8,801.01,796.8,3517.0,2805391.3477
2026-09-04 09:55:00,796.67,792.1,796.67,791.0,9520.0,7568145.8542
2026-09-04 09:56:00,795.0,795.0,795.02,795.0,824.0,655084.0
2026-09-04 09:57:00,795.0,793.5,795.0,793.5,3310.0,2628673.0
2026-09-04 09:58:00,793.89,793.47,793.89,793.31,2566.0,2036298.7637
2026-09-04 09:59:00,793.89,796.05,796.05,793.89,4473.0,3560028.6094
2026-09-04 10:00:00,794.2,795.1,795.1,794.2,1263.0,1003263.7969
2026-09-04 10:01:00,794.3,794.3,795.0,794.2,1060.0,842041.1968
2026-09-04 10:02:00,794.3,795.0,800.0,794.21,2932.0,2333341.7656
2026-09-04 10:03:00,795.8,794.23,798.98,794.23,4358.0,3467038.0469
2026-09-04 10:04:00,794.8,797.0,797.0,794.4,995.0,791788.0
2026-09-04 10:05:00,797.0,794.6,797.0,794.6,1316.0,1047516.9883
2026-09-04 10:06:00,797.0,795.02,799.12,795.01,2291.0,1828731.9297
2026-09-04 10:07:00,798.55,795.04,798.55,795.04,714.0,568601.1094
2026-09-04 10:08:00,795.1,798.13,798.21,795.1,1874.0,1495137.5024
2026-09-04 10:09:00,798.14,795.77,798.15,795.77,902.0,718870.5977
2026-09-04 10:10:00,795.77,795.11,795.77,795.11,1658.0,1319011.9727
2026-09-04 10:11:00,795.11,795.77,795.77,795.11,544.0,432752.8828
2026-09-04 10:12:00,795.8,795.8,795.8,795.8,1704.0,1356043.1875
2026-09-04 10:13:00,796.68,797.89,797.89,796.0,2929.0,2334592.4375
2026-09-04 10:14:00,797.89,797.99,797.99,797.88,2340.0,1867096.7188
2026-09-04 10:15:00,797.89,798.88,798.88,797.89,4059.0,3239319.4063
2026-09-04 10:16:00,799.15,799.98,799.98,799.15,2767.0,2212637.2109
2026-09-04 10:17:00,799.68,798.0,799.68,798.0,1920.0,1534412.1484
2026-09-04 10:18:00,798.0,798.0,798.0,798.0,120.0,95760.0
2026-09-04 10:19:00,798.0,798.06,798.06,797.0,1484.0,1183244.0
2026-09-04 10:20:00,796.04,796.0,796.04,796.0,691.0,550046.7969
2026-09-04 10:21:00,796.0,794.4,796.0,794.2,6098.0,4847726.6973
2026-09-04 10:22:00,794.4,793.8,794.4,793.8,912.0,724268.8164
2026-09-04 10:23:00,793.61,793.1,794.4,793.1,3870.0,3072216.4478
2026-09-04 10:24:00,793.4,793.48,793.5,793.2,1811.0,1436803.6367
2026-09-04 10:25:00,793.53,793.0,793.53,793.0,4539.0,3600529.0254
2026-09-04 10:26:00,792.88,794.97,794.97,792.88,987.0,783771.2773
2026-09-04 10:27:00,794.97,794.97,794.97,794.97,200.0,158993.9961
2026-09-04 10:28:00,793.91,794.55,794.55,793.5,4875.0,3868686.2461
2026-09-04 10:29:00,794.5,791.81,794.5,791.81,7589.0,6012676.2109
2026-09-04 10:30:00,791.81,791.8,793.01,791.8,763.0,604561.6406
2026-09-04 10:31:00,792.01,792.01,792.01,791.8,1064.0,842630.8291
2026-09-04 10:32:00,792.01,790.85,792.01,790.85,9745.0,7710342.0938
2026-09-04 10:33:00,790.85,792.0,792.0,790.0,5652.0,4466853.0
2026-09-04 10:34:00,793.01,790.0,793.01,789.89,3391.0,2680464.6907
2026-09-04 10:35:00,789.89,787.01,789.89,787.01,4245.0,3346357.7734
2026-09-04 10:36:00,788.0,785.0,788.01,785.0,6044.0,4751462.4336
2026-09-04 10:37:00,787.06,783.1,787.06,782.23,9907.0,7770200.4052
2026-09-04 10:38:00,783.1,784.0,784.0,783.1,3578.0,2802666.7734
2026-09-04 10:39:00,784.0,783.62,784.0,783.6,1125.0,881914.0
2026-09-04 10:40:00,783.6,781.88,783.6,781.7,11149.0,8725648.332
2026-09-04 10:41:00,781.5,780.9,782.13,780.9,9722.0,7594363.6484
2026-09-04 10:42:00,780.9,781.0,782.16,780.28,5732.0,4477211.0352
2026-09-04 10:43:00,785.17,784.98,785.17,781.5,2210.0,1732347.0313
2026-09-04 10:44:00,784.98,782.3,784.98,782.1,1582.0,1238049.4316
2026-09-04 10:45:00,782.25,784.57,784.57,782.2,1252.0,979835.8984
2026-09-04 10:46:00,782.3,778.28,782.32,778.28,19835.0,15476739.7354
2026-09-04 10:47:00,778.28,780.0,780.0,776.6,11354.0,8831621.0156
2026-09-04 10:48:00,780.0,780.23,783.4,780.0,2521.0,1968981.6523
2026-09-04 10:49:00,780.23,778.22,781.0,778.05,3770.0,2936293.9241
2026-09-04 10:50:00,780.77,778.0,780.77,778.0,3486.0,2713265.4941
2026-09-04 10:51:00,778.0,773.01,778.0,773.01,12266.0,9506192.2463
2026-09-04 10:52:00,773.1,776.0,777.39,773.01,7071.0,5482483.9746
2026-09-04 10:53:00,776.0,776.0,776.98,776.0,2453.0,1903762.8008
2026-09-04 10:54:00,776.0,775.88,776.0,775.88,2326.0,1804744.8828
2026-09-04 10:55:00,775.94,775.03,775.94,775.03,2333.0,1808620.0234
2026-09-04 10:56:00,775.03,774.44,775.06,774.44,1430.0,1108162.4297
2026-09-04 10:57:00,774.01,775.1,775.1,773.8,7541.0,5838382.3169
2026-09-04 10:58:00,774.01,775.21,775.21,774.01,1607.0,1244715.8672
2026-09-04 10:59:00,774.98,775.95,775.95,774.98,1702.0,1319765.5156
2026-09-04 11:00:00,775.95,774.0,775.95,773.46,4659.0,3609706.8931
2026-09-04 11:01:00,774.0,776.0,776.0,774.0,4052.0,3140399.1152
2026-09-04 11:02:00,775.0,775.0,776.0,775.0,1255.0,972885.0
2026-09-04 11:03:00,776.0,775.99,776.0,775.99,246.0,190895.96
2026-09-04 11:04:00,775.99,775.05,775.99,775.05,1388.0,1076897.3877
2026-09-04 11:05:00,775.6,775.0,775.6,775.0,1811.0,1403670.5371
2026-09-04 11:06:00,774.14,775.0,775.0,774.06,2816.0,2181057.4375
2026-09-04 11:07:00,775.99,776.0,776.0,774.15,2060.0,1596858.1074
2026-09-04 11:08:00,775.88,774.01,775.88,774.01,4005.0,3101610.3633
2026-09-04 11:09:00,774.04,774.0,776.0,774.0,2241.0,1735156.0371
2026-09-04 11:11:00,774.07,770.0,774.07,770.0,33580.0,25904684.9463
2026-09-04 11:12:00,768.1,767.22,768.97,766.66,6555.0,5031729.8076
2026-09-04 11:13:00,767.22,767.36,768.1,767.22,4376.0,3360272.3669
2026-09-04 11:14:00,767.37,767.32,767.5,767.3,6435.0,4938004.6826
2026-09-04 11:15:00,767.32,767.5,769.0,767.3,4401.0,3379875.3984
2026-09-04 11:16:00,768.0,766.18,768.0,766.15,11621.0,8911337.6465
2026-09-04 11:17:00,766.03,762.5,766.18,762.12,9043.0,6913640.6094
2026-09-04 11:18:00,762.5,763.0,763.0,762.2,4678.0,3567381.3203
2026-09-04 11:19:00,763.0,765.0,765.0,763.0,3545.0,2707830.6484
2026-09-04 11:20:00,765.0,764.66,765.0,762.63,3075.0,2346465.5645
2026-09-04 11:21:00,762.99,764.88,764.88,762.6,3966.0,3028273.0527
2026-09-04 11:22:00,763.0,762.7,764.87,762.7,3248.0,2478581.4102
2026-09-04 11:23:00,762.71,760.69,762.82,760.69,11249.0,8573103.4841
2026-09-04 11:24:00,760.69,758.58,760.69,755.1,11917.0,9039316.7714
2026-09-04 11:25:00,758.58,757.0,760.0,757.0,5251.0,3981019.6787
2026-09-04 11:26:00,756.05,756.0,760.0,756.0,13761.0,10420264.3477
2026-09-04 11:27:00,756.5,753.0,759.94,753.0,25709.0,19420535.1802
2026-09-04 11:28:00,753.0,753.17,756.88,751.87,8765.0,6602947.8301
2026-09-04 11:29:00,753.17,756.0,757.95,753.0,11675.0,8806091.8809
2026-09-04 11:30:00,757.0,761.97,761.97,757.0,6552.0,4974454.8896
2026-09-04 13:01:00,759.01,765.0,765.0,759.01,6498.0,4960045.8008
2026-09-04 13:02:00,764.71,775.0,775.49,764.71,10679.0,8234297.7139
2026-09-04 13:03:00,774.98,780.0,780.0,770.16,16297.0,12650070.3398
2026-09-04 13:04:00,779.5,775.04,780.0,775.04,8288.0,6433380.835
2026-09-04 13:05:00,775.04,774.01,775.1,774.01,3087.0,2392145.7813
2026-09-04 13:06:00,774.02,772.03,774.02,772.03,1616.0,1248476.2231
2026-09-04 13:07:00,772.03,770.69,772.03,770.69,2107.0,1624250.7158
2026-09-04 13:08:00,770.66,770.03,771.0,770.0,3428.0,2641165.7051
2026-09-04 13:09:00,768.0,772.98,772.98,767.63,2461.0,1891951.3242
2026-09-04 13:10:00,768.23,764.99,772.95,764.99,3147.0,2413497.3638
2026-09-04 13:11:00,765.0,762.88,765.51,762.0,2779.0,2122948.6045
2026-09-04 13:12:00,762.88,765.0,765.0,761.33,3072.0,2341117.4688
2026-09-04 13:13:00,765.51,765.71,768.23,765.51,1453.0,1115350.0313
2026-09-04 13:14:00,766.0,765.7,767.5,765.7,3952.0,3026588.9609
2026-09-04 13:15:00,765.7,765.7,765.71,765.7,1008.0,771827.5908
2026-09-04 13:16:00,765.7,765.7,765.7,765.7,400.0,306280.0
2026-09-04 13:17:00,765.7,765.8,765.8,765.51,1138.0,871348.6016
2026-09-04 13:19:00,764.0,768.23,768.23,764.0,1421.0,1089225.2227
2026-09-04 13:20:00,767.81,770.0,770.0,767.5,2918.0,2242851.3989
2026-09-04 13:21:00,769.4,771.3,771.5,769.4,918.0,707980.7305
2026-09-04 13:22:00,771.27,771.27,771.27,771.27,200.0,154254.0
2026-09-04 13:23:00,770.01,771.2,771.2,769.0,2842.0,2187539.4045
2026-09-04 13:24:00,768.88,771.0,771.0,765.49,1629.0,1251409.2227
2026-09-04 13:25:00,770.98,771.0,771.15,766.5,2448.0,1885785.5
2026-09-04 13:26:00,769.32,769.32,769.32,769.32,200.0,153864.0
2026-09-04 13:27:00,769.32,768.05,769.32,766.05,6232.0,4785418.3652
2026-09-04 13:29:00,766.0,765.49,766.0,765.49,1052.0,805511.1804
2026-09-04 13:30:00,765.49,762.34,767.97,762.34,2076.0,1587323.1504
2026-09-04 13:31:00,763.65,763.52,767.6,763.22,3073.0,2347573.5781
2026-09-04 13:32:00,763.6,763.6,767.44,763.57,1944.0,1486152.5117
2026-09-04 13:33:00,763.6,766.79,766.8,763.6,2489.0,1904141.4023
2026-09-04 13:34:00,766.62,763.6,766.62,763.6,466.0,356445.5996
2026-09-04 13:35:00,766.0,763.94,766.7,763.89,1842.0,1409047.3843
2026-09-04 13:36:00,764.01,764.01,764.01,764.01,200.0,152802.0
2026-09-04 13:37:00,766.57,766.6,766.6,764.0,3751.0,2867595.4906
2026-09-04 13:38:00,766.0,763.94,766.59,763.94,3492.0,2669635.0352
2026-09-04 13:39:00,763.94,766.78,766.79,763.5,1871.0,1431192.4778
2026-09-04 13:40:00,763.62,763.6,766.5,763.6,1924.0,1470196.3281
2026-09-04 13:41:00,763.56,766.4,766.4,763.56,1239.0,947468.8125
2026-09-04 13:42:00,766.5,766.4,766.67,766.4,813.0,623241.5781
2026-09-04 13:43:00,766.0,766.66,766.66,766.0,1185.0,907861.9648
2026-09-04 13:44:00,766.66,768.0,768.0,766.64,2322.0,1780785.7192
2026-09-04 13:45:00,767.97,767.97,767.97,767.97,124.0,95228.2734
2026-09-04 13:46:00,765.3,770.98,770.98,765.2,3551.0,2720825.4805
2026-09-04 13:47:00,766.02,769.95,769.95,766.02,278.0,214014.6602
2026-09-04 13:48:00,769.9,769.0,769.9,766.15,2114.0,1624980.3984
2026-09-04 13:49:00,768.99,769.7,769.7,766.52,1853.0,1424742.0977
2026-09-04 13:51:00,766.85,769.0,769.19,766.8,4878.0,3743086.1328
2026-09-04 13:52:00,769.0,768.91,769.0,766.06,5061.0,3880959.6829
2026-09-04 13:53:00,768.91,766.5,768.91,766.34,1812.0,1392385.0732
2026-09-04 13:54:00,768.0,768.98,769.0,766.34,3569.0,2741545.2656
2026-09-04 13:55:00,766.41,768.97,768.98,766.0,4248.0,3258674.3574
2026-09-04 13:57:00,765.21,768.0,768.7,765.2,4328.0,3318204.4609
2026-09-04 13:58:00,768.0,768.98,768.98,766.07,3850.0,2957012.7842
2026-09-04 13:59:00,768.0,767.97,768.0,767.97,600.0,460794.0
2026-09-04 14:00:00,766.23,768.6,768.93,766.23,1976.0,1517455.7539
2026-09-04 14:01:00,768.5,768.95,768.95,766.22,2210.0,1696378.0117
2026-09-04 14:02:00,766.22,766.22,766.22,766.22,250.0,191554.9961
2026-09-04 14:03:00,768.5,768.59,768.59,768.5,560.0,430374.3125
2026-09-04 14:05:00,766.24,768.9,768.9,766.22,4570.0,3505765.1128
2026-09-04 14:06:00,768.9,766.23,769.69,766.23,8991.0,6897489.9404
2026-09-04 14:07:00,769.0,770.88,770.88,766.23,3200.0,2456427.1289
2026-09-04 14:08:00,768.88,768.88,768.88,768.88,292.0,224512.9688
2026-09-04 14:09:00,768.84,770.5,770.88,768.84,3887.0,2991780.6151
2026-09-04 14:10:00,770.5,770.45,770.59,766.35,3445.0,2649896.6094
2026-09-04 14:11:00,770.45,766.39,770.46,766.39,1962.0,1507260.9258
2026-09-04 14:12:00,770.38,766.53,770.4,766.36,2706.0,2075975.3418
2026-09-04 14:13:00,766.53,769.0,769.0,766.53,1700.0,1304577.9999
2026-09-04 14:14:00,768.94,770.0,770.0,768.94,1197.0,921039.0
2026-09-04 14:15:00,770.0,770.3,770.38,768.66,2829.0,2177459.7109
2026-09-04 14:16:00,770.26,770.22,770.88,766.0,10277.0,7899708.1387
2026-09-04 14:17:00,766.55,766.2,770.75,766.2,8165.0,6273246.1367
2026-09-04 14:18:00,766.1,770.85,770.86,765.22,15236.0,11683375.9414
2026-09-04 14:19:00,769.98,770.77,770.81,769.98,4670.0,3598012.7383
2026-09-04 14:20:00,770.7,774.02,774.02,766.22,8107.0,6245898.8555
2026-09-04 14:21:00,773.78,775.0,775.0,773.78,5727.0,4436288.3467
2026-09-04 14:22:00,775.0,776.0,776.0,768.68,3881.0,3007806.6992
2026-09-04 14:23:00,775.97,776.0,776.0,771.04,3372.0,2615402.4063
2026-09-04 14:24:00,775.95,777.0,777.0,775.95,4721.0,3665257.2656
2026-09-04 14:25:00,775.88,776.88,776.88,770.01,3367.0,2605080.7661
2026-09-04 14:26:00,775.0,776.8,777.0,775.0,5132.0,3986345.2559
2026-09-04 14:27:00,777.1,775.0,777.1,775.0,2724.0,2115291.2969
2026-09-04 14:28:00,775.0,777.0,777.0,775.0,3322.0,2580788.6641
2026-09-04 14:29:00,776.95,777.0,777.0,776.95,1258.0,977440.0
2026-09-04 14:30:00,776.99,775.0,777.0,775.0,2266.0,1758884.4395
2026-09-04 14:31:00,775.0,777.09,777.09,772.53,4564.0,3541170.5859
2026-09-04 14:32:00,776.9,779.74,779.74,774.0,8359.0,6498230.4121
2026-09-04 14:33:00,779.5,780.0,780.0,778.0,9321.0,7268644.2754
2026-09-04 14:34:00,780.0,779.21,780.22,779.21,8591.0,6701189.0625
2026-09-04 14:35:00,779.25,779.0,780.0,779.0,2177.0,1697486.0
2026-09-04 14:36:00,777.11,779.99,779.99,777.08,3949.0,3071820.3066
2026-09-04 14:37:00,779.99,778.0,780.0,777.6,3107.0,2418087.541
2026-09-04 14:38:00,777.99,774.77,779.0,774.77,7218.0,5603771.082
2026-09-04 14:39:00,778.97,778.97,779.0,774.78,3123.0,2428941.625
2026-09-04 14:40:00,775.0,775.0,775.0,774.8,660.0,511459.2031
2026-09-04 14:41:00,775.0,778.59,778.79,773.53,3117.0,2418225.7661
2026-09-04 14:42:00,773.7,777.0,777.0,773.51,1257.0,974002.8081
2026-09-04 14:43:00,773.8,773.02,773.8,773.0,2017.0,1559937.7866
2026-09-04 14:44:00,771.4,771.5,773.01,771.11,2380.0,1837641.5806
2026-09-04 14:45:00,773.01,771.13,773.01,770.0,3651.0,2815033.2383
2026-09-04 14:46:00,771.13,770.0,773.0,770.0,994.0,766142.1367
2026-09-04 14:47:00,770.0,772.99,772.99,768.9,2852.0,2196582.9751
2026-09-04 14:48:00,769.01,769.01,769.01,769.0,1114.0,856675.3281
2026-09-04 14:49:00,769.05,769.05,769.05,769.05,200.0,153810.0
2026-09-04 14:50:00,769.05,768.0,770.0,768.0,6539.0,5028673.3477
2026-09-04 14:51:00,768.0,772.0,772.0,766.22,7361.0,5654801.9258
2026-09-04 14:52:00,768.08,768.14,770.0,768.08,1300.0,999303.0
2026-09-04 14:53:00,771.0,771.99,771.99,769.01,5420.0,4171262.2686
2026-09-04 14:54:00,771.99,771.99,771.99,770.1,4431.0,3417940.75
2026-09-04 14:55:00,771.99,770.03,772.72,770.01,5436.0,4193154.1343
2026-09-04 14:56:00,772.6,772.9,772.93,770.04,4468.0,3449081.6914
2026-09-04 14:57:00,772.9,772.95,773.01,771.01,6037.0,4662821.5234
2026-09-04 15:00:00,771.9,771.9,771.9,771.9,4855.0,3747574.5684
2026-09-07 09:31:00,772.0,786.6,788.0,772.0,37553.0,29261738.71
2026-09-07 09:32:00,786.61,793.0,793.51,786.61,25902.0,20481395.1964
2026-09-07 09:33:00,790.07,793.02,793.02,790.06,23426.0,18551049.8492
2026-09-07 09:34:00,793.18,793.5,794.0,790.26,20843.0,16529900.7471
2026-09-07 09:35:00,793.5,790.33,793.9,790.23,5437.0,4304830.0234
2026-09-07 09:36:00,790.25,791.2,791.2,787.26,15959.0,12605780.0352
2026-09-07 09:37:00,790.0,791.6,791.88,787.39,5735.0,4536669.2306
2026-09-07 09:38:00,790.3,780.64,790.3,780.64,3602.0,2832919.043
2026-09-07 09:39:00,781.55,788.8,788.8,781.55,5781.0,4533300.0978
2026-09-07 09:40:00,784.24,783.0,784.54,783.0,5057.0,3964417.4205
2026-09-07 09:41:00,782.5,783.0,784.0,782.0,3289.0,2575537.7969
2026-09-07 09:42:00,782.99,779.5,782.99,779.0,7628.0,5955335.0625
2026-09-07 09:43:00,779.01,779.0,779.01,778.0,4214.0,3280720.5166
2026-09-07 09:44:00,779.0,778.99,779.0,778.2,3211.0,2500502.2813
2026-09-07 09:45:00,778.38,778.98,778.98,778.38,3846.0,2994314.3184
2026-09-07 09:46:00,778.99,782.0,786.0,778.99,4554.0,3564873.7891
2026-09-07 09:47:00,782.0,784.99,784.99,782.0,1232.0,964702.5654
2026-09-07 09:48:00,784.99,782.23,784.99,782.0,1793.0,1403195.7646
2026-09-07 09:49:00,782.22,784.23,784.23,782.0,2801.0,2192275.2446
2026-09-07 09:50:00,784.24,778.01,784.24,778.0,3997.0,3122953.9414
2026-09-07 09:51:00,781.0,782.96,782.96,781.0,2026.0,1585613.0
2026-09-07 09:52:00,782.96,784.0,784.0,782.96,5725.0,4485863.0
2026-09-07 09:53:00,782.6,785.99,785.99,782.6,8632.0,6773058.8633
2026-09-07 09:54:00,785.99,786.5,786.99,785.8,4034.0,3172697.7148
2026-09-07 09:55:00,786.6,785.89,787.94,785.89,4753.0,3740956.1033
2026-09-07 09:56:00,785.94,786.01,787.44,785.91,4319.0,3394861.0371
2026-09-07 09:57:00,786.01,786.0,786.02,785.93,4521.0,3553574.9346
2026-09-07 09:58:00,786.0,787.13,787.13,786.0,800.0,629426.0
2026-09-07 09:59:00,786.19,786.05,786.19,786.0,3376.0,2653695.082
2026-09-07 10:00:00,786.05,785.88,786.05,785.88,5625.0,4420840.168
2026-09-07 10:01:00,785.87,782.05,785.87,782.05,1520.0,1191097.8008
2026-09-07 10:02:00,782.19,782.38,783.66,782.19,1020.0,798485.5996
2026-09-07 10:03:00,782.38,782.4,782.4,782.31,1037.0,811291.5811
2026-09-07 10:04:00,782.4,783.61,783.66,782.4,1145.0,897013.0938
2026-09-07 10:05:00,783.74,784.82,787.2,783.74,4171.0,3277877.1156
2026-09-07 10:06:00,785.95,787.5,787.5,785.95,2033.0,1600081.5547
2026-09-07 10:07:00,787.39,788.2,788.2,787.39,3711.0,2923979.9707
2026-09-07 10:08:00,788.0,783.75,788.0,783.75,3759.0,2960424.0547
2026-09-07 10:09:00,786.0,786.0,786.0,786.0,200.0,157200.0
2026-09-07 10:10:00,785.8,785.8,785.8,785.8,200.0,157160.0
2026-09-07 10:11:00,786.0,784.05,786.0,784.03,1383.0,1084976.3906
2026-09-07 10:12:00,784.02,784.33,784.33,784.02,2273.0,1782538.9766
2026-09-07 10:13:00,784.41,784.99,784.99,784.41,600.0,470764.0
2026-09-07 10:14:00,784.99,784.5,784.99,784.41,874.0,685716.9981
2026-09-07 10:15:00,784.51,786.5,786.5,784.5,661.0,519054.9922
2026-09-07 10:16:00,786.55,786.93,787.0,786.55,2405.0,1892512.2188
2026-09-07 10:17:00,787.7,787.73,788.5,787.7,4489.0,3537571.0967
2026-09-07 10:18:00,788.0,788.41,788.87,787.74,6277.0,4948932.1602
2026-09-07 10:19:00,787.73,785.23,788.5,785.23,1800.0,1418247.8848
2026-09-07 10:20:00,785.51,785.51,785.51,785.51,200.0,157102.0
2026-09-07 10:21:00,787.98,785.02,788.0,785.01,3742.0,2941420.9189
2026-09-07 10:22:00,785.04,786.0,786.0,785.03,600.0,471214.2344
2026-09-07 10:23:00,786.0,785.05,786.0,785.05,899.0,706319.25
2026-09-07 10:24:00,785.04,784.06,785.04,783.2,13318.0,10447950.2175
2026-09-07 10:25:00,783.22,783.21,784.16,783.21,3128.0,2451122.8735
2026-09-07 10:26:00,783.3,784.03,784.58,783.18,5380.0,4216728.5273
2026-09-07 10:27:00,784.69,785.05,785.05,784.69,928.0,728352.3467
2026-09-07 10:28:00,785.5,785.05,785.5,785.05,505.0,396630.25
2026-09-07 10:29:00,785.05,785.5,785.5,785.05,666.0,523100.25
2026-09-07 10:30:00,785.45,785.41,785.45,785.41,409.0,321241.0469
2026-09-07 10:31:00,784.05,785.0,785.0,784.0,4704.0,3689478.0
2026-09-07 10:32:00,784.01,785.44,785.45,784.0,2539.0,1991974.1934
2026-09-07 10:33:00,785.0,785.0,785.0,785.0,1286.0,1009510.0
2026-09-07 10:34:00,785.0,784.01,785.0,784.01,592.0,464209.2109
2026-09-07 10:35:00,784.01,785.0,785.0,784.0,1439.0,1128737.332
2026-09-07 10:36:00,785.0,785.17,785.44,785.0,1995.0,1566286.1172
2026-09-07 10:37:00,785.17,785.98,785.98,785.17,1421.0,1116190.3717
2026-09-07 10:38:00,787.73,787.73,787.73,787.58,2010.0,1583296.3008
2026-09-07 10:39:00,787.74,786.01,787.81,785.05,3584.0,2819913.1165
2026-09-07 10:40:00,786.52,789.2,789.8,786.52,9600.0,7570897.5313
2026-09-07 10:41:00,789.51,789.96,790.0,789.19,4184.0,3304762.7383
2026-09-07 10:42:00,789.0,788.98,789.98,786.56,6985.0,5507249.6465
2026-09-07 10:43:00,789.0,790.1,790.11,789.0,4101.0,3239612.2891
2026-09-07 10:44:00,789.01,786.57,790.0,786.57,4655.0,3672060.8428
2026-09-07 10:45:00,789.0,789.0,789.0,789.0,1300.0,1025700.0
2026-09-07 10:46:00,787.0,791.98,792.0,786.6,16114.0,12724802.4302
2026-09-07 10:47:00,790.98,791.0,791.0,790.98,1212.0,958685.9766
2026-09-07 10:48:00,788.96,788.96,788.96,788.96,200.0,157792.0
2026-09-07 10:49:00,788.07,788.96,788.96,788.07,600.0,473198.0
2026-09-07 10:50:00,788.26,788.96,788.96,788.26,469.0,369833.9375
2026-09-07 10:51:00,788.27,788.96,788.96,788.0,1081.0,852309.4824
2026-09-07 10:52:00,789.0,789.0,789.0,789.0,420.0,331380.0
2026-09-07 10:53:00,789.0,788.73,789.0,788.73,537.0,423639.0
2026-09-07 10:54:00,788.03,788.0,789.0,788.0,812.0,639965.0
2026-09-07 10:55:00,788.0,789.0,789.0,787.0,3655.0,2877981.0
2026-09-07 10:57:00,788.7,786.6,788.7,786.6,1766.0,1390471.0938
2026-09-07 10:58:00,786.57,785.05,786.57,785.05,2955.0,2322496.0938
2026-09-07 10:59:00,784.21,786.54,786.54,784.0,2594.0,2034865.5938
2026-09-07 11:00:00,786.54,784.23,786.54,784.0,1586.0,1244750.5508
2026-09-07 11:01:00,784.23,786.57,786.57,783.52,1405.0,1101708.2949
2026-09-07 11:02:00,783.7,782.22,783.7,782.22,6351.0,4975056.582
2026-09-07 11:04:00,783.0,782.53,785.92,782.53,1000.0,783639.4219
2026-09-07 11:05:00,783.06,783.06,783.06,783.06,200.0,156612.0
2026-09-07 11:08:00,783.6,783.6,783.6,783.6,200.0,156720.0
2026-09-07 11:09:00,785.57,783.51,785.57,783.5,3151.0,2474093.125
2026-09-07 11:10:00,783.51,783.17,783.51,783.17,829.0,649351.3359
2026-09-07 11:11:00,783.17,782.58,783.17,782.5,1669.0,1306282.0823
2026-09-07 11:12:00,782.95,782.95,782.95,782.95,200.0,156590.0
2026-09-07 11:13:00,783.17,783.17,783.17,782.7,684.0,535648.8008
2026-09-07 11:14:00,783.17,783.17,783.17,783.17,101.0,79100.1719
2026-09-07 11:15:00,782.8,782.1,783.1,782.1,5187.0,4059478.0605
2026-09-07 11:16:00,782.25,782.0,782.25,782.0,1184.0,925957.3594
2026-09-07 11:17:00,781.0,780.0,781.0,780.0,3609.0,2815738.021
2026-09-07 11:18:00,780.15,779.99,780.56,779.99,4676.0,3647713.1582
2026-09-07 11:19:00,780.0,781.0,781.0,780.0,629.0,490822.0
2026-09-07 11:20:00,781.0,781.0,781.0,781.0,263.0,205403.0
2026-09-07 11:21:00,781.0,781.0,781.0,781.0,200.0,156200.0
2026-09-07 11:22:00,780.19,780.18,780.19,780.18,600.0,468110.0
2026-09-07 11:24:00,781.0,781.0,781.0,781.0,200.0,156200.0
2026-09-07 11:27:00,781.0,780.91,781.0,780.91,281.0,219453.707
2026-09-07 11:29:00,781.98,781.99,781.99,781.98,200.0,156397.1563
2026-09-07 11:30:00,781.99,781.98,781.99,781.98,901.0,704570.2891
2026-09-07 13:01:00,781.98,781.01,782.0,780.91,4293.0,3354457.627
2026-09-07 13:02:00,780.93,781.98,781.98,780.93,400.0,312582.0
2026-09-07 13:03:00,781.98,781.01,782.7,781.01,655.0,512144.054
2026-09-07 13:04:00,781.03,781.05,781.05,781.02,1300.0,1015337.0
2026-09-07 13:05:00,781.01,781.3,781.3,781.01,434.0,339019.4016
2026-09-07 13:06:00,781.3,781.11,782.7,781.11,745.0,582031.8906
2026-09-07 13:07:00,781.1,780.1,781.1,780.1,2855.0,2228525.7656
2026-09-07 13:08:00,780.2,780.2,780.2,780.2,418.0,326123.6094
2026-09-07 13:10:00,780.8,780.8,780.8,780.8,200.0,156160.0
2026-09-07 13:11:00,781.1,781.1,781.1,781.1,200.0,156219.9961
2026-09-07 13:12:00,780.22,777.0,780.23,777.0,10411.0,8108992.7969
2026-09-07 13:13:00,776.12,775.5,780.0,775.24,6967.0,5412441.875
2026-09-07 13:14:00,775.29,778.02,782.0,775.29,4218.0,3288177.3555
2026-09-07 13:15:00,778.6,779.96,779.99,778.02,1386.0,1080370.5615
2026-09-07 13:16:00,779.96,777.04,779.96,777.04,1632.0,1271761.2813
2026-09-07 13:17:00,779.9,781.0,781.5,779.9,1877.0,1464849.1016
2026-09-07 13:18:00,781.0,777.22,781.0,777.15,5092.0,3970632.0693
2026-09-07 13:19:00,777.38,777.38,777.38,777.38,1.0,777.38
2026-09-07 13:20:00,778.0,779.84,779.84,778.0,1505.0,1171625.3516
2026-09-07 13:21:00,780.28,783.0,783.0,780.28,2739.0,2141630.9922
2026-09-07 13:22:00,780.89,782.85,782.85,780.89,400.0,312748.0
2026-09-07 13:23:00,780.85,780.01,780.85,780.01,313.0,244238.0469
2026-09-07 13:24:00,780.0,779.8,780.0,778.0,4232.0,3298318.2285
2026-09-07 13:25:00,779.8,779.8,782.2,779.8,600.0,468482.5498
2026-09-07 13:26:00,779.8,782.0,782.2,779.8,1115.0,871505.2012
2026-09-07 13:28:00,781.0,779.37,781.99,779.36,1445.0,1128075.8477
2026-09-07 13:29:00,779.61,779.68,779.68,779.61,268.0,208949.4805
2026-09-07 13:30:00,779.68,780.01,782.2,779.68,1946.0,1520893.8799
2026-09-07 13:31:00,782.22,780.35,787.0,780.06,12107.0,9497956.5812
2026-09-07 13:32:00,785.91,785.0,786.5,781.01,2066.0,1621606.5078
2026-09-07 13:33:00,786.0,787.05,788.6,785.15,7601.0,5982673.2129
2026-09-07 13:34:00,787.45,785.0,788.0,785.0,7185.0,5657720.2734
2026-09-07 13:35:00,784.8,783.65,784.8,783.6,690.0,540938.5
2026-09-07 13:36:00,783.65,784.0,784.0,783.65,1610.0,1261919.1563
2026-09-07 13:37:00,784.0,787.79,787.79,783.23,3563.0,2795714.1523
2026-09-07 13:38:00,787.6,785.21,788.0,785.21,4113.0,3235507.1665
2026-09-07 13:39:00,785.52,785.52,785.52,785.52,200.0,157104.0
2026-09-07 13:40:00,785.51,785.51,785.51,785.5,600.0,471304.0
2026-09-07 13:41:00,785.51,783.26,785.51,783.26,2893.0,2268828.6489
2026-09-07 13:42:00,783.25,784.13,784.18,783.25,1008.0,789895.1812
2026-09-07 13:43:00,784.08,783.5,784.08,783.26,800.0,626830.0
2026-09-07 13:44:00,784.0,784.0,785.51,783.33,1401.0,1098798.228
2026-09-07 13:45:00,785.51,783.51,786.0,783.51,2407.0,1890361.0508
2026-09-07 13:46:00,786.48,786.48,786.48,786.48,200.0,157296.0
2026-09-07 13:47:00,786.48,784.0,787.68,784.0,2501.0,1963554.6504
2026-09-07 13:48:00,786.0,784.5,786.0,784.5,990.0,776959.0
2026-09-07 13:49:00,786.0,786.0,786.0,786.0,400.0,314400.0
2026-09-07 13:50:00,785.75,784.68,786.0,784.63,3618.0,2839988.6797
2026-09-07 13:51:00,786.0,785.0,786.0,784.05,2528.0,1984999.0938
2026-09-07 13:52:00,785.0,786.0,786.0,783.69,7997.0,6271821.7886
2026-09-07 13:53:00,786.0,785.0,786.05,785.0,1598.0,1255157.6625
2026-09-07 13:54:00,785.0,783.79,785.0,783.69,481.0,377251.5308
2026-09-07 13:55:00,783.99,783.99,783.99,783.99,200.0,156798.0
2026-09-07 13:57:00,783.99,782.05,783.99,782.05,4415.0,3457910.0645
2026-09-07 13:58:00,782.05,782.05,782.2,782.05,1122.0,877541.4395
2026-09-07 13:59:00,782.16,782.17,782.17,782.16,781.0,610868.9375
2026-09-07 14:00:00,784.17,782.36,784.17,782.36,405.0,317217.7969
2026-09-07 14:01:00,784.17,784.17,784.17,784.17,200.0,156834.0
2026-09-07 14:02:00,782.77,782.36,783.6,782.36,1405.0,1099708.0006
2026-09-07 14:03:00,783.36,782.36,783.36,782.36,632.0,494878.5195
2026-09-07 14:04:00,782.36,783.0,783.0,782.36,203.0,158947.0801
2026-09-07 14:05:00,782.4,782.0,782.4,782.0,950.0,743149.7002
2026-09-07 14:06:00,781.6,781.19,781.6,781.19,681.0,532163.0195
2026-09-07 14:07:00,781.19,780.01,781.19,780.01,4591.0,3582957.3213
2026-09-07 14:08:00,780.06,778.55,780.06,778.24,9402.0,7327491.9563
2026-09-07 14:09:00,778.55,778.63,780.55,778.55,5953.0,4636445.8577
2026-09-07 14:10:00,778.63,780.55,780.55,778.63,1539.0,1199992.6523
2026-09-07 14:11:00,780.5,780.0,780.5,780.0,399.0,311320.0
2026-09-07 14:12:00,780.0,778.9,780.0,778.9,359.0,279845.1016
2026-09-07 14:13:00,779.0,779.0,779.0,779.0,627.0,488433.0
2026-09-07 14:14:00,779.0,779.05,779.99,779.0,1013.0,789715.6469
2026-09-07 14:15:00,779.99,779.25,780.0,779.25,608.0,474087.6289
2026-09-07 14:16:00,780.0,780.05,780.05,780.0,1039.0,810440.0029
2026-09-07 14:17:00,780.1,780.48,780.48,780.1,400.0,312116.0
2026-09-07 14:18:00,780.1,780.0,780.1,780.0,1646.0,1284015.7886
2026-09-07 14:19:00,779.39,779.4,779.4,779.39,238.0,185496.8203
2026-09-07 14:20:00,779.44,779.44,779.44,779.44,209.0,162902.96
2026-09-07 14:21:00,779.44,779.41,780.05,779.32,2929.0,2283549.8154
2026-09-07 14:22:00,779.46,779.41,779.51,779.41,1206.0,940036.0117
2026-09-07 14:23:00,779.48,779.47,780.05,779.47,1173.0,914478.7939
2026-09-07 14:24:00,779.58,779.47,779.58,779.47,754.0,587725.4219
2026-09-07 14:25:00,779.47,779.4,779.47,779.4,1323.0,1031205.9849
2026-09-07 14:26:00,779.5,779.4,779.5,779.4,400.0,311777.6094
2026-09-07 14:27:00,779.9,779.47,779.9,779.42,1210.0,943326.6816
2026-09-07 14:28:00,779.47,779.98,779.98,779.41,1809.0,1410293.9727
2026-09-07 14:29:00,779.98,778.0,780.0,777.77,7604.0,5920727.2002
2026-09-07 14:30:00,777.44,776.67,777.99,776.67,4007.0,3115477.2618
2026-09-07 14:31:00,777.01,776.97,777.04,776.11,5730.0,4450946.9219
2026-09-07 14:33:00,776.29,777.01,777.01,776.2,2214.0,1719352.8008
2026-09-07 14:34:00,777.0,777.0,777.0,777.0,836.0,649572.0
2026-09-07 14:35:00,776.98,776.98,776.98,776.98,200.0,155396.0
2026-09-07 14:36:00,776.98,777.01,777.01,776.98,2299.0,1786312.875
2026-09-07 14:37:00,777.0,777.0,777.0,776.9,1693.0,1315429.9219
2026-09-07 14:38:00,776.9,776.28,776.9,776.22,2575.0,1999287.6074
2026-09-07 14:39:00,777.0,777.0,777.0,776.21,2649.0,2056872.3711
2026-09-07 14:40:00,777.0,777.12,777.12,776.97,4526.0,3516749.7461
2026-09-07 14:41:00,777.12,778.7,778.7,777.12,1682.0,1308528.9678
2026-09-07 14:42:00,778.72,779.0,779.0,777.01,1011.0,786148.3125
2026-09-07 14:43:00,778.77,777.02,778.77,777.01,1115.0,867077.0093
2026-09-07 14:44:00,777.01,777.25,778.4,777.0,1504.0,1169204.9609
2026-09-07 14:45:00,777.18,777.18,777.18,777.18,200.0,155436.0
2026-09-07 14:46:00,777.21,777.17,777.98,777.17,1235.0,960059.1406
2026-09-07 14:47:00,777.18,777.18,777.77,777.18,434.0,337414.1152
2026-09-07 14:48:00,777.89,777.2,778.0,777.19,3012.0,2342574.5752
2026-09-07 14:49:00,777.69,777.3,777.99,777.3,2962.0,2303423.6715
2026-09-07 14:50:00,777.3,777.3,778.0,777.3,2673.0,2078755.6782
2026-09-07 14:51:00,777.32,777.2,777.8,777.2,3308.0,2571465.8701
2026-09-07 14:52:00,777.2,777.7,777.8,777.18,2840.0,2207945.9063
2026-09-07 14:53:00,777.21,777.3,777.76,777.2,2152.0,1672998.4727
2026-09-07 14:54:00,777.3,776.9,777.5,776.25,9638.0,7490642.9707
2026-09-07 14:55:00,776.9,776.92,777.2,776.9,5928.0,4605747.9727
2026-09-07 14:56:00,776.91,776.26,777.0,776.25,3990.0,3099129.9814
2026-09-07 14:57:00,776.31,776.25,776.99,776.17,5487.0,4259674.2861
2026-09-07 15:00:00,775.1,775.1,775.1,775.1,9425.0,7305317.4492
2026-09-08 09:31:00,768.99,763.5,768.99,762.0,19431.0,14882976.7607
2026-09-08 09:32:00,762.94,762.0,763.51,761.5,10323.0,7868554.9258
2026-09-08 09:33:00,761.99,761.58,764.81,761.24,12825.0,9770231.1973
2026-09-08 09:34:00,761.58,765.0,765.0,761.18,8939.0,6815406.9763
2026-09-08 09:35:00,763.2,761.71,768.4,761.3,12042.0,9192477.7852
2026-09-08 09:36:00,762.0,761.05,765.23,760.13,16683.0,12701148.1348
2026-09-08 09:37:00,763.0,765.04,765.04,761.05,4484.0,3425347.5566
2026-09-08 09:38:00,766.0,769.0,771.88,766.0,5225.0,4017830.1172
2026-09-08 09:39:00,769.37,767.9,769.37,765.0,5669.0,4351212.293
2026-09-08 09:40:00,765.57,771.33,771.33,765.49,3910.0,3005029.4023
2026-09-08 09:41:00,771.8,780.0,780.17,771.8,21446.0,16689303.1697
2026-09-08 09:42:00,780.0,779.0,781.0,778.0,7352.0,5731972.8245
2026-09-08 09:43:00,779.0,778.4,779.0,777.0,2862.0,2225883.3574
2026-09-08 09:44:00,777.28,776.51,777.28,776.0,8345.0,6482027.5625
2026-09-08 09:45:00,775.01,777.15,778.39,775.01,4276.0,3323348.6598
2026-09-08 09:46:00,777.57,774.5,778.39,774.5,9192.0,7145888.5342
2026-09-08 09:47:00,774.5,774.5,777.95,774.5,1076.0,834058.1094
2026-09-08 09:48:00,775.6,776.87,776.87,775.1,2196.0,1704903.0437
2026-09-08 09:49:00,776.88,776.01,776.88,775.02,3467.0,2692438.9309
2026-09-08 09:50:00,776.01,776.0,776.01,776.0,1958.0,1519409.5781
2026-09-08 09:51:00,776.0,773.1,776.0,773.1,6901.0,5345387.2832
2026-09-08 09:52:00,775.95,776.74,777.0,773.9,8990.0,6978844.1367
2026-09-08 09:53:00,776.74,779.99,780.98,776.5,5101.0,3971769.0686
2026-09-08 09:54:00,780.88,784.5,785.0,780.88,12813.0,10034751.1816
2026-09-08 09:55:00,784.87,786.0,787.88,784.87,21887.0,17206445.2832
2026-09-08 09:56:00,786.0,789.0,789.0,786.0,20297.0,15985722.1411
2026-09-08 09:57:00,789.0,788.0,790.01,787.16,28788.0,22732173.2031
2026-09-08 09:58:00,789.96,794.49,794.56,788.0,20842.0,16499110.7188
2026-09-08 09:59:00,794.49,790.3,794.99,790.3,12861.0,10212316.2117
2026-09-08 10:00:00,792.95,790.84,792.96,790.5,7041.0,5572930.6992
2026-09-08 10:01:00,790.84,791.9,792.6,790.12,6823.0,5400738.6865
2026-09-08 10:02:00,791.01,794.66,794.66,791.0,13608.0,10786541.3252
2026-09-08 10:03:00,794.68,796.65,796.89,794.0,19046.0,15156014.8686
2026-09-08 10:04:00,796.64,790.63,796.64,790.63,12659.0,10045697.1387
2026-09-08 10:05:00,792.0,792.0,793.98,792.0,6539.0,5188371.4941
2026-09-08 10:06:00,792.0,793.7,793.8,792.0,1744.0,1383478.0
2026-09-08 10:07:00,793.87,794.98,794.98,793.7,2379.0,1888620.0898
2026-09-08 10:08:00,794.98,802.04,802.04,793.7,29129.0,23236288.9883
2026-09-08 10:09:00,799.2,801.0,801.96,798.89,6865.0,5492726.4907
2026-09-08 10:10:00,801.96,801.88,802.88,801.06,15445.0,12386503.6971
2026-09-08 10:11:00,801.88,802.99,803.0,801.88,5712.0,4583339.29
2026-09-08 10:12:00,802.97,802.0,802.98,801.04,7073.0,5675642.6553
2026-09-08 10:13:00,802.0,806.99,809.8,801.02,26152.0,21057124.0889
2026-09-08 10:14:00,810.0,816.0,817.6,810.0,22200.0,18087912.8013
2026-09-08 10:15:00,815.0,811.87,816.0,810.11,16294.0,13233485.5496
2026-09-08 10:16:00,811.95,811.85,811.95,807.01,12674.0,10272596.4604
2026-09-08 10:17:00,811.86,813.9,814.19,811.86,7925.0,6448101.9738
2026-09-08 10:18:00,813.9,810.0,814.0,809.89,7605.0,6175199.8516
2026-09-08 10:19:00,810.01,809.0,810.01,808.0,6024.0,4873844.5476
2026-09-08 10:20:00,809.86,815.0,815.0,809.0,12898.0,10479822.8086
2026-09-08 10:21:00,815.0,815.99,816.0,814.91,11684.0,9528919.3491
2026-09-08 10:22:00,815.91,815.55,815.99,814.82,3986.0,3250616.1655
2026-09-08 10:23:00,815.55,824.85,825.65,815.55,43896.0,36000661.1595
2026-09-08 10:24:00,823.9,823.1,824.9,822.0,14450.0,11902837.5994
2026-09-08 10:25:00,823.99,826.9,826.9,823.01,16817.0,13876207.0864
2026-09-08 10:26:00,825.99,823.99,826.9,823.99,5474.0,4519827.002
2026-09-08 10:27:00,824.94,823.01,824.95,823.01,3454.0,2843698.0125
2026-09-08 10:28:00,823.1,825.0,825.0,822.86,11854.0,9764737.9668
2026-09-08 10:29:00,825.09,823.39,825.09,823.38,5750.0,4740958.5041
2026-09-08 10:30:00,823.39,823.5,823.5,823.0,4047.0,3331593.4219
2026-09-08 10:31:00,824.0,822.86,824.99,822.86,10008.0,8238326.2637
2026-09-08 10:32:00,822.69,820.0,822.7,820.0,7332.0,6018351.8799
2026-09-08 10:33:00,820.01,822.54,822.86,820.0,9310.0,7652335.9602
2026-09-08 10:34:00,822.53,821.23,822.8,820.18,4163.0,3422145.3926
2026-09-08 10:35:00,821.23,820.0,822.53,820.0,5520.0,4529916.7354
2026-09-08 10:36:00,818.8,815.55,818.8,815.55,5233.0,4279516.8578
2026-09-08 10:37:00,815.55,818.0,818.0,814.83,2066.0,1686798.5156
2026-09-08 10:38:00,817.99,814.0,818.0,814.0,9119.0,7437811.0352
2026-09-08 10:39:00,814.0,809.1,814.0,809.1,11853.0,9614305.4111
2026-09-08 10:40:00,809.1,807.99,809.1,807.5,6331.0,5115854.5798
2026-09-08 10:41:00,807.98,808.03,808.89,807.98,6626.0,5354037.7305
2026-09-08 10:42:00,808.5,812.0,812.99,808.5,4041.0,3279403.3398
2026-09-08 10:43:00,812.98,810.16,812.99,809.0,2849.0,2312571.8281
2026-09-08 10:44:00,810.16,809.0,810.16,809.0,961.0,778099.7324
2026-09-08 10:45:00,808.89,806.13,808.89,806.0,5978.0,4822698.0195
2026-09-08 10:46:00,806.2,810.0,810.0,806.2,4490.0,3634067.6094
2026-09-08 10:47:00,809.98,809.99,809.99,808.0,3544.0,2868093.7539
2026-09-08 10:48:00,809.9,808.03,809.9,808.02,1813.0,1465754.6484
2026-09-08 10:49:00,809.97,809.99,809.99,809.97,1345.0,1089420.8809
2026-09-08 10:50:00,809.99,810.88,810.88,809.99,7341.0,5947391.5234
2026-09-08 10:51:00,810.45,808.03,810.88,808.03,2609.0,2113197.9492
2026-09-08 10:52:00,808.02,806.02,808.02,806.02,2698.0,2176897.9844
2026-09-08 10:53:00,806.13,805.06,810.0,805.06,8339.0,6732035.5078
2026-09-08 10:54:00,805.07,810.0,810.0,805.07,8845.0,7160249.6016
2026-09-08 10:55:00,810.0,810.0,810.0,809.9,2378.0,1926168.0
2026-09-08 10:56:00,810.0,814.95,815.0,805.8,9183.0,7475376.9663
2026-09-08 10:57:00,814.0,810.0,819.0,808.85,6466.0,5282004.9375
2026-09-08 10:58:00,811.0,811.0,811.0,811.0,600.0,486600.0
2026-09-08 10:59:00,811.0,811.0,811.0,811.0,48.0,38928.0
2026-09-08 11:00:00,811.0,814.5,814.5,811.0,1151.0,934011.5
2026-09-08 11:01:00,811.0,808.0,811.01,808.0,4182.0,3384794.6211
2026-09-08 11:02:00,806.1,808.0,808.0,806.0,1972.0,1590001.0781
2026-09-08 11:03:00,809.0,806.19,809.0,806.16,1420.0,1145739.4063
2026-09-08 11:04:00,808.3,809.0,810.0,808.3,1034.0,836264.1992
2026-09-08 11:05:00,808.33,808.31,808.71,808.31,800.0,646798.0
2026-09-08 11:06:00,808.73,808.31,809.78,808.31,5329.0,4311204.084
2026-09-08 11:07:00,808.88,808.68,808.88,808.68,781.0,631699.0781
2026-09-08 11:08:00,809.0,808.0,809.0,807.99,2298.0,1857307.3184
2026-09-08 11:09:00,808.0,806.4,808.0,806.4,459.0,370550.0
2026-09-08 11:10:00,808.0,808.0,808.0,808.0,615.0,496920.0
2026-09-08 11:11:00,808.0,808.58,808.58,808.0,781.0,631232.9844
2026-09-08 11:12:00,810.28,810.28,810.28,810.28,200.0,162056.0
2026-09-08 11:13:00,810.5,810.8,810.8,810.5,2370.0,1921475.9902
2026-09-08 11:14:00,810.5,811.0,811.0,810.5,6343.0,5143749.9375
2026-09-08 11:15:00,811.13,813.88,813.88,809.0,3409.0,2765995.959
2026-09-08 11:16:00,813.88,813.88,813.9,813.0,5525.0,4496004.5215
2026-09-08 11:17:00,814.0,815.87,815.87,814.0,2223.0,1811436.6094
2026-09-08 11:18:00,815.8,813.5,815.8,813.5,3788.0,3086749.1445
2026-09-08 11:19:00,815.77,815.0,815.77,813.5,2318.0,1888809.2051
2026-09-08 11:20:00,815.0,815.38,815.38,815.0,1600.0,1304419.2856
2026-09-08 11:21:00,815.3,815.49,815.77,815.3,3249.0,2649609.6147
2026-09-08 11:22:00,815.49,817.98,817.98,815.35,4126.0,3366130.9922
2026-09-08 11:23:00,815.98,817.95,817.99,815.98,2403.0,1964613.1816
2026-09-08 11:24:00,817.0,817.0,817.08,816.0,1400.0,1143214.0
2026-09-08 11:25:00,816.0,815.5,817.0,815.5,1931.0,1576231.5
2026-09-08 11:26:00,815.5,815.35,816.9,815.34,1800.0,1468349.4063
2026-09-08 11:27:00,816.0,815.35,816.9,815.35,1515.0,1236525.4001
2026-09-08 11:28:00,815.56,817.0,817.0,815.56,2700.0,2204711.9004
2026-09-08 11:29:00,817.0,817.46,817.88,816.53,1200.0,980545.5273
2026-09-08 11:30:00,817.46,817.98,817.98,817.46,800.0,654185.0059
2026-09-08 13:01:00,817.97,816.02,818.0,816.02,3473.0,2838583.4102
2026-09-08 13:02:00,816.02,816.02,816.02,815.37,3727.0,3040973.6367
2026-09-08 13:03:00,815.69,816.57,816.57,815.68,1700.0,1386903.9922
2026-09-08 13:04:00,816.57,817.0,817.0,815.5,881.0,719061.543
2026-09-08 13:05:00,817.0,818.0,818.0,815.68,3941.0,3221010.5859
2026-09-08 13:06:00,816.0,818.0,818.0,816.0,1831.0,1497063.918
2026-09-08 13:07:00,816.51,817.9,817.98,816.0,1200.0,980272.3125
2026-09-08 13:08:00,816.53,816.53,817.9,816.0,2000.0,1633814.1875
2026-09-08 13:09:00,817.8,816.53,817.8,816.53,1250.0,1021211.4883
2026-09-08 13:10:00,816.0,816.0,816.0,810.67,2130.0,1735206.1708
2026-09-08 13:11:00,815.0,811.23,815.0,810.72,2761.0,2242879.2813
2026-09-08 13:12:00,813.92,813.92,814.0,813.92,525.0,427325.6758
2026-09-08 13:13:00,814.0,813.92,814.0,813.92,1176.0,957217.2891
2026-09-08 13:14:00,813.89,813.89,813.89,812.08,1380.0,1121364.4922
2026-09-08 13:15:00,812.0,811.0,812.0,811.0,1795.0,1455993.0
2026-09-08 13:16:00,811.0,810.67,811.0,810.67,2366.0,1918085.1563
2026-09-08 13:17:00,810.67,810.67,810.67,810.67,1278.0,1036036.2423
2026-09-08 13:18:00,810.72,810.03,810.8,810.02,1530.0,1240092.355
2026-09-08 13:19:00,810.04,810.04,810.04,810.0,1751.0,1418364.5273
2026-09-08 13:20:00,810.04,810.22,811.0,810.0,3077.0,2492854.3145
2026-09-08 13:22:00,810.22,810.0,810.22,810.0,1984.0,1607167.7813
2026-09-08 13:23:00,810.0,809.0,810.0,809.0,1663.0,1345767.0
2026-09-08 13:24:00,809.01,809.0,809.01,809.0,651.0,526661.0
2026-09-08 13:25:00,808.9,808.9,808.9,808.9,200.0,161780.0
2026-09-08 13:26:00,808.9,808.88,808.9,808.88,2426.0,1962346.8906
2026-09-08 13:27:00,808.88,808.88,808.88,808.88,307.0,248326.1641
2026-09-08 13:28:00,808.88,809.0,809.0,808.88,351.0,283947.8438
2026-09-08 13:29:00,809.11,810.0,810.0,809.11,2269.0,1837339.2813
2026-09-08 13:30:00,810.0,810.0,810.0,809.11,1154.0,934253.75
2026-09-08 13:31:00,809.11,810.0,810.0,809.11,466.0,377210.7969
2026-09-08 13:32:00,810.0,808.89,810.18,808.05,6965.0,5634611.582
2026-09-08 13:33:00,808.89,808.03,808.91,808.03,1318.0,1065480.0039
2026-09-08 13:34:00,808.03,808.03,810.0,808.03,888.0,717924.6563
2026-09-08 13:35:00,808.03,808.03,810.02,808.03,4616.0,3735676.0664
2026-09-08 13:36:00,809.02,809.02,809.02,809.02,200.0,161804.0039
2026-09-08 13:37:00,809.02,809.02,809.02,809.02,143.0,115689.8594
2026-09-08 13:38:00,810.0,810.02,810.02,810.0,300.0,243002.0
2026-09-08 13:39:00,810.18,810.19,810.98,810.18,473.0,383377.1406
2026-09-08 13:40:00,810.04,810.04,811.0,810.04,839.0,680100.6758
2026-09-08 13:41:00,810.04,810.04,810.04,810.04,700.0,567027.9883
2026-09-08 13:42:00,811.4,810.04,811.5,810.04,1416.0,1148747.1094
2026-09-08 13:43:00,811.5,811.52,812.0,811.5,804.0,652745.8828
2026-09-08 13:44:00,810.04,810.02,811.54,810.02,1608.0,1302835.9883
2026-09-08 13:45:00,810.03,810.03,811.54,810.03,731.0,592733.9336
2026-09-08 13:46:00,810.11,812.0,812.01,809.0,6947.0,5637215.8711
2026-09-08 13:47:00,812.01,810.0,814.0,810.0,9714.0,7886825.4669
2026-09-08 13:48:00,811.97,810.0,812.0,810.0,2231.0,1808894.0
2026-09-08 13:49:00,809.98,810.0,810.0,809.98,400.0,323996.0
2026-09-08 13:50:00,809.1,810.0,810.0,809.1,4517.0,3657996.0
2026-09-08 13:51:00,810.0,810.0,810.0,809.04,1110.0,898896.4688
2026-09-08 13:53:00,811.99,814.54,814.54,810.01,2820.0,2294328.9414
2026-09-08 13:54:00,810.32,813.66,813.92,810.3,1474.0,1198008.666
2026-09-08 13:55:00,810.58,810.63,813.66,810.58,1821.0,1479684.5573
2026-09-08 13:56:00,810.46,810.63,810.63,810.35,1185.0,960552.2679
2026-09-08 13:57:00,813.58,812.0,813.6,812.0,2130.0,1731612.2959
2026-09-08 13:58:00,812.11,811.21,812.12,810.63,3239.0,2629935.6978
2026-09-08 14:00:00,812.98,811.8,812.98,811.8,400.0,324956.0
2026-09-08 14:01:00,811.5,811.8,811.8,811.5,600.0,486960.002
2026-09-08 14:02:00,811.65,811.8,811.8,811.21,1609.0,1305676.7295
2026-09-08 14:03:00,811.8,811.21,811.8,811.21,785.0,637110.2734
2026-09-08 14:04:00,811.21,811.21,811.21,811.21,200.0,162242.0
2026-09-08 14:05:00,811.21,809.0,811.21,809.0,3563.0,2885237.7168
2026-09-08 14:06:00,808.87,806.9,808.87,806.9,6135.0,4956668.6401
2026-09-08 14:07:00,806.9,806.19,806.9,806.19,3189.0,2572115.0547
2026-09-08 14:08:00,806.29,806.0,806.3,806.0,840.0,677167.5996
2026-09-08 14:09:00,805.28,805.25,806.0,805.0,1353.0,1089931.25
2026-09-08 14:10:00,805.25,806.01,806.01,805.1,1599.0,1287786.0703
2026-09-08 14:11:00,806.01,806.0,806.2,806.0,2943.0,2372282.2344
2026-09-08 14:12:00,805.25,803.1,805.25,803.1,5412.0,4354582.6289
2026-09-08 14:13:00,802.1,800.03,802.1,800.03,6909.0,5532665.127
2026-09-08 14:14:00,800.02,800.0,803.69,800.0,5838.0,4671556.1877
2026-09-08 14:15:00,800.0,801.05,801.05,800.0,1840.0,1472827.5859
2026-09-08 14:16:00,801.05,800.0,801.05,800.0,1608.0,1287374.209
2026-09-08 14:17:00,800.01,798.31,800.01,798.31,1564.0,1249295.5781
2026-09-08 14:18:00,798.6,798.8,799.0,798.6,522.0,416989.1953
2026-09-08 14:19:00,798.6,798.66,799.0,798.6,1115.0,890537.1328
2026-09-08 14:20:00,798.61,798.7,798.7,798.61,619.0,494358.5391
2026-09-08 14:21:00,798.67,796.28,798.67,796.28,2705.0,2158314.8867
2026-09-08 14:22:00,796.0,796.2,796.36,795.5,2285.0,1819119.4188
2026-09-08 14:23:00,796.2,796.22,796.38,796.2,1754.0,1396598.8496
2026-09-08 14:24:00,797.99,798.0,798.0,797.99,2047.0,1633487.5
2026-09-08 14:25:00,798.0,799.99,800.0,798.0,2540.0,2030404.7559
2026-09-08 14:26:00,799.92,799.03,799.92,799.03,813.0,649969.3906
2026-09-08 14:27:00,799.03,799.04,799.04,799.03,221.0,176585.8198
2026-09-08 14:28:00,799.09,798.63,799.99,798.63,1027.0,820594.1523
2026-09-08 14:29:00,800.0,800.9,800.9,800.0,1861.0,1489436.7314
2026-09-08 14:30:00,803.4,801.0,803.51,801.0,473.0,379536.2305
2026-09-08 14:31:00,801.0,801.0,801.0,801.0,200.0,160200.0
2026-09-08 14:32:00,801.0,803.0,803.0,800.82,717.0,574695.9375
2026-09-08 14:33:00,801.01,800.82,802.4,800.0,3606.0,2886649.3459
2026-09-08 14:34:00,799.0,800.0,800.0,799.0,400.0,319800.0
2026-09-08 14:35:00,799.0,799.0,799.0,799.0,1040.0,830960.0
2026-09-08 14:36:00,798.99,797.99,799.0,797.99,1091.0,871326.7493
2026-09-08 14:37:00,797.99,796.5,797.99,796.5,1273.0,1015398.75
2026-09-08 14:38:00,796.5,796.2,796.6,796.2,4191.0,3337710.9688
2026-09-08 14:39:00,796.16,796.81,796.81,796.1,1648.0,1312387.7702
2026-09-08 14:40:00,796.7,796.1,796.7,796.02,1210.0,963461.7852
2026-09-08 14:41:00,796.3,796.12,796.3,796.1,2044.0,1627398.4844
2026-09-08 14:42:00,796.12,796.12,796.12,796.12,79.0,62893.4805
2026-09-08 14:43:00,796.17,798.0,798.0,796.17,1445.0,1151262.7344
2026-09-08 14:44:00,798.0,798.5,798.5,798.0,1185.0,946134.0
2026-09-08 14:45:00,798.0,797.02,798.0,797.02,430.0,342944.0
2026-09-08 14:46:00,797.05,796.6,797.05,796.6,2154.0,1716703.8613
2026-09-08 14:47:00,797.0,797.03,797.03,797.0,343.0,273375.2969
2026-09-08 14:48:00,797.35,798.0,798.0,797.35,619.0,493824.0
2026-09-08 14:49:00,798.0,798.6,798.6,798.0,1448.0,1156086.0801
2026-09-08 14:50:00,798.6,799.0,799.0,798.6,835.0,666999.7969
2026-09-08 14:51:00,800.0,800.0,800.0,799.24,2360.0,1887627.5
2026-09-08 14:52:00,800.0,799.97,800.0,799.0,1221.0,976167.5508
2026-09-08 14:53:00,799.97,799.87,799.97,798.08,1893.0,1512409.9141
2026-09-08 14:54:00,799.0,799.0,799.78,799.0,1302.0,1040454.0
2026-09-08 14:55:00,799.01,798.0,799.75,798.0,1864.0,1488292.4119
2026-09-08 14:56:00,798.05,797.58,799.61,797.58,2930.0,2338458.4766
2026-09-08 14:57:00,798.0,798.0,799.5,797.58,3787.0,3023203.188
2026-09-08 15:00:00,800.0,800.0,800.0,800.0,10760.0,8608000.0
2026-09-09 09:31:00,792.01,803.78,803.78,792.01,30780.0,24525493.4702
2026-09-09 09:32:00,803.78,804.21,810.5,800.01,41988.0,33827961.3617
2026-09-09 09:33:00,804.21,807.0,811.68,804.21,13472.0,10889345.7168
2026-09-09 09:34:00,806.99,805.2,810.0,802.0,16195.0,13047968.2754
2026-09-09 09:35:00,805.2,805.0,809.78,804.99,7954.0,6413567.0684
2026-09-09 09:36:00,805.0,805.1,808.88,805.0,5648.0,4554649.187
2026-09-09 09:37:00,805.1,802.0,807.63,802.0,8479.0,6818251.1669
2026-09-09 09:38:00,802.4,802.01,806.89,801.3,11282.0,9056365.7076
2026-09-09 09:39:00,805.0,800.6,805.94,800.5,5157.0,4136497.3438
2026-09-09 09:40:00,802.0,803.0,804.0,800.93,5389.0,4326184.5117
2026-09-09 09:41:00,804.79,807.0,807.0,803.01,4920.0,3959452.1188
2026-09-09 09:42:00,806.99,804.8,807.66,804.52,4585.0,3694290.0957
2026-09-09 09:43:00,804.79,805.02,806.96,804.58,2428.0,1955613.3889
2026-09-09 09:44:00,805.02,806.97,807.7,805.0,4637.0,3740445.3989
2026-09-09 09:45:00,806.97,807.0,807.0,806.5,5422.0,4374908.043
2026-09-09 09:46:00,806.5,806.5,807.2,806.43,2044.0,1648778.3672
2026-09-09 09:47:00,806.5,804.01,806.5,804.01,3337.0,2687358.3125
2026-09-09 09:48:00,804.01,801.2,804.01,800.6,6442.0,5171836.8359
2026-09-09 09:49:00,801.0,798.12,801.11,798.12,7913.0,6331886.6523
2026-09-09 09:50:00,798.5,795.0,798.5,793.0,12529.0,9969981.8418
2026-09-09 09:51:00,794.0,795.05,799.76,794.0,4023.0,3198849.9258
2026-09-09 09:52:00,797.3,794.1,797.3,794.0,3928.0,3123254.6035
2026-09-09 09:53:00,794.1,794.01,798.0,794.01,2500.0,1987054.8809
2026-09-09 09:54:00,797.98,794.3,798.0,794.12,2049.0,1631381.3448
2026-09-09 09:55:00,797.66,798.0,798.99,797.56,2457.0,1960810.5781
2026-09-09 09:56:00,794.5,794.3,797.9,794.3,2340.0,1859310.1711
2026-09-09 09:57:00,794.4,792.2,794.4,792.2,7655.0,6073923.0313
2026-09-09 09:58:00,792.2,792.0,792.2,791.96,5238.0,4148730.7852
2026-09-09 09:59:00,791.96,790.0,793.96,790.0,6261.0,4955239.1426
2026-09-09 10:00:00,793.96,790.0,793.97,790.0,5661.0,4477194.127
2026-09-09 10:01:00,793.88,791.01,794.2,791.0,2986.0,2369604.0508
2026-09-09 10:02:00,791.01,793.0,796.7,791.01,5444.0,4329984.9688
2026-09-09 10:03:00,794.3,793.0,794.3,793.0,1072.0,850969.5938
2026-09-09 10:04:00,794.3,794.24,794.3,794.24,847.0,672739.7461
2026-09-09 10:05:00,793.01,789.52,793.01,789.52,11032.0,8724846.6465
2026-09-09 10:06:00,789.1,788.0,789.1,787.87,7831.0,6172345.8809
2026-09-09 10:07:00,787.87,787.0,787.87,787.0,5603.0,4410250.2813
2026-09-09 10:08:00,787.0,787.06,788.5,786.72,5117.0,4028192.396
2026-09-09 10:09:00,787.1,789.91,789.91,787.1,1277.0,1007520.418
2026-09-09 10:10:00,789.85,788.0,789.91,788.0,2583.0,2039151.3203
2026-09-09 10:11:00,787.8,787.29,787.8,787.25,1274.0,1003238.3623
2026-09-09 10:12:00,787.2,790.0,790.0,787.1,5793.0,4570151.4082
2026-09-09 10:13:00,790.4,793.5,793.87,790.01,1706.0,1350403.4004
2026-09-09 10:14:00,793.39,790.0,793.39,790.0,1503.0,1189912.0
2026-09-09 10:16:00,790.03,793.0,793.0,790.03,1452.0,1150313.5352
2026-09-09 10:17:00,793.0,793.0,793.3,793.0,400.0,317260.0
2026-09-09 10:18:00,790.29,792.89,792.89,790.28,2239.0,1773712.5691
2026-09-09 10:19:00,792.89,792.88,794.24,790.11,5902.0,4678283.2266
2026-09-09 10:20:00,790.14,790.4,790.4,790.13,1681.0,1328455.4844
2026-09-09 10:22:00,790.55,790.55,790.6,790.54,1746.0,1380321.1807
2026-09-09 10:23:00,792.59,792.82,792.82,790.5,1625.0,1285914.9961
2026-09-09 10:24:00,792.82,790.5,792.82,790.5,1137.0,899302.2471
2026-09-09 10:25:00,790.45,788.17,790.45,788.17,8564.0,6760247.6455
2026-09-09 10:26:00,788.21,787.95,788.21,787.88,4132.0,3256423.8184
2026-09-09 10:27:00,787.95,787.14,787.95,787.11,2053.0,1616516.3779
2026-09-09 10:28:00,787.16,790.37,790.37,787.16,1030.0,812626.7793
2026-09-09 10:29:00,790.37,787.6,790.37,787.55,2299.0,1815172.7813
2026-09-09 10:30:00,787.65,787.61,790.36,787.61,2439.0,1925247.6641
2026-09-09 10:31:00,787.61,787.61,787.61,787.61,299.0,235495.3926
2026-09-09 10:32:00,787.56,787.07,787.56,787.07,4041.0,3181374.2813
2026-09-09 10:33:00,787.0,785.1,787.0,785.1,6854.0,5390017.2813
2026-09-09 10:34:00,785.05,785.05,786.0,785.01,7468.0,5862991.8242
2026-09-09 10:35:00,785.1,785.02,787.0,785.02,2937.0,2306601.439
2026-09-09 10:36:00,785.02,785.05,786.54,785.02,2807.0,2203886.3145
2026-09-09 10:37:00,786.88,789.97,789.97,786.88,1260.0,994230.7983
2026-09-09 10:38:00,789.88,789.9,789.9,788.01,531.0,419243.9063
2026-09-09 10:40:00,789.49,789.49,789.49,789.49,300.0,236847.0
2026-09-09 10:41:00,788.01,787.48,788.09,787.48,622.0,490147.8271
2026-09-09 10:42:00,789.0,790.0,790.0,788.09,2021.0,1594808.5469
2026-09-09 10:43:00,788.22,790.0,790.0,787.47,1078.0,850045.0
2026-09-09 10:45:00,787.0,786.93,789.89,786.93,1175.0,926429.6328
2026-09-09 10:46:00,787.0,786.37,787.0,786.37,1186.0,933002.1172
2026-09-09 10:47:00,786.32,784.49,786.32,783.01,8617.0,6765475.6699
2026-09-09 10:48:00,784.49,784.49,784.49,783.01,1000.0,784194.0
2026-09-09 10:49:00,783.02,783.08,785.49,783.01,1970.0,1543906.8203
2026-09-09 10:50:00,783.08,783.12,787.07,783.08,4093.0,3213332.4805
2026-09-09 10:51:00,783.12,785.12,785.12,783.12,1056.0,827834.8662
2026-09-09 10:52:00,785.12,783.77,787.99,783.77,2411.0,1896383.2129
2026-09-09 10:53:00,783.23,785.13,785.13,783.18,2914.0,2283028.8613
2026-09-09 10:54:00,783.22,787.92,787.92,783.22,1437.0,1129369.1855
2026-09-09 10:56:00,786.0,787.0,787.0,786.0,658.0,517606.0
2026-09-09 10:57:00,786.0,786.98,786.98,786.0,481.0,378227.6953
2026-09-09 10:58:00,784.0,784.0,784.0,784.0,496.0,388864.0
2026-09-09 10:59:00,784.0,785.0,785.0,783.18,2094.0,1641565.9141
2026-09-09 11:00:00,785.01,783.18,785.01,783.18,3283.0,2572258.3018
2026-09-09 11:01:00,783.2,783.18,786.2,783.18,2413.0,1890457.3408
2026-09-09 11:02:00,783.25,783.25,783.25,783.25,200.0,156650.0
2026-09-09 11:03:00,785.0,785.0,785.0,785.0,200.0,157000.0
2026-09-09 11:04:00,786.25,785.0,786.25,785.0,1988.0,1560850.9375
2026-09-09 11:06:00,783.7,783.5,783.7,783.5,1648.0,1291457.625
2026-09-09 11:07:00,783.44,783.25,783.44,783.25,1551.0,1214963.9219
2026-09-09 11:08:00,783.37,783.4,783.44,783.37,1349.0,1056814.4805
2026-09-09 11:09:00,783.4,785.9,785.9,783.4,481.0,377447.9102
2026-09-09 11:10:00,785.49,783.33,785.49,783.3,1200.0,940440.751
2026-09-09 11:11:00,783.22,783.27,783.33,783.0,4000.0,3132375.3242
2026-09-09 11:12:00,783.41,783.39,783.41,783.39,1521.0,1191540.1875
2026-09-09 11:13:00,783.39,783.32,783.39,783.32,279.0,218551.8125
2026-09-09 11:14:00,783.33,782.93,783.33,782.93,1402.0,1097955.376
2026-09-09 11:15:00,782.93,780.18,782.93,780.12,5897.0,4608633.2656
2026-09-09 11:16:00,780.12,780.02,780.18,780.02,2458.0,1917488.4297
2026-09-09 11:17:00,780.02,780.0,780.18,780.0,7436.0,5800646.9043
2026-09-09 11:18:00,780.02,778.11,780.02,778.11,1479.0,1153236.1992
2026-09-09 11:19:00,778.1,781.18,781.18,778.1,2140.0,1668980.6563
2026-09-09 11:20:00,780.5,780.43,780.5,780.43,1010.0,788291.0
2026-09-09 11:21:00,780.5,781.12,781.18,780.5,823.0,642804.3086
2026-09-09 11:22:00,781.12,780.91,781.13,780.91,400.0,312407.9336
2026-09-09 11:23:00,780.5,780.43,781.1,780.43,800.0,624632.3672
2026-09-09 11:24:00,780.43,780.43,780.43,780.43,168.0,131112.2344
2026-09-09 11:25:00,781.06,781.06,781.06,781.06,200.0,156212.0
2026-09-09 11:26:00,781.1,780.76,781.1,780.76,400.0,312372.0
2026-09-09 11:27:00,781.0,781.0,781.0,781.0,200.0,156200.0
2026-09-09 11:28:00,781.0,781.12,781.12,781.0,168.0,131224.6016
2026-09-09 11:29:00,781.12,781.12,781.12,781.12,200.0,156224.0
2026-09-09 11:30:00,781.12,782.1,782.1,781.12,440.0,343889.1992
2026-09-09 13:01:00,781.13,778.0,781.13,777.77,6575.0,5119999.748
2026-09-09 13:02:00,778.01,776.8,778.01,776.6,4800.0,3730788.0156
2026-09-09 13:03:00,776.8,777.0,777.25,776.8,589.0,457663.0
2026-09-09 13:04:00,777.04,776.0,777.04,776.0,3667.0,2848589.127
2026-09-09 13:05:00,777.04,776.06,778.0,776.06,2575.0,2002403.6719
2026-09-09 13:06:00,776.06,777.99,777.99,775.01,4048.0,3139624.0173
2026-09-09 13:07:00,777.99,777.97,777.99,775.0,1786.0,1385020.3086
2026-09-09 13:08:00,777.0,775.02,777.0,775.02,500.0,388104.0
2026-09-09 13:09:00,775.05,775.0,775.05,775.0,2974.0,2304872.1563
2026-09-09 13:10:00,775.0,775.5,775.5,775.0,925.0,717013.5
2026-09-09 13:11:00,776.8,778.01,778.01,776.8,1665.0,1295056.2822
2026-09-09 13:12:00,780.98,780.98,781.0,778.02,1168.0,911192.0762
2026-09-09 13:13:00,780.96,778.04,780.97,778.04,1201.0,936623.0313
2026-09-09 13:15:00,779.01,778.04,779.01,778.04,1271.0,989329.6406
2026-09-09 13:17:00,778.92,775.0,778.92,775.0,5657.0,4391170.375
2026-09-09 13:18:00,775.0,772.0,775.0,772.0,6836.0,5284661.3281
2026-09-09 13:19:00,772.0,772.0,772.0,770.1,5135.0,3959482.9131
2026-09-09 13:20:00,772.0,771.8,772.0,771.28,2505.0,1933638.8047
2026-09-09 13:21:00,770.51,770.28,771.87,770.28,7679.0,5918840.1641
2026-09-09 13:22:00,770.3,774.78,774.78,770.3,1011.0,780452.542
2026-09-09 13:23:00,770.51,773.4,773.47,770.0,10168.0,7835522.7754
2026-09-09 13:24:00,770.33,773.0,773.0,770.0,4228.0,3256512.0625
2026-09-09 13:25:00,772.01,771.0,773.47,771.0,867.0,669812.4883
2026-09-09 13:26:00,771.0,773.54,773.54,771.0,400.0,308908.0
2026-09-09 13:27:00,773.54,772.03,773.74,772.03,759.0,587026.1367
2026-09-09 13:28:00,772.03,774.0,774.0,772.0,2053.0,1587240.7656
2026-09-09 13:29:00,773.01,770.0,773.8,770.0,6068.0,4679143.3088
2026-09-09 13:30:00,770.53,769.9,772.01,769.9,5511.0,4244909.917
2026-09-09 13:31:00,769.9,766.52,770.53,766.49,6315.0,4849953.5234
2026-09-09 13:32:00,770.0,766.03,770.53,766.03,2686.0,2064775.5283
2026-09-09 13:33:00,767.0,762.26,768.0,761.1,8210.0,6282227.377
2026-09-09 13:34:00,766.0,765.94,768.0,765.94,1650.0,1265478.0
2026-09-09 13:35:00,766.0,766.04,768.0,766.0,1400.0,1073214.0
2026-09-09 13:36:00,768.8,766.04,769.0,766.04,2581.0,1979137.7031
2026-09-09 13:37:00,766.04,766.05,766.07,766.02,1394.0,1067863.7168
2026-09-09 13:38:00,766.06,766.22,768.6,766.06,1287.0,986997.3906
2026-09-09 13:39:00,768.01,766.67,768.53,766.07,1650.0,1265843.4761
2026-09-09 13:40:00,766.69,766.72,768.6,766.69,1990.0,1527942.3984
2026-09-09 13:41:00,766.18,769.89,769.89,766.18,3391.0,2604597.5
2026-09-09 13:42:00,769.95,770.15,772.05,768.55,8083.0,6229347.2109
2026-09-09 13:43:00,770.2,770.89,772.0,770.2,1000.0,771174.0
2026-09-09 13:44:00,770.9,768.56,772.0,768.56,3843.0,2961896.8547
2026-09-09 13:45:00,768.56,766.32,771.97,766.32,2100.0,1617920.4673
2026-09-09 13:46:00,771.45,766.25,771.45,766.25,1600.0,1228823.5
2026-09-09 13:47:00,766.25,766.64,770.99,766.1,3784.0,2910021.3867
2026-09-09 13:48:00,766.73,771.0,771.0,766.73,1231.0,946607.6592
2026-09-09 13:49:00,767.07,772.09,773.0,767.06,8063.0,6217472.0371
2026-09-09 13:50:00,772.12,774.6,774.6,772.11,1072.0,828165.5254
2026-09-09 13:51:00,774.0,774.0,774.0,772.05,2184.0,1688718.0332
2026-09-09 13:52:00,772.11,768.0,772.8,768.0,4843.0,3725973.2894
2026-09-09 13:53:00,771.59,772.0,772.0,771.59,800.0,617436.0
2026-09-09 13:54:00,772.0,773.66,773.66,771.59,633.0,488992.4707
2026-09-09 13:55:00,773.66,777.0,777.78,773.66,4608.0,3571590.2529
2026-09-09 13:56:00,777.0,778.0,778.5,777.0,876.0,681374.6191
2026-09-09 13:57:00,778.0,777.05,778.4,777.05,1514.0,1177782.0
2026-09-09 13:58:00,777.05,777.05,777.05,777.0,1502.0,1167089.0254
2026-09-09 13:59:00,777.7,778.49,778.49,777.05,2012.0,1564932.7725
2026-09-09 14:00:00,778.97,781.0,781.0,778.5,2154.0,1678694.1367
2026-09-09 14:01:00,781.0,780.0,781.81,780.0,1678.0,1309952.7844
2026-09-09 14:02:00,779.88,780.12,781.8,778.49,4061.0,3169591.7012
2026-09-09 14:03:00,780.12,778.58,780.12,778.58,1428.0,1113389.8281
2026-09-09 14:04:00,778.53,778.0,778.53,778.0,875.0,680996.25
2026-09-09 14:05:00,777.17,779.8,779.88,777.17,1976.0,1537738.1992
2026-09-09 14:06:00,779.88,780.0,780.0,779.88,573.0,446906.0
2026-09-09 14:07:00,780.0,778.39,780.0,778.39,2751.0,2142531.8799
2026-09-09 14:09:00,778.0,778.0,778.0,778.0,291.0,226398.0
2026-09-09 14:10:00,778.0,775.4,778.0,775.4,1165.0,904532.0
2026-09-09 14:11:00,774.8,775.46,775.48,774.8,760.0,589052.2656
2026-09-09 14:12:00,775.46,775.46,775.46,775.46,200.0,155092.0039
2026-09-09 14:13:00,777.79,775.39,777.8,775.39,480.0,372861.0
2026-09-09 14:14:00,775.43,775.0,775.43,775.0,811.0,628775.0938
2026-09-09 14:15:00,775.4,775.43,775.43,775.4,621.0,481537.9258
2026-09-09 14:16:00,776.9,776.9,776.9,776.9,277.0,215201.3125
2026-09-09 14:17:00,776.9,776.9,776.9,776.9,223.0,173248.7012
2026-09-09 14:18:00,776.99,777.0,777.0,776.99,338.0,262625.2813
2026-09-09 14:19:00,777.0,776.83,777.0,776.83,604.0,469248.2734
2026-09-09 14:20:00,776.9,776.91,777.0,776.9,6332.0,4919834.709
2026-09-09 14:21:00,776.91,775.46,776.91,775.46,536.0,416248.1016
2026-09-09 14:22:00,775.46,775.46,775.46,775.46,200.0,155092.0039
2026-09-09 14:23:00,777.79,777.79,777.79,777.79,200.0,155558.0
2026-09-09 14:24:00,777.79,777.79,777.79,777.79,366.0,284671.125
2026-09-09 14:25:00,777.79,778.0,778.0,777.79,897.0,697739.8574
2026-09-09 14:26:00,777.8,777.79,777.8,777.79,892.0,693796.0156
2026-09-09 14:27:00,778.0,778.0,778.0,776.23,581.0,451786.125
2026-09-09 14:28:00,776.23,776.2,776.27,776.2,400.0,310493.625
2026-09-09 14:29:00,776.21,775.65,776.21,775.65,1188.0,921701.6094
2026-09-09 14:30:00,775.53,774.8,775.53,774.8,3764.0,2917627.4297
2026-09-09 14:31:00,774.8,775.5,775.53,771.81,1006.0,778807.5615
2026-09-09 14:32:00,775.5,777.79,777.79,775.5,843.0,654436.2173
2026-09-09 14:33:00,777.77,777.77,777.77,775.94,1467.0,1139672.106
2026-09-09 14:34:00,777.0,777.77,777.77,777.0,674.0,524062.9844
2026-09-09 14:35:00,777.76,777.68,777.77,777.68,800.0,622176.9941
2026-09-09 14:36:00,777.68,777.77,777.77,777.68,771.0,599625.6855
2026-09-09 14:37:00,777.77,777.89,777.89,776.54,1042.0,809974.994
2026-09-09 14:38:00,777.89,777.8,777.89,777.55,718.0,558439.0234
2026-09-09 14:39:00,777.59,776.54,777.59,776.54,998.0,775301.9063
2026-09-09 14:40:00,777.8,778.11,778.96,777.8,6642.0,5168632.0117
2026-09-09 14:41:00,778.11,777.95,778.11,777.95,1520.0,1182707.9688
2026-09-09 14:43:00,775.53,775.6,775.6,775.4,2442.0,1893850.6206
2026-09-09 14:44:00,777.0,777.77,777.77,777.0,270.0,209843.9023
2026-09-09 14:45:00,777.77,777.77,777.77,777.77,246.0,191331.4219
2026-09-09 14:46:00,775.57,775.4,775.6,775.0,2554.0,1980218.2773
2026-09-09 14:47:00,775.4,775.4,775.4,775.4,604.0,468341.6094
2026-09-09 14:48:00,775.57,777.59,777.59,775.57,777.0,603711.8906
2026-09-09 14:49:00,777.02,775.57,777.02,775.57,1927.0,1495106.9714
2026-09-09 14:50:00,777.48,777.48,777.5,777.48,600.0,466495.9922
2026-09-09 14:51:00,777.0,776.99,777.3,776.99,600.0,466258.0
2026-09-09 14:52:00,777.21,777.28,777.28,777.21,400.0,310891.4922
2026-09-09 14:53:00,777.0,777.2,777.48,777.0,2236.0,1738052.0859
2026-09-09 14:54:00,775.83,775.7,777.17,775.7,801.0,621675.83
2026-09-09 14:55:00,775.83,776.0,777.17,775.75,2668.0,2070838.8672
2026-09-09 14:56:00,776.0,775.85,776.9,775.7,2119.0,1644759.3016
2026-09-09 14:57:00,775.85,776.0,776.9,775.59,1973.0,1530785.375
2026-09-09 15:00:00,776.02,776.02,776.02,776.02,3777.0,2931027.5645
