time,open,close,high,low,volume,amount
2026-08-28 13:40:00,31.6,31.15,31.68,31.0,16443.0,517152.0
2026-08-28 13:41:00,31.15,30.99,31.15,30.68,8250.0,255008.0
2026-08-28 13:42:00,30.68,30.7,30.72,30.68,7683.0,235872.0
2026-08-28 13:43:00,30.7,30.68,30.7,30.55,6699.0,205568.0
2026-08-28 13:44:00,30.68,30.52,30.68,30.52,6149.0,188256.0
2026-08-28 13:45:00,30.5,30.07,30.5,30.06,9985.0,301376.0
2026-08-28 13:46:00,30.1,30.11,30.18,30.08,11270.0,329216.0
2026-08-28 13:47:00,30.11,30.48,30.48,30.11,7933.0,239872.0
2026-08-28 13:48:00,30.48,30.52,30.58,30.48,7285.0,222336.0
2026-08-28 13:49:00,30.54,30.69,30.69,30.52,5546.0,169728.0
2026-08-28 13:50:00,30.69,30.85,30.85,30.69,5900.0,181312.0
2026-08-28 13:51:00,30.85,31.0,31.0,30.72,9413.0,291424.0
2026-08-28 13:52:00,30.98,30.75,31.0,30.75,4208.0,130272.0
2026-08-28 13:53:00,30.74,30.75,30.75,30.73,7300.0,224416.0
2026-08-28 13:54:00,30.75,30.73,30.75,30.73,5952.0,182912.0
2026-08-28 13:55:00,30.72,30.55,30.72,30.55,5172.0,158464.0
2026-08-28 13:56:00,30.54,30.55,30.55,30.54,6526.0,199360.0
2026-08-28 13:57:00,30.55,30.48,30.55,30.48,6251.0,190752.0
2026-08-28 13:58:00,30.48,30.4,30.48,30.4,9091.0,276416.0
2026-08-28 13:59:00,30.4,30.28,30.4,30.23,7543.0,228480.0
2026-08-28 14:00:00,30.28,30.5,30.5,30.28,9709.0,295328.0
2026-08-28 14:01:00,30.5,30.54,30.54,30.49,5999.0,182976.0
2026-08-28 14:02:00,30.51,30.31,30.51,30.3,6437.0,195712.0
2026-08-28 14:03:00,30.31,30.33,30.35,30.31,5617.0,170336.0
2026-08-28 14:04:00,30.33,30.31,30.33,30.3,10999.0,333344.0
2026-08-28 14:05:00,30.31,30.31,30.32,30.31,10600.0,321312.0
2026-08-28 14:06:00,30.31,30.3,30.31,30.3,11232.0,340352.0
2026-08-28 14:07:00,30.31,30.25,30.31,30.25,11401.0,345120.0
2026-08-28 14:08:00,30.25,30.2,30.25,30.2,14190.0,429088.0
2026-08-28 14:09:00,30.25,30.11,30.25,30.08,9038.0,272448.0
2026-08-28 14:10:00,30.11,30.11,30.13,30.11,8366.0,251936.0
2026-08-28 14:11:00,30.11,30.06,30.11,30.06,10110.0,304320.0
2026-08-28 14:12:00,30.06,30.03,30.07,30.0,18581.0,558304.0
2026-08-28 14:13:00,30.0,29.98,30.0,29.95,15107.0,453024.0
2026-08-28 14:14:00,29.98,29.61,29.98,29.61,9213.0,275104.0
2026-08-28 14:15:00,29.6,29.0,29.6,29.0,17628.0,513952.0
2026-08-28 14:16:00,28.98,28.7,28.98,28.7,15303.0,404992.0
2026-08-28 14:17:00,28.7,28.87,28.98,28.55,27395.0,784704.0
2026-08-28 14:18:00,28.99,29.3,29.3,28.99,10772.0,313088.0
2026-08-28 14:19:00,29.28,29.12,29.31,29.12,10877.0,318368.0
2026-08-28 14:20:00,29.09,28.9,29.09,28.88,13851.0,401920.0
2026-08-28 14:21:00,28.85,28.7,28.85,28.7,11112.0,320032.0
2026-08-28 14:22:00,28.7,28.57,28.7,28.57,8721.0,249664.0
2026-08-28 14:23:00,28.58,28.58,28.58,28.5,17489.0,499072.0
2026-08-28 14:24:00,28.58,29.1,29.18,28.58,13681.0,395168.0
2026-08-28 14:25:00,29.2,29.57,29.6,29.1,8623.0,253824.0
2026-08-28 14:26:00,29.57,30.01,30.01,29.57,16262.0,484032.0
2026-08-28 14:27:00,30.06,30.0,30.06,30.0,17417.0,522784.0
2026-08-28 14:28:00,30.0,29.68,30.0,29.68,13807.0,411712.0
2026-08-28 14:29:00,29.68,29.48,29.68,29.48,18185.0,537056.0
2026-08-28 14:30:00,29.3,28.9,29.3,28.9,10116.0,294432.0
2026-08-28 14:31:00,28.89,29.0,29.0,28.88,18747.0,541888.0
2026-08-28 14:32:00,29.0,29.3,29.3,29.0,11390.0,331584.0
2026-08-28 14:33:00,29.32,29.32,29.48,29.2,15545.0,456320.0
2026-08-28 14:34:00,29.3,29.26,29.45,29.2,11606.0,339808.0
2026-08-28 14:35:00,29.26,29.3,29.32,29.26,24302.0,712000.0
2026-08-28 14:36:00,29.3,29.31,29.32,29.3,11435.0,325696.0
2026-08-28 14:37:00,29.31,29.32,29.32,29.31,6500.0,190528.0
2026-08-28 14:38:00,29.31,29.26,29.31,29.26,9492.0,278048.0
2026-08-28 14:39:00,29.26,29.36,29.36,29.21,22293.0,652160.0
2026-08-28 14:40:00,29.37,29.11,29.37,29.11,13888.0,406144.0
2026-08-28 14:41:00,29.11,29.1,29.2,29.1,20272.0,590176.0
2026-08-28 14:42:00,29.11,28.8,29.11,28.8,21567.0,623808.0
2026-08-28 14:43:00,28.82,28.8,28.86,28.8,21415.0,617216.0
2026-08-28 14:44:00,28.83,28.82,28.86,28.81,16309.0,470208.0
2026-08-28 14:45:00,28.82,28.88,28.9,28.81,14250.0,411072.0
2026-08-28 14:46:00,29.0,29.08,29.09,29.0,13969.0,382304.0
2026-08-28 14:47:00,29.05,29.06,29.1,29.03,14590.0,423904.0
2026-08-28 14:48:00,29.05,29.0,29.06,29.0,15452.0,448864.0
2026-08-28 14:49:00,29.0,28.88,29.0,28.87,25338.0,732032.0
2026-08-28 14:50:00,28.88,28.86,28.88,28.86,21865.0,631360.0
2026-08-28 14:51:00,28.86,28.8,28.86,28.8,27198.0,783360.0
2026-08-28 14:52:00,28.8,28.78,28.81,28.75,34241.0,985792.0
2026-08-28 14:53:00,28.7,28.5,28.73,28.5,20267.0,579296.0
2026-08-28 14:54:00,28.5,28.54,28.54,28.5,26732.0,762304.0
2026-08-28 14:55:00,28.54,28.54,28.55,28.53,22194.0,633472.0
2026-08-28 14:56:00,28.54,28.55,28.57,28.54,32809.0,905344.0
2026-08-28 14:57:00,28.55,28.55,28.56,28.5,47102.0,1343808.0
2026-08-28 14:58:00,28.55,28.55,28.55,28.55,2800.0,79936.0
2026-08-28 15:00:00,28.51,28.51,28.51,28.51,71807.0,2047232.0
2026-08-31 09:31:00,22.0,22.61,22.66,22.0,1270518.0,28218604.0
2026-08-31 09:32:00,22.66,21.01,22.66,21.01,521208.0,11432520.0
2026-08-31 09:33:00,21.4,21.55,21.85,21.06,319458.0,6806956.0
2026-08-31 09:34:00,21.55,21.85,21.85,21.51,187998.0,4063420.0
2026-08-31 09:35:00,21.85,22.38,22.49,21.85,96894.0,2145596.0
2026-08-31 09:36:00,21.97,22.08,22.22,21.97,75425.0,1670448.0
2026-08-31 09:37:00,22.0,21.44,22.0,21.44,120365.0,2614676.0
2026-08-31 09:38:00,21.4,21.3,21.4,21.17,239568.0,5093032.0
2026-08-31 09:39:00,21.3,21.23,21.31,21.21,193084.0,4101004.0
2026-08-31 09:40:00,21.35,21.52,21.52,21.28,94544.0,1921984.0
2026-08-31 09:41:00,21.4,21.32,21.49,21.28,120993.0,2587616.0
2026-08-31 09:42:00,21.33,21.52,21.52,21.33,78433.0,1682248.0
2026-08-31 09:43:00,21.49,21.82,22.22,21.49,50862.0,1109552.0
2026-08-31 09:44:00,22.05,22.7,22.7,22.05,79069.0,1769984.0
2026-08-31 09:45:00,22.57,22.5,22.61,22.29,65256.0,1468656.0
2026-08-31 09:46:00,22.41,22.29,22.46,22.11,50810.0,1136296.0
2026-08-31 09:47:00,22.29,22.39,22.45,22.29,65433.0,1461984.0
2026-08-31 09:48:00,22.45,22.13,22.46,22.13,46204.0,1029280.0
2026-08-31 09:49:00,22.1,21.96,22.2,21.96,71938.0,1588600.0
2026-08-31 09:50:00,21.96,21.68,21.96,21.68,40285.0,875656.0
2026-08-31 09:51:00,21.8,21.6,21.8,21.6,42921.0,930112.0
2026-08-31 09:52:00,21.68,21.68,21.68,21.51,82582.0,1780072.0
2026-08-31 09:53:00,21.51,21.8,21.88,21.51,29737.0,642240.0
2026-08-31 09:54:00,21.8,21.53,21.8,21.52,28398.0,613120.0
2026-08-31 09:55:00,21.57,21.6,21.66,21.53,25011.0,541112.0
2026-08-31 09:56:00,21.6,21.66,21.66,21.6,38885.0,842952.0
2026-08-31 09:57:00,21.9,21.67,21.9,21.66,49896.0,1082960.0
2026-08-31 09:58:00,21.67,21.85,21.85,21.67,24330.0,529736.0
2026-08-31 09:59:00,21.85,21.89,21.95,21.85,19500.0,427160.0
2026-08-31 10:00:00,21.95,21.71,21.95,21.71,37129.0,807376.0
2026-08-31 10:01:00,21.67,21.53,21.67,21.52,46743.0,1009880.0
2026-08-31 10:02:00,21.53,21.61,21.61,21.53,54271.0,1170216.0
2026-08-31 10:03:00,21.61,21.68,21.8,21.61,29091.0,631408.0
2026-08-31 10:04:00,21.68,21.89,21.89,21.68,25544.0,555424.0
2026-08-31 10:05:00,21.9,21.7,21.9,21.7,10261.0,224128.0
2026-08-31 10:06:00,21.7,21.6,21.7,21.6,34729.0,752096.0
2026-08-31 10:07:00,21.59,21.59,21.59,21.53,43778.0,943824.0
2026-08-31 10:08:00,21.6,21.55,21.62,21.55,37179.0,802448.0
2026-08-31 10:09:00,21.55,21.5,21.55,21.5,99990.0,2086152.0
2026-08-31 10:10:00,21.5,21.51,21.58,21.5,24799.0,534408.0
2026-08-31 10:11:00,21.5,21.49,21.5,21.44,72243.0,1552544.0
2026-08-31 10:12:00,21.47,21.52,21.52,21.46,35268.0,757432.0
2026-08-31 10:13:00,21.52,21.51,21.58,21.5,14271.0,307032.0
2026-08-31 10:14:00,21.52,21.58,21.58,21.52,11470.0,247256.0
2026-08-31 10:15:00,21.58,21.66,21.66,21.55,8266.0,178456.0
2026-08-31 10:16:00,21.61,21.59,21.67,21.58,16542.0,357328.0
2026-08-31 10:17:00,21.59,21.64,21.64,21.59,12908.0,279008.0
2026-08-31 10:18:00,21.61,21.67,21.67,21.61,6542.0,141632.0
2026-08-31 10:19:00,21.67,21.83,21.83,21.67,10899.0,237256.0
2026-08-31 10:20:00,21.83,21.8,21.84,21.8,13292.0,290080.0
2026-08-31 10:21:00,21.79,21.77,21.79,21.7,13283.0,288872.0
2026-08-31 10:22:00,21.77,21.68,21.77,21.68,12867.0,279336.0
2026-08-31 10:23:00,21.67,21.6,21.68,21.6,26595.0,575744.0
2026-08-31 10:24:00,21.6,21.6,21.6,21.59,36952.0,798256.0
2026-08-31 10:25:00,21.6,21.58,21.6,21.58,25680.0,554264.0
2026-08-31 10:26:00,21.58,21.55,21.59,21.55,26671.0,575640.0
2026-08-31 10:27:00,21.55,21.44,21.55,21.41,73555.0,1581200.0
2026-08-31 10:28:00,21.38,21.29,21.38,21.29,54772.0,1167536.0
2026-08-31 10:29:00,21.3,21.32,21.45,21.23,43150.0,875648.0
2026-08-31 10:30:00,21.32,21.44,21.44,21.25,29781.0,634976.0
2026-08-31 10:31:00,21.44,21.3,21.44,21.28,33025.0,704088.0
2026-08-31 10:32:00,21.3,21.3,21.3,21.28,28886.0,615072.0
2026-08-31 10:33:00,21.31,21.32,21.35,21.31,44790.0,954840.0
2026-08-31 10:34:00,21.32,21.31,21.32,21.31,25038.0,533640.0
2026-08-31 10:35:00,21.32,21.33,21.35,21.32,17808.0,379832.0
2026-08-31 10:36:00,21.4,21.39,21.44,21.35,14575.0,311968.0
2026-08-31 10:37:00,21.39,21.5,21.5,21.39,13529.0,289976.0
2026-08-31 10:38:00,21.5,21.49,21.5,21.44,12155.0,260904.0
2026-08-31 10:39:00,21.49,21.5,21.5,21.49,8838.0,190048.0
2026-08-31 10:40:00,21.47,21.34,21.49,21.33,66023.0,1412760.0
2026-08-31 10:41:00,21.32,21.36,21.36,21.32,30901.0,659072.0
2026-08-31 10:42:00,21.34,21.33,21.37,21.33,14199.0,302952.0
2026-08-31 10:43:00,21.33,21.38,21.38,21.32,11273.0,240792.0
2026-08-31 10:44:00,21.37,21.34,21.38,21.32,13487.0,287752.0
2026-08-31 10:45:00,21.32,21.33,21.34,21.32,8536.0,182024.0
2026-08-31 10:46:00,21.34,21.32,21.34,21.32,47360.0,1010048.0
2026-08-31 10:47:00,21.32,21.42,21.42,21.32,2991.0,63864.0
2026-08-31 10:48:00,21.33,21.28,21.33,21.28,36769.0,783336.0
2026-08-31 10:49:00,21.28,21.22,21.28,21.22,41951.0,851672.0
2026-08-31 10:50:00,21.2,21.08,21.2,21.08,45633.0,963136.0
2026-08-31 10:51:00,21.08,20.85,21.08,20.85,88084.0,1848416.0
2026-08-31 10:52:00,20.83,20.93,20.99,20.83,73562.0,1536616.0
2026-08-31 10:53:00,20.93,20.9,20.93,20.9,41490.0,867800.0
2026-08-31 10:54:00,20.84,20.87,20.9,20.82,41354.0,862808.0
2026-08-31 10:55:00,20.83,20.81,20.83,20.81,42559.0,886160.0
2026-08-31 10:56:00,20.8,20.8,20.82,20.79,57697.0,1200128.0
2026-08-31 10:57:00,20.8,20.8,20.82,20.75,55092.0,1145408.0
2026-08-31 10:58:00,20.8,20.68,20.8,20.68,44618.0,925768.0
2026-08-31 10:59:00,20.67,20.02,20.67,20.02,169535.0,3430576.0
2026-08-31 11:00:00,20.06,20.31,20.55,20.06,71739.0,1452112.0
2026-08-31 11:01:00,20.32,20.39,20.5,20.32,50750.0,1037504.0
2026-08-31 11:02:00,20.5,20.55,20.55,20.42,22519.0,461344.0
2026-08-31 11:03:00,20.42,20.79,20.79,20.42,18962.0,390672.0
2026-08-31 11:04:00,20.79,20.8,20.86,20.79,35707.0,743088.0
2026-08-31 11:05:00,20.8,20.8,20.8,20.61,10093.0,210000.0
2026-08-31 11:06:00,20.79,20.79,20.87,20.79,7619.0,158448.0
2026-08-31 11:07:00,20.79,20.65,20.79,20.63,4327.0,89760.0
2026-08-31 11:08:00,20.76,20.65,20.76,20.64,7098.0,147040.0
2026-08-31 11:09:00,20.66,20.5,20.66,20.5,29978.0,618576.0
2026-08-31 11:10:00,20.5,20.6,20.6,20.3,36013.0,734976.0
2026-08-31 11:11:00,20.37,20.43,20.58,20.3,147203.0,2994880.0
2026-08-31 11:12:00,20.31,20.6,20.6,20.31,11421.0,232624.0
2026-08-31 11:13:00,20.69,20.86,20.86,20.69,7576.0,157712.0
2026-08-31 11:14:00,20.86,21.2,21.2,20.86,12662.0,264896.0
2026-08-31 11:15:00,21.18,21.45,21.6,21.18,23675.0,507136.0
2026-08-31 11:16:00,21.44,21.37,21.44,21.37,28737.0,615104.0
2026-08-31 11:17:00,21.38,21.0,21.38,21.0,32258.0,678272.0
2026-08-31 11:18:00,20.89,21.0,21.0,20.89,4699.0,98624.0
2026-08-31 11:19:00,21.15,21.41,21.41,21.15,19427.0,414048.0
2026-08-31 11:20:00,21.36,21.21,21.36,21.21,2093.0,44640.0
2026-08-31 11:21:00,21.3,21.22,21.3,21.22,8801.0,186912.0
2026-08-31 11:22:00,21.22,21.4,21.4,21.22,13738.0,292464.0
2026-08-31 11:23:00,21.4,21.28,21.4,21.17,9720.0,207568.0
2026-08-31 11:24:00,21.25,21.3,21.3,21.25,5439.0,115952.0
2026-08-31 11:25:00,21.34,21.23,21.34,21.23,19488.0,415600.0
2026-08-31 11:26:00,21.3,21.27,21.39,21.2,15005.0,319728.0
2026-08-31 11:27:00,21.21,21.02,21.21,21.02,10876.0,230144.0
2026-08-31 11:28:00,21.02,21.11,21.11,21.02,2675.0,56272.0
2026-08-31 11:29:00,21.03,21.01,21.08,21.01,17848.0,375280.0
2026-08-31 11:30:00,21.01,21.02,21.16,21.0,3517.0,74112.0
2026-08-31 13:01:00,21.21,21.01,21.21,21.01,11057.0,233408.0
2026-08-31 13:02:00,21.02,20.88,21.02,20.88,14480.0,303664.0
2026-08-31 13:03:00,20.88,20.8,20.88,20.8,9345.0,194736.0
2026-08-31 13:04:00,20.8,20.68,20.8,20.68,8149.0,168640.0
2026-08-31 13:05:00,20.66,20.51,20.66,20.5,28876.0,592896.0
2026-08-31 13:06:00,20.51,20.55,20.85,20.51,24893.0,510800.0
2026-08-31 13:07:00,20.6,21.02,21.04,20.6,12519.0,263040.0
2026-08-31 13:08:00,20.7,20.97,21.05,20.7,14696.0,305920.0
2026-08-31 13:09:00,20.97,20.73,20.97,20.73,3465.0,72272.0
2026-08-31 13:10:00,20.73,20.56,20.75,20.56,11133.0,230240.0
2026-08-31 13:11:00,20.58,20.59,20.66,20.55,21126.0,434624.0
2026-08-31 13:12:00,20.59,20.57,20.59,20.56,9418.0,193712.0
2026-08-31 13:13:00,20.57,20.57,20.57,20.56,12487.0,256816.0
2026-08-31 13:14:00,20.57,20.56,20.57,20.56,24354.0,500672.0
2026-08-31 13:15:00,20.56,20.57,20.57,20.51,24829.0,510112.0
2026-08-31 13:16:00,20.57,20.58,20.58,20.57,12059.0,248144.0
2026-08-31 13:17:00,20.58,20.59,20.59,20.58,2539.0,52304.0
2026-08-31 13:18:00,20.69,21.0,21.0,20.69,18530.0,386272.0
2026-08-31 13:19:00,21.02,21.15,21.16,21.02,12914.0,272480.0
2026-08-31 13:20:00,21.15,21.23,21.23,21.15,13049.0,276672.0
2026-08-31 13:21:00,21.27,21.41,21.41,21.23,17133.0,365072.0
2026-08-31 13:22:00,21.41,21.31,21.45,21.3,14181.0,303424.0
2026-08-31 13:23:00,21.31,21.38,21.38,21.3,9143.0,194720.0
2026-08-31 13:24:00,21.38,21.38,21.38,21.3,29116.0,622096.0
2026-08-31 13:25:00,21.4,21.39,21.4,21.3,13849.0,296144.0
2026-08-31 13:26:00,21.36,21.38,21.38,21.36,11682.0,249552.0
2026-08-31 13:27:00,21.38,21.3,21.38,21.3,22693.0,484752.0
2026-08-31 13:28:00,21.3,21.2,21.3,21.2,49577.0,1055856.0
2026-08-31 13:29:00,21.2,21.2,21.21,21.2,21962.0,465632.0
2026-08-31 13:30:00,21.2,21.2,21.21,21.2,102802.0,1850880.0
2026-08-31 13:31:00,21.2,21.2,21.26,21.2,7375.0,156464.0
2026-08-31 13:32:00,21.2,21.05,21.2,21.05,3414.0,72096.0
2026-08-31 13:33:00,21.06,21.05,21.1,21.05,8247.0,173696.0
2026-08-31 13:34:00,21.05,21.06,21.06,21.05,10551.0,222112.0
2026-08-31 13:35:00,21.07,21.05,21.1,21.05,7573.0,159568.0
2026-08-31 13:36:00,21.06,21.07,21.07,21.06,2915.0,61392.0
2026-08-31 13:37:00,21.08,21.07,21.08,21.07,8831.0,186112.0
2026-08-31 13:38:00,21.06,21.05,21.06,21.05,20718.0,436176.0
2026-08-31 13:39:00,21.05,21.05,21.06,21.05,17159.0,361248.0
2026-08-31 13:40:00,21.05,21.05,21.06,21.05,23387.0,422832.0
2026-08-31 13:41:00,21.04,21.02,21.04,21.02,7133.0,150032.0
2026-08-31 13:42:00,21.02,21.04,21.05,21.02,7761.0,163232.0
2026-08-31 13:43:00,21.04,21.01,21.04,21.01,10140.0,213248.0
2026-08-31 13:44:00,21.01,20.88,21.01,20.88,22064.0,461968.0
2026-08-31 13:45:00,20.86,20.67,20.86,20.67,9846.0,203504.0
2026-08-31 13:46:00,20.6,20.68,20.79,20.6,9915.0,204752.0
2026-08-31 13:47:00,20.68,20.81,20.81,20.68,7971.0,165312.0
2026-08-31 13:48:00,20.81,20.71,20.81,20.7,19048.0,394896.0
2026-08-31 13:49:00,20.71,20.85,20.85,20.71,2557.0,53072.0
2026-08-31 13:50:00,20.85,20.8,20.85,20.75,1162.0,24160.0
2026-08-31 13:51:00,20.8,20.78,20.8,20.78,8740.0,181728.0
2026-08-31 13:52:00,20.78,20.88,20.88,20.78,18010.0,374544.0
2026-08-31 13:53:00,20.82,20.88,20.88,20.79,27200.0,567600.0
2026-08-31 13:54:00,20.88,20.98,20.98,20.88,24109.0,503632.0
2026-08-31 13:55:00,20.99,21.04,21.04,20.98,10199.0,214208.0
2026-08-31 13:56:00,21.0,21.0,21.0,20.99,6821.0,143232.0
2026-08-31 13:57:00,21.0,21.0,21.03,21.0,8226.0,172848.0
2026-08-31 13:58:00,21.03,20.9,21.03,20.9,43874.0,919840.0
2026-08-31 13:59:00,20.9,20.79,20.9,20.79,17321.0,361568.0
2026-08-31 14:00:00,20.8,20.8,20.81,20.8,11617.0,241696.0
2026-08-31 14:01:00,20.81,20.82,20.88,20.8,8642.0,179856.0
2026-08-31 14:02:00,20.82,20.89,20.89,20.81,8719.0,181872.0
2026-08-31 14:03:00,20.89,20.89,20.9,20.89,5552.0,116032.0
2026-08-31 14:04:00,20.9,20.9,20.9,20.89,3163.0,66096.0
2026-08-31 14:05:00,20.9,20.91,20.91,20.9,2357.0,49280.0
2026-08-31 14:06:00,20.91,20.9,20.91,20.9,2706.0,56576.0
2026-08-31 14:07:00,20.91,20.85,20.91,20.85,17651.0,368768.0
2026-08-31 14:08:00,20.84,20.78,20.84,20.78,22077.0,459344.0
2026-08-31 14:09:00,20.75,20.74,20.75,20.73,21414.0,444160.0
2026-08-31 14:10:00,20.74,20.76,20.76,20.72,8931.0,185280.0
2026-08-31 14:11:00,20.79,20.75,20.79,20.74,6627.0,137680.0
2026-08-31 14:12:00,20.79,20.76,20.79,20.75,10927.0,227008.0
2026-08-31 14:13:00,20.76,20.76,20.88,20.74,15965.0,331456.0
2026-08-31 14:14:00,20.76,20.77,20.8,20.76,21204.0,440336.0
2026-08-31 14:15:00,20.76,20.69,20.76,20.52,61936.0,1280672.0
2026-08-31 14:16:00,20.66,20.6,20.66,20.58,35664.0,735024.0
2026-08-31 14:17:00,20.55,20.53,20.55,20.52,31622.0,649552.0
2026-08-31 14:18:00,20.55,20.56,20.6,20.55,15328.0,315136.0
2026-08-31 14:19:00,20.65,20.58,20.66,20.58,11072.0,228144.0
2026-08-31 14:20:00,20.56,20.56,20.58,20.54,49613.0,957680.0
2026-08-31 14:21:00,20.56,20.7,20.7,20.56,26526.0,546240.0
2026-08-31 14:22:00,20.76,20.88,20.91,20.76,9120.0,190208.0
2026-08-31 14:23:00,20.84,20.88,20.9,20.84,5429.0,113360.0
2026-08-31 14:24:00,20.9,20.81,20.9,20.8,10217.0,212848.0
2026-08-31 14:25:00,20.81,20.59,20.81,20.59,8662.0,179648.0
2026-08-31 14:26:00,20.58,20.53,20.59,20.53,90592.0,1862016.0
2026-08-31 14:27:00,20.53,20.6,20.68,20.53,39887.0,820752.0
2026-08-31 14:28:00,20.6,20.71,20.71,20.6,4939.0,102288.0
2026-08-31 14:29:00,20.6,20.61,20.61,20.6,29298.0,603952.0
2026-08-31 14:30:00,20.6,20.57,20.62,20.57,21565.0,384544.0
2026-08-31 14:31:00,20.6,20.55,20.6,20.5,50334.0,1033200.0
2026-08-31 14:32:00,20.56,20.62,20.62,20.52,14125.0,290384.0
2026-08-31 14:33:00,20.63,20.59,20.63,20.59,7579.0,156208.0
2026-08-31 14:34:00,20.6,20.5,20.6,20.5,117865.0,2418432.0
2026-08-31 14:35:00,20.5,20.4,20.52,20.4,43764.0,896544.0
2026-08-31 14:36:00,20.4,20.35,20.4,20.35,55276.0,1126496.0
2026-08-31 14:37:00,20.38,20.35,20.38,20.3,66001.0,1341520.0
2026-08-31 14:38:00,20.38,20.3,20.5,20.3,142346.0,2897072.0
2026-08-31 14:39:00,20.29,20.47,20.49,20.29,42471.0,859936.0
2026-08-31 14:40:00,20.47,20.55,20.55,20.47,24865.0,509664.0
2026-08-31 14:41:00,20.53,20.54,20.59,20.53,33345.0,685648.0
2026-08-31 14:42:00,20.54,20.51,20.54,20.51,31914.0,654704.0
2026-08-31 14:43:00,20.41,20.35,20.41,20.35,25663.0,523152.0
2026-08-31 14:44:00,20.35,20.35,20.35,20.31,56116.0,1140928.0
2026-08-31 14:45:00,20.35,20.35,20.36,20.33,49709.0,1011472.0
2026-08-31 14:46:00,20.34,20.05,20.53,20.05,179901.0,3649200.0
2026-08-31 14:47:00,20.1,20.34,20.35,20.1,46867.0,945744.0
2026-08-31 14:48:00,20.34,20.33,20.35,20.27,29012.0,589984.0
2026-08-31 14:49:00,20.35,20.27,20.35,20.27,51046.0,1013168.0
2026-08-31 14:50:00,20.21,20.23,20.3,20.21,35988.0,728976.0
2026-08-31 14:51:00,20.22,20.25,20.27,20.21,37299.0,755024.0
2026-08-31 14:52:00,20.25,20.4,20.4,20.25,72971.0,1483296.0
2026-08-31 14:53:00,20.46,20.3,20.46,20.3,36169.0,735872.0
2026-08-31 14:54:00,20.29,20.19,20.29,20.17,99642.0,2014560.0
2026-08-31 14:55:00,20.2,20.18,20.24,20.17,60934.0,1231488.0
2026-08-31 14:56:00,20.19,20.19,20.2,20.17,121354.0,2449680.0
2026-08-31 14:57:00,20.18,20.1,20.18,20.07,307438.0,6181424.0
2026-08-31 14:58:00,20.1,20.1,20.1,20.1,7832.0,157376.0
2026-08-31 15:00:00,20.05,20.05,20.05,20.05,206233.0,4134976.0
2026-09-01 09:31:00,19.13,19.5,19.5,19.13,645467.0,12428518.0
2026-09-01 09:32:00,19.56,19.6,19.77,19.56,170914.0,3351984.0
2026-09-01 09:33:00,19.63,19.49,19.64,19.41,169352.0,3308822.0
2026-09-01 09:34:00,19.51,20.2,20.2,19.51,154881.0,3045074.0
2026-09-01 09:35:00,20.26,20.0,20.26,20.0,269128.0,4957494.0
2026-09-01 09:36:00,19.86,19.99,20.16,19.86,126264.0,2528524.0
2026-09-01 09:37:00,19.99,19.87,20.0,19.86,56915.0,1134908.0
2026-09-01 09:38:00,19.75,19.58,19.75,19.51,67988.0,1332832.0
2026-09-01 09:39:00,19.58,19.79,19.8,19.54,57394.0,1125104.0
2026-09-01 09:40:00,19.6,19.73,19.79,19.59,47249.0,928012.0
2026-09-01 09:41:00,19.73,19.65,19.73,19.62,41354.0,813056.0
2026-09-01 09:42:00,19.64,19.65,19.65,19.55,138365.0,2713352.0
2026-09-01 09:43:00,19.55,19.57,19.65,19.55,61751.0,1211020.0
2026-09-01 09:44:00,19.55,19.67,19.73,19.55,148161.0,2904844.0
2026-09-01 09:45:00,19.73,19.92,19.92,19.73,25264.0,501240.0
2026-09-01 09:46:00,19.9,19.62,19.9,19.6,103401.0,2045520.0
2026-09-01 09:47:00,19.57,19.53,19.57,19.53,77424.0,1512928.0
2026-09-01 09:48:00,19.52,19.45,19.52,19.45,52482.0,1022840.0
2026-09-01 09:49:00,19.47,19.56,19.56,19.46,215989.0,4206664.0
2026-09-01 09:50:00,19.56,19.8,19.8,19.52,39180.0,766376.0
2026-09-01 09:51:00,19.79,19.8,19.8,19.54,36296.0,714780.0
2026-09-01 09:52:00,19.81,19.7,19.81,19.7,26770.0,529876.0
2026-09-01 09:53:00,19.69,19.61,19.69,19.6,9921.0,194916.0
2026-09-01 09:54:00,19.6,19.75,19.75,19.6,33823.0,665884.0
2026-09-01 09:55:00,19.79,19.99,19.99,19.79,57260.0,1114964.0
2026-09-01 09:56:00,20.0,20.0,20.0,19.98,150313.0,3005776.0
2026-09-01 09:57:00,20.0,20.0,20.0,19.98,25421.0,508268.0
2026-09-01 09:58:00,20.0,19.95,20.0,19.95,31530.0,630236.0
2026-09-01 09:59:00,19.93,19.69,19.93,19.69,30022.0,594308.0
2026-09-01 10:00:00,19.84,19.86,19.86,19.75,9123.0,180796.0
2026-09-01 10:01:00,19.86,19.83,19.86,19.77,9019.0,178804.0
2026-09-01 10:02:00,19.83,19.79,19.83,19.78,10283.0,203624.0
2026-09-01 10:03:00,19.77,19.73,19.77,19.73,18996.0,375096.0
2026-09-01 10:04:00,19.73,19.6,19.73,19.6,30590.0,600488.0
2026-09-01 10:05:00,19.66,19.63,19.69,19.63,24429.0,442852.0
2026-09-01 10:06:00,19.63,19.56,19.65,19.56,38889.0,762948.0
2026-09-01 10:07:00,19.56,19.66,19.66,19.55,12973.0,254304.0
2026-09-01 10:08:00,19.66,19.67,19.67,19.61,22201.0,436444.0
2026-09-01 10:09:00,19.67,19.65,19.67,19.65,4573.0,89900.0
2026-09-01 10:10:00,19.66,19.59,19.66,19.58,16149.0,316720.0
2026-09-01 10:11:00,19.59,19.62,19.62,19.59,8785.0,172136.0
2026-09-01 10:12:00,19.62,19.63,19.66,19.62,7298.0,143304.0
2026-09-01 10:13:00,19.66,19.64,19.66,19.62,42892.0,842180.0
2026-09-01 10:14:00,19.64,19.63,19.64,19.6,16244.0,318756.0
2026-09-01 10:15:00,19.6,19.59,19.63,19.59,27349.0,536452.0
2026-09-01 10:16:00,19.54,19.46,19.54,19.46,57904.0,1129888.0
2026-09-01 10:17:00,19.46,19.5,19.5,19.43,29087.0,565444.0
2026-09-01 10:18:00,19.5,19.44,19.51,19.43,73454.0,1429096.0
2026-09-01 10:19:00,19.44,19.5,19.51,19.44,13932.0,271136.0
2026-09-01 10:20:00,19.5,19.61,19.66,19.48,33816.0,660088.0
2026-09-01 10:21:00,19.66,19.51,19.66,19.5,29440.0,576496.0
2026-09-01 10:22:00,19.61,19.67,19.67,19.55,27379.0,537312.0
2026-09-01 10:23:00,19.68,19.89,19.95,19.68,24717.0,490440.0
2026-09-01 10:24:00,19.92,19.74,19.92,19.74,15437.0,306200.0
2026-09-01 10:25:00,19.67,19.84,19.84,19.67,5669.0,111680.0
2026-09-01 10:26:00,19.84,19.75,19.84,19.75,15390.0,305096.0
2026-09-01 10:27:00,19.75,19.74,19.76,19.67,10209.0,201464.0
2026-09-01 10:28:00,19.7,19.73,19.73,19.67,11128.0,219192.0
2026-09-01 10:29:00,19.7,19.7,19.7,19.7,8076.0,159096.0
2026-09-01 10:30:00,19.7,19.67,19.7,19.67,5626.0,110736.0
2026-09-01 10:31:00,19.67,19.6,19.67,19.6,28028.0,550136.0
2026-09-01 10:32:00,19.55,19.51,19.55,19.51,7945.0,155080.0
2026-09-01 10:33:00,19.51,19.45,19.51,19.44,31219.0,607544.0
2026-09-01 10:34:00,19.45,19.53,19.53,19.45,12272.0,239216.0
2026-09-01 10:35:00,19.53,19.58,19.59,19.53,7394.0,144520.0
2026-09-01 10:36:00,19.59,19.53,19.59,19.53,21906.0,428248.0
2026-09-01 10:37:00,19.52,19.49,19.53,19.49,22233.0,433984.0
2026-09-01 10:38:00,19.5,19.52,19.52,19.5,7444.0,145200.0
2026-09-01 10:39:00,19.53,19.44,19.53,19.44,41689.0,811832.0
2026-09-01 10:40:00,19.43,19.44,19.44,19.41,31995.0,621528.0
2026-09-01 10:41:00,19.45,19.49,19.49,19.45,13215.0,257280.0
2026-09-01 10:42:00,19.48,19.48,19.48,19.47,2700.0,52600.0
2026-09-01 10:43:00,19.48,19.44,19.48,19.44,40281.0,783712.0
2026-09-01 10:44:00,19.43,19.43,19.43,19.41,25895.0,502872.0
2026-09-01 10:45:00,19.43,19.43,19.43,19.41,12412.0,240968.0
2026-09-01 10:46:00,19.42,19.43,19.43,19.41,13110.0,254568.0
2026-09-01 10:47:00,19.43,19.44,19.44,19.42,14383.0,279464.0
2026-09-01 10:48:00,19.47,19.44,19.47,19.44,10568.0,205728.0
2026-09-01 10:49:00,19.46,19.46,19.48,19.46,3360.0,65432.0
2026-09-01 10:50:00,19.45,19.44,19.45,19.42,29248.0,568392.0
2026-09-01 10:51:00,19.44,19.35,19.44,19.35,59129.0,1147120.0
2026-09-01 10:52:00,19.34,19.3,19.34,19.3,67989.0,1312648.0
2026-09-01 10:53:00,19.3,19.34,19.37,19.28,27438.0,529792.0
2026-09-01 10:54:00,19.37,19.26,19.38,19.26,67239.0,1298136.0
2026-09-01 10:55:00,19.26,19.23,19.26,19.22,46531.0,841408.0
2026-09-01 10:56:00,19.25,19.25,19.27,19.24,28638.0,551232.0
2026-09-01 10:57:00,19.25,19.26,19.3,19.25,25715.0,495136.0
2026-09-01 10:58:00,19.25,19.24,19.3,19.24,38044.0,732440.0
2026-09-01 10:59:00,19.24,19.21,19.24,19.21,54917.0,1055528.0
2026-09-01 11:00:00,19.21,19.19,19.21,19.16,83608.0,1603600.0
2026-09-01 11:01:00,19.19,19.23,19.23,19.19,26949.0,517880.0
2026-09-01 11:02:00,19.22,19.23,19.3,19.22,14531.0,279512.0
2026-09-01 11:03:00,19.23,19.35,19.36,19.23,8826.0,170816.0
2026-09-01 11:04:00,19.35,19.3,19.35,19.3,17864.0,345384.0
2026-09-01 11:05:00,19.3,19.4,19.41,19.3,21641.0,414528.0
2026-09-01 11:06:00,19.41,19.39,19.41,19.37,17420.0,337584.0
2026-09-01 11:07:00,19.4,19.42,19.42,19.39,14785.0,286856.0
2026-09-01 11:08:00,19.4,19.41,19.42,19.4,5703.0,110672.0
2026-09-01 11:09:00,19.41,19.42,19.42,19.41,7402.0,143720.0
2026-09-01 11:10:00,19.41,19.42,19.43,19.4,44177.0,857176.0
2026-09-01 11:11:00,19.43,19.56,19.56,19.43,9979.0,194424.0
2026-09-01 11:12:00,19.6,19.57,19.71,19.57,14439.0,284072.0
2026-09-01 11:13:00,19.57,19.63,19.63,19.57,4076.0,79904.0
2026-09-01 11:14:00,19.64,19.61,19.64,19.6,31840.0,624784.0
2026-09-01 11:15:00,19.61,19.64,19.67,19.61,8552.0,130800.0
2026-09-01 11:16:00,19.63,19.56,19.64,19.56,12253.0,240200.0
2026-09-01 11:17:00,19.51,19.44,19.51,19.44,8132.0,158648.0
2026-09-01 11:18:00,19.49,19.44,19.49,19.44,8313.0,161680.0
2026-09-01 11:19:00,19.44,19.51,19.51,19.44,5872.0,114440.0
2026-09-01 11:20:00,19.5,19.52,19.52,19.5,1055.0,20592.0
2026-09-01 11:21:00,19.55,19.57,19.57,19.52,5145.0,100520.0
2026-09-01 11:22:00,19.57,19.58,19.58,19.57,10703.0,209536.0
2026-09-01 11:23:00,19.57,19.57,19.57,19.57,4573.0,89496.0
2026-09-01 11:24:00,19.51,19.56,19.56,19.51,1222.0,23896.0
2026-09-01 11:25:00,19.51,19.57,19.57,19.51,11400.0,222928.0
2026-09-01 11:26:00,19.58,19.62,19.62,19.58,7365.0,144256.0
2026-09-01 11:27:00,19.64,19.68,19.68,19.64,12752.0,251192.0
2026-09-01 11:28:00,19.68,19.7,19.73,19.68,17466.0,344264.0
2026-09-01 11:29:00,19.73,19.79,19.81,19.73,35146.0,694416.0
2026-09-01 11:30:00,19.78,19.8,19.86,19.78,35082.0,695752.0
2026-09-01 13:01:00,19.8,19.96,19.99,19.8,92849.0,1852072.0
2026-09-01 13:02:00,19.96,20.0,20.0,19.83,44411.0,886928.0
2026-09-01 13:03:00,20.06,20.08,20.11,20.0,60203.0,1208608.0
2026-09-01 13:04:00,20.07,19.98,20.09,19.98,47458.0,949032.0
2026-09-01 13:05:00,19.91,20.0,20.0,19.89,39038.0,706328.0
2026-09-01 13:06:00,20.07,20.0,20.07,19.95,74262.0,1486112.0
2026-09-01 13:07:00,20.06,20.07,20.09,20.0,45183.0,905216.0
2026-09-01 13:08:00,20.08,20.1,20.12,20.06,226276.0,4549200.0
2026-09-01 13:09:00,20.1,20.23,20.23,20.07,91531.0,1841560.0
2026-09-01 13:10:00,20.21,20.1,20.25,20.1,81171.0,1639064.0
2026-09-01 13:11:00,20.1,20.0,20.1,20.0,62104.0,1243976.0
2026-09-01 13:12:00,20.04,20.09,20.09,20.04,9985.0,200472.0
2026-09-01 13:13:00,20.08,20.04,20.08,20.0,27620.0,552792.0
2026-09-01 13:14:00,20.0,19.93,20.0,19.92,19909.0,397448.0
2026-09-01 13:15:00,19.93,19.95,19.95,19.92,16617.0,323248.0
2026-09-01 13:16:00,19.92,19.9,19.92,19.85,10536.0,209640.0
2026-09-01 13:17:00,19.9,19.88,19.9,19.85,1940.0,38520.0
2026-09-01 13:18:00,19.9,19.88,19.92,19.88,6868.0,136656.0
2026-09-01 13:19:00,19.89,19.92,19.92,19.89,3195.0,63592.0
2026-09-01 13:20:00,19.95,19.99,19.99,19.93,8621.0,172232.0
2026-09-01 13:21:00,19.93,19.85,19.93,19.85,25188.0,500992.0
2026-09-01 13:22:00,19.84,19.82,19.84,19.81,21636.0,428736.0
2026-09-01 13:23:00,19.82,19.82,19.84,19.82,5152.0,102152.0
2026-09-01 13:24:00,19.81,19.77,19.81,19.77,6338.0,125464.0
2026-09-01 13:25:00,19.76,19.7,19.76,19.7,21984.0,427848.0
2026-09-01 13:26:00,19.79,19.84,19.84,19.79,7117.0,140648.0
2026-09-01 13:27:00,19.84,19.8,19.84,19.72,8800.0,173816.0
2026-09-01 13:28:00,19.8,19.8,19.84,19.8,6465.0,128056.0
2026-09-01 13:29:00,19.7,19.7,19.7,19.7,11317.0,223120.0
2026-09-01 13:30:00,19.71,19.79,19.79,19.71,1870.0,36896.0
2026-09-01 13:31:00,19.8,19.84,19.84,19.8,6400.0,126968.0
2026-09-01 13:32:00,19.81,19.7,19.81,19.67,38290.0,754488.0
2026-09-01 13:33:00,19.7,19.65,19.75,19.6,41464.0,814952.0
2026-09-01 13:34:00,19.68,19.73,19.73,19.68,6014.0,118360.0
2026-09-01 13:35:00,19.73,19.69,19.73,19.69,2798.0,55152.0
2026-09-01 13:36:00,19.7,19.73,19.73,19.7,5130.0,101192.0
2026-09-01 13:37:00,19.74,19.77,19.79,19.74,9611.0,190072.0
2026-09-01 13:38:00,19.75,19.69,19.76,19.69,12462.0,245536.0
2026-09-01 13:39:00,19.69,19.71,19.71,19.69,10200.0,200904.0
2026-09-01 13:40:00,19.76,19.81,19.81,19.76,2308.0,45688.0
2026-09-01 13:41:00,19.8,19.7,19.8,19.7,14777.0,291416.0
2026-09-01 13:42:00,19.71,19.8,19.8,19.71,1392.0,27544.0
2026-09-01 13:43:00,19.8,19.75,19.8,19.73,11809.0,233368.0
2026-09-01 13:44:00,19.76,19.8,19.8,19.76,2972.0,58752.0
2026-09-01 13:45:00,19.81,19.7,19.81,19.7,26467.0,429184.0
2026-09-01 13:46:00,19.7,19.71,19.8,19.7,12705.0,250488.0
2026-09-01 13:47:00,19.71,19.71,19.71,19.71,5166.0,101848.0
2026-09-01 13:48:00,19.73,19.73,19.73,19.72,6210.0,122480.0
2026-09-01 13:49:00,19.73,19.89,19.89,19.73,16597.0,329296.0
2026-09-01 13:50:00,19.99,19.9,20.04,19.9,12734.0,254664.0
2026-09-01 13:51:00,19.95,19.87,19.95,19.87,37661.0,750640.0
2026-09-01 13:52:00,19.87,19.88,19.88,19.87,895.0,17792.0
2026-09-01 13:53:00,19.88,19.94,19.94,19.88,8068.0,160784.0
2026-09-01 13:54:00,19.92,19.87,19.92,19.83,55156.0,1096008.0
2026-09-01 13:55:00,19.81,19.81,19.81,19.81,1538.0,30464.0
2026-09-01 13:56:00,19.81,19.87,19.87,19.81,855.0,16976.0
2026-09-01 13:57:00,19.83,19.83,19.83,19.81,13842.0,274248.0
2026-09-01 13:58:00,19.81,19.85,19.85,19.81,5433.0,107744.0
2026-09-01 13:59:00,19.85,19.84,19.85,19.84,6178.0,122592.0
2026-09-01 14:00:00,19.81,19.77,19.81,19.77,32477.0,643184.0
2026-09-01 14:01:00,19.76,19.72,19.76,19.71,20030.0,395024.0
2026-09-01 14:02:00,19.72,19.75,19.75,19.72,4427.0,87344.0
2026-09-01 14:03:00,19.73,19.75,19.75,19.73,9495.0,187408.0
2026-09-01 14:04:00,19.75,19.71,19.75,19.71,41811.0,824696.0
2026-09-01 14:05:00,19.7,19.7,19.72,19.7,17088.0,336744.0
2026-09-01 14:06:00,19.7,19.71,19.71,19.7,2216.0,43664.0
2026-09-01 14:07:00,19.71,19.71,19.71,19.71,5921.0,116704.0
2026-09-01 14:08:00,19.72,19.7,19.72,19.7,10001.0,197056.0
2026-09-01 14:09:00,19.7,19.65,19.7,19.65,47044.0,925576.0
2026-09-01 14:10:00,19.65,19.65,19.65,19.64,7684.0,150960.0
2026-09-01 14:11:00,19.64,19.6,19.65,19.6,25216.0,494528.0
2026-09-01 14:12:00,19.6,19.66,19.66,19.6,8801.0,172712.0
2026-09-01 14:13:00,19.66,19.66,19.66,19.63,12050.0,236888.0
2026-09-01 14:14:00,19.7,19.68,19.7,19.66,12172.0,239352.0
2026-09-01 14:15:00,19.68,19.68,19.69,19.67,8151.0,160376.0
2026-09-01 14:16:00,19.7,19.72,19.72,19.7,19944.0,393072.0
2026-09-01 14:17:00,19.7,19.72,19.72,19.7,6201.0,122192.0
2026-09-01 14:18:00,19.71,19.64,19.71,19.64,9520.0,187408.0
2026-09-01 14:19:00,19.65,19.67,19.67,19.65,6210.0,122048.0
2026-09-01 14:20:00,19.69,19.71,19.72,19.69,10835.0,213544.0
2026-09-01 14:21:00,19.72,19.7,19.72,19.68,3627.0,71448.0
2026-09-01 14:22:00,19.7,19.68,19.7,19.67,7349.0,144712.0
2026-09-01 14:23:00,19.72,19.65,19.72,19.64,41122.0,809008.0
2026-09-01 14:24:00,19.64,19.72,19.72,19.64,19895.0,391600.0
2026-09-01 14:25:00,19.72,19.64,19.72,19.64,10164.0,190144.0
2026-09-01 14:26:00,19.63,19.64,19.64,19.63,6041.0,118624.0
2026-09-01 14:27:00,19.64,19.63,19.64,19.63,13587.0,266784.0
2026-09-01 14:28:00,19.63,19.63,19.63,19.63,2022.0,39712.0
2026-09-01 14:29:00,19.66,19.66,19.69,19.63,4173.0,82096.0
2026-09-01 14:30:00,19.66,19.66,19.67,19.66,6969.0,136992.0
2026-09-01 14:31:00,19.64,19.7,19.7,19.62,15453.0,303616.0
2026-09-01 14:32:00,19.7,19.67,19.7,19.67,2702.0,53184.0
2026-09-01 14:33:00,19.7,19.68,19.7,19.68,2677.0,52704.0
2026-09-01 14:34:00,19.68,19.69,19.7,19.68,10282.0,202480.0
2026-09-01 14:35:00,19.69,19.66,19.69,19.66,17204.0,338464.0
2026-09-01 14:36:00,19.65,19.62,19.65,19.61,28188.0,552912.0
2026-09-01 14:37:00,19.6,19.6,19.6,19.6,10539.0,206576.0
2026-09-01 14:38:00,19.59,19.59,19.59,19.55,21689.0,424752.0
2026-09-01 14:39:00,19.59,19.6,19.6,19.59,1847.0,36192.0
2026-09-01 14:40:00,19.63,19.65,19.67,19.63,10760.0,211456.0
2026-09-01 14:41:00,19.66,19.6,19.66,19.6,11551.0,226656.0
2026-09-01 14:42:00,19.59,19.61,19.61,19.59,3498.0,68576.0
2026-09-01 14:43:00,19.61,19.58,19.61,19.57,50196.0,983104.0
2026-09-01 14:44:00,19.58,19.59,19.6,19.58,9602.0,188128.0
2026-09-01 14:45:00,19.59,19.58,19.6,19.58,22377.0,420736.0
2026-09-01 14:46:00,19.59,19.59,19.6,19.59,12779.0,250400.0
2026-09-01 14:47:00,19.6,19.6,19.61,19.59,13677.0,268000.0
2026-09-01 14:48:00,19.61,19.61,19.63,19.61,6688.0,131216.0
2026-09-01 14:49:00,19.6,19.59,19.6,19.58,29220.0,572448.0
2026-09-01 14:50:00,19.59,19.61,19.62,19.56,32849.0,643440.0
2026-09-01 14:51:00,19.6,19.61,19.63,19.6,11748.0,230512.0
2026-09-01 14:52:00,19.61,19.64,19.64,19.61,5788.0,113632.0
2026-09-01 14:53:00,19.64,19.53,19.65,19.53,66334.0,1300672.0
2026-09-01 14:54:00,19.52,19.54,19.55,19.51,26599.0,519248.0
2026-09-01 14:55:00,19.56,19.58,19.58,19.54,36043.0,705088.0
2026-09-01 14:56:00,19.58,19.59,19.61,19.58,36874.0,722288.0
2026-09-01 14:57:00,19.59,19.57,19.6,19.55,77223.0,1512784.0
2026-09-01 14:58:00,19.57,19.57,19.57,19.57,11156.0,218320.0
2026-09-01 15:00:00,19.5,19.5,19.5,19.5,164749.0,3212592.0
2026-09-02 09:31:00,19.15,19.34,19.48,19.15,192929.0,3709322.0
2026-09-02 09:32:00,19.36,19.3,19.37,19.27,113251.0,2187603.0
2026-09-02 09:33:00,19.36,19.35,19.36,19.29,54625.0,1054809.0
2026-09-02 09:34:00,19.35,19.2,19.35,19.2,77457.0,1495075.0
2026-09-02 09:35:00,19.2,19.3,19.31,19.16,83768.0,1607644.0
2026-09-02 09:36:00,19.3,19.19,19.3,19.19,103436.0,1987053.0
2026-09-02 09:37:00,19.2,19.21,19.28,19.19,27310.0,524631.0
2026-09-02 09:38:00,19.29,19.21,19.3,19.21,44333.0,852660.0
2026-09-02 09:39:00,19.3,19.3,19.3,19.19,98361.0,1891794.0
2026-09-02 09:40:00,19.23,19.37,19.37,19.23,39315.0,759994.0
2026-09-02 09:41:00,19.37,19.45,19.46,19.3,32399.0,628304.0
2026-09-02 09:42:00,19.45,19.48,19.48,19.39,31613.0,614715.0
2026-09-02 09:43:00,19.5,19.56,19.57,19.49,80012.0,1562810.0
2026-09-02 09:44:00,19.5,19.43,19.56,19.4,56139.0,1095486.0
2026-09-02 09:45:00,19.4,19.46,19.46,19.33,60969.0,1183590.0
2026-09-02 09:46:00,19.45,19.37,19.45,19.36,34899.0,676422.0
2026-09-02 09:47:00,19.38,19.35,19.43,19.35,40737.0,790028.0
2026-09-02 09:48:00,19.34,19.28,19.35,19.28,31778.0,614014.0
2026-09-02 09:49:00,19.28,19.24,19.29,19.21,59893.0,1153722.0
2026-09-02 09:50:00,19.21,19.27,19.27,19.21,19623.0,311874.0
2026-09-02 09:51:00,19.33,19.27,19.33,19.27,18540.0,358258.0
2026-09-02 09:52:00,19.24,19.26,19.26,19.22,45197.0,869788.0
2026-09-02 09:53:00,19.23,19.25,19.25,19.22,33407.0,642664.0
2026-09-02 09:54:00,19.25,19.29,19.29,19.24,22238.0,428108.0
2026-09-02 09:55:00,19.3,19.26,19.3,19.26,51394.0,990676.0
2026-09-02 09:56:00,19.27,19.27,19.3,19.26,22863.0,440590.0
2026-09-02 09:57:00,19.28,19.3,19.3,19.27,30640.0,591206.0
2026-09-02 09:58:00,19.3,19.47,19.47,19.3,15351.0,297064.0
2026-09-02 09:59:00,19.42,19.42,19.48,19.41,20541.0,399428.0
2026-09-02 10:00:00,19.49,19.51,19.56,19.42,40162.0,783154.0
2026-09-02 10:01:00,19.51,19.62,19.62,19.51,59119.0,1156382.0
2026-09-02 10:02:00,19.68,19.99,20.1,19.68,248903.0,4958708.0
2026-09-02 10:03:00,20.0,20.12,20.12,19.9,195762.0,3916992.0
2026-09-02 10:04:00,20.12,20.76,20.86,20.12,258800.0,5314920.0
2026-09-02 10:05:00,20.76,20.61,20.8,20.5,310755.0,6435580.0
2026-09-02 10:06:00,20.6,21.8,21.8,20.6,540959.0,11390644.0
2026-09-02 10:07:00,21.87,21.2,21.87,21.2,399797.0,8607424.0
2026-09-02 10:08:00,21.17,21.39,21.4,21.17,220710.0,4697352.0
2026-09-02 10:09:00,21.38,21.04,21.38,21.01,141451.0,2991232.0
2026-09-02 10:10:00,21.04,21.04,21.09,21.0,193073.0,3838976.0
2026-09-02 10:11:00,21.1,21.05,21.1,21.05,153691.0,3241784.0
2026-09-02 10:12:00,21.07,21.01,21.07,21.0,108669.0,2284696.0
2026-09-02 10:13:00,20.85,20.9,21.0,20.85,51702.0,1082368.0
2026-09-02 10:14:00,20.88,20.9,20.98,20.88,36640.0,766632.0
2026-09-02 10:15:00,20.87,20.79,20.89,20.76,115361.0,2402344.0
2026-09-02 10:16:00,20.79,20.78,20.8,20.76,83164.0,1727328.0
2026-09-02 10:17:00,20.78,20.81,20.81,20.78,35974.0,748160.0
2026-09-02 10:18:00,20.81,20.74,20.82,20.74,79490.0,1651848.0
2026-09-02 10:19:00,20.7,20.65,20.7,20.65,13897.0,287248.0
2026-09-02 10:20:00,20.63,20.77,20.77,20.63,53741.0,997312.0
2026-09-02 10:21:00,20.82,20.95,20.99,20.82,55434.0,1161120.0
2026-09-02 10:22:00,20.9,20.84,20.9,20.84,37290.0,778624.0
2026-09-02 10:23:00,20.82,20.9,20.9,20.82,54721.0,1141240.0
2026-09-02 10:24:00,20.9,20.97,20.97,20.84,22788.0,476800.0
2026-09-02 10:25:00,20.97,21.0,21.0,20.96,53908.0,1131424.0
2026-09-02 10:26:00,20.91,21.05,21.05,20.91,76088.0,1594952.0
2026-09-02 10:27:00,21.08,21.0,21.08,21.0,52621.0,1107352.0
2026-09-02 10:28:00,21.0,20.9,21.0,20.9,8141.0,170464.0
2026-09-02 10:29:00,20.9,21.01,21.05,20.9,53208.0,1113704.0
2026-09-02 10:30:00,20.9,21.07,21.07,20.9,37223.0,632808.0
2026-09-02 10:31:00,21.05,21.25,21.3,21.05,78110.0,1650240.0
2026-09-02 10:32:00,21.25,21.39,21.39,21.25,112797.0,2406144.0
2026-09-02 10:33:00,21.4,21.44,21.46,21.4,136664.0,2928536.0
2026-09-02 10:34:00,21.44,21.28,21.44,21.28,91956.0,1962248.0
2026-09-02 10:35:00,21.3,21.24,21.3,21.18,37849.0,804544.0
2026-09-02 10:36:00,21.21,21.28,21.28,21.21,23668.0,503032.0
2026-09-02 10:37:00,21.29,21.39,21.4,21.29,37718.0,805840.0
2026-09-02 10:38:00,21.4,21.38,21.48,21.3,34109.0,730080.0
2026-09-02 10:39:00,21.29,21.29,21.37,21.29,28746.0,612632.0
2026-09-02 10:40:00,21.3,21.3,21.3,21.29,20739.0,441736.0
2026-09-02 10:41:00,21.29,21.3,21.34,21.22,25588.0,543776.0
2026-09-02 10:42:00,21.3,21.51,21.51,21.3,138158.0,2962832.0
2026-09-02 10:43:00,21.55,21.96,21.96,21.55,167416.0,3649456.0
2026-09-02 10:44:00,21.98,22.49,22.49,21.98,208714.0,4616472.0
2026-09-02 10:45:00,22.5,21.91,22.58,21.91,121880.0,2727512.0
2026-09-02 10:46:00,21.7,22.28,22.28,21.7,58173.0,1284464.0
2026-09-02 10:47:00,22.28,21.99,22.28,21.97,66816.0,1480064.0
2026-09-02 10:48:00,21.88,21.78,22.04,21.78,68211.0,1496656.0
2026-09-02 10:49:00,21.87,22.0,22.0,21.75,31471.0,688208.0
2026-09-02 10:50:00,22.0,22.09,22.15,22.0,28844.0,637328.0
2026-09-02 10:51:00,22.1,21.9,22.1,21.89,47654.0,1050304.0
2026-09-02 10:52:00,21.89,22.05,22.05,21.88,15617.0,342896.0
2026-09-02 10:53:00,22.09,22.1,22.1,22.0,51364.0,1134224.0
2026-09-02 10:54:00,22.09,22.02,22.09,22.02,47810.0,1054768.0
2026-09-02 10:55:00,22.02,21.99,22.02,21.99,48649.0,1070208.0
2026-09-02 10:56:00,21.95,21.81,21.95,21.77,21047.0,458928.0
2026-09-02 10:57:00,21.8,21.67,21.8,21.67,12439.0,270864.0
2026-09-02 10:58:00,21.68,21.4,21.68,21.38,22065.0,475648.0
2026-09-02 10:59:00,21.4,21.76,21.76,21.4,10241.0,220576.0
2026-09-02 11:00:00,21.76,21.55,21.76,21.55,27021.0,483264.0
2026-09-02 11:01:00,21.55,21.76,21.76,21.53,8201.0,177296.0
2026-09-02 11:02:00,21.77,21.9,21.9,21.77,14976.0,326912.0
2026-09-02 11:03:00,21.9,21.76,21.9,21.76,23818.0,522096.0
2026-09-02 11:04:00,21.76,21.72,21.8,21.71,4787.0,104304.0
2026-09-02 11:05:00,21.72,21.81,21.81,21.71,8232.0,178848.0
2026-09-02 11:06:00,21.81,21.74,21.81,21.72,5970.0,129760.0
2026-09-02 11:07:00,21.73,21.73,21.74,21.73,1985.0,43136.0
2026-09-02 11:08:00,21.73,21.74,21.74,21.72,13269.0,288240.0
2026-09-02 11:09:00,21.74,21.73,21.74,21.7,9028.0,196064.0
2026-09-02 11:10:00,21.73,21.77,21.77,21.73,5311.0,113264.0
2026-09-02 11:11:00,21.79,22.08,22.08,21.77,16507.0,362784.0
2026-09-02 11:12:00,22.09,22.02,22.09,22.01,14226.0,313600.0
2026-09-02 11:13:00,22.02,22.04,22.06,22.02,10802.0,238096.0
2026-09-02 11:14:00,22.07,22.0,22.07,22.0,9865.0,217424.0
2026-09-02 11:15:00,22.0,21.88,22.0,21.88,10076.0,221056.0
2026-09-02 11:16:00,21.85,21.82,21.91,21.82,17661.0,386128.0
2026-09-02 11:17:00,21.86,21.95,21.95,21.86,23727.0,520768.0
2026-09-02 11:18:00,22.0,22.01,22.01,21.99,41426.0,913728.0
2026-09-02 11:19:00,22.1,22.09,22.1,22.0,21638.0,477936.0
2026-09-02 11:20:00,22.1,22.1,22.1,22.04,47199.0,1042816.0
2026-09-02 11:21:00,22.04,22.07,22.08,22.04,9265.0,204464.0
2026-09-02 11:22:00,22.08,22.2,22.2,22.07,45745.0,1011456.0
2026-09-02 11:23:00,22.21,22.75,22.75,22.21,110301.0,2480720.0
2026-09-02 11:24:00,22.77,22.71,22.86,22.7,112505.0,2566544.0
2026-09-02 11:25:00,22.64,22.69,22.7,22.41,48945.0,1109184.0
2026-09-02 11:26:00,22.7,22.8,22.8,22.64,48080.0,1093184.0
2026-09-02 11:27:00,22.73,22.72,22.82,22.72,39171.0,891184.0
2026-09-02 11:28:00,22.66,22.25,22.66,22.21,26842.0,603600.0
2026-09-02 11:29:00,22.25,22.35,22.35,22.25,7852.0,175168.0
2026-09-02 11:30:00,22.35,22.3,22.38,22.28,24439.0,545904.0
2026-09-02 13:01:00,22.28,22.58,22.64,22.28,38925.0,874816.0
2026-09-02 13:02:00,22.58,22.39,22.58,22.35,14304.0,321792.0
2026-09-02 13:03:00,22.35,22.39,22.55,22.33,35223.0,789952.0
2026-09-02 13:04:00,22.4,22.42,22.49,22.4,17580.0,393824.0
2026-09-02 13:05:00,22.42,22.45,22.45,22.4,7869.0,176512.0
2026-09-02 13:06:00,22.45,22.31,22.45,22.31,25879.0,579168.0
2026-09-02 13:07:00,22.3,22.12,22.3,22.12,16869.0,375152.0
2026-09-02 13:08:00,22.1,21.98,22.12,21.98,12653.0,278768.0
2026-09-02 13:09:00,22.0,21.9,22.0,21.9,12168.0,266960.0
2026-09-02 13:10:00,21.88,21.76,21.9,21.76,46536.0,845008.0
2026-09-02 13:11:00,21.79,21.9,21.9,21.77,13516.0,294768.0
2026-09-02 13:12:00,21.98,22.0,22.07,21.98,4462.0,98176.0
2026-09-02 13:13:00,22.05,21.98,22.05,21.98,10771.0,236960.0
2026-09-02 13:14:00,21.98,21.92,22.0,21.92,6306.0,138560.0
2026-09-02 13:15:00,21.92,21.91,21.92,21.91,7184.0,157424.0
2026-09-02 13:16:00,21.91,21.97,21.97,21.91,8380.0,183728.0
2026-09-02 13:17:00,21.96,22.0,22.0,21.96,3480.0,76480.0
2026-09-02 13:18:00,22.0,21.99,22.0,21.98,2506.0,55104.0
2026-09-02 13:19:00,21.99,22.0,22.0,21.99,9052.0,199104.0
2026-09-02 13:20:00,22.0,22.0,22.0,22.0,1400.0,30816.0
2026-09-02 13:21:00,22.02,22.01,22.09,22.0,9763.0,215040.0
2026-09-02 13:22:00,22.08,22.09,22.09,22.01,15728.0,346592.0
2026-09-02 13:23:00,22.1,22.01,22.12,22.01,18390.0,405440.0
2026-09-02 13:24:00,22.01,21.71,22.01,21.71,21949.0,479920.0
2026-09-02 13:25:00,21.7,21.54,21.7,21.5,50815.0,1094400.0
2026-09-02 13:26:00,21.51,21.5,21.51,21.49,12194.0,262304.0
2026-09-02 13:27:00,21.52,21.5,21.52,21.45,30937.0,665328.0
2026-09-02 13:28:00,21.5,21.5,21.79,21.45,24965.0,536688.0
2026-09-02 13:29:00,21.79,21.56,21.79,21.54,2925.0,63072.0
2026-09-02 13:30:00,21.56,21.57,21.78,21.56,6820.0,148032.0
2026-09-02 13:31:00,21.59,21.69,21.7,21.59,2600.0,56368.0
2026-09-02 13:32:00,21.6,21.62,21.62,21.6,3650.0,78896.0
2026-09-02 13:33:00,21.62,21.61,21.62,21.61,1807.0,39072.0
2026-09-02 13:34:00,21.61,21.6,21.62,21.6,3174.0,68592.0
2026-09-02 13:35:00,21.59,21.56,21.59,21.51,6251.0,134720.0
2026-09-02 13:36:00,21.56,21.45,21.56,21.45,8865.0,190464.0
2026-09-02 13:37:00,21.45,21.58,21.58,21.45,11875.0,255200.0
2026-09-02 13:38:00,21.56,21.5,21.56,21.5,1636.0,35280.0
2026-09-02 13:39:00,21.5,21.42,21.5,21.41,43151.0,924704.0
2026-09-02 13:40:00,21.41,21.4,21.41,21.35,17694.0,246960.0
2026-09-02 13:41:00,21.35,21.22,21.35,21.22,31159.0,663440.0
2026-09-02 13:42:00,21.22,21.3,21.3,21.22,19249.0,409088.0
2026-09-02 13:43:00,21.25,21.42,21.42,21.25,3914.0,83344.0
2026-09-02 13:44:00,21.5,21.5,21.5,21.42,5410.0,116128.0
2026-09-02 13:45:00,21.5,21.5,21.59,21.42,11623.0,250016.0
2026-09-02 13:46:00,21.51,21.5,21.51,21.5,30101.0,647200.0
2026-09-02 13:47:00,21.5,21.56,21.56,21.48,16968.0,365344.0
2026-09-02 13:49:00,21.5,21.5,21.5,21.5,4501.0,96720.0
2026-09-02 13:50:00,21.42,21.33,21.42,21.33,2701.0,55680.0
2026-09-02 13:51:00,21.3,21.33,21.35,21.3,16482.0,351504.0
2026-09-02 13:52:00,21.26,21.3,21.3,21.26,16953.0,360976.0
2026-09-02 13:53:00,21.3,21.28,21.3,21.28,7544.0,160672.0
2026-09-02 13:54:00,21.28,21.3,21.3,21.28,11555.0,246112.0
2026-09-02 13:55:00,21.27,21.26,21.27,21.26,6182.0,131504.0
2026-09-02 13:56:00,21.26,21.25,21.27,21.25,4561.0,96976.0
2026-09-02 13:57:00,21.25,21.24,21.25,21.23,4461.0,94736.0
2026-09-02 13:58:00,21.24,21.24,21.24,21.21,10683.0,226800.0
2026-09-02 13:59:00,21.27,21.37,21.37,21.27,13297.0,282832.0
2026-09-02 14:00:00,21.38,21.37,21.39,21.37,3132.0,62032.0
2026-09-02 14:01:00,21.37,21.28,21.37,21.28,4154.0,88560.0
2026-09-02 14:02:00,21.28,21.21,21.28,21.21,11919.0,252928.0
2026-09-02 14:03:00,21.21,21.15,21.21,21.14,20632.0,436784.0
2026-09-02 14:04:00,21.16,21.24,21.24,21.16,13619.0,288384.0
2026-09-02 14:05:00,21.25,21.26,21.26,21.24,2584.0,54896.0
2026-09-02 14:06:00,21.26,21.24,21.29,21.24,5536.0,117712.0
2026-09-02 14:07:00,21.24,21.24,21.24,21.16,9517.0,202048.0
2026-09-02 14:08:00,21.24,21.13,21.24,21.13,25919.0,548176.0
2026-09-02 14:09:00,21.08,21.1,21.15,21.08,26500.0,560160.0
2026-09-02 14:10:00,21.1,21.1,21.1,21.08,24147.0,507136.0
2026-09-02 14:11:00,21.1,21.18,21.2,21.1,12270.0,259072.0
2026-09-02 14:12:00,21.11,21.16,21.18,21.11,24245.0,512416.0
2026-09-02 14:13:00,21.12,21.16,21.18,21.12,4454.0,94208.0
2026-09-02 14:14:00,21.13,21.13,21.13,21.13,5010.0,105872.0
2026-09-02 14:15:00,21.13,21.16,21.16,21.13,17717.0,374368.0
2026-09-02 14:16:00,21.16,21.16,21.16,21.14,1961.0,41472.0
2026-09-02 14:17:00,21.14,21.16,21.16,21.14,7303.0,154528.0
2026-09-02 14:18:00,21.15,21.14,21.15,21.14,2924.0,61824.0
2026-09-02 14:19:00,21.13,21.14,21.14,21.13,1343.0,28368.0
2026-09-02 14:20:00,21.13,21.12,21.13,21.12,13057.0,275840.0
2026-09-02 14:21:00,21.12,21.12,21.13,21.12,1925.0,40656.0
2026-09-02 14:22:00,21.12,21.12,21.12,21.12,15177.0,320544.0
2026-09-02 14:23:00,21.12,21.11,21.12,21.11,7139.0,150736.0
2026-09-02 14:24:00,21.11,21.1,21.11,21.1,195694.0,4130624.0
2026-09-02 14:25:00,21.1,21.1,21.1,21.1,25769.0,543728.0
2026-09-02 14:26:00,21.1,21.1,21.11,21.1,34762.0,733520.0
2026-09-02 14:27:00,21.1,21.05,21.1,21.05,92205.0,1945392.0
2026-09-02 14:28:00,21.04,20.98,21.04,20.98,23862.0,501232.0
2026-09-02 14:29:00,20.98,20.84,20.98,20.84,17204.0,358912.0
2026-09-02 14:30:00,20.84,20.81,20.9,20.81,70245.0,1464512.0
2026-09-02 14:31:00,20.81,21.0,21.0,20.8,9293.0,194384.0
2026-09-02 14:32:00,21.1,21.2,21.23,21.1,28049.0,593200.0
2026-09-02 14:33:00,21.2,21.25,21.25,21.2,21366.0,453472.0
2026-09-02 14:34:00,21.16,21.15,21.21,21.15,6099.0,129248.0
2026-09-02 14:35:00,21.16,21.21,21.21,21.16,17319.0,366736.0
2026-09-02 14:36:00,21.19,21.2,21.2,21.19,2293.0,48608.0
2026-09-02 14:37:00,21.2,21.24,21.24,21.2,8694.0,184448.0
2026-09-02 14:38:00,21.24,21.25,21.25,21.18,15577.0,330816.0
2026-09-02 14:39:00,21.26,21.25,21.28,21.25,10522.0,223664.0
2026-09-02 14:40:00,21.24,21.2,21.24,21.18,10354.0,219440.0
2026-09-02 14:41:00,21.2,21.16,21.2,21.16,12613.0,267072.0
2026-09-02 14:42:00,21.16,21.2,21.2,21.15,12554.0,265984.0
2026-09-02 14:43:00,21.19,21.15,21.19,21.15,9507.0,201152.0
2026-09-02 14:44:00,21.15,20.9,21.15,20.9,23401.0,492128.0
2026-09-02 14:45:00,20.92,20.96,20.96,20.91,16104.0,337136.0
2026-09-02 14:46:00,20.99,21.06,21.06,20.99,6314.0,132624.0
2026-09-02 14:47:00,21.1,21.11,21.13,21.1,12286.0,259376.0
2026-09-02 14:48:00,21.11,21.1,21.11,21.1,35021.0,739296.0
2026-09-02 14:49:00,21.11,20.99,21.11,20.99,13219.0,278000.0
2026-09-02 14:50:00,20.99,20.94,20.99,20.93,23275.0,340832.0
2026-09-02 14:51:00,20.97,21.0,21.0,20.95,19273.0,404448.0
2026-09-02 14:52:00,20.96,21.05,21.05,20.95,23233.0,487088.0
2026-09-02 14:53:00,21.05,21.0,21.05,21.0,12335.0,259312.0
2026-09-02 14:54:00,20.99,20.93,21.0,20.93,57391.0,1203152.0
2026-09-02 14:55:00,20.86,20.78,20.86,20.76,84605.0,1764272.0
2026-09-02 14:56:00,20.78,20.86,20.86,20.78,30880.0,642304.0
2026-09-02 14:57:00,20.86,20.98,21.0,20.86,85797.0,1798944.0
2026-09-02 14:58:00,20.98,20.97,20.98,20.97,2982.0,62592.0
2026-09-02 15:00:00,20.97,20.94,20.97,20.94,56366.0,1180304.0
2026-09-03 09:31:00,20.05,20.01,20.2,19.89,521944.0,10447652.0
2026-09-03 09:32:00,20.0,20.05,20.12,20.0,211996.0,4249444.0
2026-09-03 09:33:00,20.05,19.8,20.12,19.8,251342.0,5018664.0
2026-09-03 09:34:00,19.86,19.87,19.99,19.77,262948.0,5217300.0
2026-09-03 09:35:00,19.87,19.9,19.98,19.79,257230.0,5108142.0
2026-09-03 09:36:00,19.89,19.87,20.0,19.86,145361.0,2886762.0
2026-09-03 09:37:00,19.85,19.68,19.85,19.66,237035.0,4678204.0
2026-09-03 09:38:00,19.68,19.73,19.8,19.67,169173.0,3332756.0
2026-09-03 09:39:00,19.7,19.71,19.73,19.7,111019.0,1978868.0
2026-09-03 09:40:00,19.74,20.0,20.0,19.74,64866.0,1291440.0
2026-09-03 09:41:00,20.0,19.88,20.08,19.88,66951.0,1335564.0
2026-09-03 09:42:00,19.8,19.78,19.9,19.75,67543.0,1336420.0
2026-09-03 09:43:00,19.78,19.91,19.98,19.78,52108.0,1033404.0
2026-09-03 09:44:00,19.98,19.9,19.99,19.89,45168.0,901496.0
2026-09-03 09:45:00,19.9,19.81,19.9,19.8,26679.0,529884.0
2026-09-03 09:46:00,19.79,19.72,19.87,19.7,78301.0,1546916.0
2026-09-03 09:47:00,19.8,19.86,19.86,19.72,47574.0,940024.0
2026-09-03 09:48:00,19.9,19.85,19.9,19.82,32699.0,649368.0
2026-09-03 09:49:00,19.84,19.8,19.84,19.8,75502.0,1429564.0
2026-09-03 09:50:00,19.76,19.73,19.76,19.73,220764.0,4360992.0
2026-09-03 09:51:00,19.73,19.89,19.9,19.73,32571.0,645068.0
2026-09-03 09:52:00,19.95,19.89,19.95,19.89,20466.0,407292.0
2026-09-03 09:53:00,19.89,19.8,19.89,19.8,6922.0,137172.0
2026-09-03 09:54:00,19.89,19.9,19.92,19.89,14855.0,295540.0
2026-09-03 09:55:00,19.92,19.94,19.94,19.92,17744.0,353688.0
2026-09-03 09:56:00,19.94,19.99,20.04,19.94,58210.0,1164048.0
2026-09-03 09:57:00,19.99,20.1,20.12,19.99,58613.0,1174584.0
2026-09-03 09:58:00,20.1,20.01,20.1,19.98,33143.0,663076.0
2026-09-03 09:59:00,19.94,20.03,20.03,19.94,11022.0,220364.0
2026-09-03 10:00:00,20.02,19.95,20.02,19.92,13558.0,270704.0
2026-09-03 10:01:00,19.95,19.93,19.99,19.93,36901.0,736356.0
2026-09-03 10:02:00,19.89,19.91,19.94,19.89,30689.0,611272.0
2026-09-03 10:03:00,19.91,19.86,19.91,19.76,56972.0,1129716.0
2026-09-03 10:04:00,19.76,19.8,19.8,19.76,55338.0,1095000.0
2026-09-03 10:05:00,19.79,19.81,19.81,19.79,17563.0,347704.0
2026-09-03 10:06:00,19.81,19.95,19.95,19.81,14591.0,290008.0
2026-09-03 10:07:00,19.95,20.08,20.08,19.95,19376.0,387904.0
2026-09-03 10:08:00,20.09,19.92,20.1,19.91,58719.0,1178408.0
2026-09-03 10:09:00,19.92,20.06,20.07,19.92,7888.0,157528.0
2026-09-03 10:10:00,20.06,20.03,20.06,20.0,7730.0,154928.0
2026-09-03 10:11:00,20.03,19.91,20.03,19.91,15341.0,306192.0
2026-09-03 10:12:00,19.9,19.85,19.91,19.8,30109.0,598056.0
2026-09-03 10:13:00,19.85,19.79,19.85,19.79,24741.0,490008.0
2026-09-03 10:14:00,19.8,19.76,19.8,19.76,19687.0,389384.0
2026-09-03 10:15:00,19.77,19.75,19.79,19.75,25651.0,506832.0
2026-09-03 10:16:00,19.75,19.76,19.77,19.75,17201.0,339944.0
2026-09-03 10:17:00,19.81,19.85,19.85,19.81,16022.0,318008.0
2026-09-03 10:18:00,19.89,19.85,19.9,19.85,27331.0,543528.0
2026-09-03 10:19:00,19.81,19.81,19.81,19.81,9865.0,157048.0
2026-09-03 10:20:00,19.8,19.88,19.88,19.8,7213.0,142904.0
2026-09-03 10:21:00,19.86,19.85,19.86,19.83,18828.0,373848.0
2026-09-03 10:22:00,19.8,19.77,19.8,19.77,19547.0,386880.0
2026-09-03 10:23:00,19.79,19.82,19.82,19.79,2800.0,55440.0
2026-09-03 10:24:00,19.84,19.77,19.84,19.77,33948.0,671544.0
2026-09-03 10:25:00,19.77,19.73,19.79,19.73,51419.0,1015552.0
2026-09-03 10:26:00,19.73,19.66,19.73,19.66,196296.0,3864560.0
2026-09-03 10:27:00,19.66,19.63,19.66,19.63,58362.0,1146440.0
2026-09-03 10:28:00,19.61,19.59,19.61,19.59,60321.0,1182696.0
2026-09-03 10:29:00,19.6,19.65,19.65,19.6,17547.0,344152.0
2026-09-03 10:30:00,19.65,19.67,19.67,19.65,37134.0,729952.0
2026-09-03 10:31:00,19.65,19.6,19.65,19.6,39083.0,767056.0
2026-09-03 10:32:00,19.63,19.53,19.63,19.53,95250.0,1862664.0
2026-09-03 10:33:00,19.53,19.58,19.58,19.53,22657.0,442680.0
2026-09-03 10:34:00,19.62,19.65,19.66,19.62,21648.0,425384.0
2026-09-03 10:35:00,19.66,19.63,19.66,19.63,16221.0,318728.0
2026-09-03 10:36:00,19.62,19.64,19.65,19.62,35779.0,702696.0
2026-09-03 10:37:00,19.64,19.65,19.65,19.63,27707.0,544256.0
2026-09-03 10:38:00,19.65,19.63,19.65,19.62,19468.0,382296.0
2026-09-03 10:39:00,19.65,19.66,19.66,19.63,4141.0,81384.0
2026-09-03 10:40:00,19.66,19.66,19.68,19.66,10078.0,198208.0
2026-09-03 10:41:00,19.65,19.56,19.66,19.53,40629.0,796680.0
2026-09-03 10:42:00,19.55,19.54,19.55,19.53,58624.0,1146200.0
2026-09-03 10:43:00,19.53,19.55,19.55,19.53,14932.0,291896.0
2026-09-03 10:44:00,19.56,19.55,19.56,19.55,14853.0,290456.0
2026-09-03 10:45:00,19.55,19.56,19.56,19.53,21983.0,429608.0
2026-09-03 10:46:00,19.57,19.58,19.58,19.57,1780.0,34840.0
2026-09-03 10:47:00,19.63,19.6,19.63,19.6,2650.0,52016.0
2026-09-03 10:48:00,19.63,19.64,19.64,19.59,15522.0,304320.0
2026-09-03 10:49:00,19.64,19.58,19.64,19.58,10451.0,176264.0
2026-09-03 10:50:00,19.58,19.57,19.58,19.57,4563.0,89328.0
2026-09-03 10:51:00,19.57,19.53,19.57,19.52,40183.0,784976.0
2026-09-03 10:52:00,19.53,19.55,19.57,19.53,68592.0,1339584.0
2026-09-03 10:53:00,19.55,19.6,19.6,19.55,16826.0,328952.0
2026-09-03 10:54:00,19.62,19.56,19.62,19.56,26109.0,512208.0
2026-09-03 10:55:00,19.56,19.61,19.61,19.51,29912.0,584552.0
2026-09-03 10:56:00,19.56,19.56,19.57,19.56,3523.0,68936.0
2026-09-03 10:57:00,19.57,19.59,19.6,19.57,9355.0,183296.0
2026-09-03 10:58:00,19.59,19.59,19.59,19.59,800.0,15672.0
2026-09-03 10:59:00,19.59,19.58,19.6,19.57,3313.0,64880.0
2026-09-03 11:00:00,19.58,19.58,19.59,19.58,2000.0,39168.0
2026-09-03 11:01:00,19.59,19.59,19.6,19.59,3463.0,67856.0
2026-09-03 11:02:00,19.59,19.56,19.59,19.56,12385.0,242376.0
2026-09-03 11:03:00,19.57,19.57,19.57,19.55,7490.0,146520.0
2026-09-03 11:04:00,19.57,19.56,19.57,19.55,8171.0,159800.0
2026-09-03 11:05:00,19.56,19.56,19.57,19.55,14614.0,285832.0
2026-09-03 11:06:00,19.56,19.55,19.56,19.54,6554.0,128144.0
2026-09-03 11:07:00,19.56,19.58,19.58,19.55,13528.0,264800.0
2026-09-03 11:08:00,19.58,19.57,19.58,19.5,24286.0,474040.0
2026-09-03 11:09:00,19.56,19.52,19.58,19.51,12857.0,239632.0
2026-09-03 11:10:00,19.52,19.56,19.56,19.51,21904.0,427504.0
2026-09-03 11:11:00,19.54,19.53,19.58,19.53,4581.0,89584.0
2026-09-03 11:12:00,19.54,19.55,19.57,19.54,9426.0,184296.0
2026-09-03 11:13:00,19.57,19.51,19.57,19.51,33893.0,661648.0
2026-09-03 11:14:00,19.5,19.53,19.53,19.5,42871.0,836448.0
2026-09-03 11:15:00,19.52,19.53,19.54,19.52,5069.0,98992.0
2026-09-03 11:16:00,19.54,19.55,19.55,19.53,35326.0,689928.0
2026-09-03 11:17:00,19.56,19.57,19.57,19.56,2705.0,52920.0
2026-09-03 11:18:00,19.59,19.59,19.64,19.59,3064.0,60096.0
2026-09-03 11:19:00,19.59,19.59,19.59,19.55,8590.0,168104.0
2026-09-03 11:20:00,19.61,19.61,19.61,19.61,2758.0,54088.0
2026-09-03 11:21:00,19.63,19.6,19.63,19.6,12381.0,242856.0
2026-09-03 11:22:00,19.61,19.64,19.64,19.61,3007.0,59000.0
2026-09-03 11:23:00,19.64,19.64,19.64,19.64,1600.0,31424.0
2026-09-03 11:24:00,19.62,19.59,19.63,19.59,10653.0,208896.0
2026-09-03 11:25:00,19.56,19.57,19.58,19.56,10946.0,214304.0
2026-09-03 11:26:00,19.58,19.56,19.58,19.56,7769.0,152048.0
2026-09-03 11:27:00,19.57,19.55,19.57,19.55,7389.0,144480.0
2026-09-03 11:28:00,19.56,19.63,19.64,19.56,13365.0,261664.0
2026-09-03 11:29:00,19.63,19.63,19.63,19.57,7599.0,146992.0
2026-09-03 11:30:00,19.63,19.65,19.65,19.63,2577.0,50608.0
2026-09-03 13:01:00,19.75,19.7,19.79,19.66,16199.0,319408.0
2026-09-03 13:02:00,19.7,19.75,19.85,19.7,12200.0,241608.0
2026-09-03 13:03:00,19.75,19.71,19.75,19.7,10697.0,211040.0
2026-09-03 13:04:00,19.75,19.85,19.85,19.75,30804.0,610392.0
2026-09-03 13:05:00,19.78,19.73,19.86,19.73,21346.0,423456.0
2026-09-03 13:06:00,19.78,19.85,19.85,19.74,9377.0,185672.0
2026-09-03 13:07:00,19.84,19.7,19.84,19.7,10741.0,212184.0
2026-09-03 13:08:00,19.71,19.67,19.78,19.67,9215.0,181808.0
2026-09-03 13:09:00,19.75,19.69,19.75,19.69,1100.0,21704.0
2026-09-03 13:11:00,19.71,19.68,19.71,19.68,11411.0,224736.0
2026-09-03 13:12:00,19.78,19.69,19.78,19.69,3010.0,59328.0
2026-09-03 13:13:00,19.69,19.66,19.69,19.66,33702.0,663312.0
2026-09-03 13:14:00,19.66,19.66,19.68,19.66,2608.0,51296.0
2026-09-03 13:15:00,19.66,19.57,19.66,19.56,30800.0,603960.0
2026-09-03 13:16:00,19.57,19.53,19.57,19.53,27577.0,539232.0
2026-09-03 13:17:00,19.51,19.53,19.58,19.51,19581.0,382376.0
2026-09-03 13:18:00,19.52,19.51,19.52,19.5,42896.0,836872.0
2026-09-03 13:19:00,19.51,19.58,19.58,19.51,5700.0,111352.0
2026-09-03 13:20:00,19.55,19.55,19.55,19.55,5600.0,109480.0
2026-09-03 13:21:00,19.53,19.52,19.53,19.52,10504.0,205072.0
2026-09-03 13:22:00,19.55,19.52,19.55,19.51,29077.0,567784.0
2026-09-03 13:23:00,19.51,19.44,19.51,19.44,52392.0,1021384.0
2026-09-03 13:24:00,19.43,19.36,19.45,19.36,30977.0,601000.0
2026-09-03 13:25:00,19.35,19.28,19.35,19.28,47689.0,921056.0
2026-09-03 13:26:00,19.28,19.26,19.28,19.25,28076.0,540864.0
2026-09-03 13:27:00,19.26,19.25,19.26,19.24,121609.0,2341312.0
2026-09-03 13:28:00,19.25,19.27,19.27,19.25,89440.0,1722376.0
2026-09-03 13:29:00,19.28,19.44,19.44,19.28,11657.0,225888.0
2026-09-03 13:30:00,19.44,19.35,19.44,19.34,22382.0,434080.0
2026-09-03 13:31:00,19.34,19.35,19.35,19.34,4867.0,94168.0
2026-09-03 13:32:00,19.43,19.42,19.44,19.36,14419.0,280048.0
2026-09-03 13:33:00,19.57,19.44,19.57,19.43,7965.0,155352.0
2026-09-03 13:34:00,19.45,19.46,19.51,19.45,1021.0,19888.0
2026-09-03 13:35:00,19.45,19.52,19.53,19.45,3811.0,74224.0
2026-09-03 13:36:00,19.52,19.45,19.52,19.44,4369.0,85008.0
2026-09-03 13:37:00,19.45,19.48,19.5,19.45,3838.0,74656.0
2026-09-03 13:38:00,19.48,19.48,19.48,19.45,2353.0,45824.0
2026-09-03 13:39:00,19.48,19.48,19.48,19.48,2418.0,47104.0
2026-09-03 13:40:00,19.46,19.46,19.46,19.46,824.0,16032.0
2026-09-03 13:41:00,19.46,19.46,19.48,19.45,5731.0,111576.0
2026-09-03 13:42:00,19.46,19.47,19.47,19.46,3100.0,60328.0
2026-09-03 13:43:00,19.48,19.48,19.48,19.48,488.0,9504.0
2026-09-03 13:44:00,19.48,19.5,19.5,19.48,1872.0,36496.0
2026-09-03 13:45:00,19.52,19.49,19.52,19.49,9261.0,180664.0
2026-09-03 13:46:00,19.49,19.52,19.52,19.49,2200.0,42928.0
2026-09-03 13:47:00,19.52,19.49,19.52,19.48,11989.0,233840.0
2026-09-03 13:48:00,19.49,19.45,19.49,19.45,5503.0,107176.0
2026-09-03 13:49:00,19.45,19.43,19.45,19.42,19485.0,372704.0
2026-09-03 13:50:00,19.43,19.42,19.43,19.42,5801.0,112720.0
2026-09-03 13:51:00,19.43,19.42,19.43,19.42,26687.0,518224.0
2026-09-03 13:52:00,19.42,19.41,19.43,19.4,13953.0,270936.0
2026-09-03 13:53:00,19.42,19.4,19.42,19.4,8990.0,174496.0
2026-09-03 13:54:00,19.41,19.43,19.43,19.41,6018.0,116896.0
2026-09-03 13:55:00,19.47,19.59,19.59,19.47,2725.0,53232.0
2026-09-03 13:56:00,19.59,19.63,19.65,19.59,10031.0,196656.0
2026-09-03 13:57:00,19.63,19.61,19.63,19.61,6121.0,120040.0
2026-09-03 13:58:00,19.58,19.57,19.58,19.57,1536.0,30072.0
2026-09-03 13:59:00,19.57,19.57,19.58,19.57,3288.0,64360.0
2026-09-03 14:00:00,19.57,19.55,19.57,19.55,14478.0,283208.0
2026-09-03 14:01:00,19.55,19.56,19.56,19.55,23419.0,457912.0
2026-09-03 14:02:00,19.51,19.55,19.55,19.51,2300.0,44952.0
2026-09-03 14:03:00,19.55,19.57,19.57,19.55,6070.0,118736.0
2026-09-03 14:04:00,19.58,19.58,19.59,19.58,5120.0,100256.0
2026-09-03 14:05:00,19.59,19.56,19.59,19.56,12973.0,253984.0
2026-09-03 14:06:00,19.58,19.57,19.59,19.57,3855.0,75496.0
2026-09-03 14:07:00,19.59,19.63,19.63,19.59,1250.0,24528.0
2026-09-03 14:08:00,19.65,19.6,19.65,19.59,3563.0,69928.0
2026-09-03 14:09:00,19.59,19.58,19.59,19.55,6290.0,119216.0
2026-09-03 14:10:00,19.56,19.56,19.56,19.56,4343.0,84952.0
2026-09-03 14:11:00,19.56,19.56,19.56,19.56,200.0,3912.0
2026-09-03 14:12:00,19.56,19.55,19.56,19.55,5600.0,109528.0
2026-09-03 14:13:00,19.55,19.55,19.55,19.54,10277.0,200912.0
2026-09-03 14:14:00,19.56,19.57,19.57,19.56,13259.0,259272.0
2026-09-03 14:15:00,19.56,19.57,19.57,19.56,1356.0,26536.0
2026-09-03 14:16:00,19.56,19.56,19.57,19.56,10135.0,198256.0
2026-09-03 14:17:00,19.56,19.56,19.56,19.56,12189.0,238424.0
2026-09-03 14:18:00,19.54,19.53,19.54,19.53,5890.0,115080.0
2026-09-03 14:19:00,19.5,19.5,19.5,19.5,12129.0,236560.0
2026-09-03 14:20:00,19.49,19.49,19.49,19.49,7660.0,149312.0
2026-09-03 14:21:00,19.5,19.49,19.5,19.48,15542.0,302824.0
2026-09-03 14:22:00,19.48,19.5,19.5,19.48,2604.0,50744.0
2026-09-03 14:23:00,19.5,19.45,19.5,19.45,13802.0,268744.0
2026-09-03 14:24:00,19.45,19.46,19.47,19.45,2665.0,51880.0
2026-09-03 14:25:00,19.44,19.47,19.47,19.39,47836.0,928544.0
2026-09-03 14:26:00,19.41,19.44,19.44,19.41,3403.0,66112.0
2026-09-03 14:27:00,19.44,19.49,19.49,19.44,3923.0,76400.0
2026-09-03 14:28:00,19.49,19.52,19.52,19.49,8700.0,169584.0
2026-09-03 14:29:00,19.52,19.58,19.58,19.52,6122.0,119784.0
2026-09-03 14:30:00,19.59,19.5,19.59,19.5,14778.0,288664.0
2026-09-03 14:31:00,19.5,19.54,19.54,19.5,3717.0,72536.0
2026-09-03 14:32:00,19.54,19.54,19.56,19.54,4653.0,90984.0
2026-09-03 14:33:00,19.54,19.5,19.54,19.5,14646.0,285984.0
2026-09-03 14:34:00,19.5,19.45,19.53,19.45,14520.0,282808.0
2026-09-03 14:35:00,19.47,19.43,19.47,19.43,22519.0,437952.0
2026-09-03 14:36:00,19.43,19.44,19.44,19.43,2700.0,52472.0
2026-09-03 14:37:00,19.44,19.46,19.46,19.44,9993.0,194296.0
2026-09-03 14:38:00,19.46,19.45,19.49,19.44,11371.0,221192.0
2026-09-03 14:39:00,19.44,19.45,19.49,19.44,15997.0,303472.0
2026-09-03 14:40:00,19.44,19.48,19.48,19.41,21310.0,413960.0
2026-09-03 14:41:00,19.45,19.46,19.5,19.45,9604.0,187096.0
2026-09-03 14:42:00,19.46,19.5,19.5,19.46,2512.0,48960.0
2026-09-03 14:43:00,19.5,19.5,19.5,19.46,13222.0,257808.0
2026-09-03 14:44:00,19.5,19.46,19.5,19.46,18109.0,352512.0
2026-09-03 14:45:00,19.46,19.44,19.46,19.44,42147.0,819616.0
2026-09-03 14:46:00,19.45,19.44,19.45,19.44,25217.0,490464.0
2026-09-03 14:47:00,19.43,19.41,19.43,19.41,7991.0,155144.0
2026-09-03 14:48:00,19.42,19.37,19.42,19.35,93956.0,1821304.0
2026-09-03 14:49:00,19.37,19.34,19.37,19.33,32295.0,624368.0
2026-09-03 14:50:00,19.32,19.37,19.39,19.32,6953.0,134528.0
2026-09-03 14:51:00,19.34,19.36,19.39,19.34,20950.0,405648.0
2026-09-03 14:52:00,19.39,19.39,19.39,19.37,21768.0,421920.0
2026-09-03 14:53:00,19.39,19.38,19.39,19.36,14234.0,275968.0
2026-09-03 14:54:00,19.38,19.36,19.38,19.36,37447.0,725264.0
2026-09-03 14:55:00,19.37,19.36,19.39,19.36,18700.0,362208.0
2026-09-03 14:56:00,19.35,19.37,19.38,19.35,51495.0,997344.0
2026-09-03 14:57:00,19.39,19.4,19.41,19.36,54637.0,1058592.0
2026-09-03 14:58:00,19.4,19.4,19.4,19.4,300.0,5824.0
2026-09-03 15:00:00,19.36,19.36,19.36,19.36,128121.0,2480416.0
2026-09-04 09:31:00,19.36,19.42,19.46,19.33,144386.0,2797480.0
2026-09-04 09:32:00,19.45,19.36,19.46,19.36,63328.0,1229125.0
2026-09-04 09:33:00,19.34,19.36,19.42,19.34,89823.0,1740132.0
2026-09-04 09:34:00,19.36,19.37,19.42,19.36,31135.0,603104.0
2026-09-04 09:35:00,19.37,19.34,19.39,19.34,43122.0,834966.0
2026-09-04 09:36:00,19.34,19.16,19.34,19.16,124083.0,2385435.0
2026-09-04 09:37:00,19.24,19.26,19.26,19.18,72139.0,1385245.0
2026-09-04 09:38:00,19.23,19.13,19.24,19.13,147046.0,2811115.0
2026-09-04 09:39:00,19.13,19.16,19.2,19.11,91116.0,1744070.0
2026-09-04 09:40:00,19.16,19.2,19.21,19.16,72300.0,1386276.0
2026-09-04 09:41:00,19.2,19.23,19.25,19.2,56837.0,1092380.0
2026-09-04 09:42:00,19.25,19.29,19.33,19.24,27500.0,529828.0
2026-09-04 09:43:00,19.32,19.33,19.34,19.26,18978.0,366652.0
2026-09-04 09:44:00,19.33,19.32,19.33,19.3,26515.0,512142.0
2026-09-04 09:45:00,19.28,19.28,19.36,19.26,22793.0,440442.0
2026-09-04 09:46:00,19.29,19.4,19.4,19.29,27012.0,523024.0
2026-09-04 09:47:00,19.39,19.41,19.45,19.39,23442.0,455784.0
2026-09-04 09:48:00,19.4,19.4,19.43,19.4,44202.0,857856.0
2026-09-04 09:49:00,19.4,19.4,19.4,19.29,17821.0,345032.0
2026-09-04 09:50:00,19.3,19.3,19.3,19.3,17388.0,335570.0
2026-09-04 09:51:00,19.31,19.31,19.39,19.31,14287.0,276418.0
2026-09-04 09:52:00,19.38,19.39,19.4,19.32,27135.0,525178.0
2026-09-04 09:53:00,19.36,19.42,19.42,19.36,47688.0,924532.0
2026-09-04 09:54:00,19.45,19.43,19.46,19.38,21303.0,414138.0
2026-09-04 09:55:00,19.36,19.34,19.36,19.34,9693.0,187582.0
2026-09-04 09:56:00,19.42,19.35,19.42,19.35,7289.0,141338.0
2026-09-04 09:57:00,19.36,19.35,19.36,19.31,40688.0,786442.0
2026-09-04 09:58:00,19.35,19.36,19.36,19.35,13444.0,248108.0
2026-09-04 09:59:00,19.31,19.32,19.32,19.3,22865.0,441544.0
2026-09-04 10:00:00,19.36,19.35,19.36,19.33,7058.0,136560.0
2026-09-04 10:01:00,19.33,19.33,19.33,19.32,22371.0,432352.0
2026-09-04 10:02:00,19.33,19.34,19.34,19.33,22805.0,441004.0
2026-09-04 10:03:00,19.36,19.38,19.38,19.36,16637.0,322176.0
2026-09-04 10:04:00,19.37,19.39,19.41,19.37,13854.0,268714.0
2026-09-04 10:05:00,19.38,19.36,19.38,19.35,8879.0,171914.0
2026-09-04 10:06:00,19.36,19.44,19.44,19.36,45448.0,881758.0
2026-09-04 10:07:00,19.44,19.56,19.65,19.44,99882.0,1950754.0
2026-09-04 10:08:00,19.56,19.51,19.56,19.5,63617.0,1070786.0
2026-09-04 10:09:00,19.55,19.56,19.57,19.52,15555.0,304180.0
2026-09-04 10:10:00,19.62,19.78,19.79,19.61,148703.0,2931824.0
2026-09-04 10:11:00,19.85,19.73,19.85,19.71,90722.0,1794512.0
2026-09-04 10:12:00,19.7,19.7,19.79,19.69,43540.0,858412.0
2026-09-04 10:13:00,19.68,19.64,19.68,19.63,19806.0,389404.0
2026-09-04 10:14:00,19.64,19.64,19.68,19.64,18367.0,361204.0
2026-09-04 10:15:00,19.63,19.65,19.67,19.63,12730.0,250196.0
2026-09-04 10:16:00,19.67,19.69,19.7,19.67,32792.0,645296.0
2026-09-04 10:17:00,19.7,19.62,19.7,19.61,27244.0,535072.0
2026-09-04 10:18:00,19.61,19.61,19.61,19.61,9700.0,190228.0
2026-09-04 10:19:00,19.63,19.63,19.68,19.63,25887.0,508836.0
2026-09-04 10:20:00,19.65,19.66,19.67,19.65,7487.0,147144.0
2026-09-04 10:21:00,19.64,19.7,19.7,19.63,41855.0,823268.0
2026-09-04 10:22:00,19.7,19.66,19.7,19.66,27694.0,544892.0
2026-09-04 10:23:00,19.66,19.65,19.66,19.63,6131.0,120496.0
2026-09-04 10:24:00,19.65,19.66,19.66,19.63,16083.0,315996.0
2026-09-04 10:25:00,19.66,19.63,19.66,19.63,10780.0,211804.0
2026-09-04 10:26:00,19.61,19.56,19.61,19.56,12240.0,239864.0
2026-09-04 10:27:00,19.52,19.53,19.53,19.52,12868.0,251312.0
2026-09-04 10:28:00,19.53,19.6,19.61,19.53,24196.0,474196.0
2026-09-04 10:29:00,19.6,19.53,19.6,19.53,15538.0,304532.0
2026-09-04 10:30:00,19.54,19.54,19.55,19.54,1511.0,29532.0
2026-09-04 10:31:00,19.53,19.52,19.53,19.52,4568.0,89208.0
2026-09-04 10:32:00,19.52,19.52,19.52,19.5,2323.0,45332.0
2026-09-04 10:33:00,19.52,19.5,19.52,19.5,1800.0,35112.0
2026-09-04 10:34:00,19.5,19.47,19.5,19.44,9087.0,177020.0
2026-09-04 10:35:00,19.48,19.49,19.49,19.48,5028.0,97984.0
2026-09-04 10:36:00,19.49,19.54,19.54,19.49,3833.0,74764.0
2026-09-04 10:37:00,19.5,19.5,19.5,19.5,6846.0,133544.0
2026-09-04 10:38:00,19.51,19.5,19.53,19.5,7840.0,152956.0
2026-09-04 10:39:00,19.5,19.45,19.5,19.45,14019.0,273084.0
2026-09-04 10:40:00,19.45,19.46,19.46,19.45,2730.0,53108.0
2026-09-04 10:41:00,19.47,19.49,19.49,19.47,1700.0,33100.0
2026-09-04 10:42:00,19.47,19.46,19.47,19.46,4893.0,95256.0
2026-09-04 10:43:00,19.43,19.43,19.43,19.43,11296.0,219504.0
2026-09-04 10:44:00,19.44,19.45,19.45,19.44,3200.0,62236.0
2026-09-04 10:45:00,19.48,19.43,19.48,19.43,5096.0,99148.0
2026-09-04 10:46:00,19.43,19.41,19.43,19.4,16019.0,311072.0
2026-09-04 10:47:00,19.42,19.42,19.42,19.42,4893.0,95020.0
2026-09-04 10:48:00,19.42,19.42,19.44,19.4,18534.0,359796.0
2026-09-04 10:49:00,19.4,19.44,19.44,19.4,4585.0,89032.0
2026-09-04 10:50:00,19.44,19.41,19.44,19.41,6700.0,130116.0
2026-09-04 10:51:00,19.42,19.42,19.43,19.42,3777.0,73356.0
2026-09-04 10:52:00,19.42,19.48,19.48,19.42,1443.0,28080.0
2026-09-04 10:53:00,19.48,19.48,19.48,19.48,13.0,256.0
2026-09-04 10:54:00,19.43,19.43,19.43,19.43,3917.0,76108.0
2026-09-04 10:55:00,19.43,19.44,19.44,19.42,6160.0,119672.0
2026-09-04 10:56:00,19.44,19.44,19.44,19.44,1000.0,19440.0
2026-09-04 10:57:00,19.44,19.47,19.47,19.44,800.0,15572.0
2026-09-04 10:58:00,19.47,19.46,19.49,19.45,5700.0,110980.0
2026-09-04 10:59:00,19.47,19.46,19.47,19.46,890.0,17324.0
2026-09-04 11:00:00,19.46,19.45,19.49,19.45,4675.0,91096.0
2026-09-04 11:01:00,19.49,19.44,19.49,19.44,11923.0,232064.0
2026-09-04 11:02:00,19.44,19.44,19.44,19.44,100.0,1944.0
2026-09-04 11:03:00,19.44,19.57,19.57,19.44,5352.0,104312.0
2026-09-04 11:04:00,19.55,19.5,19.55,19.5,2644.0,51664.0
2026-09-04 11:05:00,19.56,19.49,19.57,19.49,15773.0,308388.0
2026-09-04 11:06:00,19.57,19.5,19.57,19.49,6496.0,126972.0
2026-09-04 11:07:00,19.52,19.52,19.52,19.52,300.0,5856.0
2026-09-04 11:08:00,19.51,19.5,19.53,19.5,10652.0,207848.0
2026-09-04 11:09:00,19.46,19.49,19.5,19.45,5900.0,114960.0
2026-09-04 11:10:00,19.49,19.5,19.5,19.49,20023.0,390396.0
2026-09-04 11:11:00,19.5,19.5,19.5,19.5,400.0,7800.0
2026-09-04 11:12:00,19.5,19.45,19.5,19.44,5800.0,112836.0
2026-09-04 11:13:00,19.43,19.43,19.43,19.43,1487.0,28896.0
2026-09-04 11:14:00,19.43,19.42,19.43,19.42,4690.0,91096.0
2026-09-04 11:15:00,19.41,19.42,19.42,19.4,9699.0,188296.0
2026-09-04 11:16:00,19.42,19.42,19.44,19.42,3432.0,66704.0
2026-09-04 11:17:00,19.42,19.43,19.43,19.42,800.0,15536.0
2026-09-04 11:18:00,19.42,19.49,19.49,19.42,6920.0,134504.0
2026-09-04 11:19:00,19.43,19.46,19.46,19.43,1310.0,25460.0
2026-09-04 11:20:00,19.46,19.49,19.49,19.46,1291.0,25156.0
2026-09-04 11:21:00,19.49,19.46,19.49,19.46,179.0,3484.0
2026-09-04 11:22:00,19.46,19.44,19.46,19.44,9829.0,191204.0
2026-09-04 11:23:00,19.4,19.53,19.53,19.4,57709.0,1122104.0
2026-09-04 11:24:00,19.54,19.68,19.68,19.54,46072.0,904592.0
2026-09-04 11:25:00,19.68,19.6,19.69,19.57,33278.0,653792.0
2026-09-04 11:26:00,19.55,19.56,19.63,19.55,32725.0,641456.0
2026-09-04 11:27:00,19.63,19.61,19.63,19.58,17970.0,352228.0
2026-09-04 11:28:00,19.58,19.57,19.58,19.57,5709.0,107828.0
2026-09-04 11:29:00,19.56,19.53,19.59,19.51,22175.0,434092.0
2026-09-04 11:30:00,19.59,19.55,19.59,19.55,5724.0,112096.0
2026-09-04 13:01:00,19.6,19.62,19.62,19.6,16451.0,322544.0
2026-09-04 13:02:00,19.63,19.6,19.63,19.59,10703.0,210028.0
2026-09-04 13:03:00,19.6,19.56,19.6,19.56,19500.0,382040.0
2026-09-04 13:04:00,19.59,19.6,19.6,19.55,5186.0,101480.0
2026-09-04 13:05:00,19.6,19.6,19.61,19.6,22814.0,447172.0
2026-09-04 13:06:00,19.55,19.58,19.58,19.55,17016.0,332944.0
2026-09-04 13:07:00,19.58,19.58,19.58,19.58,2800.0,54824.0
2026-09-04 13:08:00,19.58,19.56,19.58,19.56,7398.0,140932.0
2026-09-04 13:09:00,19.56,19.56,19.56,19.56,3244.0,63456.0
2026-09-04 13:10:00,19.56,19.53,19.57,19.53,14414.0,281824.0
2026-09-04 13:11:00,19.55,19.43,19.55,19.42,5629.0,109744.0
2026-09-04 13:12:00,19.43,19.51,19.51,19.43,1121.0,21840.0
2026-09-04 13:13:00,19.44,19.44,19.44,19.44,104.0,2020.0
2026-09-04 13:14:00,19.5,19.46,19.5,19.45,3642.0,70932.0
2026-09-04 13:15:00,19.47,19.47,19.47,19.47,5717.0,111312.0
2026-09-04 13:16:00,19.47,19.47,19.49,19.46,10994.0,214064.0
2026-09-04 13:17:00,19.48,19.48,19.48,19.47,2525.0,49176.0
2026-09-04 13:18:00,19.48,19.49,19.49,19.48,8850.0,172500.0
2026-09-04 13:19:00,19.49,19.47,19.49,19.46,17838.0,347344.0
2026-09-04 13:20:00,19.47,19.47,19.47,19.44,10988.0,213804.0
2026-09-04 13:21:00,19.48,19.43,19.48,19.43,11095.0,215752.0
2026-09-04 13:22:00,19.43,19.45,19.45,19.42,6705.0,130320.0
2026-09-04 13:23:00,19.5,19.46,19.5,19.46,1300.0,25324.0
2026-09-04 13:24:00,19.46,19.46,19.46,19.46,400.0,7784.0
2026-09-04 13:25:00,19.43,19.42,19.43,19.42,15028.0,291984.0
2026-09-04 13:26:00,19.42,19.43,19.43,19.42,9677.0,188076.0
2026-09-04 13:27:00,19.43,19.43,19.44,19.42,4300.0,83548.0
2026-09-04 13:28:00,19.44,19.43,19.44,19.43,1200.0,23320.0
2026-09-04 13:29:00,19.43,19.37,19.43,19.37,47429.0,920404.0
2026-09-04 13:30:00,19.37,19.36,19.37,19.36,12341.0,239068.0
2026-09-04 13:31:00,19.36,19.34,19.36,19.34,16389.0,317212.0
2026-09-04 13:32:00,19.34,19.33,19.34,19.32,9692.0,187336.0
2026-09-04 13:33:00,19.32,19.34,19.35,19.32,3200.0,61900.0
2026-09-04 13:34:00,19.34,19.34,19.35,19.34,6292.0,121720.0
2026-09-04 13:35:00,19.34,19.36,19.36,19.34,3673.0,71060.0
2026-09-04 13:36:00,19.34,19.37,19.37,19.34,4604.0,89092.0
2026-09-04 13:37:00,19.34,19.36,19.36,19.34,6303.0,121956.0
2026-09-04 13:38:00,19.35,19.34,19.35,19.34,5470.0,105840.0
2026-09-04 13:39:00,19.34,19.35,19.35,19.33,9784.0,189376.0
2026-09-04 13:40:00,19.35,19.35,19.35,19.35,1552.0,30032.0
2026-09-04 13:41:00,19.35,19.32,19.35,19.32,17411.0,336504.0
2026-09-04 13:42:00,19.31,19.31,19.32,19.3,8450.0,163196.0
2026-09-04 13:43:00,19.32,19.34,19.34,19.32,13034.0,251904.0
2026-09-04 13:44:00,19.37,19.35,19.37,19.35,6700.0,129708.0
2026-09-04 13:45:00,19.35,19.33,19.37,19.33,4985.0,96484.0
2026-09-04 13:46:00,19.34,19.36,19.36,19.33,7739.0,149776.0
2026-09-04 13:47:00,19.38,19.36,19.38,19.36,11558.0,223756.0
2026-09-04 13:48:00,19.36,19.36,19.36,19.36,4213.0,71888.0
2026-09-04 13:49:00,19.36,19.36,19.36,19.36,300.0,5808.0
2026-09-04 13:50:00,19.38,19.39,19.4,19.38,7743.0,150084.0
2026-09-04 13:51:00,19.4,19.36,19.4,19.36,15099.0,292572.0
2026-09-04 13:52:00,19.36,19.36,19.36,19.36,10918.0,211376.0
2026-09-04 13:53:00,19.36,19.35,19.36,19.34,15366.0,297352.0
2026-09-04 13:54:00,19.35,19.33,19.36,19.33,21964.0,424988.0
2026-09-04 13:55:00,19.33,19.34,19.35,19.33,11662.0,225624.0
2026-09-04 13:56:00,19.34,19.32,19.36,19.32,16851.0,325968.0
2026-09-04 13:57:00,19.3,19.25,19.3,19.25,15808.0,304892.0
2026-09-04 13:58:00,19.23,19.22,19.23,19.21,23650.0,454772.0
2026-09-04 13:59:00,19.22,19.25,19.25,19.22,39366.0,757004.0
2026-09-04 14:00:00,19.3,19.26,19.3,19.25,8560.0,164816.0
2026-09-04 14:01:00,19.26,19.26,19.26,19.26,6806.0,131112.0
2026-09-04 14:02:00,19.28,19.27,19.28,19.27,5022.0,96828.0
2026-09-04 14:03:00,19.27,19.26,19.28,19.26,10891.0,209892.0
2026-09-04 14:04:00,19.26,19.24,19.27,19.24,11669.0,224716.0
2026-09-04 14:05:00,19.24,19.26,19.26,19.24,17823.0,343252.0
2026-09-04 14:06:00,19.26,19.23,19.26,19.23,26739.0,514832.0
2026-09-04 14:07:00,19.25,19.23,19.25,19.23,6400.0,123144.0
2026-09-04 14:08:00,19.23,19.17,19.23,19.17,53569.0,1028408.0
2026-09-04 14:09:00,19.17,19.13,19.17,19.12,70292.0,1346624.0
2026-09-04 14:10:00,19.13,19.19,19.19,19.11,57717.0,1104200.0
2026-09-04 14:11:00,19.12,19.18,19.18,19.12,15549.0,297680.0
2026-09-04 14:12:00,19.15,19.15,19.16,19.15,11583.0,221792.0
2026-09-04 14:13:00,19.13,19.13,19.13,19.13,31437.0,601304.0
2026-09-04 14:14:00,19.13,19.17,19.17,19.12,8163.0,156176.0
2026-09-04 14:15:00,19.17,19.16,19.17,19.16,5928.0,113616.0
2026-09-04 14:16:00,19.11,19.11,19.17,19.11,45657.0,873008.0
2026-09-04 14:17:00,19.1,19.14,19.16,19.1,10188.0,194848.0
2026-09-04 14:18:00,19.13,19.12,19.15,19.12,14987.0,252280.0
2026-09-04 14:19:00,19.12,19.06,19.12,19.06,45712.0,872664.0
2026-09-04 14:20:00,19.04,18.99,19.05,18.98,75491.0,1435352.0
2026-09-04 14:21:00,18.97,19.0,19.0,18.97,35368.0,671360.0
2026-09-04 14:22:00,18.99,19.0,19.02,18.99,13766.0,261472.0
2026-09-04 14:23:00,19.02,19.03,19.05,19.0,8247.0,156896.0
2026-09-04 14:24:00,19.05,19.04,19.05,19.01,11936.0,227128.0
2026-09-04 14:25:00,19.03,18.99,19.03,18.99,23707.0,450440.0
2026-09-04 14:26:00,18.98,18.98,18.99,18.98,37067.0,703576.0
2026-09-04 14:27:00,18.97,18.98,18.99,18.97,21451.0,407056.0
2026-09-04 14:28:00,18.98,18.97,18.99,18.97,37620.0,714016.0
2026-09-04 14:29:00,18.96,18.97,18.97,18.96,19133.0,362936.0
2026-09-04 14:30:00,18.98,18.98,18.98,18.97,9330.0,177064.0
2026-09-04 14:31:00,18.98,18.95,18.99,18.95,43211.0,819568.0
2026-09-04 14:32:00,18.95,18.93,18.95,18.93,32991.0,624976.0
2026-09-04 14:33:00,18.92,18.91,18.93,18.91,24177.0,457416.0
2026-09-04 14:34:00,18.91,18.83,18.91,18.83,135858.0,2565912.0
2026-09-04 14:35:00,18.81,18.82,18.86,18.81,69429.0,1307264.0
2026-09-04 14:36:00,18.82,18.81,18.82,18.78,52652.0,990088.0
2026-09-04 14:37:00,18.8,18.82,18.82,18.8,62705.0,1179656.0
2026-09-04 14:38:00,18.83,18.8,18.83,18.8,60872.0,1145368.0
2026-09-04 14:39:00,18.81,18.92,18.92,18.81,12069.0,228080.0
2026-09-04 14:40:00,18.88,18.89,18.89,18.88,17397.0,328464.0
2026-09-04 14:41:00,18.87,18.87,18.88,18.86,4445.0,83864.0
2026-09-04 14:42:00,18.88,18.96,18.96,18.87,7657.0,144928.0
2026-09-04 14:43:00,18.96,18.92,18.97,18.92,48687.0,923120.0
2026-09-04 14:44:00,18.89,18.91,18.91,18.87,17251.0,325880.0
2026-09-04 14:45:00,18.89,18.89,18.89,18.88,20768.0,392312.0
2026-09-04 14:46:00,18.92,18.83,18.92,18.82,31231.0,589416.0
2026-09-04 14:47:00,18.82,18.77,18.82,18.77,50902.0,956784.0
2026-09-04 14:48:00,18.77,18.78,18.78,18.77,32371.0,538008.0
2026-09-04 14:49:00,18.78,18.89,18.89,18.78,16698.0,314120.0
2026-09-04 14:50:00,18.88,18.84,18.91,18.82,28432.0,536064.0
2026-09-04 14:51:00,18.84,18.9,18.9,18.84,23455.0,442376.0
2026-09-04 14:52:00,18.88,18.86,18.91,18.86,42920.0,810496.0
2026-09-04 14:53:00,18.9,18.98,18.98,18.9,24184.0,457592.0
2026-09-04 14:54:00,18.98,18.99,18.99,18.9,36168.0,686192.0
2026-09-04 14:55:00,19.02,18.96,19.02,18.93,17660.0,334664.0
2026-09-04 14:56:00,18.92,18.9,18.95,18.9,19013.0,359912.0
2026-09-04 14:57:00,18.95,18.9,18.95,18.9,83733.0,1584784.0
2026-09-04 14:58:00,18.9,18.9,18.9,18.9,274.0,5176.0
2026-09-04 15:00:00,18.9,18.9,18.9,18.9,63144.0,1193424.0
2026-09-07 09:31:00,18.9,18.7,18.9,18.61,91130.0,1709876.0
2026-09-07 09:32:00,18.63,18.66,18.7,18.63,35355.0,583157.0
2026-09-07 09:33:00,18.7,18.67,18.74,18.65,61739.0,1153587.0
2026-09-07 09:34:00,18.65,18.7,18.7,18.6,97939.0,1825052.0
2026-09-07 09:35:00,18.65,18.83,18.83,18.65,44581.0,835282.0
2026-09-07 09:36:00,18.89,18.76,18.93,18.76,28633.0,539716.0
2026-09-07 09:37:00,18.76,18.72,18.76,18.72,20863.0,391207.0
2026-09-07 09:38:00,18.72,18.7,18.73,18.68,35247.0,658724.0
2026-09-07 09:39:00,18.68,18.62,18.7,18.61,60904.0,1134746.0
2026-09-07 09:40:00,18.63,18.84,18.84,18.63,22085.0,413538.0
2026-09-07 09:41:00,18.76,18.7,18.84,18.7,15750.0,295220.0
2026-09-07 09:42:00,18.7,18.62,18.7,18.6,50893.0,947900.0
2026-09-07 09:43:00,18.63,18.61,18.63,18.58,58909.0,1095011.0
2026-09-07 09:44:00,18.61,18.6,18.65,18.6,48566.0,903968.0
2026-09-07 09:45:00,18.6,18.55,18.6,18.53,67378.0,1250081.0
2026-09-07 09:46:00,18.55,18.52,18.6,18.51,112965.0,2093906.0
2026-09-07 09:47:00,18.55,18.77,18.83,18.53,27164.0,505765.0
2026-09-07 09:48:00,18.75,18.75,18.75,18.53,97691.0,1831018.0
2026-09-07 09:49:00,18.75,18.72,18.75,18.6,15431.0,289254.0
2026-09-07 09:50:00,18.62,18.71,18.73,18.61,19497.0,363980.0
2026-09-07 09:51:00,18.62,18.63,18.63,18.62,3704.0,68992.0
2026-09-07 09:52:00,18.7,18.71,18.71,18.7,19191.0,334560.0
2026-09-07 09:53:00,18.71,18.72,18.72,18.71,8553.0,159988.0
2026-09-07 09:54:00,18.72,18.78,18.81,18.72,11100.0,208460.0
2026-09-07 09:55:00,18.78,18.73,18.78,18.73,5384.0,100988.0
2026-09-07 09:56:00,18.73,18.74,18.76,18.72,9088.0,170248.0
2026-09-07 09:57:00,18.74,18.72,18.74,18.72,11622.0,217642.0
2026-09-07 09:58:00,18.7,18.85,18.85,18.69,49492.0,928620.0
2026-09-07 09:59:00,18.85,19.19,19.19,18.85,71485.0,1361222.0
2026-09-07 10:00:00,19.18,19.1,19.2,19.1,64843.0,1240732.0
2026-09-07 10:01:00,19.08,19.02,19.1,19.02,44086.0,841342.0
2026-09-07 10:02:00,19.02,18.96,19.02,18.96,14029.0,255096.0
2026-09-07 10:03:00,18.96,18.9,18.96,18.9,5989.0,113518.0
2026-09-07 10:04:00,18.91,18.96,18.96,18.91,4988.0,94460.0
2026-09-07 10:05:00,18.95,18.96,18.96,18.91,7073.0,134086.0
2026-09-07 10:06:00,18.97,18.96,19.0,18.96,19730.0,374818.0
2026-09-07 10:07:00,18.96,18.96,18.96,18.95,3762.0,71324.0
2026-09-07 10:08:00,18.92,18.94,18.94,18.92,3362.0,63608.0
2026-09-07 10:09:00,18.91,18.92,18.93,18.91,3832.0,72500.0
2026-09-07 10:10:00,18.92,18.99,18.99,18.91,4348.0,82420.0
2026-09-07 10:11:00,18.95,18.96,18.99,18.95,9600.0,182156.0
2026-09-07 10:12:00,18.9,18.97,18.97,18.9,1900.0,35958.0
2026-09-07 10:13:00,18.9,18.96,18.96,18.9,1394.0,26420.0
2026-09-07 10:14:00,18.91,18.94,18.94,18.91,5700.0,107842.0
2026-09-07 10:15:00,18.94,18.95,18.95,18.94,10800.0,204596.0
2026-09-07 10:16:00,18.96,18.98,18.98,18.96,12491.0,236980.0
2026-09-07 10:17:00,18.98,18.98,18.99,18.98,8292.0,157436.0
2026-09-07 10:18:00,18.99,19.05,19.05,18.99,7970.0,151684.0
2026-09-07 10:19:00,19.03,19.02,19.04,19.01,9912.0,188616.0
2026-09-07 10:20:00,19.02,19.02,19.03,19.0,15776.0,299884.0
2026-09-07 10:21:00,19.02,19.0,19.02,19.0,7300.0,138792.0
2026-09-07 10:22:00,19.0,18.9,19.0,18.9,34999.0,426408.0
2026-09-07 10:23:00,18.9,18.96,18.98,18.89,5749.0,108728.0
2026-09-07 10:24:00,18.96,18.96,18.96,18.96,3800.0,72048.0
2026-09-07 10:25:00,18.91,18.98,18.98,18.91,13055.0,247556.0
2026-09-07 10:26:00,18.9,18.91,18.92,18.9,4100.0,77544.0
2026-09-07 10:27:00,18.91,18.93,18.93,18.91,2885.0,54644.0
2026-09-07 10:28:00,18.96,18.95,18.96,18.95,4600.0,87196.0
2026-09-07 10:29:00,18.97,18.98,18.98,18.96,4851.0,92056.0
2026-09-07 10:30:00,18.98,18.98,18.98,18.97,8409.0,159580.0
2026-09-07 10:31:00,18.97,18.97,18.98,18.97,3910.0,74184.0
2026-09-07 10:32:00,18.97,18.95,18.98,18.95,4833.0,91700.0
2026-09-07 10:33:00,18.98,19.0,19.0,18.98,6683.0,126902.0
2026-09-07 10:34:00,19.0,18.98,19.0,18.98,6800.0,129150.0
2026-09-07 10:35:00,18.99,19.0,19.0,18.97,7403.0,140558.0
2026-09-07 10:36:00,18.97,18.97,18.97,18.97,2242.0,42532.0
2026-09-07 10:37:00,18.96,18.92,18.96,18.92,3880.0,73562.0
2026-09-07 10:38:00,18.96,18.92,18.96,18.92,1140.0,21594.0
2026-09-07 10:39:00,18.91,18.91,18.91,18.91,4500.0,85198.0
2026-09-07 10:40:00,18.91,18.9,18.91,18.9,20200.0,381788.0
2026-09-07 10:41:00,18.91,18.91,18.91,18.91,1810.0,34228.0
2026-09-07 10:42:00,18.91,18.86,18.91,18.86,15830.0,298980.0
2026-09-07 10:43:00,18.8,18.81,18.89,18.8,11379.0,214058.0
2026-09-07 10:44:00,18.81,18.81,18.81,18.8,5141.0,96694.0
2026-09-07 10:45:00,18.89,18.89,18.89,18.89,1640.0,30980.0
2026-09-07 10:46:00,18.89,18.84,18.89,18.84,920.0,17336.0
2026-09-07 10:47:00,18.84,18.89,18.89,18.84,580.0,10938.0
2026-09-07 10:49:00,18.89,18.87,18.89,18.87,2500.0,47186.0
2026-09-07 10:50:00,18.85,18.87,18.87,18.85,8254.0,155676.0
2026-09-07 10:51:00,18.87,18.87,18.87,18.87,1645.0,31040.0
2026-09-07 10:53:00,18.85,18.82,18.85,18.82,12007.0,226112.0
2026-09-07 10:54:00,18.83,18.87,18.87,18.83,6569.0,123962.0
2026-09-07 10:55:00,18.84,18.83,18.84,18.83,600.0,11302.0
2026-09-07 10:56:00,18.83,18.84,18.84,18.83,5065.0,95394.0
2026-09-07 10:57:00,18.84,18.82,18.85,18.82,12009.0,226094.0
2026-09-07 10:58:00,18.81,18.8,18.82,18.8,8911.0,167594.0
2026-09-07 10:59:00,18.79,18.77,18.79,18.77,6266.0,117682.0
2026-09-07 11:00:00,18.78,18.75,18.78,18.75,15084.0,282940.0
2026-09-07 11:01:00,18.75,18.75,18.75,18.75,600.0,11260.0
2026-09-07 11:02:00,18.75,18.75,18.75,18.75,9100.0,170624.0
2026-09-07 11:03:00,18.79,18.77,18.79,18.77,400.0,7514.0
2026-09-07 11:04:00,18.77,18.8,18.8,18.77,1700.0,31940.0
2026-09-07 11:05:00,18.83,18.83,18.83,18.83,1000.0,18830.0
2026-09-07 11:06:00,18.8,18.83,18.83,18.8,2026.0,38128.0
2026-09-07 11:07:00,18.8,18.8,18.8,18.79,1851.0,34788.0
2026-09-07 11:08:00,18.8,18.83,18.83,18.8,749.0,14096.0
2026-09-07 11:09:00,18.81,18.83,18.83,18.81,600.0,11296.0
2026-09-07 11:10:00,18.82,18.83,18.83,18.82,506.0,9528.0
2026-09-07 11:11:00,18.83,18.83,18.83,18.83,345.0,6496.0
2026-09-07 11:12:00,18.83,18.83,18.83,18.83,400.0,3764.0
2026-09-07 11:13:00,18.82,18.82,18.82,18.82,5847.0,110042.0
2026-09-07 11:14:00,18.83,18.86,18.86,18.83,6269.0,118126.0
2026-09-07 11:15:00,18.86,18.86,18.86,18.86,2219.0,41848.0
2026-09-07 11:16:00,18.87,18.87,18.87,18.87,1440.0,27174.0
2026-09-07 11:17:00,18.87,18.87,18.87,18.87,908.0,17134.0
2026-09-07 11:18:00,18.87,18.84,18.87,18.84,2973.0,56060.0
2026-09-07 11:19:00,18.84,18.84,18.84,18.84,53.0,998.0
2026-09-07 11:20:00,18.83,18.8,18.83,18.8,2700.0,50826.0
2026-09-07 11:21:00,18.82,18.82,18.82,18.82,9722.0,182960.0
2026-09-07 11:22:00,18.83,18.8,18.83,18.8,1178.0,22174.0
2026-09-07 11:23:00,18.83,18.83,18.83,18.83,2100.0,39540.0
2026-09-07 11:24:00,18.83,18.83,18.83,18.83,15137.0,285030.0
2026-09-07 11:25:00,18.86,18.86,18.87,18.86,3162.0,59636.0
2026-09-07 11:26:00,18.85,18.86,18.86,18.85,3423.0,64556.0
2026-09-07 11:27:00,18.86,18.87,18.87,18.86,2745.0,51776.0
2026-09-07 11:28:00,18.86,18.83,18.86,18.83,2610.0,49164.0
2026-09-07 11:29:00,18.84,18.84,18.84,18.84,200.0,3768.0
2026-09-07 13:01:00,18.85,18.85,18.85,18.84,3300.0,62188.0
2026-09-07 13:02:00,18.85,18.86,18.86,18.85,903.0,17028.0
2026-09-07 13:03:00,18.83,18.83,18.83,18.83,1600.0,30128.0
2026-09-07 13:04:00,18.85,18.85,18.85,18.85,500.0,9424.0
2026-09-07 13:06:00,18.85,18.85,18.85,18.85,2500.0,47128.0
2026-09-07 13:07:00,18.84,18.85,18.85,18.84,2132.0,40176.0
2026-09-07 13:08:00,18.83,18.82,18.83,18.82,2797.0,52680.0
2026-09-07 13:09:00,18.82,18.82,18.82,18.82,1000.0,18820.0
2026-09-07 13:10:00,18.82,18.82,18.86,18.82,2755.0,51888.0
2026-09-07 13:11:00,18.82,18.82,18.82,18.82,414.0,7792.0
2026-09-07 13:12:00,18.86,18.86,18.86,18.86,948.0,8940.0
2026-09-07 13:13:00,18.82,18.82,18.82,18.82,5100.0,95984.0
2026-09-07 13:14:00,18.85,18.82,18.85,18.82,6741.0,126880.0
2026-09-07 13:15:00,18.82,18.82,18.85,18.82,2944.0,55424.0
2026-09-07 13:16:00,18.81,18.85,18.85,18.81,3591.0,67608.0
2026-09-07 13:17:00,18.85,18.85,18.85,18.85,1900.0,35800.0
2026-09-07 13:18:00,18.85,18.88,18.88,18.82,12175.0,229548.0
2026-09-07 13:19:00,18.93,18.93,18.95,18.93,3881.0,73404.0
2026-09-07 13:20:00,18.92,18.96,18.96,18.92,3322.0,62908.0
2026-09-07 13:21:00,18.96,18.95,18.96,18.95,7283.0,138076.0
2026-09-07 13:22:00,18.94,18.92,18.94,18.92,700.0,13252.0
2026-09-07 13:23:00,18.92,18.92,18.92,18.92,1106.0,20924.0
2026-09-07 13:24:00,18.91,18.9,18.91,18.9,841.0,15904.0
2026-09-07 13:25:00,18.9,18.9,18.9,18.9,5800.0,109620.0
2026-09-07 13:26:00,18.88,18.88,18.88,18.88,671.0,12668.0
2026-09-07 13:27:00,18.87,18.87,18.87,18.87,4329.0,81704.0
2026-09-07 13:28:00,18.86,18.83,18.86,18.83,15004.0,282896.0
2026-09-07 13:29:00,18.83,18.81,18.85,18.81,8358.0,157272.0
2026-09-07 13:30:00,18.81,18.87,18.87,18.81,2484.0,46780.0
2026-09-07 13:31:00,18.87,18.87,18.87,18.87,600.0,11324.0
2026-09-07 13:32:00,18.87,18.84,18.87,18.84,6727.0,126756.0
2026-09-07 13:33:00,18.84,18.8,18.84,18.8,24028.0,452092.0
2026-09-07 13:34:00,18.8,18.87,18.87,18.8,9626.0,181196.0
2026-09-07 13:35:00,18.83,18.83,18.83,18.83,200.0,3768.0
2026-09-07 13:36:00,18.83,18.82,18.83,18.82,3200.0,60252.0
2026-09-07 13:37:00,18.81,18.8,18.82,18.8,34454.0,648908.0
2026-09-07 13:38:00,18.8,18.86,18.86,18.8,11053.0,207956.0
2026-09-07 13:39:00,18.86,18.86,18.86,18.86,10778.0,203324.0
2026-09-07 13:40:00,18.82,18.86,18.86,18.82,4244.0,79936.0
2026-09-07 13:41:00,18.82,18.86,18.86,18.82,2290.0,43148.0
2026-09-07 13:42:00,18.86,18.86,18.86,18.82,8092.0,152556.0
2026-09-07 13:43:00,18.85,18.85,18.85,18.85,1449.0,27316.0
2026-09-07 13:44:00,18.85,18.85,18.85,18.85,800.0,15072.0
2026-09-07 13:45:00,18.84,18.83,18.84,18.83,15483.0,291440.0
2026-09-07 13:46:00,18.82,18.83,18.83,18.81,4930.0,92776.0
2026-09-07 13:47:00,18.83,18.94,18.94,18.83,35944.0,677720.0
2026-09-07 13:48:00,18.94,18.88,18.94,18.88,5099.0,96520.0
2026-09-07 13:49:00,18.86,18.86,18.86,18.85,2200.0,41492.0
2026-09-07 13:50:00,18.86,18.87,18.87,18.86,2569.0,48460.0
2026-09-07 13:51:00,18.87,18.87,18.87,18.87,100.0,1888.0
2026-09-07 13:52:00,18.87,18.87,18.87,18.87,9908.0,186964.0
2026-09-07 13:53:00,18.86,18.85,18.86,18.85,2781.0,52428.0
2026-09-07 13:54:00,18.84,18.84,18.84,18.83,10527.0,198296.0
2026-09-07 13:55:00,18.83,18.82,18.84,18.82,17128.0,322420.0
2026-09-07 13:56:00,18.82,18.82,18.82,18.82,1708.0,32140.0
2026-09-07 13:57:00,18.82,18.82,18.82,18.82,1792.0,33728.0
2026-09-07 13:58:00,18.81,18.81,18.81,18.81,1000.0,18808.0
2026-09-07 13:59:00,18.82,18.81,18.82,18.81,6163.0,115936.0
2026-09-07 14:00:00,18.83,18.81,18.83,18.81,1608.0,30264.0
2026-09-07 14:01:00,18.86,18.88,18.88,18.86,2960.0,55840.0
2026-09-07 14:02:00,18.88,18.86,18.88,18.86,3761.0,70932.0
2026-09-07 14:03:00,18.86,18.86,18.86,18.86,1026.0,19348.0
2026-09-07 14:04:00,18.84,18.83,18.84,18.83,2300.0,43320.0
2026-09-07 14:05:00,18.82,18.81,18.82,18.81,6843.0,128740.0
2026-09-07 14:06:00,18.82,18.81,18.83,18.81,17725.0,333564.0
2026-09-07 14:07:00,18.83,18.83,18.84,18.83,22127.0,416656.0
2026-09-07 14:08:00,18.83,18.8,18.83,18.8,14269.0,268452.0
2026-09-07 14:09:00,18.8,18.8,18.83,18.79,9738.0,183104.0
2026-09-07 14:10:00,18.8,18.8,18.8,18.8,1053.0,19796.0
2026-09-07 14:11:00,18.8,18.83,18.83,18.79,8326.0,156520.0
2026-09-07 14:12:00,18.83,18.8,18.83,18.79,2031.0,38176.0
2026-09-07 14:13:00,18.8,18.78,18.8,18.78,7702.0,144788.0
2026-09-07 14:14:00,18.77,18.76,18.78,18.76,32756.0,614644.0
2026-09-07 14:15:00,18.76,18.7,18.76,18.7,35506.0,663704.0
2026-09-07 14:16:00,18.65,18.77,18.77,18.63,18786.0,351636.0
2026-09-07 14:17:00,18.77,18.72,18.77,18.72,3609.0,67696.0
2026-09-07 14:18:00,18.77,18.71,18.77,18.71,7300.0,136920.0
2026-09-07 14:19:00,18.71,18.75,18.75,18.65,4305.0,80516.0
2026-09-07 14:20:00,18.75,18.76,18.76,18.75,10524.0,197400.0
2026-09-07 14:21:00,18.67,18.7,18.7,18.67,1833.0,34240.0
2026-09-07 14:22:00,18.7,18.7,18.71,18.7,10268.0,192076.0
2026-09-07 14:23:00,18.7,18.7,18.7,18.7,11336.0,211980.0
2026-09-07 14:24:00,18.72,18.75,18.75,18.72,1500.0,28112.0
2026-09-07 14:25:00,18.75,18.74,18.75,18.74,3547.0,66476.0
2026-09-07 14:26:00,18.74,18.72,18.74,18.72,2500.0,46840.0
2026-09-07 14:27:00,18.74,18.7,18.74,18.7,4026.0,75352.0
2026-09-07 14:28:00,18.7,18.71,18.71,18.7,18546.0,346952.0
2026-09-07 14:29:00,18.72,18.72,18.72,18.7,8789.0,164472.0
2026-09-07 14:30:00,18.71,18.71,18.71,18.71,563.0,10536.0
2026-09-07 14:31:00,18.72,18.73,18.74,18.72,8213.0,153772.0
2026-09-07 14:32:00,18.73,18.71,18.73,18.71,5517.0,99752.0
2026-09-07 14:33:00,18.71,18.68,18.71,18.68,10400.0,194404.0
2026-09-07 14:34:00,18.68,18.68,18.68,18.68,16598.0,310004.0
2026-09-07 14:35:00,18.69,18.69,18.69,18.69,10320.0,192880.0
2026-09-07 14:36:00,18.69,18.73,18.73,18.69,12117.0,226488.0
2026-09-07 14:37:00,18.69,18.69,18.69,18.69,10875.0,203256.0
2026-09-07 14:38:00,18.69,18.67,18.69,18.67,20435.0,381612.0
2026-09-07 14:39:00,18.68,18.67,18.68,18.67,4498.0,83948.0
2026-09-07 14:40:00,18.66,18.67,18.68,18.66,15363.0,286852.0
2026-09-07 14:41:00,18.68,18.71,18.71,18.68,61825.0,1155336.0
2026-09-07 14:42:00,18.73,18.68,18.73,18.68,16158.0,297224.0
2026-09-07 14:43:00,18.68,18.68,18.68,18.67,18536.0,346236.0
2026-09-07 14:44:00,18.68,18.68,18.68,18.67,11921.0,222664.0
2026-09-07 14:45:00,18.69,18.67,18.69,18.67,19903.0,371736.0
2026-09-07 14:46:00,18.67,18.66,18.67,18.66,15463.0,288568.0
2026-09-07 14:47:00,18.66,18.68,18.68,18.65,77961.0,1454584.0
2026-09-07 14:48:00,18.74,18.72,18.74,18.71,43335.0,811184.0
2026-09-07 14:49:00,18.71,18.7,18.71,18.7,5687.0,106368.0
2026-09-07 14:50:00,18.7,18.68,18.7,18.68,6642.0,124156.0
2026-09-07 14:51:00,18.69,18.69,18.69,18.67,6500.0,121444.0
2026-09-07 14:52:00,18.68,18.7,18.74,18.65,23885.0,446636.0
2026-09-07 14:53:00,18.73,18.73,18.78,18.73,32313.0,606292.0
2026-09-07 14:54:00,18.73,18.73,18.73,18.7,16675.0,312256.0
2026-09-07 14:55:00,18.73,18.78,18.78,18.73,21825.0,409408.0
2026-09-07 14:56:00,18.78,18.74,18.78,18.74,19517.0,366072.0
2026-09-07 14:57:00,18.74,18.74,18.75,18.72,36428.0,682572.0
2026-09-07 14:58:00,18.72,18.72,18.72,18.72,1610.0,30140.0
2026-09-07 15:00:00,18.72,18.72,18.72,18.72,44042.0,824464.0
2026-09-08 09:31:00,18.9,18.66,18.9,18.66,52495.0,986346.0
2026-09-08 09:32:00,18.66,18.61,18.68,18.6,41545.0,725477.0
2026-09-08 09:33:00,18.6,18.68,18.68,18.58,34324.0,638482.0
2026-09-08 09:34:00,18.68,18.61,18.68,18.61,25444.0,473579.0
2026-09-08 09:35:00,18.62,18.53,18.62,18.53,56785.0,1054793.0
2026-09-08 09:36:00,18.53,18.55,18.55,18.5,51065.0,945417.0
2026-09-08 09:37:00,18.55,18.52,18.56,18.51,47163.0,873809.0
2026-09-08 09:38:00,18.5,18.49,18.52,18.49,58111.0,1075280.0
2026-09-08 09:39:00,18.48,18.46,18.48,18.43,97626.0,1801818.0
2026-09-08 09:40:00,18.43,18.42,18.43,18.39,77714.0,1430711.0
2026-09-08 09:41:00,18.41,18.41,18.42,18.41,76478.0,1408499.0
2026-09-08 09:42:00,18.41,18.3,18.41,18.3,119253.0,2122926.0
2026-09-08 09:43:00,18.3,18.37,18.37,18.3,34718.0,635884.0
2026-09-08 09:44:00,18.38,18.34,18.38,18.34,51886.0,952001.0
2026-09-08 09:45:00,18.34,18.4,18.4,18.32,112662.0,2065900.0
2026-09-08 09:46:00,18.44,18.48,18.48,18.44,9905.0,182738.0
2026-09-08 09:47:00,18.48,18.41,18.48,18.35,8965.0,164988.0
2026-09-08 09:48:00,18.41,18.41,18.41,18.41,23059.0,424544.0
2026-09-08 09:49:00,18.4,18.48,18.48,18.4,38002.0,700472.0
2026-09-08 09:50:00,18.48,18.41,18.48,18.39,6904.0,127160.0
2026-09-08 09:51:00,18.41,18.46,18.46,18.41,5246.0,96712.0
2026-09-08 09:52:00,18.41,18.44,18.44,18.41,3550.0,65428.0
2026-09-08 09:53:00,18.44,18.44,18.44,18.42,3017.0,55612.0
2026-09-08 09:54:00,18.43,18.43,18.44,18.41,3101.0,57128.0
2026-09-08 09:55:00,18.42,18.43,18.45,18.42,9499.0,175006.0
2026-09-08 09:56:00,18.45,18.43,18.45,18.42,18547.0,341718.0
2026-09-08 09:57:00,18.43,18.44,18.44,18.4,12053.0,221952.0
2026-09-08 09:58:00,18.44,18.43,18.44,18.4,8900.0,163838.0
2026-09-08 09:59:00,18.43,18.44,18.44,18.42,6772.0,124798.0
2026-09-08 10:00:00,18.44,18.46,18.46,18.42,3724.0,68660.0
2026-09-08 10:01:00,18.43,18.46,18.46,18.41,8001.0,147468.0
2026-09-08 10:02:00,18.44,18.51,18.51,18.44,10774.0,198946.0
2026-09-08 10:03:00,18.56,18.59,18.6,18.56,15423.0,286478.0
2026-09-08 10:04:00,18.57,18.56,18.57,18.54,1178.0,21856.0
2026-09-08 10:05:00,18.52,18.52,18.52,18.44,11815.0,219078.0
2026-09-08 10:06:00,18.51,18.46,18.51,18.46,4030.0,74566.0
2026-09-08 10:07:00,18.46,18.47,18.47,18.46,5726.0,105736.0
2026-09-08 10:08:00,18.47,18.47,18.47,18.47,2010.0,37124.0
2026-09-08 10:09:00,18.51,18.49,18.51,18.49,406.0,7512.0
2026-09-08 10:10:00,18.45,18.47,18.47,18.45,2683.0,49528.0
2026-09-08 10:11:00,18.46,18.47,18.47,18.45,26966.0,497708.0
2026-09-08 10:12:00,18.47,18.49,18.49,18.47,870.0,16072.0
2026-09-08 10:13:00,18.5,18.5,18.5,18.5,363.0,6716.0
2026-09-08 10:14:00,18.5,18.48,18.5,18.48,2024.0,37440.0
2026-09-08 10:15:00,18.48,18.45,18.48,18.45,24455.0,451376.0
2026-09-08 10:16:00,18.45,18.42,18.45,18.42,2605.0,48024.0
2026-09-08 10:17:00,18.42,18.39,18.42,18.38,48224.0,887178.0
2026-09-08 10:18:00,18.39,18.4,18.45,18.39,2893.0,53244.0
2026-09-08 10:19:00,18.4,18.4,18.4,18.4,1031.0,18970.0
2026-09-08 10:20:00,18.4,18.4,18.4,18.4,2300.0,42324.0
2026-09-08 10:21:00,18.41,18.41,18.41,18.41,100.0,1840.0
2026-09-08 10:22:00,18.41,18.45,18.45,18.41,20322.0,374180.0
2026-09-08 10:23:00,18.5,18.41,18.5,18.41,11675.0,215692.0
2026-09-08 10:24:00,18.41,18.41,18.41,18.41,5045.0,92882.0
2026-09-08 10:25:00,18.41,18.42,18.42,18.41,7000.0,128920.0
2026-09-08 10:26:00,18.41,18.41,18.43,18.41,12941.0,238382.0
2026-09-08 10:27:00,18.43,18.43,18.43,18.43,4577.0,84352.0
2026-09-08 10:28:00,18.45,18.45,18.45,18.45,127.0,2344.0
2026-09-08 10:29:00,18.43,18.43,18.45,18.43,9287.0,171200.0
2026-09-08 10:30:00,18.43,18.45,18.45,18.43,2354.0,43384.0
2026-09-08 10:31:00,18.45,18.43,18.45,18.43,2300.0,42430.0
2026-09-08 10:32:00,18.45,18.45,18.45,18.45,4300.0,79334.0
2026-09-08 10:33:00,18.44,18.44,18.45,18.44,1200.0,22132.0
2026-09-08 10:34:00,18.44,18.41,18.44,18.41,41422.0,763102.0
2026-09-08 10:35:00,18.41,18.41,18.41,18.4,15933.0,293280.0
2026-09-08 10:36:00,18.42,18.43,18.43,18.42,1030.0,18976.0
2026-09-08 10:37:00,18.4,18.4,18.43,18.39,17468.0,321486.0
2026-09-08 10:38:00,18.38,18.37,18.39,18.37,11402.0,209556.0
2026-09-08 10:39:00,18.37,18.4,18.4,18.37,10291.0,189092.0
2026-09-08 10:40:00,18.43,18.36,18.43,18.36,24000.0,440802.0
2026-09-08 10:41:00,18.4,18.4,18.4,18.4,2482.0,45670.0
2026-09-08 10:42:00,18.4,18.38,18.4,18.38,3669.0,67452.0
2026-09-08 10:43:00,18.38,18.39,18.41,18.38,24412.0,448680.0
2026-09-08 10:44:00,18.42,18.39,18.42,18.39,1745.0,32138.0
2026-09-08 10:45:00,18.4,18.4,18.4,18.4,656.0,12070.0
2026-09-08 10:46:00,18.4,18.39,18.41,18.39,2078.0,38236.0
2026-09-08 10:47:00,18.39,18.41,18.42,18.39,4154.0,76426.0
2026-09-08 10:48:00,18.42,18.42,18.42,18.42,6518.0,120052.0
2026-09-08 10:49:00,18.42,18.4,18.42,18.4,4909.0,90374.0
2026-09-08 10:50:00,18.4,18.4,18.4,18.4,10000.0,184000.0
2026-09-08 10:51:00,18.41,18.43,18.43,18.4,10602.0,195248.0
2026-09-08 10:52:00,18.45,18.45,18.45,18.45,5000.0,92252.0
2026-09-08 10:53:00,18.42,18.42,18.42,18.42,12658.0,233216.0
2026-09-08 10:54:00,18.42,18.38,18.42,18.38,20335.0,374072.0
2026-09-08 10:55:00,18.34,18.38,18.38,18.34,48678.0,893888.0
2026-09-08 10:56:00,18.38,18.38,18.38,18.38,2636.0,48448.0
2026-09-08 10:57:00,18.4,18.42,18.42,18.4,18486.0,340196.0
2026-09-08 10:58:00,18.42,18.4,18.42,18.4,2905.0,53484.0
2026-09-08 10:59:00,18.4,18.39,18.41,18.39,4805.0,88416.0
2026-09-08 11:00:00,18.39,18.39,18.39,18.39,6950.0,127804.0
2026-09-08 11:01:00,18.39,18.41,18.41,18.39,6886.0,126648.0
2026-09-08 11:02:00,18.41,18.4,18.41,18.4,1911.0,35164.0
2026-09-08 11:03:00,18.4,18.39,18.4,18.39,2930.0,53890.0
2026-09-08 11:04:00,18.39,18.4,18.4,18.39,24787.0,455666.0
2026-09-08 11:05:00,18.4,18.39,18.4,18.39,10954.0,201524.0
2026-09-08 11:06:00,18.39,18.39,18.39,18.39,336.0,6178.0
2026-09-08 11:07:00,18.38,18.38,18.38,18.38,500.0,9190.0
2026-09-08 11:08:00,18.4,18.38,18.4,18.38,534.0,9820.0
2026-09-08 11:09:00,18.4,18.4,18.4,18.4,3022.0,55604.0
2026-09-08 11:10:00,18.41,18.4,18.41,18.4,4362.0,80280.0
2026-09-08 11:11:00,18.41,18.42,18.42,18.41,10047.0,185012.0
2026-09-08 11:13:00,18.43,18.43,18.43,18.42,12316.0,226962.0
2026-09-08 11:14:00,18.42,18.42,18.43,18.42,5803.0,106910.0
2026-09-08 11:15:00,18.41,18.41,18.41,18.41,100.0,1840.0
2026-09-08 11:16:00,18.42,18.42,18.42,18.41,6142.0,113088.0
2026-09-08 11:17:00,18.42,18.42,18.43,18.41,13115.0,241572.0
2026-09-08 11:18:00,18.41,18.41,18.41,18.41,1691.0,31132.0
2026-09-08 11:19:00,18.41,18.41,18.41,18.41,1183.0,21778.0
2026-09-08 11:20:00,18.41,18.4,18.41,18.4,2900.0,53392.0
2026-09-08 11:21:00,18.4,18.39,18.4,18.38,16053.0,295178.0
2026-09-08 11:22:00,18.39,18.41,18.41,18.39,9226.0,164208.0
2026-09-08 11:23:00,18.4,18.4,18.4,18.4,579.0,10652.0
2026-09-08 11:24:00,18.39,18.39,18.39,18.39,394.0,7248.0
2026-09-08 11:25:00,18.4,18.39,18.4,18.39,25326.0,465396.0
2026-09-08 11:26:00,18.39,18.39,18.39,18.39,4996.0,91880.0
2026-09-08 11:27:00,18.38,18.39,18.39,18.38,8719.0,160300.0
2026-09-08 11:28:00,18.38,18.39,18.4,18.38,5203.0,95684.0
2026-09-08 11:29:00,18.38,18.38,18.38,18.38,934.0,17172.0
2026-09-08 11:30:00,18.36,18.36,18.36,18.36,4000.0,73452.0
2026-09-08 13:01:00,18.36,18.4,18.4,18.36,1922.0,35332.0
2026-09-08 13:02:00,18.4,18.39,18.4,18.39,700.0,12876.0
2026-09-08 13:03:00,18.39,18.4,18.4,18.39,2060.0,37900.0
2026-09-08 13:04:00,18.41,18.41,18.41,18.4,2090.0,38476.0
2026-09-08 13:05:00,18.42,18.42,18.44,18.42,1845.0,33996.0
2026-09-08 13:06:00,18.42,18.42,18.43,18.42,3534.0,65100.0
2026-09-08 13:07:00,18.41,18.41,18.41,18.41,800.0,14732.0
2026-09-08 13:08:00,18.41,18.41,18.41,18.41,949.0,17468.0
2026-09-08 13:09:00,18.39,18.37,18.39,18.37,1534.0,28192.0
2026-09-08 13:10:00,18.37,18.38,18.38,18.37,725.0,13320.0
2026-09-08 13:11:00,18.37,18.36,18.37,18.36,5792.0,106368.0
2026-09-08 13:12:00,18.36,18.37,18.37,18.36,800.0,14688.0
2026-09-08 13:13:00,18.37,18.37,18.37,18.36,3075.0,56488.0
2026-09-08 13:14:00,18.37,18.36,18.37,18.36,13912.0,255432.0
2026-09-08 13:15:00,18.35,18.36,18.36,18.35,5838.0,107164.0
2026-09-08 13:16:00,18.37,18.36,18.37,18.36,808.0,14836.0
2026-09-08 13:17:00,18.37,18.39,18.39,18.37,7519.0,138164.0
2026-09-08 13:18:00,18.4,18.43,18.43,18.4,2200.0,40476.0
2026-09-08 13:21:00,18.43,18.43,18.43,18.42,1400.0,25800.0
2026-09-08 13:22:00,18.42,18.42,18.42,18.41,6905.0,127196.0
2026-09-08 13:23:00,18.42,18.41,18.42,18.41,11253.0,207328.0
2026-09-08 13:24:00,18.4,18.41,18.41,18.4,6920.0,127396.0
2026-09-08 13:25:00,18.41,18.42,18.42,18.41,742.0,13664.0
2026-09-08 13:26:00,18.42,18.41,18.42,18.41,1104.0,20328.0
2026-09-08 13:27:00,18.4,18.36,18.4,18.36,10354.0,190392.0
2026-09-08 13:28:00,18.37,18.37,18.37,18.37,7160.0,131528.0
2026-09-08 13:29:00,18.37,18.4,18.4,18.37,900.0,16556.0
2026-09-08 13:30:00,18.4,18.41,18.41,18.4,4662.0,85804.0
2026-09-08 13:32:00,18.41,18.4,18.41,18.4,1200.0,22084.0
2026-09-08 13:33:00,18.41,18.4,18.41,18.4,1100.0,20244.0
2026-09-08 13:34:00,18.4,18.4,18.4,18.4,1040.0,19136.0
2026-09-08 13:35:00,18.39,18.39,18.39,18.39,2474.0,45496.0
2026-09-08 13:36:00,18.37,18.37,18.37,18.37,2200.0,40452.0
2026-09-08 13:37:00,18.38,18.38,18.4,18.38,3376.0,62056.0
2026-09-08 13:38:00,18.4,18.4,18.4,18.4,510.0,9384.0
2026-09-08 13:39:00,18.39,18.39,18.39,18.39,10498.0,192912.0
2026-09-08 13:40:00,18.37,18.38,18.39,18.37,5933.0,109036.0
2026-09-08 13:41:00,18.38,18.39,18.39,18.38,3055.0,56172.0
2026-09-08 13:42:00,18.38,18.4,18.4,18.38,2157.0,39668.0
2026-09-08 13:43:00,18.39,18.39,18.39,18.39,345.0,6344.0
2026-09-08 13:44:00,18.39,18.4,18.4,18.39,42124.0,775004.0
2026-09-08 13:45:00,18.4,18.43,18.43,18.4,26419.0,486528.0
2026-09-08 13:46:00,18.43,18.43,18.43,18.43,4138.0,76256.0
2026-09-08 13:47:00,18.4,18.43,18.43,18.4,863.0,15884.0
2026-09-08 13:48:00,18.43,18.43,18.43,18.43,900.0,16584.0
2026-09-08 13:49:00,18.43,18.39,18.43,18.39,2044.0,37644.0
2026-09-08 13:50:00,18.42,18.41,18.42,18.41,613.0,11288.0
2026-09-08 13:51:00,18.39,18.39,18.39,18.39,11000.0,202292.0
2026-09-08 13:52:00,18.41,18.45,18.45,18.41,11399.0,210024.0
2026-09-08 13:53:00,18.43,18.43,18.43,18.43,1558.0,28716.0
2026-09-08 13:54:00,18.42,18.42,18.42,18.42,3040.0,55996.0
2026-09-08 13:55:00,18.43,18.42,18.43,18.42,5979.0,110184.0
2026-09-08 13:56:00,18.42,18.42,18.42,18.41,3028.0,55788.0
2026-09-08 13:57:00,18.41,18.4,18.41,18.4,9815.0,180696.0
2026-09-08 13:58:00,18.4,18.38,18.4,18.38,1662.0,30576.0
2026-09-08 13:59:00,18.4,18.4,18.4,18.38,7284.0,133952.0
2026-09-08 14:00:00,18.4,18.4,18.4,18.4,500.0,9200.0
2026-09-08 14:01:00,18.41,18.4,18.41,18.4,935.0,17208.0
2026-09-08 14:02:00,18.4,18.39,18.4,18.39,10277.0,189036.0
2026-09-08 14:03:00,18.38,18.4,18.41,18.38,6210.0,114272.0
2026-09-08 14:04:00,18.4,18.4,18.4,18.4,288.0,5300.0
2026-09-08 14:05:00,18.41,18.4,18.41,18.4,3673.0,67588.0
2026-09-08 14:06:00,18.41,18.4,18.41,18.4,6741.0,124036.0
2026-09-08 14:07:00,18.41,18.38,18.41,18.38,5570.0,102432.0
2026-09-08 14:08:00,18.38,18.4,18.4,18.38,8972.0,164928.0
2026-09-08 14:09:00,18.38,18.39,18.39,18.38,6200.0,113996.0
2026-09-08 14:10:00,18.39,18.41,18.41,18.37,11347.0,208592.0
2026-09-08 14:11:00,18.4,18.4,18.4,18.37,3900.0,71700.0
2026-09-08 14:12:00,18.4,18.4,18.4,18.4,300.0,5520.0
2026-09-08 14:13:00,18.4,18.37,18.4,18.37,3798.0,69784.0
2026-09-08 14:14:00,18.4,18.42,18.42,18.36,46673.0,857500.0
2026-09-08 14:15:00,18.42,18.43,18.43,18.42,10605.0,195352.0
2026-09-08 14:16:00,18.44,18.44,18.46,18.44,20939.0,386388.0
2026-09-08 14:17:00,18.42,18.42,18.42,18.42,400.0,7368.0
2026-09-08 14:18:00,18.42,18.42,18.44,18.42,4867.0,89684.0
2026-09-08 14:19:00,18.41,18.36,18.41,18.35,9950.0,183004.0
2026-09-08 14:20:00,18.37,18.36,18.37,18.36,3114.0,57196.0
2026-09-08 14:21:00,18.37,18.37,18.37,18.37,1103.0,20264.0
2026-09-08 14:22:00,18.36,18.36,18.36,18.34,37169.0,560360.0
2026-09-08 14:23:00,18.36,18.37,18.4,18.36,13231.0,243132.0
2026-09-08 14:24:00,18.4,18.38,18.4,18.36,41173.0,756472.0
2026-09-08 14:25:00,18.39,18.39,18.39,18.39,435.0,8000.0
2026-09-08 14:26:00,18.39,18.4,18.4,18.39,7079.0,130188.0
2026-09-08 14:27:00,18.38,18.38,18.38,18.38,600.0,11028.0
2026-09-08 14:28:00,18.38,18.38,18.38,18.38,4877.0,89644.0
2026-09-08 14:29:00,18.38,18.4,18.4,18.38,2412.0,44360.0
2026-09-08 14:30:00,18.4,18.4,18.4,18.4,4431.0,81532.0
2026-09-08 14:31:00,18.4,18.4,18.4,18.4,4657.0,85688.0
2026-09-08 14:32:00,18.41,18.41,18.41,18.4,5017.0,92340.0
2026-09-08 14:33:00,18.4,18.4,18.4,18.4,670.0,12328.0
2026-09-08 14:34:00,18.37,18.35,18.37,18.35,23868.0,438536.0
2026-09-08 14:35:00,18.35,18.36,18.36,18.35,2302.0,42236.0
2026-09-08 14:36:00,18.38,18.32,18.38,18.32,24430.0,448112.0
2026-09-08 14:37:00,18.37,18.37,18.37,18.37,1400.0,25716.0
2026-09-08 14:38:00,18.37,18.37,18.37,18.35,14883.0,273184.0
2026-09-08 14:39:00,18.38,18.32,18.39,18.32,21958.0,403152.0
2026-09-08 14:40:00,18.33,18.34,18.34,18.33,9335.0,171204.0
2026-09-08 14:41:00,18.33,18.34,18.34,18.32,27237.0,499312.0
2026-09-08 14:42:00,18.38,18.32,18.38,18.32,23221.0,426008.0
2026-09-08 14:43:00,18.38,18.38,18.39,18.33,14608.0,267996.0
2026-09-08 14:44:00,18.38,18.4,18.4,18.37,10328.0,189880.0
2026-09-08 14:45:00,18.38,18.39,18.39,18.38,3002.0,55184.0
2026-09-08 14:46:00,18.39,18.4,18.4,18.39,4633.0,85224.0
2026-09-08 14:47:00,18.4,18.37,18.4,18.37,9544.0,175488.0
2026-09-08 14:48:00,18.39,18.39,18.39,18.37,2617.0,48120.0
2026-09-08 14:49:00,18.39,18.39,18.39,18.39,1941.0,35692.0
2026-09-08 14:50:00,18.4,18.39,18.41,18.38,11044.0,203200.0
2026-09-08 14:51:00,18.39,18.42,18.46,18.38,67200.0,1236776.0
2026-09-08 14:52:00,18.42,18.42,18.44,18.42,10437.0,192324.0
2026-09-08 14:53:00,18.4,18.46,18.46,18.4,4396.0,81040.0
2026-09-08 14:54:00,18.43,18.41,18.43,18.41,4301.0,79272.0
2026-09-08 14:55:00,18.41,18.4,18.41,18.39,3236.0,59556.0
2026-09-08 14:56:00,18.41,18.37,18.41,18.37,19437.0,357344.0
2026-09-08 14:57:00,18.36,18.39,18.41,18.35,32815.0,603244.0
2026-09-08 14:58:00,18.4,18.4,18.4,18.4,698.0,12844.0
2026-09-08 15:00:00,18.39,18.39,18.39,18.39,61650.0,1133744.0
2026-09-09 09:31:00,18.3,18.26,18.35,18.23,41618.0,760669.0
2026-09-09 09:32:00,18.26,18.25,18.26,18.22,26678.0,486922.0
2026-09-09 09:33:00,18.25,18.3,18.3,18.22,31136.0,568046.0
2026-09-09 09:34:00,18.3,18.39,18.45,18.28,19331.0,354441.0
2026-09-09 09:35:00,18.42,18.4,18.46,18.4,41935.0,772431.0
2026-09-09 09:36:00,18.4,18.35,18.45,18.35,13758.0,252917.0
2026-09-09 09:37:00,18.32,18.3,18.32,18.3,17118.0,313562.0
2026-09-09 09:38:00,18.3,18.34,18.34,18.28,18956.0,346989.0
2026-09-09 09:39:00,18.35,18.35,18.38,18.35,5072.0,93080.0
2026-09-09 09:40:00,18.3,18.35,18.36,18.3,8129.0,149090.0
2026-09-09 09:41:00,18.38,18.44,18.44,18.31,18310.0,336872.0
2026-09-09 09:42:00,18.44,18.43,18.45,18.43,8278.0,152507.0
2026-09-09 09:43:00,18.42,18.38,18.43,18.38,14073.0,258715.0
2026-09-09 09:44:00,18.38,18.38,18.38,18.38,4659.0,85637.0
2026-09-09 09:45:00,18.38,18.39,18.39,18.38,2200.0,40438.0
2026-09-09 09:46:00,18.36,18.33,18.36,18.33,33156.0,607982.0
2026-09-09 09:47:00,18.35,18.36,18.36,18.35,24737.0,454170.0
2026-09-09 09:48:00,18.39,18.39,18.4,18.39,2896.0,53269.0
2026-09-09 09:49:00,18.36,18.35,18.36,18.35,8151.0,149635.0
2026-09-09 09:50:00,18.34,18.31,18.4,18.31,34437.0,630890.0
2026-09-09 09:51:00,18.39,18.38,18.39,18.38,1468.0,26988.0
2026-09-09 09:52:00,18.33,18.33,18.33,18.32,38549.0,706315.0
2026-09-09 09:53:00,18.33,18.38,18.38,18.33,6702.0,122869.0
2026-09-09 09:54:00,18.38,18.33,18.38,18.33,9776.0,179215.0
2026-09-09 09:55:00,18.33,18.33,18.34,18.33,4029.0,73857.0
2026-09-09 09:56:00,18.33,18.35,18.35,18.33,10151.0,186096.0
2026-09-09 09:57:00,18.33,18.31,18.34,18.31,21676.0,397359.0
2026-09-09 09:58:00,18.31,18.31,18.32,18.31,9423.0,172549.0
2026-09-09 09:59:00,18.32,18.3,18.36,18.3,10769.0,197252.0
2026-09-09 10:00:00,18.3,18.34,18.34,18.3,4526.0,82887.0
2026-09-09 10:01:00,18.32,18.32,18.32,18.32,1098.0,20115.0
2026-09-09 10:02:00,18.3,18.31,18.31,18.3,38373.0,702588.0
2026-09-09 10:03:00,18.31,18.38,18.38,18.3,28104.0,491190.0
2026-09-09 10:04:00,18.39,18.42,18.42,18.39,17265.0,317670.0
2026-09-09 10:05:00,18.4,18.42,18.42,18.4,3968.0,73048.0
2026-09-09 10:06:00,18.42,18.39,18.42,18.39,3500.0,64389.0
2026-09-09 10:07:00,18.4,18.39,18.4,18.39,994.0,18288.0
2026-09-09 10:08:00,18.38,18.38,18.38,18.38,101.0,1856.0
2026-09-09 10:09:00,18.39,18.35,18.39,18.35,6395.0,117432.0
2026-09-09 10:10:00,18.36,18.35,18.36,18.35,7769.0,142580.0
2026-09-09 10:11:00,18.32,18.32,18.32,18.32,2600.0,47637.0
2026-09-09 10:12:00,18.35,18.35,18.35,18.32,6503.0,119288.0
2026-09-09 10:13:00,18.35,18.36,18.36,18.35,4438.0,74108.0
2026-09-09 10:14:00,18.39,18.34,18.39,18.34,6388.0,117372.0
2026-09-09 10:15:00,18.34,18.33,18.34,18.33,9451.0,173329.0
2026-09-09 10:16:00,18.34,18.34,18.34,18.34,1175.0,21550.0
2026-09-09 10:17:00,18.34,18.33,18.34,18.33,742.0,13607.0
2026-09-09 10:18:00,18.33,18.33,18.33,18.33,669.0,12263.0
2026-09-09 10:19:00,18.32,18.32,18.33,18.32,993.0,18195.0
2026-09-09 10:20:00,18.32,18.32,18.32,18.32,2456.0,44994.0
2026-09-09 10:22:00,18.31,18.31,18.31,18.31,6438.0,117948.0
2026-09-09 10:23:00,18.31,18.29,18.34,18.29,65944.0,1206601.0
2026-09-09 10:24:00,18.29,18.29,18.29,18.29,1045.0,19113.0
2026-09-09 10:25:00,18.3,18.3,18.3,18.3,1388.0,25400.0
2026-09-09 10:26:00,18.3,18.29,18.3,18.29,14555.0,266318.0
2026-09-09 10:27:00,18.29,18.29,18.29,18.29,2358.0,43128.0
2026-09-09 10:28:00,18.29,18.29,18.3,18.29,1177.0,21528.0
2026-09-09 10:29:00,18.29,18.29,18.36,18.29,3500.0,64117.0
2026-09-09 10:30:00,18.29,18.29,18.29,18.29,1577.0,28843.0
2026-09-09 10:31:00,18.29,18.27,18.29,18.27,9345.0,170824.0
2026-09-09 10:32:00,18.27,18.27,18.27,18.27,6844.0,125060.0
2026-09-09 10:33:00,18.26,18.25,18.26,18.24,27472.0,399332.0
2026-09-09 10:34:00,18.25,18.24,18.25,18.23,13428.0,244968.0
2026-09-09 10:35:00,18.24,18.24,18.27,18.23,32368.0,590386.0
2026-09-09 10:36:00,18.24,18.24,18.24,18.24,6540.0,119290.0
2026-09-09 10:37:00,18.25,18.25,18.25,18.24,6018.0,109808.0
2026-09-09 10:38:00,18.25,18.25,18.25,18.25,200.0,3650.0
2026-09-09 10:39:00,18.28,18.28,18.28,18.28,1330.0,24313.0
2026-09-09 10:40:00,18.28,18.3,18.3,18.26,8793.0,160828.0
2026-09-09 10:41:00,18.3,18.27,18.3,18.27,7089.0,129714.0
2026-09-09 10:42:00,18.35,18.35,18.35,18.35,1835.0,33664.0
2026-09-09 10:44:00,18.31,18.29,18.31,18.29,12000.0,219717.0
2026-09-09 10:45:00,18.3,18.34,18.34,18.3,11778.0,215558.0
2026-09-09 10:46:00,18.36,18.42,18.42,18.36,21761.0,400012.0
2026-09-09 10:47:00,18.42,18.53,18.55,18.42,57505.0,1062548.0
2026-09-09 10:48:00,18.53,18.52,18.53,18.51,47913.0,887544.0
2026-09-09 10:49:00,18.51,18.51,18.51,18.51,67488.0,1248972.0
2026-09-09 10:50:00,18.48,18.4,18.48,18.4,6098.0,112438.0
2026-09-09 10:51:00,18.4,18.4,18.4,18.4,10390.0,191176.0
2026-09-09 10:52:00,18.45,18.41,18.45,18.41,12560.0,231562.0
2026-09-09 10:54:00,18.42,18.45,18.45,18.42,2039.0,37616.0
2026-09-09 10:55:00,18.45,18.41,18.45,18.41,6052.0,111608.0
2026-09-09 10:56:00,18.42,18.4,18.42,18.4,7990.0,147096.0
2026-09-09 10:57:00,18.39,18.38,18.4,18.38,2288.0,42058.0
2026-09-09 10:58:00,18.36,18.36,18.36,18.36,100.0,1836.0
2026-09-09 10:59:00,18.36,18.36,18.36,18.36,400.0,7344.0
2026-09-09 11:01:00,18.38,18.38,18.38,18.38,3174.0,58338.0
2026-09-09 11:02:00,18.38,18.32,18.38,18.32,10271.0,188432.0
2026-09-09 11:03:00,18.32,18.32,18.32,18.3,7174.0,94746.0
2026-09-09 11:04:00,18.32,18.31,18.36,18.31,1421.0,26046.0
2026-09-09 11:05:00,18.31,18.31,18.31,18.31,100.0,1832.0
2026-09-09 11:06:00,18.35,18.35,18.35,18.35,311.0,5708.0
2026-09-09 11:07:00,18.31,18.31,18.31,18.31,2586.0,47348.0
2026-09-09 11:10:00,18.31,18.31,18.31,18.3,6475.0,118552.0
2026-09-09 11:11:00,18.31,18.3,18.31,18.3,5296.0,96920.0
2026-09-09 11:12:00,18.3,18.3,18.31,18.3,4314.0,78972.0
2026-09-09 11:13:00,18.3,18.3,18.31,18.3,11731.0,214772.0
2026-09-09 11:14:00,18.3,18.3,18.3,18.3,3139.0,57456.0
2026-09-09 11:15:00,18.3,18.28,18.3,18.28,7337.0,134238.0
2026-09-09 11:17:00,18.28,18.29,18.29,18.28,300.0,5486.0
2026-09-09 11:18:00,18.29,18.29,18.29,18.29,630.0,11522.0
2026-09-09 11:19:00,18.3,18.3,18.3,18.29,2225.0,40718.0
2026-09-09 11:20:00,18.3,18.3,18.3,18.3,200.0,3660.0
2026-09-09 11:23:00,18.3,18.31,18.31,18.29,1300.0,21960.0
2026-09-09 11:25:00,18.3,18.3,18.3,18.3,5738.0,105048.0
2026-09-09 11:26:00,18.3,18.29,18.3,18.29,674.0,12334.0
2026-09-09 11:28:00,18.3,18.3,18.3,18.3,2721.0,49768.0
2026-09-09 11:29:00,18.29,18.29,18.29,18.29,600.0,10978.0
2026-09-09 11:30:00,18.34,18.34,18.34,18.34,100.0,1836.0
2026-09-09 13:01:00,18.29,18.29,18.29,18.29,7633.0,139606.0
2026-09-09 13:02:00,18.3,18.29,18.3,18.29,1100.0,20128.0
2026-09-09 13:03:00,18.29,18.26,18.29,18.26,31413.0,573974.0
2026-09-09 13:04:00,18.26,18.26,18.26,18.25,5307.0,96902.0
2026-09-09 13:05:00,18.26,18.26,18.26,18.25,4236.0,77346.0
2026-09-09 13:07:00,18.26,18.25,18.26,18.25,2204.0,40236.0
2026-09-09 13:08:00,18.26,18.25,18.26,18.25,3626.0,66176.0
2026-09-09 13:09:00,18.25,18.25,18.26,18.25,8800.0,160636.0
2026-09-09 13:10:00,18.25,18.25,18.26,18.25,2900.0,52934.0
2026-09-09 13:11:00,18.26,18.26,18.26,18.26,8628.0,157552.0
2026-09-09 13:12:00,18.26,18.26,18.26,18.24,6968.0,127210.0
2026-09-09 13:13:00,18.25,18.25,18.27,18.25,4218.0,77020.0
2026-09-09 13:14:00,18.25,18.26,18.26,18.24,9800.0,178800.0
2026-09-09 13:15:00,18.25,18.23,18.25,18.23,17335.0,316164.0
2026-09-09 13:16:00,18.23,18.23,18.23,18.23,2600.0,47398.0
2026-09-09 13:17:00,18.23,18.23,18.25,18.23,20889.0,380882.0
2026-09-09 13:18:00,18.23,18.22,18.23,18.22,7674.0,139836.0
2026-09-09 13:19:00,18.22,18.2,18.22,18.2,21628.0,393780.0
2026-09-09 13:20:00,18.19,18.18,18.19,18.17,29560.0,537576.0
2026-09-09 13:21:00,18.18,18.18,18.19,18.17,3350.0,60904.0
2026-09-09 13:22:00,18.18,18.15,18.18,18.15,11161.0,202724.0
2026-09-09 13:23:00,18.13,18.11,18.13,18.1,52011.0,942392.0
2026-09-09 13:24:00,18.11,18.0,18.11,18.0,148523.0,2679688.0
2026-09-09 13:25:00,18.0,18.03,18.05,17.96,31927.0,574708.0
2026-09-09 13:26:00,18.01,17.98,18.01,17.97,35075.0,631840.0
2026-09-09 13:27:00,17.99,17.99,18.03,17.98,6069.0,109248.0
2026-09-09 13:28:00,18.0,17.99,18.03,17.99,34305.0,617818.0
2026-09-09 13:29:00,17.99,18.01,18.01,17.99,7072.0,127390.0
2026-09-09 13:30:00,18.01,17.96,18.01,17.96,54786.0,985208.0
2026-09-09 13:31:00,17.96,17.97,18.0,17.96,15592.0,280554.0
2026-09-09 13:32:00,17.97,17.99,17.99,17.97,1840.0,33078.0
2026-09-09 13:33:00,17.99,17.88,18.0,17.88,109281.0,1960772.0
2026-09-09 13:34:00,17.88,17.89,17.89,17.87,77035.0,1377208.0
2026-09-09 13:35:00,17.98,17.97,17.99,17.9,12348.0,221872.0
2026-09-09 13:36:00,17.9,17.9,17.9,17.9,18316.0,327896.0
2026-09-09 13:37:00,17.91,17.9,17.91,17.9,3579.0,64088.0
2026-09-09 13:38:00,17.9,17.89,17.9,17.89,11934.0,213552.0
2026-09-09 13:39:00,17.91,17.94,17.94,17.91,2422.0,43392.0
2026-09-09 13:40:00,17.94,17.98,17.98,17.94,9431.0,169300.0
2026-09-09 13:41:00,17.88,17.87,17.88,17.87,20300.0,363124.0
2026-09-09 13:42:00,17.88,17.88,17.97,17.88,13323.0,238288.0
2026-09-09 13:43:00,17.88,17.88,17.89,17.88,20100.0,359396.0
2026-09-09 13:44:00,17.93,17.88,17.93,17.88,26357.0,471416.0
2026-09-09 13:45:00,17.88,17.88,17.88,17.87,12717.0,227372.0
2026-09-09 13:46:00,17.88,17.86,17.88,17.8,74477.0,1328640.0
2026-09-09 13:47:00,17.85,17.86,17.86,17.85,20600.0,366800.0
2026-09-09 13:48:00,17.8,17.8,17.84,17.8,71508.0,1273212.0
2026-09-09 13:49:00,17.8,17.8,17.81,17.8,55500.0,987908.0
2026-09-09 13:50:00,17.85,17.8,17.85,17.8,23300.0,414800.0
2026-09-09 13:51:00,17.81,17.86,17.86,17.81,2014.0,35940.0
2026-09-09 13:52:00,17.86,17.77,17.93,17.77,62810.0,1117396.0
2026-09-09 13:53:00,17.77,17.77,17.77,17.77,45596.0,751564.0
2026-09-09 13:54:00,17.92,17.9,17.92,17.9,1075.0,19256.0
2026-09-09 13:55:00,17.8,17.8,17.8,17.8,6638.0,118164.0
2026-09-09 13:56:00,17.8,17.8,17.8,17.8,13562.0,241408.0
2026-09-09 13:57:00,17.9,17.9,17.9,17.9,100.0,1788.0
2026-09-09 13:58:00,17.82,17.9,17.9,17.82,2400.0,42784.0
2026-09-09 13:59:00,17.9,17.91,17.91,17.89,2500.0,44740.0
2026-09-09 14:00:00,17.91,17.99,17.99,17.91,30455.0,545736.0
2026-09-09 14:01:00,17.99,17.95,17.99,17.95,8293.0,149076.0
2026-09-09 14:02:00,17.97,17.92,17.97,17.92,13679.0,245484.0
2026-09-09 14:03:00,17.92,17.94,17.94,17.9,39349.0,705036.0
2026-09-09 14:04:00,17.81,17.81,17.81,17.81,20000.0,356776.0
2026-09-09 14:05:00,17.8,17.81,17.81,17.8,25200.0,448604.0
2026-09-09 14:06:00,17.91,17.92,17.92,17.91,39700.0,708292.0
2026-09-09 14:07:00,17.8,17.9,17.92,17.8,50242.0,895668.0
2026-09-09 14:08:00,17.9,17.9,17.9,17.9,4225.0,75624.0
2026-09-09 14:09:00,17.9,17.8,17.9,17.8,21000.0,374172.0
2026-09-09 14:10:00,17.89,17.9,17.9,17.83,12700.0,226908.0
2026-09-09 14:11:00,17.8,17.8,17.8,17.8,20000.0,356116.0
2026-09-09 14:12:00,17.8,17.88,17.88,17.8,15560.0,277008.0
2026-09-09 14:13:00,17.88,18.01,18.01,17.88,34374.0,618332.0
2026-09-09 14:14:00,18.0,17.98,18.0,17.98,8398.0,151096.0
2026-09-09 14:15:00,17.98,17.99,17.99,17.98,9053.0,162804.0
2026-09-09 14:16:00,18.01,18.04,18.08,18.01,30404.0,548584.0
2026-09-09 14:17:00,18.04,18.06,18.06,18.04,4255.0,76788.0
2026-09-09 14:18:00,18.05,18.06,18.07,18.05,11966.0,216024.0
2026-09-09 14:19:00,18.06,18.15,18.15,18.04,41720.0,753656.0
2026-09-09 14:20:00,18.18,18.16,18.18,18.15,9623.0,174824.0
2026-09-09 14:21:00,18.1,18.07,18.1,18.07,500.0,9048.0
2026-09-09 14:22:00,18.09,18.07,18.09,18.07,3965.0,71672.0
2026-09-09 14:23:00,18.07,18.04,18.09,18.04,11098.0,200416.0
2026-09-09 14:24:00,18.06,18.09,18.09,18.06,4368.0,78928.0
2026-09-09 14:25:00,18.09,18.12,18.12,18.09,2400.0,43460.0
2026-09-09 14:26:00,18.12,18.11,18.12,18.11,2500.0,45268.0
2026-09-09 14:27:00,18.11,18.11,18.12,18.11,5075.0,91912.0
2026-09-09 14:28:00,18.11,18.08,18.11,18.07,6163.0,111468.0
2026-09-09 14:29:00,18.11,18.11,18.11,18.08,1600.0,28960.0
2026-09-09 14:30:00,18.11,18.11,18.11,18.11,1400.0,25352.0
2026-09-09 14:31:00,18.11,18.1,18.11,18.03,8165.0,147344.0
2026-09-09 14:32:00,18.04,18.04,18.1,18.04,700.0,12652.0
2026-09-09 14:33:00,18.04,18.06,18.06,18.04,1596.0,28824.0
2026-09-09 14:34:00,18.05,18.05,18.05,18.05,1100.0,19852.0
2026-09-09 14:35:00,18.05,18.07,18.07,18.05,2720.0,49108.0
2026-09-09 14:36:00,18.07,18.07,18.07,18.07,286.0,5168.0
2026-09-09 14:37:00,18.07,18.07,18.07,18.06,1258.0,22720.0
2026-09-09 14:38:00,18.05,18.06,18.07,18.05,1905.0,34400.0
2026-09-09 14:39:00,18.1,18.1,18.1,18.06,13926.0,251992.0
2026-09-09 14:40:00,18.1,18.07,18.1,18.07,400.0,7232.0
2026-09-09 14:41:00,18.07,18.06,18.07,18.06,1500.0,27100.0
2026-09-09 14:42:00,18.07,18.08,18.1,18.07,3437.0,62116.0
2026-09-09 14:43:00,18.07,18.05,18.07,18.05,3270.0,59064.0
2026-09-09 14:44:00,18.05,18.06,18.06,18.04,3000.0,54136.0
2026-09-09 14:45:00,18.03,18.03,18.03,18.03,7602.0,137064.0
2026-09-09 14:46:00,18.01,18.02,18.02,18.0,22465.0,404556.0
2026-09-09 14:47:00,18.02,18.0,18.02,18.0,4400.0,79260.0
2026-09-09 14:48:00,18.01,18.01,18.01,18.0,7210.0,129840.0
2026-09-09 14:49:00,18.01,18.0,18.02,18.0,16134.0,290640.0
2026-09-09 14:50:00,18.01,18.03,18.03,18.01,5113.0,92112.0
2026-09-09 14:51:00,18.01,18.01,18.03,18.01,3916.0,70528.0
2026-09-09 14:52:00,18.0,18.01,18.01,18.0,5370.0,96684.0
2026-09-09 14:53:00,18.01,18.01,18.03,18.0,19662.0,354136.0
2026-09-09 14:54:00,18.02,18.02,18.03,18.02,7744.0,139600.0
2026-09-09 14:55:00,18.05,18.05,18.05,18.01,4200.0,75768.0
2026-09-09 14:56:00,18.06,18.06,18.08,18.06,13911.0,251344.0
2026-09-09 14:57:00,18.06,18.08,18.08,18.05,15600.0,281784.0
2026-09-09 14:58:00,18.07,18.07,18.07,18.07,45.0,812.0
2026-09-09 15:00:00,18.05,18.05,18.05,18.05,23528.0,424684.0
