time,open,close,high,low,volume,amount
2026-08-28 13:53:00,391.49,391.9,391.98,391.49,5100.0,1998708.0
2026-08-28 13:54:00,391.9,391.55,391.91,390.89,4800.0,1878904.0
2026-08-28 13:55:00,390.9,390.89,391.55,390.89,2100.0,821018.0
2026-08-28 13:56:00,390.86,391.78,391.78,390.86,5800.0,2270865.0
2026-08-28 13:57:00,391.7,390.43,391.7,390.05,3100.0,1212419.0
2026-08-28 13:58:00,390.1,388.31,390.1,388.3,4200.0,1634816.0
2026-08-28 13:59:00,388.31,389.6,389.94,388.31,2600.0,1012060.0
2026-08-28 14:00:00,389.6,388.75,389.61,388.71,1700.0,662042.0
2026-08-28 14:01:00,389.22,389.0,389.22,389.0,6300.0,2450724.0
2026-08-28 14:02:00,389.0,389.08,389.08,388.9,1900.0,739102.0
2026-08-28 14:03:00,389.07,389.5,389.5,388.98,2500.0,972874.0
2026-08-28 14:04:00,389.5,389.58,389.58,389.35,900.0,350497.0
2026-08-28 14:05:00,389.58,390.43,390.43,389.58,4800.0,1870882.0
2026-08-28 14:06:00,390.99,391.78,391.96,390.99,6100.0,2389057.0
2026-08-28 14:07:00,391.83,391.3,391.9,391.2,3500.0,1371173.0
2026-08-28 14:08:00,391.4,391.35,391.4,390.3,5100.0,1995530.0
2026-08-28 14:09:00,391.3,390.99,391.3,390.23,1400.0,547240.0
2026-08-28 14:10:00,390.33,390.9,390.95,390.17,1800.0,703313.0
2026-08-28 14:11:00,390.9,390.95,390.95,390.41,2500.0,976697.0
2026-08-28 14:12:00,391.16,391.82,391.87,391.16,6400.0,2505871.0
2026-08-28 14:13:00,391.77,391.58,391.78,391.0,2200.0,861210.0
2026-08-28 14:14:00,391.03,392.59,392.59,391.03,9667.0,3788405.9941
2026-08-28 14:15:00,392.68,393.93,393.93,392.68,8200.0,3227340.9922
2026-08-28 14:16:00,393.93,392.51,393.93,392.51,7200.0,2832653.0
2026-08-28 14:17:00,392.5,391.88,392.5,391.88,2800.0,1097630.0
2026-08-28 14:18:00,391.88,392.0,392.0,391.88,2500.0,979948.0
2026-08-28 14:19:00,392.01,391.65,392.02,391.65,4900.0,1920410.0
2026-08-28 14:20:00,391.65,389.97,391.8,389.11,30133.0,11775660.9824
2026-08-28 14:21:00,389.73,389.12,390.98,389.12,5100.0,1988661.002
2026-08-28 14:22:00,389.12,389.27,390.0,389.12,5400.0,2102891.002
2026-08-28 14:23:00,389.43,387.49,389.43,387.4,17100.0,6648676.0
2026-08-28 14:24:00,387.29,387.32,387.8,387.03,8200.0,3175234.9844
2026-08-28 14:25:00,387.32,387.21,388.0,386.99,11367.0,4400614.3701
2026-08-28 14:26:00,388.19,388.86,389.56,388.19,3600.0,1399273.0
2026-08-28 14:27:00,388.86,388.21,388.86,388.21,3700.0,1436829.0
2026-08-28 14:28:00,388.21,388.24,388.24,387.23,3500.0,1357331.001
2026-08-28 14:29:00,387.31,388.96,388.96,387.3,3200.0,1242035.0
2026-08-28 14:30:00,388.5,389.85,390.01,388.5,6000.0,2338247.0
2026-08-28 14:31:00,389.85,389.12,389.86,389.0,4200.0,1634540.0
2026-08-28 14:32:00,389.27,389.8,390.01,389.27,3700.0,1441824.0
2026-08-28 14:33:00,389.8,389.5,390.0,389.4,1100.0,428520.0
2026-08-28 14:34:00,389.3,389.27,390.01,389.27,2800.0,1090617.0
2026-08-28 14:35:00,389.28,388.5,389.28,388.5,3500.0,1361187.0
2026-08-28 14:36:00,388.6,387.51,388.68,387.5,8590.0,3333719.6064
2026-08-28 14:37:00,387.56,386.66,388.68,386.66,21843.0,8459809.7251
2026-08-28 14:38:00,386.66,384.19,386.66,384.18,44200.0,17021266.9922
2026-08-28 14:39:00,384.39,382.58,385.0,382.58,51100.0,19627753.9722
2026-08-28 14:40:00,382.5,381.5,382.58,380.8,44700.0,17048379.9922
2026-08-28 14:41:00,382.0,381.0,382.58,380.56,52500.0,20020770.5608
2026-08-28 14:42:00,381.15,380.58,381.38,379.01,87592.0,33289533.4561
2026-08-28 14:43:00,380.0,381.55,381.55,380.0,34391.0,13100652.0508
2026-08-28 14:44:00,381.9,380.5,382.0,380.5,31009.0,11826991.4719
2026-08-28 14:45:00,380.84,380.79,380.85,379.56,43700.0,16611119.9397
2026-08-28 14:46:00,380.2,380.97,381.47,380.11,41400.0,15763253.9922
2026-08-28 14:47:00,381.0,380.5,381.0,380.12,18200.0,6925601.0
2026-08-28 14:48:00,380.46,380.6,381.65,380.15,27891.0,10619675.1968
2026-08-28 14:49:00,380.75,381.0,381.7,379.85,45600.0,17352561.9858
2026-08-28 14:50:00,380.53,380.0,381.28,380.0,34500.0,13122444.6328
2026-08-28 14:51:00,380.01,379.2,380.89,379.12,32309.0,12270797.3718
2026-08-28 14:52:00,379.2,379.04,380.0,378.88,64455.0,24435568.4143
2026-08-28 14:53:00,379.78,378.81,380.0,378.81,24745.0,9383598.6426
2026-08-28 14:54:00,378.81,378.58,378.93,377.84,66150.0,25017674.2207
2026-08-28 14:55:00,378.57,379.1,379.1,377.91,64019.0,24224394.3213
2026-08-28 14:56:00,379.1,379.8,380.73,379.1,35900.0,13639713.0
2026-08-28 14:57:00,379.8,378.7,380.16,378.1,31800.0,12058044.0
2026-08-28 15:00:00,378.59,378.59,378.59,378.59,71885.0,27214942.1846
2026-08-31 09:31:00,365.88,372.0,374.93,365.88,264691.0,97482659.4219
2026-08-31 09:32:00,370.81,373.0,375.83,370.01,74600.0,27900101.7031
2026-08-31 09:33:00,373.79,372.93,375.5,372.01,53830.0,20131262.3789
2026-08-31 09:34:00,373.2,366.88,374.0,366.6,79200.0,29264114.5369
2026-08-31 09:35:00,366.88,366.5,366.89,366.0,91749.0,33617451.0381
2026-08-31 09:36:00,366.5,366.5,368.05,365.88,124300.0,45564381.8223
2026-08-31 09:37:00,366.7,367.0,367.99,366.0,37000.0,13586464.0
2026-08-31 09:38:00,366.6,364.98,367.0,364.2,46100.0,16861439.0
2026-08-31 09:39:00,364.25,368.0,368.05,363.5,137900.0,50451958.4551
2026-08-31 09:40:00,367.89,371.5,372.5,367.51,57500.0,21289254.0
2026-08-31 09:41:00,371.0,371.0,371.5,368.8,46200.0,17095185.9922
2026-08-31 09:42:00,371.0,370.5,371.04,369.18,31600.0,11702104.0078
2026-08-31 09:43:00,369.32,372.99,373.0,369.32,32900.0,12219641.8569
2026-08-31 09:44:00,372.99,372.54,373.0,372.0,28900.0,10771451.5332
2026-08-31 09:45:00,372.54,371.89,372.6,371.24,16500.0,6138617.8418
2026-08-31 09:46:00,371.88,370.11,371.88,370.1,20000.0,7417956.9844
2026-08-31 09:47:00,370.59,370.08,371.0,369.31,22602.0,8363731.1205
2026-08-31 09:48:00,370.14,372.54,372.54,369.31,27400.0,10174739.9911
2026-08-31 09:49:00,372.6,370.89,372.79,370.89,19800.0,7364458.0
2026-08-31 09:50:00,371.0,370.31,371.52,370.3,28900.0,10716139.9063
2026-08-31 09:51:00,370.3,368.8,371.0,368.77,28698.0,10613846.2693
2026-08-31 09:52:00,369.56,370.31,370.31,368.78,25693.0,9487928.3895
2026-08-31 09:53:00,370.37,368.5,370.9,368.5,26009.0,9597012.0659
2026-08-31 09:54:00,368.5,368.23,369.52,368.23,18600.0,6856073.999
2026-08-31 09:55:00,368.23,366.68,368.87,366.1,32000.0,11767225.0
2026-08-31 09:56:00,366.66,367.9,368.81,366.66,17200.0,6320625.0313
2026-08-31 09:57:00,367.9,367.03,367.91,366.9,7200.0,2643945.0
2026-08-31 09:58:00,367.8,367.8,367.83,367.02,10000.0,3675696.9844
2026-08-31 09:59:00,367.4,368.78,368.78,367.4,13200.0,4855464.9844
2026-08-31 10:00:00,368.78,367.65,368.81,367.65,8273.0,3045805.4492
2026-08-31 10:01:00,368.25,365.18,368.25,365.18,42427.0,15549144.5498
2026-08-31 10:02:00,365.19,365.1,366.17,364.7,59964.0,21886640.8916
2026-08-31 10:03:00,365.15,366.0,366.12,365.06,12400.0,4534740.0
2026-08-31 10:04:00,366.0,367.0,367.0,365.2,12100.0,4429884.0234
2026-08-31 10:05:00,366.66,367.88,368.5,366.66,8900.0,3272963.0078
2026-08-31 10:06:00,368.0,368.0,368.5,367.42,10800.0,3973943.0
2026-08-31 10:07:00,368.08,369.5,369.5,368.0,12400.0,4572739.0
2026-08-31 10:08:00,369.5,369.48,369.5,369.0,8500.0,3139748.0
2026-08-31 10:09:00,369.49,370.78,370.87,369.48,13700.0,5072121.0
2026-08-31 10:10:00,370.78,370.01,370.79,370.0,9500.0,3520682.0
2026-08-31 10:11:00,370.01,371.25,371.88,369.51,50500.0,18714017.0
2026-08-31 10:12:00,371.85,370.5,371.88,370.0,22200.0,8229807.0234
2026-08-31 10:13:00,370.5,369.49,370.51,369.49,7500.0,2775355.0
2026-08-31 10:14:00,369.51,368.9,369.51,368.9,7900.0,2915205.0
2026-08-31 10:15:00,368.88,369.0,369.26,368.18,29537.0,10895655.6602
2026-08-31 10:16:00,369.5,370.47,370.47,369.5,3200.0,1184848.0
2026-08-31 10:17:00,370.43,368.18,370.43,368.18,5800.0,2141187.0022
2026-08-31 10:18:00,368.18,368.26,368.26,368.18,3400.0,1251989.0
2026-08-31 10:19:00,369.12,367.39,369.95,367.39,10400.0,3829091.0078
2026-08-31 10:20:00,367.25,367.0,367.39,366.8,6300.0,2312303.0
2026-08-31 10:21:00,367.01,368.24,369.5,367.0,15100.0,5559451.8125
2026-08-31 10:22:00,368.9,367.6,368.9,367.6,4200.0,1544232.0
2026-08-31 10:23:00,367.61,367.4,367.61,367.37,4700.0,1727356.0
2026-08-31 10:24:00,367.41,367.85,368.0,367.38,5200.0,1910743.0391
2026-08-31 10:25:00,367.85,367.6,368.0,367.56,3000.0,1103384.0
2026-08-31 10:26:00,367.6,367.42,367.6,367.4,4400.0,1616723.0078
2026-08-31 10:27:00,367.4,368.01,368.01,367.4,8100.0,2977951.0
2026-08-31 10:28:00,368.1,368.85,368.88,368.01,2300.0,848018.0
2026-08-31 10:29:00,368.75,368.7,368.76,368.04,2400.0,884080.0
2026-08-31 10:30:00,368.7,368.0,368.79,367.39,18900.0,6954524.0
2026-08-31 10:31:00,368.0,366.0,368.0,366.0,29900.0,10976101.0
2026-08-31 10:32:00,366.01,365.88,366.02,365.88,18100.0,6624610.0
2026-08-31 10:33:00,365.8,366.0,366.0,365.77,6700.0,2451133.0
2026-08-31 10:34:00,366.0,365.88,366.0,365.66,8800.0,3219340.9922
2026-08-31 10:35:00,365.88,365.7,366.0,365.7,5500.0,2012381.0156
2026-08-31 10:36:00,365.7,365.0,365.7,364.45,43500.0,15878828.0
2026-08-31 10:37:00,365.0,365.12,365.72,364.55,8900.0,3247717.0
2026-08-31 10:38:00,365.12,364.75,365.7,364.6,7200.0,2628068.0
2026-08-31 10:39:00,364.75,365.46,365.5,364.18,16100.0,5868430.9922
2026-08-31 10:40:00,364.76,364.9,365.33,364.74,9000.0,3283550.0
2026-08-31 10:41:00,364.81,364.55,364.9,364.5,10600.0,3865995.0
2026-08-31 10:42:00,364.5,364.02,364.5,364.0,25800.0,9394270.0313
2026-08-31 10:43:00,364.15,363.89,364.15,363.8,9600.0,3493857.0
2026-08-31 10:44:00,363.8,365.5,365.5,363.75,15400.0,5610564.0
2026-08-31 10:45:00,365.5,365.03,365.73,364.27,5000.0,1826224.0
2026-08-31 10:46:00,365.7,364.65,365.7,364.27,3800.0,1385964.0203
2026-08-31 10:47:00,364.6,365.62,365.65,364.6,4300.0,1570846.0
2026-08-31 10:48:00,365.66,365.66,365.9,365.52,6500.0,2376987.0
2026-08-31 10:49:00,365.96,365.24,365.96,365.2,4800.0,1755098.0078
2026-08-31 10:50:00,365.24,363.81,365.24,363.81,13700.0,4990517.9844
2026-08-31 10:51:00,363.82,363.2,363.82,363.18,23100.0,8398312.9841
2026-08-31 10:52:00,363.2,362.0,363.21,361.88,42702.0,15493994.7021
2026-08-31 10:53:00,362.02,363.0,363.0,361.22,16515.0,5980373.2729
2026-08-31 10:54:00,363.02,362.39,363.02,362.39,9900.0,3590514.0
2026-08-31 10:55:00,362.39,363.48,363.5,362.22,22045.0,7993856.9023
2026-08-31 10:56:00,363.5,362.93,363.72,362.8,14100.0,5117894.0
2026-08-31 10:57:00,363.7,363.04,363.72,363.0,3100.0,1126348.0
2026-08-31 10:58:00,363.23,365.21,365.21,363.23,39600.0,14415718.0
2026-08-31 10:59:00,364.58,364.55,364.58,363.75,3000.0,1092934.0
2026-08-31 11:00:00,364.58,364.58,364.58,364.0,2100.0,764987.0
2026-08-31 11:01:00,364.99,364.01,364.99,363.72,3300.0,1201762.0
2026-08-31 11:02:00,364.01,363.67,364.5,363.67,1700.0,618626.0
2026-08-31 11:03:00,363.3,362.8,363.3,362.5,9700.0,3520273.0
2026-08-31 11:04:00,362.58,363.26,363.27,362.58,14879.0,5396455.3301
2026-08-31 11:05:00,363.27,363.74,364.47,363.26,2700.0,981946.0
2026-08-31 11:06:00,363.75,364.32,364.37,363.75,1200.0,437164.0
2026-08-31 11:07:00,364.35,364.27,364.35,363.82,1200.0,437097.0
2026-08-31 11:08:00,363.9,364.17,364.17,363.9,300.0,109207.0
2026-08-31 11:09:00,364.25,364.47,364.47,364.0,4000.0,1457153.0
2026-08-31 11:10:00,364.5,365.47,365.47,364.5,3700.0,1350113.9844
2026-08-31 11:11:00,365.76,366.0,366.87,365.01,10900.0,3987588.0
2026-08-31 11:12:00,365.75,365.55,366.49,365.28,2900.0,1061010.0
2026-08-31 11:13:00,365.44,366.09,366.18,365.4,1000.0,365843.0
2026-08-31 11:14:00,366.0,365.31,366.0,365.31,2300.0,840560.0
2026-08-31 11:15:00,365.31,365.3,365.37,365.3,3100.0,1132458.0
2026-08-31 11:16:00,365.32,365.35,365.86,365.31,6400.0,2338656.0
2026-08-31 11:17:00,365.56,365.76,365.77,365.35,1700.0,621559.0
2026-08-31 11:18:00,365.79,365.73,365.98,365.73,1600.0,585274.3008
2026-08-31 11:19:00,365.4,365.34,365.66,365.32,2100.0,767278.0
2026-08-31 11:20:00,365.34,365.34,365.34,365.2,2300.0,840094.0
2026-08-31 11:21:00,365.25,365.5,365.5,365.25,2000.0,730667.0
2026-08-31 11:22:00,365.55,366.63,366.63,365.55,6900.0,2525398.6504
2026-08-31 11:23:00,366.65,365.95,366.7,365.95,4100.0,1503002.0
2026-08-31 11:24:00,365.96,367.88,368.0,365.9,22700.0,8327579.0
2026-08-31 11:25:00,367.36,367.79,367.88,366.85,3400.0,1249748.0
2026-08-31 11:26:00,367.75,367.85,367.87,366.9,5400.0,1984714.0
2026-08-31 11:27:00,367.87,368.54,368.8,367.87,10700.0,3939088.0
2026-08-31 11:28:00,368.45,368.44,368.54,367.98,4500.0,1657445.0
2026-08-31 11:29:00,368.44,367.08,368.44,367.08,1600.0,588857.0
2026-08-31 11:30:00,367.88,367.3,367.95,367.12,2100.0,771963.0
2026-08-31 13:01:00,367.16,368.8,369.6,367.16,10691.0,3938596.1484
2026-08-31 13:02:00,369.0,369.55,369.59,368.87,9187.0,3390953.4346
2026-08-31 13:03:00,369.2,367.37,369.2,367.37,9700.0,3576331.7813
2026-08-31 13:04:00,367.4,367.44,367.53,367.4,1600.0,587932.0
2026-08-31 13:05:00,367.44,367.22,367.44,367.2,2200.0,807954.0
2026-08-31 13:06:00,367.2,366.68,367.2,366.66,4400.0,1614482.0
2026-08-31 13:07:00,366.68,366.88,367.5,366.68,3600.0,1320968.0
2026-08-31 13:08:00,366.88,366.5,367.55,366.5,2900.0,1063796.0
2026-08-31 13:09:00,366.36,366.02,366.36,365.26,3300.0,1207432.0
2026-08-31 13:10:00,366.9,367.0,367.6,365.44,1000.0,366860.0
2026-08-31 13:11:00,367.0,367.24,367.3,366.06,2100.0,770567.0
2026-08-31 13:12:00,366.09,366.98,366.98,366.09,1200.0,439585.0
2026-08-31 13:13:00,366.97,366.88,366.98,366.85,1500.0,550416.0
2026-08-31 13:14:00,366.88,367.6,367.6,366.65,2500.0,917554.0
2026-08-31 13:15:00,367.41,368.8,368.8,367.41,4000.0,1472977.0
2026-08-31 13:16:00,368.8,368.96,369.37,368.01,8900.0,3282977.0
2026-08-31 13:17:00,369.55,369.6,369.69,368.89,7700.0,2845400.0
2026-08-31 13:18:00,369.49,369.0,369.59,368.9,4800.0,1771791.0
2026-08-31 13:19:00,369.0,369.4,369.5,368.96,2900.0,1071079.0
2026-08-31 13:20:00,368.92,368.98,368.98,368.38,4200.0,1548640.0078
2026-08-31 13:21:00,368.95,368.49,369.4,368.47,10500.0,3876987.0
2026-08-31 13:22:00,368.49,367.03,369.3,367.03,4900.0,1804728.0
2026-08-31 13:23:00,367.09,368.18,368.37,367.09,2300.0,845145.0
2026-08-31 13:24:00,367.82,368.1,368.12,367.6,1100.0,404696.0
2026-08-31 13:25:00,368.21,368.52,368.52,367.86,2128.0,783137.3584
2026-08-31 13:26:00,368.8,368.47,369.68,368.13,8800.0,3249836.0
2026-08-31 13:27:00,368.5,369.37,369.4,368.5,1700.0,627498.0
2026-08-31 13:28:00,369.36,368.81,369.37,368.75,6400.0,2361090.0
2026-08-31 13:29:00,368.81,369.36,369.36,368.78,7300.0,2692823.0
2026-08-31 13:30:00,369.33,369.32,369.33,369.01,1400.0,516971.0
2026-08-31 13:31:00,369.32,369.33,369.33,369.07,3200.0,1181592.0
2026-08-31 13:32:00,369.35,370.18,370.3,369.33,16800.0,6212501.8306
2026-08-31 13:33:00,370.08,369.08,370.08,369.01,30300.0,11204034.9922
2026-08-31 13:34:00,369.22,369.58,369.6,369.1,2800.0,1034042.0
2026-08-31 13:35:00,369.58,369.21,369.58,369.13,2800.0,1033891.0
2026-08-31 13:36:00,369.23,368.8,369.23,368.8,11000.0,4059333.0
2026-08-31 13:37:00,368.78,368.2,369.0,368.2,11200.0,4127262.0
2026-08-31 13:38:00,368.2,368.37,369.0,368.2,1900.0,699802.0
2026-08-31 13:39:00,368.97,367.58,368.97,367.58,11500.0,4233933.9922
2026-08-31 13:40:00,367.53,367.52,367.53,367.1,2500.0,918126.0
2026-08-31 13:41:00,367.22,367.05,367.5,367.05,6900.0,2533252.9766
2026-08-31 13:42:00,367.02,366.95,367.03,366.18,12000.0,4399809.0
2026-08-31 13:43:00,366.9,367.99,367.99,366.23,5100.0,1870260.9922
2026-08-31 13:44:00,367.99,367.25,368.47,367.23,5200.0,1912308.0
2026-08-31 13:45:00,367.24,368.47,368.47,367.22,3700.0,1360275.0
2026-08-31 13:46:00,368.0,367.15,368.0,367.15,2900.0,1065700.0
2026-08-31 13:47:00,367.15,367.29,368.42,367.08,1900.0,697893.0
2026-08-31 13:48:00,367.3,367.85,368.09,366.37,7600.0,2790039.0
2026-08-31 13:49:00,367.36,366.59,367.36,366.36,3900.0,1430231.0156
2026-08-31 13:50:00,366.59,366.39,366.6,366.38,4200.0,1539096.0
2026-08-31 13:51:00,366.38,366.44,367.5,366.36,10900.0,3998617.0
2026-08-31 13:52:00,366.44,366.44,367.32,366.37,4400.0,1612510.0
2026-08-31 13:53:00,367.16,366.9,367.16,366.3,6400.0,2345333.0
2026-08-31 13:54:00,366.31,365.55,366.31,365.53,9400.0,3440444.0
2026-08-31 13:55:00,365.55,365.7,366.05,365.53,7900.0,2887992.0
2026-08-31 13:56:00,365.58,365.59,365.93,365.57,2900.0,1060348.0
2026-08-31 13:57:00,365.59,365.61,365.77,365.58,4000.0,1462518.0
2026-08-31 13:58:00,365.7,365.61,365.77,365.59,4900.0,1791581.0
2026-08-31 13:59:00,365.61,366.83,366.83,365.61,9300.0,3403984.0
2026-08-31 14:00:00,367.0,367.0,367.43,366.4,2000.0,734167.0
2026-08-31 14:01:00,367.36,367.02,367.4,367.0,4400.0,1615809.0
2026-08-31 14:02:00,367.41,367.72,367.86,367.41,4100.0,1507119.0
2026-08-31 14:03:00,367.71,367.1,367.71,367.0,4200.0,1542533.0
2026-08-31 14:04:00,367.0,366.68,367.0,366.68,2800.0,1027158.0
2026-08-31 14:05:00,366.53,366.55,366.68,366.51,3000.0,1099654.0
2026-08-31 14:06:00,366.55,366.56,367.0,366.51,4255.0,1560176.25
2026-08-31 14:07:00,367.02,367.52,367.52,367.02,1413.0,518943.2578
2026-08-31 14:08:00,367.53,368.16,368.16,367.52,4100.0,1508422.0
2026-08-31 14:09:00,368.08,368.36,368.38,368.08,3600.0,1325588.9688
2026-08-31 14:10:00,368.41,368.23,368.41,368.11,2100.0,773261.0
2026-08-31 14:11:00,368.23,368.38,368.41,368.23,2015.0,742114.4551
2026-08-31 14:12:00,368.41,369.3,369.3,368.41,5300.0,1955283.0
2026-08-31 14:13:00,369.3,369.99,370.16,369.29,15535.0,5743131.2344
2026-08-31 14:14:00,369.96,371.0,371.4,369.9,35546.0,13167059.0625
2026-08-31 14:15:00,371.0,371.46,371.48,371.0,17950.0,6664639.5
2026-08-31 14:16:00,371.26,370.23,371.41,370.23,8200.0,3043505.0
2026-08-31 14:17:00,370.23,372.5,372.51,370.23,22700.0,8434744.0
2026-08-31 14:18:00,372.51,373.34,373.89,372.5,20600.0,7683198.0
2026-08-31 14:19:00,373.34,372.88,373.47,372.57,10100.0,3768129.0
2026-08-31 14:20:00,372.88,373.66,373.88,372.8,11700.0,4369903.0
2026-08-31 14:21:00,373.65,374.5,374.5,373.0,26100.0,9756137.0
2026-08-31 14:22:00,374.5,374.78,374.94,374.0,45800.0,17159223.0
2026-08-31 14:23:00,374.67,374.0,374.78,373.85,20300.0,7601622.0
2026-08-31 14:24:00,373.98,373.7,374.0,373.7,6100.0,2280418.0156
2026-08-31 14:25:00,373.7,374.01,374.6,373.6,20900.0,7814582.0
2026-08-31 14:26:00,373.66,373.98,374.03,373.66,8900.0,3327847.0
2026-08-31 14:27:00,373.98,373.68,374.0,373.68,11200.0,4187489.0313
2026-08-31 14:28:00,373.95,373.12,373.95,373.12,9500.0,3549372.0
2026-08-31 14:29:00,373.13,373.97,373.97,373.09,10300.0,3845756.0
2026-08-31 14:30:00,373.8,372.82,373.8,372.3,18600.0,6933153.0
2026-08-31 14:31:00,372.77,372.12,372.77,372.11,11100.0,4134116.9688
2026-08-31 14:32:00,372.77,372.84,374.0,371.99,56000.0,20865623.0078
2026-08-31 14:33:00,373.6,375.38,375.38,372.86,53100.0,19870941.0293
2026-08-31 14:34:00,375.5,378.0,378.11,375.5,44863.0,16895965.0938
2026-08-31 14:35:00,378.0,377.39,378.3,377.16,25500.0,9633794.0391
2026-08-31 14:36:00,377.3,377.33,377.91,377.0,16800.0,6343915.0
2026-08-31 14:37:00,377.5,377.27,377.5,376.31,16800.0,6334859.0
2026-08-31 14:38:00,376.46,376.46,377.27,375.93,25000.0,9412481.0
2026-08-31 14:39:00,375.94,376.46,377.09,375.61,41600.0,15658363.1016
2026-08-31 14:40:00,376.96,377.0,377.09,376.46,7300.0,2751175.0
2026-08-31 14:41:00,376.92,376.7,377.28,376.46,16500.0,6221606.0078
2026-08-31 14:42:00,376.7,376.5,377.1,376.46,11500.0,4330233.0
2026-08-31 14:43:00,376.47,377.0,377.0,376.27,9700.0,3653271.0
2026-08-31 14:44:00,377.0,376.9,377.0,376.53,4500.0,1695968.0
2026-08-31 14:45:00,376.66,376.03,376.96,376.03,8400.0,3164419.0
2026-08-31 14:46:00,376.01,375.03,376.01,374.03,14200.0,5327224.9844
2026-08-31 14:47:00,375.55,376.0,376.88,375.03,9700.0,3644565.9922
2026-08-31 14:48:00,376.0,376.0,376.0,375.67,11391.0,4282189.3398
2026-08-31 14:49:00,376.0,375.6,376.66,375.6,17309.0,6507296.6614
2026-08-31 14:50:00,375.6,376.49,376.68,375.44,14491.0,5447957.5242
2026-08-31 14:51:00,376.3,376.1,376.48,376.1,8600.0,3235866.0
2026-08-31 14:52:00,376.1,376.47,376.47,376.0,14480.0,5447683.8008
2026-08-31 14:53:00,376.3,376.26,376.51,376.03,13500.0,5080990.0
2026-08-31 14:54:00,376.48,376.27,376.48,376.23,11300.0,4252579.0
2026-08-31 14:55:00,376.27,376.02,376.37,376.02,16700.0,6282774.9766
2026-08-31 14:56:00,376.09,375.32,376.17,375.31,14672.0,5512491.5293
2026-08-31 14:57:00,375.32,373.2,376.0,373.17,26537.0,9957486.8359
2026-08-31 15:00:00,374.0,374.0,374.0,374.0,39588.0,14805912.0
2026-09-01 09:31:00,374.0,379.5,380.0,374.0,116601.0,43991202.3613
2026-09-01 09:32:00,379.54,377.99,379.54,374.47,61800.0,23297395.9922
2026-09-01 09:33:00,378.0,382.26,383.33,377.99,115990.0,44103601.0732
2026-09-01 09:34:00,382.99,380.18,383.8,379.65,76291.0,29080641.322
2026-09-01 09:35:00,380.2,381.67,381.88,377.0,91100.0,34602926.0137
2026-09-01 09:36:00,380.07,379.7,381.0,378.0,32300.0,12268634.9922
2026-09-01 09:37:00,379.7,380.0,381.0,378.4,35102.0,13331515.86
2026-09-01 09:38:00,380.0,381.76,381.8,379.5,34400.0,13111694.0078
2026-09-01 09:39:00,381.78,381.01,381.87,379.51,39500.0,15042026.0078
2026-09-01 09:40:00,380.51,381.48,381.48,378.0,32900.0,12518900.9844
2026-09-01 09:41:00,381.49,376.0,381.5,376.0,27100.0,10268077.0
2026-09-01 09:42:00,375.8,374.37,375.8,373.8,42000.0,15732205.9844
2026-09-01 09:43:00,374.19,375.33,375.33,374.18,21600.0,8091745.9922
2026-09-01 09:44:00,375.79,375.0,375.8,374.93,12800.0,4803192.0
2026-09-01 09:45:00,374.97,375.0,375.79,374.69,15320.0,5745437.0156
2026-09-01 09:46:00,375.79,375.53,375.79,375.0,10100.0,3792212.0
2026-09-01 09:47:00,375.53,374.69,375.62,374.69,11380.0,4268155.0
2026-09-01 09:48:00,374.66,372.14,374.71,371.88,42011.0,15691674.9888
2026-09-01 09:49:00,372.1,372.01,372.22,371.8,22000.0,8183516.7998
2026-09-01 09:50:00,372.09,371.59,372.97,371.24,25389.0,9444383.207
2026-09-01 09:51:00,371.57,371.99,371.99,370.52,15200.0,5639441.0
2026-09-01 09:52:00,371.1,370.62,372.24,370.55,21500.0,7978264.0
2026-09-01 09:53:00,370.88,370.4,371.0,370.18,20600.0,7631613.0
2026-09-01 09:54:00,370.4,370.77,371.0,370.18,18331.0,6789271.8613
2026-09-01 09:55:00,370.24,369.3,371.0,369.3,22569.0,8353637.4395
2026-09-01 09:56:00,369.3,370.96,370.98,369.11,14628.0,5403223.6641
2026-09-01 09:57:00,370.96,370.01,371.0,370.0,7800.0,2889210.0
2026-09-01 09:58:00,370.01,371.81,371.97,369.88,15991.0,5924186.0
2026-09-01 09:59:00,371.92,371.87,371.95,371.18,3800.0,1412861.0
2026-09-01 10:00:00,371.21,369.69,371.67,369.69,14600.0,5407642.0
2026-09-01 10:01:00,369.7,369.31,370.52,369.18,29300.0,10824386.0
2026-09-01 10:02:00,369.31,369.7,370.42,369.31,9900.0,3662358.0469
2026-09-01 10:03:00,369.7,369.2,370.09,369.18,12100.0,4469737.0
2026-09-01 10:04:00,369.2,368.88,369.2,368.81,25372.0,9362224.9688
2026-09-01 10:05:00,368.88,368.31,369.11,368.31,13000.0,4794928.6207
2026-09-01 10:06:00,368.31,367.88,368.31,367.0,18719.0,6880072.668
2026-09-01 10:07:00,367.78,368.0,369.7,367.54,42300.0,15576962.0
2026-09-01 10:08:00,368.04,369.0,369.29,368.04,5100.0,1880692.9688
2026-09-01 10:09:00,369.0,368.0,369.0,368.0,6900.0,2540951.8
2026-09-01 10:10:00,368.0,368.0,368.13,367.88,6600.0,2428660.0
2026-09-01 10:11:00,368.0,369.0,369.0,368.0,2200.0,810877.0
2026-09-01 10:12:00,369.0,369.16,369.88,369.0,5100.0,1884635.0057
2026-09-01 10:13:00,369.0,368.6,369.03,368.53,2200.0,811148.0
2026-09-01 10:14:00,368.6,368.38,368.6,368.38,7200.0,2653074.4063
2026-09-01 10:15:00,368.37,368.38,368.38,367.8,31478.0,11583342.9336
2026-09-01 10:16:00,368.6,368.5,369.08,368.21,5700.0,2101315.0
2026-09-01 10:17:00,368.36,368.41,368.99,367.76,23600.0,8691256.0
2026-09-01 10:18:00,368.41,366.92,368.73,366.9,19500.0,7162685.0
2026-09-01 10:19:00,366.92,368.25,368.25,366.92,17903.0,6572894.86
2026-09-01 10:20:00,368.22,368.15,368.22,367.79,1200.0,441587.0
2026-09-01 10:21:00,367.81,368.5,368.5,367.8,3300.0,1214806.0
2026-09-01 10:22:00,368.22,367.8,368.22,367.78,7900.0,2906434.0
2026-09-01 10:23:00,367.78,366.9,367.78,366.9,13697.0,5027920.1406
2026-09-01 10:24:00,366.91,366.08,366.91,365.99,51200.0,18764597.75
2026-09-01 10:25:00,365.98,364.99,365.99,364.88,40600.0,14823817.0078
2026-09-01 10:26:00,364.98,365.54,365.88,364.98,14700.0,5370262.0
2026-09-01 10:27:00,365.49,365.0,365.49,365.0,9997.0,3650154.0
2026-09-01 10:28:00,365.0,364.18,365.02,364.0,19503.0,7107183.0599
2026-09-01 10:29:00,364.43,365.0,365.62,364.28,4700.0,1715732.0
2026-09-01 10:30:00,364.99,364.41,364.99,364.2,6000.0,2186881.0
2026-09-01 10:31:00,364.41,364.23,364.41,364.0,16922.0,6162946.6802
2026-09-01 10:32:00,364.32,363.88,364.32,363.88,19000.0,6915376.3696
2026-09-01 10:33:00,363.9,363.16,364.0,363.12,26578.0,9667216.4844
2026-09-01 10:34:00,363.15,363.97,363.98,362.77,55435.0,20125253.3501
2026-09-01 10:35:00,363.97,362.0,363.97,362.0,28600.0,10372525.0
2026-09-01 10:36:00,362.02,361.49,362.02,361.3,19500.0,7055268.0
2026-09-01 10:37:00,361.45,360.61,361.45,360.26,31100.0,11217970.9609
2026-09-01 10:38:00,360.61,359.49,360.68,359.28,56300.0,20271985.9844
2026-09-01 10:39:00,359.32,357.77,359.5,357.2,36600.0,13113570.0
2026-09-01 10:40:00,357.25,357.96,357.97,357.0,28138.0,10055982.7998
2026-09-01 10:41:00,357.9,356.04,357.9,355.8,71200.0,25377132.9922
2026-09-01 10:42:00,356.0,355.6,356.35,355.0,68900.0,24482900.9063
2026-09-01 10:43:00,355.74,356.29,356.99,355.53,24500.0,8729026.9531
2026-09-01 10:44:00,356.29,356.58,356.78,356.06,21700.0,7733205.9922
2026-09-01 10:45:00,356.58,357.5,357.5,356.5,21500.0,7682167.0
2026-09-01 10:46:00,357.49,358.41,358.88,357.45,18100.0,6485304.0
2026-09-01 10:47:00,358.02,358.86,358.88,358.02,15100.0,5415300.9844
2026-09-01 10:48:00,358.86,357.59,358.86,357.59,6700.0,2401275.9922
2026-09-01 10:49:00,357.59,357.78,357.8,357.5,7600.0,2717752.9922
2026-09-01 10:50:00,357.62,357.93,358.88,357.62,5700.0,2041567.0
2026-09-01 10:51:00,357.8,355.6,357.8,355.31,37900.0,13500224.0
2026-09-01 10:52:00,355.6,353.0,355.83,353.0,64600.0,22917260.0
2026-09-01 10:53:00,353.03,350.15,353.06,350.02,57300.0,20117854.9922
2026-09-01 10:54:00,350.15,351.2,351.38,350.03,54500.0,19111668.0078
2026-09-01 10:55:00,351.1,351.1,351.27,350.52,44000.0,15439002.0156
2026-09-01 10:56:00,351.03,350.47,351.08,349.88,105672.0,37026720.373
2026-09-01 10:57:00,350.66,349.81,350.66,347.74,64800.0,22605042.7656
2026-09-01 10:58:00,349.81,352.52,352.55,348.56,25600.0,8963415.9922
2026-09-01 10:59:00,352.52,351.65,352.55,351.48,12000.0,4225571.0
2026-09-01 11:00:00,351.97,350.48,351.97,350.33,13300.0,4668955.0
2026-09-01 11:01:00,350.39,350.96,351.26,349.88,18800.0,6587478.9922
2026-09-01 11:02:00,351.2,353.99,353.99,351.1,13700.0,4826654.8672
2026-09-01 11:03:00,353.87,353.5,354.9,353.5,13400.0,4745738.0
2026-09-01 11:04:00,353.84,352.8,353.84,352.8,8000.0,2826440.0
2026-09-01 11:05:00,353.1,352.79,353.64,352.6,5900.0,2083483.0078
2026-09-01 11:06:00,352.79,350.96,352.79,350.96,11700.0,4117197.0
2026-09-01 11:07:00,350.89,351.98,351.98,350.62,6800.0,2387852.0
2026-09-01 11:08:00,351.99,351.69,352.89,351.69,4900.0,1725149.0
2026-09-01 11:09:00,351.44,350.99,351.7,350.99,6000.0,2106999.0
2026-09-01 11:10:00,350.99,350.65,350.99,350.6,5000.0,1753684.0
2026-09-01 11:11:00,350.63,351.67,351.67,350.63,5800.0,2037272.0
2026-09-01 11:12:00,351.41,350.96,351.41,350.38,22500.0,7890818.0
2026-09-01 11:13:00,350.89,350.5,351.0,350.41,2600.0,911759.1025
2026-09-01 11:14:00,350.61,351.41,351.68,350.5,4579.0,1607139.5
2026-09-01 11:15:00,351.41,351.87,351.96,351.41,3400.0,1195817.0
2026-09-01 11:16:00,351.68,352.8,352.89,351.68,4800.0,1690333.0
2026-09-01 11:17:00,352.39,351.0,352.39,351.0,8200.0,2883999.0156
2026-09-01 11:18:00,351.01,351.15,351.63,350.05,14200.0,4980574.0
2026-09-01 11:19:00,350.99,351.16,351.16,350.53,1500.0,526474.0
2026-09-01 11:20:00,351.38,350.66,351.38,350.0,33600.0,11776862.25
2026-09-01 11:21:00,350.1,351.06,351.06,350.1,2900.0,1016393.0
2026-09-01 11:22:00,351.22,351.43,351.45,351.0,2000.0,702265.0
2026-09-01 11:23:00,351.01,351.26,351.8,351.01,2015.0,708088.604
2026-09-01 11:24:00,351.79,351.3,351.89,351.08,2785.0,978880.2031
2026-09-01 11:25:00,351.28,352.13,352.13,351.0,13315.0,4678193.3521
2026-09-01 11:26:00,352.13,352.6,352.9,351.0,8985.0,3158810.5054
2026-09-01 11:27:00,352.66,354.0,354.4,352.0,15200.0,5359962.0078
2026-09-01 11:28:00,354.0,354.39,354.76,353.55,6500.0,2302783.0
2026-09-01 11:29:00,354.63,354.7,354.76,354.0,5600.0,1985476.0
2026-09-01 11:30:00,354.38,354.66,354.68,353.63,4900.0,1736767.0
2026-09-01 13:01:00,354.67,356.98,357.64,353.16,22600.0,8035534.0
2026-09-01 13:02:00,355.02,357.05,358.67,355.01,18900.0,6749435.0
2026-09-01 13:03:00,357.04,356.0,357.36,355.26,7300.0,2603337.9922
2026-09-01 13:04:00,356.0,357.84,358.0,356.0,35100.0,12530647.9922
2026-09-01 13:05:00,357.84,357.08,358.2,356.92,17100.0,6111696.9844
2026-09-01 13:06:00,357.0,356.05,357.35,355.77,4000.0,1426318.0
2026-09-01 13:07:00,356.05,356.9,356.9,356.0,3800.0,1353317.0
2026-09-01 13:08:00,356.9,355.25,356.96,355.0,14200.0,5056171.0078
2026-09-01 13:09:00,356.0,354.13,356.0,354.11,9400.0,3332215.0313
2026-09-01 13:10:00,354.19,355.0,355.87,354.17,14000.0,4966889.0391
2026-09-01 13:11:00,355.78,356.14,357.0,355.0,8500.0,3028450.0
2026-09-01 13:12:00,356.12,355.02,356.13,354.28,10500.0,3729399.9922
2026-09-01 13:13:00,354.33,355.0,356.38,354.31,7636.0,2710185.0
2026-09-01 13:14:00,355.02,354.34,355.2,354.34,4400.0,1561179.0
2026-09-01 13:15:00,354.35,354.0,354.5,354.0,8400.0,2975800.2559
2026-09-01 13:16:00,354.47,354.61,354.8,354.0,8200.0,2906049.0479
2026-09-01 13:17:00,354.61,351.88,354.61,351.88,24846.0,8761729.4773
2026-09-01 13:18:00,351.91,352.04,352.98,351.88,7600.0,2675912.0
2026-09-01 13:19:00,352.15,352.95,352.95,352.15,2500.0,881190.0
2026-09-01 13:20:00,352.95,352.0,353.18,352.0,8900.0,3136931.0
2026-09-01 13:21:00,352.04,351.61,352.22,351.61,10654.0,3749290.5352
2026-09-01 13:22:00,351.61,351.02,351.61,351.01,10000.0,3511815.9844
2026-09-01 13:23:00,351.16,351.61,351.61,351.0,7900.0,2774129.9844
2026-09-01 13:24:00,351.61,351.0,352.0,350.7,29536.0,10367369.8711
2026-09-01 13:25:00,351.0,350.58,351.42,350.28,7200.0,2524459.0
2026-09-01 13:26:00,350.5,351.0,351.0,350.5,2500.0,876977.0
2026-09-01 13:27:00,351.49,350.35,351.5,350.35,8800.0,3090814.0
2026-09-01 13:28:00,351.05,350.3,351.44,350.3,6600.0,2314811.0
2026-09-01 13:29:00,350.31,350.21,350.4,350.1,12300.0,4307575.0
2026-09-01 13:30:00,350.21,351.0,351.28,350.21,6000.0,2105225.0
2026-09-01 13:31:00,351.34,351.1,351.95,351.03,3700.0,1299927.0
2026-09-01 13:32:00,351.89,353.15,353.16,351.1,11600.0,4083347.0078
2026-09-01 13:33:00,352.01,352.01,352.99,352.0,7448.0,2622631.0
2026-09-01 13:34:00,352.79,352.0,352.79,351.13,1500.0,528090.2422
2026-09-01 13:35:00,352.0,352.99,352.99,352.0,2900.0,1022873.0
2026-09-01 13:36:00,352.99,352.54,352.99,351.1,6800.0,2394817.5684
2026-09-01 13:37:00,351.68,351.5,352.0,351.26,5800.0,2039280.2188
2026-09-01 13:38:00,351.65,351.1,351.65,351.1,4300.0,1510567.0
2026-09-01 13:39:00,351.1,350.6,351.18,350.3,12852.0,4509777.1992
2026-09-01 13:40:00,350.6,351.05,351.05,350.55,2816.0,987944.7988
2026-09-01 13:41:00,351.18,350.6,351.24,350.6,9952.0,3492387.5918
2026-09-01 13:42:00,350.6,350.5,350.6,350.4,3600.0,1261850.0
2026-09-01 13:43:00,350.5,350.49,350.56,350.41,4900.0,1717200.0078
2026-09-01 13:44:00,350.56,351.24,351.24,350.49,2148.0,753450.2715
2026-09-01 13:45:00,351.22,351.23,351.24,351.0,5000.0,1755328.0
2026-09-01 13:46:00,351.2,351.2,351.53,351.03,3200.0,1123872.0078
2026-09-01 13:47:00,351.54,352.0,352.0,351.26,3100.0,1090452.0
2026-09-01 13:48:00,352.38,352.55,354.8,352.0,25127.0,8868962.7188
2026-09-01 13:49:00,352.75,352.38,353.0,352.0,4900.0,1726898.0
2026-09-01 13:50:00,352.39,352.2,352.6,352.0,3800.0,1338793.0
2026-09-01 13:51:00,352.2,351.2,352.2,351.2,6200.0,2181280.0
2026-09-01 13:52:00,351.93,351.25,351.93,351.24,1500.0,527074.0
2026-09-01 13:53:00,351.88,351.88,351.9,351.24,2300.0,808523.0
2026-09-01 13:54:00,351.98,352.0,352.0,351.98,2000.0,703994.0
2026-09-01 13:55:00,351.38,351.65,351.79,351.25,4550.0,1598707.0
2026-09-01 13:56:00,351.65,352.06,352.06,351.65,1000.0,352016.0
2026-09-01 13:57:00,352.05,352.0,352.1,351.98,1700.0,598482.0
2026-09-01 13:58:00,351.97,352.04,352.72,351.97,5400.0,1902769.0
2026-09-01 13:59:00,352.73,352.19,352.75,352.0,5800.0,2044173.0
2026-09-01 14:00:00,352.69,352.0,352.69,352.0,2000.0,704432.0
2026-09-01 14:01:00,352.0,352.22,352.22,351.81,8400.0,2956685.0
2026-09-01 14:02:00,352.5,353.5,353.5,352.5,4900.0,1728641.0
2026-09-01 14:03:00,352.62,353.26,353.49,352.59,5500.0,1942200.0
2026-09-01 14:04:00,352.71,353.5,353.68,352.7,6600.0,2332313.0
2026-09-01 14:05:00,353.06,353.07,353.5,353.06,1412.0,498597.8369
2026-09-01 14:06:00,353.08,354.59,354.59,353.07,6700.0,2368667.9844
2026-09-01 14:07:00,354.59,354.9,354.9,354.0,2600.0,921905.0
2026-09-01 14:08:00,354.66,353.99,355.1,353.99,14000.0,4966148.0
2026-09-01 14:09:00,353.85,353.52,353.96,353.51,1700.0,601368.0
2026-09-01 14:10:00,353.52,353.62,353.94,353.52,1900.0,672251.0
2026-09-01 14:11:00,354.0,353.78,354.0,352.86,9800.0,3464602.9922
2026-09-01 14:12:00,353.2,351.77,353.2,351.77,9300.0,3277437.9922
2026-09-01 14:13:00,351.7,351.32,351.7,351.28,3200.0,1124915.0
2026-09-01 14:14:00,351.32,351.32,351.63,351.31,2400.0,843289.0
2026-09-01 14:15:00,351.33,351.31,351.33,351.25,3800.0,1334995.0
2026-09-01 14:16:00,351.33,351.48,351.5,351.31,4900.0,1721897.9922
2026-09-01 14:17:00,351.4,351.47,351.48,351.35,7900.0,2775970.9922
2026-09-01 14:18:00,351.46,351.47,351.48,351.3,2800.0,984047.0
2026-09-01 14:19:00,351.46,351.47,351.48,351.4,13000.0,4568570.0
2026-09-01 14:20:00,351.41,351.47,351.47,351.39,4100.0,1440817.0078
2026-09-01 14:21:00,351.47,351.46,351.48,351.36,6400.0,2248886.9922
2026-09-01 14:22:00,351.45,351.3,351.48,351.27,4600.0,1616138.0
2026-09-01 14:23:00,351.3,351.17,351.31,351.14,5900.0,2072153.0
2026-09-01 14:24:00,351.13,350.81,351.13,350.74,7000.0,2456956.0
2026-09-01 14:25:00,350.71,350.7,350.98,350.65,25100.0,8803935.8672
2026-09-01 14:26:00,350.71,349.1,350.98,348.68,130800.0,45808233.9219
2026-09-01 14:27:00,349.04,348.9,349.5,348.12,20200.0,7041421.0
2026-09-01 14:28:00,348.99,350.45,350.54,348.99,5600.0,1960505.0
2026-09-01 14:29:00,350.46,350.87,350.89,350.15,7763.0,2719531.3398
2026-09-01 14:30:00,350.55,350.38,350.87,350.38,5000.0,1752533.0
2026-09-01 14:31:00,350.85,350.2,350.85,349.5,15500.0,5426809.9883
2026-09-01 14:32:00,350.21,350.58,350.85,350.21,4500.0,1577521.0
2026-09-01 14:33:00,350.57,350.88,350.88,350.57,2000.0,701600.0
2026-09-01 14:34:00,350.89,350.98,351.23,350.89,3700.0,1298682.0
2026-09-01 14:35:00,350.98,350.62,350.98,350.62,5500.0,1929473.0
2026-09-01 14:36:00,350.63,351.42,351.42,350.63,9000.0,3160108.0078
2026-09-01 14:37:00,351.4,351.1,351.4,351.01,3000.0,1053476.0
2026-09-01 14:38:00,351.1,350.88,351.1,350.88,6700.0,2351688.0
2026-09-01 14:39:00,350.74,351.1,351.1,350.72,5900.0,2070686.0
2026-09-01 14:40:00,351.07,351.1,351.6,350.87,10400.0,3652828.9844
2026-09-01 14:41:00,351.16,351.37,351.58,351.0,3900.0,1369969.0
2026-09-01 14:42:00,351.37,351.38,351.65,351.24,10600.0,3725436.0
2026-09-01 14:43:00,351.5,351.06,351.64,351.06,5500.0,1932143.0
2026-09-01 14:44:00,351.41,351.1,351.5,351.09,14800.0,5199616.0
2026-09-01 14:45:00,351.11,351.18,351.4,351.1,5100.0,1791307.0
2026-09-01 14:46:00,351.4,351.13,351.48,351.13,11900.0,4180341.0
2026-09-01 14:47:00,351.13,351.16,351.4,351.1,7800.0,2739568.0156
2026-09-01 14:48:00,351.17,350.24,351.2,350.22,16000.0,5613165.0
2026-09-01 14:49:00,350.22,349.63,350.24,349.62,32400.0,11335253.9981
2026-09-01 14:50:00,349.6,348.33,349.63,348.33,57100.0,19931634.0078
2026-09-01 14:51:00,349.02,349.06,349.63,348.3,30050.0,10486996.5
2026-09-01 14:52:00,349.1,349.1,349.6,349.07,27900.0,9741833.0
2026-09-01 14:53:00,349.06,348.7,349.31,348.51,36900.0,12874091.9849
2026-09-01 14:54:00,348.7,348.0,348.7,348.0,59800.0,20820229.9219
2026-09-01 14:55:00,348.0,348.4,348.8,347.9,36300.0,12645060.0078
2026-09-01 14:56:00,348.5,349.6,349.6,348.28,26300.0,9176286.0078
2026-09-01 14:57:00,349.57,351.4,351.46,349.56,25400.0,8890475.0156
2026-09-01 15:00:00,349.93,349.93,349.93,349.93,26500.0,9273145.0
2026-09-02 09:31:00,346.32,348.89,352.15,346.32,190548.0,66360406.8203
2026-09-02 09:32:00,348.89,344.44,349.99,343.19,86400.0,29889195.9922
2026-09-02 09:33:00,343.25,341.0,346.3,340.18,66100.0,22703086.0
2026-09-02 09:34:00,340.23,340.11,341.0,340.0,80660.0,27445883.04
2026-09-02 09:35:00,340.11,344.0,344.6,339.5,56297.0,19166942.9526
2026-09-02 09:36:00,344.0,342.0,344.9,341.0,23500.0,8035300.0
2026-09-02 09:37:00,342.4,340.9,343.99,339.51,74300.0,25326266.0078
2026-09-02 09:38:00,341.03,343.07,344.99,340.96,50900.0,17466876.0
2026-09-02 09:39:00,343.07,343.55,344.42,342.0,40100.0,13754383.0156
2026-09-02 09:40:00,343.55,347.0,348.0,343.53,65100.0,22484884.0
2026-09-02 09:41:00,347.0,347.73,349.0,347.0,24600.0,8558723.0938
2026-09-02 09:42:00,347.98,345.98,347.98,345.25,14300.0,4952303.0
2026-09-02 09:43:00,346.33,347.69,348.0,345.99,24700.0,8576245.0
2026-09-02 09:44:00,347.88,346.84,347.88,345.58,9200.0,3189325.0
2026-09-02 09:45:00,346.6,345.85,347.09,345.6,13700.0,4743292.0
2026-09-02 09:46:00,345.81,344.55,345.85,344.44,11600.0,4002890.9688
2026-09-02 09:47:00,344.51,345.37,345.37,344.5,5700.0,1965449.0
2026-09-02 09:48:00,345.37,345.16,345.46,344.89,4800.0,1656934.0
2026-09-02 09:49:00,345.19,347.0,347.0,344.99,9300.0,3218565.9922
2026-09-02 09:50:00,346.78,346.06,346.9,346.06,6100.0,2112716.0
2026-09-02 09:51:00,346.04,348.5,348.5,345.8,17600.0,6107941.0
2026-09-02 09:52:00,348.5,348.62,348.99,348.38,17500.0,6101594.0
2026-09-02 09:53:00,348.61,348.38,348.62,348.0,10200.0,3553702.0
2026-09-02 09:54:00,348.38,350.38,350.73,347.89,47866.0,16721464.3594
2026-09-02 09:55:00,350.07,350.65,351.33,349.06,36900.0,12939987.3469
2026-09-02 09:56:00,350.5,350.5,351.39,349.87,17934.0,6289441.3379
2026-09-02 09:57:00,350.56,349.22,350.88,349.22,10200.0,3571982.0
2026-09-02 09:58:00,349.22,348.8,349.22,348.2,9400.0,3278878.1816
2026-09-02 09:59:00,348.8,348.25,348.8,348.22,8800.0,3066035.0
2026-09-02 10:00:00,348.3,348.58,349.0,348.25,5300.0,1847817.0
2026-09-02 10:01:00,348.76,349.75,350.5,348.58,15900.0,5555417.0
2026-09-02 10:02:00,348.99,349.92,350.0,348.5,12200.0,4262227.0156
2026-09-02 10:03:00,349.88,349.94,349.99,348.88,9500.0,3321335.0
2026-09-02 10:04:00,349.01,348.01,349.79,348.01,8700.0,3033477.9922
2026-09-02 10:05:00,348.36,346.1,348.36,346.0,25300.0,8778731.9922
2026-09-02 10:06:00,346.55,347.0,347.7,346.1,10100.0,3503354.0
2026-09-02 10:07:00,347.39,347.04,347.54,346.3,10120.0,3512520.7998
2026-09-02 10:08:00,346.3,346.33,347.19,346.1,12600.0,4364825.9922
2026-09-02 10:09:00,346.05,345.88,346.98,345.88,12800.0,4432116.9845
2026-09-02 10:10:00,345.88,344.7,345.88,344.49,13300.0,4589724.0
2026-09-02 10:11:00,344.49,345.9,345.9,344.02,14200.0,4897247.0
2026-09-02 10:12:00,345.9,345.1,345.9,345.0,8800.0,3039255.0
2026-09-02 10:13:00,345.0,345.0,345.01,344.58,10700.0,3689600.2998
2026-09-02 10:14:00,345.0,344.91,345.14,344.84,6100.0,2104289.0989
2026-09-02 10:15:00,344.9,344.6,345.15,344.6,15200.0,5242739.2024
2026-09-02 10:16:00,344.56,344.2,344.9,344.0,8700.0,2996393.0156
2026-09-02 10:17:00,344.41,344.0,344.7,344.0,20500.0,7055151.0
2026-09-02 10:18:00,344.0,342.61,344.0,342.0,15800.0,5418354.0078
2026-09-02 10:19:00,342.66,342.73,343.98,342.61,8300.0,2846609.9922
2026-09-02 10:20:00,342.89,343.47,343.71,342.72,6200.0,2128224.0313
2026-09-02 10:21:00,343.45,342.61,343.49,342.61,13900.0,4765739.9922
2026-09-02 10:22:00,342.69,342.67,342.7,342.07,9400.0,3218037.9844
2026-09-02 10:23:00,342.68,342.89,343.33,342.68,9500.0,3257821.0234
2026-09-02 10:24:00,342.89,343.16,343.17,342.89,6600.0,2264178.0
2026-09-02 10:25:00,343.16,343.67,343.67,343.16,8703.0,2988482.8999
2026-09-02 10:26:00,343.68,344.5,344.54,343.68,6300.0,2167285.0
2026-09-02 10:27:00,344.07,344.48,344.88,344.07,5400.0,1860627.0
2026-09-02 10:28:00,344.44,343.0,344.5,342.97,20100.0,6903713.0
2026-09-02 10:29:00,342.99,342.91,343.8,342.91,8500.0,2916081.0
2026-09-02 10:30:00,342.9,342.5,342.9,342.48,8500.0,2912531.0078
2026-09-02 10:31:00,342.59,341.08,342.59,341.04,26600.0,9091211.9976
2026-09-02 10:32:00,341.26,340.15,341.26,340.06,20000.0,6812902.0
2026-09-02 10:33:00,340.26,340.86,340.86,340.16,8600.0,2929946.0
2026-09-02 10:34:00,340.86,341.38,341.38,340.86,7000.0,2387207.0
2026-09-02 10:35:00,341.18,341.35,341.6,341.03,5800.0,1979294.0
2026-09-02 10:36:00,341.24,340.6,341.35,340.6,11200.0,3819987.0
2026-09-02 10:37:00,340.86,340.64,340.96,340.51,10500.0,3576404.0
2026-09-02 10:38:00,340.53,340.62,340.94,340.15,13900.0,4734461.4141
2026-09-02 10:39:00,340.88,340.85,340.97,340.61,7079.0,2412859.0371
2026-09-02 10:40:00,340.96,340.0,340.97,340.0,39221.0,13340666.8047
2026-09-02 10:41:00,340.0,338.87,340.01,338.86,36800.0,12487403.0
2026-09-02 10:42:00,338.87,339.33,339.59,338.62,21700.0,7361443.9844
2026-09-02 10:43:00,339.54,340.5,340.54,339.54,6000.0,2040735.0
2026-09-02 10:44:00,340.5,340.51,340.54,340.17,7600.0,2587562.0
2026-09-02 10:45:00,340.51,340.94,340.97,340.5,5000.0,1703550.0
2026-09-02 10:46:00,340.94,340.53,340.99,340.26,6800.0,2316425.0
2026-09-02 10:47:00,340.51,340.14,340.52,339.53,9600.0,3265009.0
2026-09-02 10:48:00,340.14,340.14,340.51,339.61,18400.0,6258440.9844
2026-09-02 10:49:00,340.14,339.53,340.14,339.53,5400.0,1834341.0
2026-09-02 10:50:00,339.79,339.66,340.0,339.65,10500.0,3566851.0
2026-09-02 10:51:00,339.66,340.55,340.55,339.57,10900.0,3706647.0
2026-09-02 10:52:00,340.54,340.64,340.99,340.36,9600.0,3270642.9609
2026-09-02 10:53:00,340.36,339.6,340.64,339.6,13300.0,4521208.7588
2026-09-02 10:54:00,339.6,339.52,339.65,339.0,12804.0,4345113.9243
2026-09-02 10:55:00,339.44,339.43,339.6,339.36,6415.0,2178078.7803
2026-09-02 10:56:00,339.43,340.66,341.35,339.39,9770.0,3324991.5542
2026-09-02 10:57:00,341.2,340.04,341.2,340.04,3400.0,1158079.0
2026-09-02 10:58:00,340.04,340.09,340.31,340.04,1600.0,544153.0
2026-09-02 10:59:00,340.09,340.0,340.09,339.96,4000.0,1360115.0
2026-09-02 11:00:00,340.06,340.06,340.18,340.06,2800.0,952220.0
2026-09-02 11:01:00,340.06,339.99,340.07,339.72,6000.0,2039921.0
2026-09-02 11:02:00,339.9,340.0,340.06,339.9,6922.0,2353466.6699
2026-09-02 11:03:00,340.12,340.14,340.14,340.06,3000.0,1020323.0
2026-09-02 11:04:00,340.17,339.39,340.17,339.39,6700.0,2276619.0
2026-09-02 11:05:00,339.37,338.6,339.37,338.6,19200.0,6506929.0078
2026-09-02 11:06:00,338.6,339.52,339.59,338.5,9700.0,3288310.0
2026-09-02 11:07:00,339.58,339.2,339.64,339.19,3100.0,1051881.9949
2026-09-02 11:08:00,339.19,339.0,339.27,338.88,5200.0,1763156.9983
2026-09-02 11:09:00,339.14,339.58,339.58,339.14,5591.0,1896691.2842
2026-09-02 11:10:00,339.52,340.0,340.0,339.52,3400.0,1155620.0078
2026-09-02 11:11:00,340.0,340.0,340.0,339.87,3900.0,1325871.0
2026-09-02 11:12:00,339.97,339.88,340.0,339.32,1700.0,577597.0
2026-09-02 11:13:00,339.7,339.33,339.75,339.33,2900.0,984823.0
2026-09-02 11:14:00,339.53,338.88,339.53,338.88,4000.0,1356533.0
2026-09-02 11:15:00,338.99,339.01,339.29,338.99,5900.0,2000860.0078
2026-09-02 11:16:00,339.16,339.01,339.19,338.95,6600.0,2237753.0
2026-09-02 11:17:00,339.01,340.59,340.59,339.01,11400.0,3870263.9688
2026-09-02 11:18:00,340.59,341.5,341.92,340.59,9700.0,3311251.9844
2026-09-02 11:19:00,341.8,341.6,341.95,341.6,3600.0,1230446.0078
2026-09-02 11:20:00,341.21,341.91,341.91,341.1,8200.0,2801047.0
2026-09-02 11:21:00,341.92,342.31,342.8,341.6,6991.0,2392344.4707
2026-09-02 11:22:00,342.8,341.28,342.9,341.28,6700.0,2290952.9375
2026-09-02 11:23:00,341.59,342.22,342.22,341.59,2700.0,923380.0078
2026-09-02 11:24:00,341.62,342.5,342.59,341.61,3700.0,1266576.0
2026-09-02 11:25:00,342.2,341.54,342.6,341.54,9500.0,3247023.0
2026-09-02 11:26:00,341.75,342.6,342.91,341.75,7300.0,2499097.9844
2026-09-02 11:27:00,342.91,342.98,343.9,342.51,10300.0,3534448.0
2026-09-02 11:28:00,343.42,344.06,344.14,343.42,8100.0,2785114.0
2026-09-02 11:29:00,344.08,344.6,344.6,343.96,8700.0,2995581.0
2026-09-02 11:30:00,344.4,347.9,347.96,344.0,27260.0,9431083.4043
2026-09-02 13:01:00,347.0,344.72,348.0,344.72,58700.0,20362979.3188
2026-09-02 13:02:00,344.9,345.83,345.99,344.9,5400.0,1864534.0
2026-09-02 13:03:00,345.09,344.53,345.82,344.52,5600.0,1932190.0
2026-09-02 13:04:00,344.52,343.95,344.77,343.55,3500.0,1204335.0
2026-09-02 13:05:00,344.4,344.2,344.43,344.2,4300.0,1480653.0
2026-09-02 13:06:00,344.2,342.8,344.41,342.8,6900.0,2369390.0078
2026-09-02 13:07:00,342.79,342.49,342.79,342.48,3000.0,1027862.0
2026-09-02 13:08:00,342.48,342.0,342.48,342.0,2800.0,958028.0
2026-09-02 13:09:00,342.0,342.09,342.2,341.82,4511.0,1542908.4597
2026-09-02 13:10:00,342.3,342.15,342.49,342.0,3289.0,1125890.6963
2026-09-02 13:11:00,342.16,340.98,342.16,340.55,8500.0,2902510.0
2026-09-02 13:12:00,341.05,341.79,341.79,341.05,6800.0,2320988.0
2026-09-02 13:13:00,341.3,343.0,343.34,341.3,14300.0,4894612.0112
2026-09-02 13:14:00,343.11,342.85,343.11,342.85,1000.0,343004.0
2026-09-02 13:15:00,342.49,343.0,343.0,342.43,3900.0,1336032.0
2026-09-02 13:16:00,343.0,343.55,344.21,343.0,4391.0,1508404.6626
2026-09-02 13:17:00,344.0,343.56,344.2,343.55,7100.0,2442547.0
2026-09-02 13:18:00,344.17,343.6,344.2,343.55,1900.0,653355.0
2026-09-02 13:19:00,343.6,344.0,344.0,343.6,3000.0,1031800.0
2026-09-02 13:20:00,344.0,344.5,344.51,342.77,13709.0,4714691.3987
2026-09-02 13:21:00,344.22,344.0,345.71,343.34,6400.0,2207008.0
2026-09-02 13:22:00,344.0,344.0,344.94,344.0,1700.0,584905.0
2026-09-02 13:23:00,343.55,343.5,343.55,343.5,1300.0,446577.0
2026-09-02 13:24:00,343.36,342.62,343.47,342.6,2000.0,686016.0
2026-09-02 13:25:00,342.62,343.27,343.52,342.5,2691.0,922931.5
2026-09-02 13:26:00,343.22,343.22,343.51,343.22,1900.0,652203.0
2026-09-02 13:27:00,343.2,342.94,343.2,342.93,2000.0,686015.0
2026-09-02 13:28:00,342.94,343.14,343.19,342.5,5700.0,1954892.0078
2026-09-02 13:29:00,343.01,343.95,343.95,342.89,3700.0,1269680.0156
2026-09-02 13:30:00,343.95,344.4,344.4,343.2,3100.0,1066133.0
2026-09-02 13:31:00,344.36,345.75,345.76,344.36,11100.0,3830554.0
2026-09-02 13:32:00,345.49,344.41,345.75,344.41,3600.0,1242155.0
2026-09-02 13:33:00,344.41,344.2,344.41,344.0,2200.0,756928.0
2026-09-02 13:34:00,344.39,344.0,344.99,343.99,5000.0,1721700.0037
2026-09-02 13:35:00,343.36,343.02,343.5,343.0,1700.0,583509.9922
2026-09-02 13:36:00,343.5,343.64,343.64,343.02,5700.0,1956238.0
2026-09-02 13:37:00,343.65,343.43,343.65,343.25,1500.0,515225.0
2026-09-02 13:38:00,343.44,343.44,343.44,343.44,500.0,171720.0
2026-09-02 13:39:00,343.3,342.88,343.3,342.6,2457.0,842873.2012
2026-09-02 13:40:00,342.68,342.61,342.88,342.58,1800.0,616728.0
2026-09-02 13:41:00,342.6,343.23,343.23,342.6,2000.0,685364.0
2026-09-02 13:42:00,342.71,342.9,342.9,342.7,1500.0,514153.0
2026-09-02 13:43:00,342.71,343.09,343.1,342.71,3100.0,1063287.0
2026-09-02 13:44:00,343.23,343.64,343.64,343.23,2500.0,858540.0
2026-09-02 13:45:00,343.64,343.26,343.93,343.26,2500.0,859109.0
2026-09-02 13:46:00,343.88,342.68,343.88,342.68,2700.0,926393.0
2026-09-02 13:47:00,342.68,342.99,342.99,342.68,2400.0,822946.0
2026-09-02 13:48:00,343.09,343.22,343.22,343.0,1000.0,343082.0
2026-09-02 13:49:00,343.22,344.77,344.77,343.08,6200.0,2131535.0
2026-09-02 13:50:00,343.18,343.52,344.76,343.18,4100.0,1409329.0
2026-09-02 13:51:00,343.51,343.79,344.45,343.2,1900.0,652914.0
2026-09-02 13:52:00,343.79,344.2,344.2,343.79,1400.0,481444.0
2026-09-02 13:53:00,344.19,343.7,344.2,343.7,2400.0,825596.0078
2026-09-02 13:54:00,343.89,343.7,343.89,343.51,1700.0,584393.0
2026-09-02 13:55:00,343.7,343.35,343.7,343.35,4700.0,1614271.0
2026-09-02 13:56:00,343.35,343.3,343.35,343.2,1900.0,652199.0
2026-09-02 13:57:00,343.24,343.3,343.87,343.24,3100.0,1064687.9922
2026-09-02 13:58:00,343.88,343.3,344.59,343.3,5100.0,1755691.0156
2026-09-02 13:59:00,344.29,344.29,344.38,343.31,2200.0,756893.9922
2026-09-02 14:00:00,344.28,344.4,344.4,344.19,1300.0,447568.0
2026-09-02 14:01:00,344.6,344.44,344.87,344.29,6700.0,2309292.0
2026-09-02 14:02:00,344.85,344.32,344.87,344.29,5800.0,1998752.0
2026-09-02 14:03:00,344.69,344.71,344.8,344.29,3900.0,1344188.0
2026-09-02 14:04:00,344.72,344.28,344.72,344.28,4000.0,1377867.0
2026-09-02 14:05:00,344.15,343.42,344.15,343.42,3900.0,1341060.0
2026-09-02 14:06:00,343.43,344.1,344.1,343.42,2400.0,824739.0
2026-09-02 14:07:00,344.04,344.17,344.17,343.59,4200.0,1443984.0
2026-09-02 14:08:00,344.18,344.6,344.72,344.17,7900.0,2721164.0
2026-09-02 14:09:00,344.6,344.75,344.77,344.59,3700.0,1275421.0
2026-09-02 14:10:00,344.7,344.08,344.8,344.08,2300.0,792226.0
2026-09-02 14:11:00,344.58,344.29,344.58,344.28,900.0,309986.0
2026-09-02 14:12:00,344.5,344.0,344.5,343.8,4100.0,1410745.0
2026-09-02 14:13:00,344.13,344.09,344.13,344.09,900.0,309695.0
2026-09-02 14:14:00,344.09,343.44,344.09,343.44,14600.0,5020772.0
2026-09-02 14:15:00,344.0,344.0,344.12,343.65,1000.0,343932.0
2026-09-02 14:16:00,343.48,343.23,343.48,343.18,3300.0,1132832.0
2026-09-02 14:17:00,343.18,342.79,343.18,342.79,6400.0,2195241.0
2026-09-02 14:18:00,342.75,342.5,342.75,342.28,3500.0,1198748.0
2026-09-02 14:19:00,342.4,342.78,342.78,342.37,4100.0,1404457.0
2026-09-02 14:20:00,342.78,342.61,342.79,342.5,1300.0,445434.0
2026-09-02 14:21:00,342.61,342.49,342.76,342.4,2800.0,959030.9922
2026-09-02 14:22:00,342.49,342.77,342.79,342.44,3200.0,1096560.0
2026-09-02 14:23:00,342.51,342.76,342.76,342.49,2800.0,959187.0
2026-09-02 14:24:00,342.56,342.1,342.61,342.1,10900.0,3731522.9688
2026-09-02 14:25:00,342.43,342.41,342.76,342.27,2500.0,856004.0
2026-09-02 14:26:00,342.3,342.0,342.34,341.8,6700.0,2292240.0
2026-09-02 14:27:00,341.8,341.52,341.8,341.5,5700.0,1947330.0
2026-09-02 14:28:00,341.7,342.11,342.3,341.61,10038.0,3432254.4395
2026-09-02 14:29:00,342.02,342.17,342.57,342.0,8107.0,2773974.998
2026-09-02 14:30:00,342.3,342.22,342.3,342.12,2300.0,787015.0
2026-09-02 14:31:00,342.28,342.45,342.46,342.04,12600.0,4312112.9922
2026-09-02 14:32:00,342.21,341.78,342.39,341.7,4593.0,1570825.0
2026-09-02 14:33:00,341.7,341.77,342.0,341.7,4300.0,1470007.0
2026-09-02 14:34:00,341.98,341.72,341.98,341.66,4300.0,1469616.0
2026-09-02 14:35:00,341.76,342.0,342.0,341.74,5700.0,1948585.0
2026-09-02 14:36:00,342.04,342.14,342.3,342.0,10600.0,3626857.0
2026-09-02 14:37:00,341.99,341.89,342.0,341.89,2000.0,683915.0
2026-09-02 14:38:00,341.89,341.4,341.89,341.4,6300.0,2152222.0
2026-09-02 14:39:00,341.43,340.7,341.43,340.7,12900.0,4400022.0
2026-09-02 14:40:00,340.83,340.92,341.01,340.7,9300.0,3170339.0313
2026-09-02 14:41:00,340.86,341.3,341.58,340.85,6400.0,2183996.0
2026-09-02 14:42:00,341.42,340.88,341.42,340.88,5200.0,1773553.0
2026-09-02 14:43:00,340.87,341.24,341.55,340.87,12000.0,4094101.0
2026-09-02 14:44:00,341.58,341.5,341.59,341.24,4500.0,1536637.9922
2026-09-02 14:45:00,341.44,341.5,341.75,341.24,8782.0,3000185.0
2026-09-02 14:46:00,341.7,341.6,341.74,341.5,4400.0,1503306.0
2026-09-02 14:47:00,341.6,341.3,341.74,341.18,10200.0,3483344.5933
2026-09-02 14:48:00,341.69,341.35,341.7,341.3,6200.0,2116733.999
2026-09-02 14:49:00,341.69,341.52,341.69,341.32,3100.0,1058694.0
2026-09-02 14:50:00,341.46,341.35,341.59,341.33,7591.0,2591722.0283
2026-09-02 14:51:00,341.35,341.22,341.42,341.2,8427.0,2876384.9717
2026-09-02 14:52:00,341.3,341.3,341.47,341.3,19573.0,6681645.1455
2026-09-02 14:53:00,341.3,340.7,341.3,340.7,9427.0,3214855.6406
2026-09-02 14:54:00,340.7,340.77,341.0,340.7,15073.0,5137041.1016
2026-09-02 14:55:00,340.76,340.82,341.2,340.74,26900.0,9171160.0234
2026-09-02 14:56:00,341.0,341.07,341.17,341.0,30800.0,10504692.9922
2026-09-02 14:57:00,341.04,341.09,341.11,340.81,24300.0,8285684.0
2026-09-02 15:00:00,341.03,341.03,341.03,341.03,31900.0,10878857.0
2026-09-03 09:31:00,346.11,350.99,351.99,346.11,200453.0,69937827.6637
2026-09-03 09:32:00,350.99,352.69,355.0,350.99,160700.0,56794275.8254
2026-09-03 09:33:00,352.69,351.0,352.99,349.0,50639.0,17758747.6602
2026-09-03 09:34:00,350.93,349.5,351.98,349.5,50821.0,17831284.002
2026-09-03 09:35:00,349.5,349.2,349.67,347.57,26319.0,9178414.7578
2026-09-03 09:36:00,349.2,349.52,351.0,349.0,37000.0,12945587.9844
2026-09-03 09:37:00,349.52,350.5,350.5,349.24,26200.0,9165818.0156
2026-09-03 09:38:00,350.5,347.5,350.5,346.0,39200.0,13627116.0
2026-09-03 09:39:00,347.1,346.8,347.5,346.02,19400.0,6725930.9766
2026-09-03 09:40:00,346.8,346.52,347.52,346.4,9600.0,3331112.0
2026-09-03 09:41:00,346.52,345.36,346.52,345.36,16000.0,5536773.0
2026-09-03 09:42:00,345.44,345.4,345.79,345.15,25900.0,8947144.0
2026-09-03 09:43:00,345.64,344.02,345.79,344.02,27700.0,9564243.0625
2026-09-03 09:44:00,344.01,343.38,344.01,343.0,18158.0,6235495.0098
2026-09-03 09:45:00,343.4,343.55,345.0,343.4,17620.0,6062985.2002
2026-09-03 09:46:00,343.85,342.86,343.85,342.12,28842.0,9896651.3223
2026-09-03 09:47:00,342.86,342.99,343.0,342.51,27700.0,9500028.9844
2026-09-03 09:48:00,342.99,341.89,343.0,341.0,40504.0,13852720.6042
2026-09-03 09:49:00,341.53,344.08,344.08,341.53,9123.0,3127699.7026
2026-09-03 09:50:00,343.51,343.0,344.03,342.59,8500.0,2915696.0
2026-09-03 09:51:00,343.0,343.85,344.0,342.99,16700.0,5733728.0391
2026-09-03 09:52:00,343.92,343.05,344.06,342.92,30000.0,10311878.0
2026-09-03 09:53:00,343.05,342.6,343.05,342.6,4900.0,1680266.0
2026-09-03 09:54:00,342.59,341.73,342.59,341.18,9300.0,3179793.0
2026-09-03 09:55:00,341.7,341.18,342.0,341.18,13400.0,4575598.0
2026-09-03 09:56:00,341.42,342.33,342.59,341.42,8400.0,2873458.9844
2026-09-03 09:57:00,342.34,341.4,342.41,341.2,10600.0,3622259.0
2026-09-03 09:58:00,341.4,340.96,341.44,340.18,30800.0,10497594.9766
2026-09-03 09:59:00,340.96,341.52,341.9,340.96,5100.0,1741213.0078
2026-09-03 10:00:00,342.0,341.78,342.32,341.56,8700.0,2975317.0
2026-09-03 10:01:00,341.78,340.26,341.89,340.21,14200.0,4839461.0
2026-09-03 10:02:00,340.26,340.72,341.01,340.26,12100.0,4121976.0
2026-09-03 10:03:00,340.64,340.4,340.75,340.34,3600.0,1225969.0
2026-09-03 10:04:00,340.65,340.98,341.34,340.4,12100.0,4125422.0078
2026-09-03 10:05:00,340.89,341.87,341.87,340.81,6400.0,2184161.9766
2026-09-03 10:06:00,341.88,342.31,342.33,341.88,5000.0,1710597.0
2026-09-03 10:07:00,342.32,343.7,343.7,342.32,6500.0,2228346.9844
2026-09-03 10:08:00,343.7,343.0,343.9,342.8,6400.0,2197385.0
2026-09-03 10:09:00,342.67,341.5,342.67,341.5,4300.0,1471443.0078
2026-09-03 10:10:00,341.51,340.86,341.72,340.86,8100.0,2762976.0
2026-09-03 10:11:00,340.86,342.05,342.05,340.8,4600.0,1569055.9922
2026-09-03 10:12:00,341.56,341.1,341.59,341.1,5200.0,1774592.0
2026-09-03 10:13:00,341.1,341.21,341.79,341.1,4400.0,1501640.0
2026-09-03 10:14:00,341.21,342.28,342.29,341.02,10200.0,3485078.0
2026-09-03 10:15:00,341.88,340.9,342.3,340.89,11800.0,4030575.0
2026-09-03 10:16:00,340.9,341.14,341.14,340.51,16200.0,5521257.0234
2026-09-03 10:17:00,341.0,341.13,341.13,340.69,11400.0,3887370.0
2026-09-03 10:18:00,341.14,341.99,342.0,341.14,11100.0,3794126.0391
2026-09-03 10:19:00,341.69,341.38,341.71,341.37,4600.0,1571275.0
2026-09-03 10:20:00,341.37,340.29,341.37,340.18,16166.0,5506083.209
2026-09-03 10:21:00,340.36,340.6,341.0,340.3,7900.0,2689323.0
2026-09-03 10:22:00,340.44,341.38,341.38,340.44,3100.0,1056955.0
2026-09-03 10:23:00,341.38,341.81,341.98,341.38,6000.0,2049775.0
2026-09-03 10:24:00,341.96,341.75,342.0,341.75,3900.0,1333608.0
2026-09-03 10:25:00,341.72,340.82,341.72,340.6,6900.0,2354398.0
2026-09-03 10:26:00,340.92,340.97,341.36,340.82,2200.0,750110.0
2026-09-03 10:27:00,340.99,341.05,341.23,340.99,1300.0,443473.0
2026-09-03 10:28:00,341.05,340.95,341.14,340.69,5300.0,1806871.0
2026-09-03 10:29:00,340.95,340.3,340.95,340.3,6400.0,2179455.0156
2026-09-03 10:30:00,340.3,339.04,340.3,338.88,41900.0,14229458.0
2026-09-03 10:31:00,339.04,342.5,342.5,339.04,27600.0,9397550.3813
2026-09-03 10:32:00,342.33,341.98,342.98,341.94,15500.0,5310593.1431
2026-09-03 10:33:00,342.34,342.17,342.34,341.63,3700.0,1265394.0
2026-09-03 10:34:00,341.55,343.04,343.04,341.43,10400.0,3561759.0
2026-09-03 10:35:00,343.05,343.95,344.09,342.96,11900.0,4089717.0
2026-09-03 10:36:00,343.86,345.2,345.3,343.86,12900.0,4448491.0
2026-09-03 10:37:00,345.2,346.5,346.96,345.2,29300.0,10141317.0
2026-09-03 10:38:00,346.02,345.82,346.31,345.59,9800.0,3390730.0
2026-09-03 10:39:00,345.6,346.97,347.9,345.59,30900.0,10712034.318
2026-09-03 10:40:00,347.39,347.25,347.92,346.98,14300.0,4966081.9922
2026-09-03 10:41:00,347.23,346.89,347.3,346.51,17800.0,6178559.0
2026-09-03 10:42:00,346.51,346.54,347.0,346.19,13300.0,4607690.9844
2026-09-03 10:43:00,346.55,345.16,346.71,345.16,9900.0,3425143.0
2026-09-03 10:44:00,345.56,346.43,346.5,345.18,7900.0,2732942.0
2026-09-03 10:45:00,346.4,345.2,346.4,345.0,6700.0,2317233.0
2026-09-03 10:46:00,345.2,345.21,345.54,345.01,4200.0,1449702.0
2026-09-03 10:47:00,345.21,344.5,345.3,344.5,5100.0,1759627.0
2026-09-03 10:48:00,344.51,345.08,345.08,344.51,2391.0,824539.4102
2026-09-03 10:49:00,345.29,346.3,346.3,345.29,6500.0,2247217.9688
2026-09-03 10:50:00,346.29,348.47,348.77,346.28,38700.0,13454741.9844
2026-09-03 10:51:00,348.47,348.08,348.88,348.08,19700.0,6864215.0
2026-09-03 10:52:00,348.0,347.24,348.08,347.24,9100.0,3164974.0156
2026-09-03 10:53:00,347.67,348.07,348.74,347.67,21000.0,7314219.9688
2026-09-03 10:54:00,348.0,347.61,348.43,347.51,6500.0,2260823.0
2026-09-03 10:55:00,347.9,348.56,348.57,347.9,12900.0,4494234.7087
2026-09-03 10:56:00,348.52,349.27,349.69,348.5,19691.0,6872351.9414
2026-09-03 10:57:00,349.27,348.18,349.56,348.08,12700.0,4428760.0
2026-09-03 10:58:00,348.18,347.82,348.4,347.82,9900.0,3445976.9844
2026-09-03 10:59:00,347.61,347.65,347.9,347.27,10100.0,3510587.9375
2026-09-03 11:00:00,347.65,349.13,349.45,347.6,21500.0,7495522.0
2026-09-03 11:01:00,349.0,351.49,352.0,348.95,57400.0,20127857.0
2026-09-03 11:02:00,351.16,353.4,353.91,350.88,47490.0,16728352.0691
2026-09-03 11:03:00,353.4,358.0,358.0,352.99,167579.0,59528940.1262
2026-09-03 11:04:00,357.88,354.64,357.88,353.73,46500.0,16502619.0078
2026-09-03 11:05:00,354.2,352.1,354.34,352.1,32400.0,11440167.0
2026-09-03 11:06:00,352.1,350.91,352.63,350.91,25300.0,8896409.0
2026-09-03 11:07:00,350.71,351.8,351.98,350.27,22900.0,8049344.9766
2026-09-03 11:08:00,351.8,350.1,351.88,350.1,32000.0,11238359.0
2026-09-03 11:09:00,350.1,352.5,352.8,350.07,29700.0,10442730.0
2026-09-03 11:10:00,352.05,352.39,352.49,352.05,7800.0,2747655.0
2026-09-03 11:11:00,352.4,354.0,354.6,352.39,31000.0,10967840.0
2026-09-03 11:12:00,354.04,354.21,355.05,354.04,17300.0,6135803.0
2026-09-03 11:13:00,354.22,353.55,354.5,353.0,20200.0,7145145.0
2026-09-03 11:14:00,353.55,353.63,353.63,353.0,5300.0,1871948.9922
2026-09-03 11:15:00,353.63,352.99,353.65,352.23,7600.0,2682524.0
2026-09-03 11:16:00,353.0,352.75,353.26,352.52,3700.0,1305952.0
2026-09-03 11:17:00,352.75,354.0,354.0,352.62,7500.0,2651698.9844
2026-09-03 11:18:00,353.93,353.99,354.8,353.88,13900.0,4923816.0
2026-09-03 11:19:00,353.99,352.87,353.99,352.87,11500.0,4064919.0
2026-09-03 11:20:00,352.65,352.51,352.87,352.12,5300.0,1868059.0
2026-09-03 11:21:00,352.18,353.82,353.82,352.16,6300.0,2222952.0
2026-09-03 11:22:00,353.78,353.99,354.0,353.5,6500.0,2300557.0
2026-09-03 11:23:00,354.0,353.66,354.0,353.55,4500.0,1592486.0
2026-09-03 11:24:00,353.66,353.51,353.7,352.51,17000.0,6007397.0
2026-09-03 11:25:00,353.0,353.83,354.79,353.0,21317.0,7553943.0088
2026-09-03 11:26:00,354.0,354.59,354.62,354.0,1800.0,638022.0
2026-09-03 11:27:00,354.59,355.0,355.29,353.88,25600.0,9074709.9922
2026-09-03 11:28:00,355.0,354.17,355.28,354.13,15200.0,5392584.0
2026-09-03 11:29:00,354.2,357.93,358.0,354.2,87400.0,31213315.0234
2026-09-03 11:30:00,357.9,358.18,358.2,356.63,43300.0,15498195.9373
2026-09-03 13:01:00,358.19,355.31,358.4,355.0,59300.0,21156056.0
2026-09-03 13:02:00,355.31,352.97,355.31,352.55,15100.0,5337742.0
2026-09-03 13:03:00,352.97,352.8,352.99,352.04,8600.0,3032638.0
2026-09-03 13:04:00,352.8,352.19,352.8,352.13,3900.0,1374360.0
2026-09-03 13:05:00,352.22,352.42,352.7,352.22,5500.0,1939045.0
2026-09-03 13:06:00,352.45,353.0,353.34,352.36,12100.0,4265264.0156
2026-09-03 13:07:00,353.45,352.84,353.45,352.36,17591.0,6204475.3774
2026-09-03 13:08:00,352.84,351.25,352.84,351.25,13900.0,4896036.9397
2026-09-03 13:09:00,351.25,351.25,351.39,350.18,27600.0,9683135.0
2026-09-03 13:10:00,350.4,349.5,351.2,349.5,27900.0,9769741.9922
2026-09-03 13:11:00,349.5,348.6,349.5,348.33,33000.0,11512229.0156
2026-09-03 13:12:00,349.02,349.49,349.5,348.56,7000.0,2443530.0
2026-09-03 13:13:00,349.47,349.2,349.49,349.1,3700.0,1292113.0
2026-09-03 13:14:00,349.39,348.18,349.39,348.18,21400.0,7458455.0
2026-09-03 13:15:00,348.3,348.4,348.57,347.8,18878.0,6573273.1177
2026-09-03 13:16:00,348.4,347.85,348.4,347.8,7500.0,2610612.9966
2026-09-03 13:17:00,347.85,347.66,348.0,347.66,10400.0,3617479.9995
2026-09-03 13:18:00,347.81,348.66,349.04,347.81,5600.0,1950221.0
2026-09-03 13:19:00,348.5,348.4,348.5,348.18,5200.0,1811461.0
2026-09-03 13:20:00,348.42,348.74,348.98,348.42,7900.0,2755495.0
2026-09-03 13:21:00,348.87,347.5,348.88,347.5,14100.0,4908181.0
2026-09-03 13:22:00,347.45,346.52,347.5,346.51,17500.0,6071320.0
2026-09-03 13:23:00,346.51,346.61,346.72,346.18,30100.0,10430753.8672
2026-09-03 13:24:00,346.61,346.1,346.62,346.1,15500.0,5367367.0
2026-09-03 13:25:00,346.1,345.71,346.1,345.7,13700.0,4738288.4111
2026-09-03 13:26:00,345.74,346.01,346.1,345.74,9859.0,3411704.7969
2026-09-03 13:27:00,346.01,346.0,346.01,345.99,10800.0,3736873.0
2026-09-03 13:28:00,346.0,345.55,346.01,345.53,9300.0,3215292.9927
2026-09-03 13:29:00,345.53,346.01,346.01,345.52,12980.0,4489915.3984
2026-09-03 13:30:00,346.61,346.62,346.62,346.2,12800.0,4433600.0
2026-09-03 13:31:00,346.62,345.51,346.62,345.51,13620.0,4714799.207
2026-09-03 13:32:00,345.51,346.04,346.59,345.51,6001.0,2077382.01
2026-09-03 13:33:00,346.03,345.89,346.03,345.88,9000.0,3113799.0391
2026-09-03 13:34:00,345.94,346.59,346.59,345.9,11300.0,3909453.0078
2026-09-03 13:35:00,346.57,346.22,346.59,346.22,7500.0,2598201.9844
2026-09-03 13:36:00,346.22,346.41,346.58,346.13,7300.0,2528349.9844
2026-09-03 13:37:00,346.41,346.07,346.59,346.05,7200.0,2492907.9922
2026-09-03 13:38:00,346.08,345.8,346.08,345.78,7200.0,2490791.0
2026-09-03 13:39:00,345.75,345.66,345.84,345.55,6600.0,2281238.0
2026-09-03 13:40:00,345.84,345.85,345.85,345.66,2500.0,864326.0
2026-09-03 13:41:00,346.52,346.01,346.53,346.01,4900.0,1696647.0
2026-09-03 13:42:00,346.02,345.91,346.32,345.91,1400.0,484574.0
2026-09-03 13:43:00,345.91,346.31,346.31,345.91,1800.0,622861.0
2026-09-03 13:44:00,346.3,346.52,346.52,346.3,5300.0,1835985.0
2026-09-03 13:45:00,346.34,346.46,346.52,346.15,2500.0,865860.0
2026-09-03 13:46:00,346.46,346.52,346.52,346.23,2500.0,866110.0
2026-09-03 13:47:00,346.53,346.33,346.59,346.32,3900.0,1351393.9922
2026-09-03 13:48:00,346.46,346.57,346.58,346.33,1700.0,589013.0
2026-09-03 13:49:00,346.58,346.59,346.59,346.41,6500.0,2252415.0
2026-09-03 13:50:00,346.58,347.46,347.6,346.58,18500.0,6414420.0
2026-09-03 13:51:00,347.46,347.54,347.8,347.01,13400.0,4656541.8601
2026-09-03 13:52:00,347.3,347.12,347.54,347.11,4300.0,1493726.0
2026-09-03 13:53:00,347.24,347.24,347.24,347.08,6400.0,2221602.9688
2026-09-03 13:54:00,347.38,348.58,348.58,347.18,12400.0,4311925.9375
2026-09-03 13:55:00,348.58,349.0,349.0,348.58,6800.0,2371605.9609
2026-09-03 13:56:00,349.3,348.53,349.8,348.5,9600.0,3350691.0
2026-09-03 13:57:00,348.6,348.05,348.63,348.01,1600.0,557156.0
2026-09-03 13:58:00,348.58,348.84,348.84,348.55,3800.0,1324808.6287
2026-09-03 13:59:00,348.98,348.69,348.98,348.69,5000.0,1744124.0
2026-09-03 14:00:00,348.69,349.58,349.58,348.66,6991.0,2439185.75
2026-09-03 14:01:00,349.58,350.04,350.6,349.58,9700.0,3394801.0
2026-09-03 14:02:00,350.0,351.5,351.5,350.0,21200.0,7437863.0
2026-09-03 14:03:00,351.5,351.5,351.8,350.73,15560.0,5465949.4004
2026-09-03 14:04:00,351.0,351.0,351.5,350.72,6640.0,2330725.2012
2026-09-03 14:05:00,350.47,350.51,350.99,350.33,2700.0,946509.0
2026-09-03 14:06:00,350.51,351.22,351.75,350.51,12360.0,4341417.0
2026-09-03 14:07:00,351.7,352.99,352.99,351.5,21728.0,7646225.1204
2026-09-03 14:08:00,352.86,352.01,353.56,352.0,15300.0,5392511.1914
2026-09-03 14:09:00,352.03,351.0,352.03,351.0,19572.0,6888072.0
2026-09-03 14:10:00,351.0,351.3,351.39,351.0,5300.0,1862252.0469
2026-09-03 14:11:00,351.5,351.02,351.98,351.0,7900.0,2775161.0
2026-09-03 14:12:00,351.02,350.51,351.02,350.5,8800.0,3086297.9993
2026-09-03 14:13:00,350.51,349.91,350.52,349.91,7300.0,2556806.0
2026-09-03 14:14:00,349.6,349.1,349.6,349.02,3000.0,1048199.0
2026-09-03 14:15:00,349.9,349.88,349.9,349.11,2300.0,804524.0
2026-09-03 14:16:00,349.88,349.9,351.02,349.88,10400.0,3642907.0
2026-09-03 14:17:00,349.83,350.13,350.13,349.51,3800.0,1329558.0
2026-09-03 14:18:00,350.3,350.22,350.3,349.62,2300.0,805429.0
2026-09-03 14:19:00,350.13,350.99,351.02,350.13,6100.0,2137867.0
2026-09-03 14:20:00,350.57,350.48,350.99,350.31,3100.0,1087279.0
2026-09-03 14:21:00,350.35,349.6,350.5,349.23,6600.0,2310015.9844
2026-09-03 14:22:00,349.45,349.5,349.86,349.4,3400.0,1188493.0
2026-09-03 14:23:00,349.5,350.18,350.23,349.5,1695.0,592724.5
2026-09-03 14:24:00,350.19,350.07,350.19,349.89,1900.0,665275.0
2026-09-03 14:25:00,350.12,350.0,350.18,349.8,2400.0,840134.0
2026-09-03 14:26:00,350.0,350.0,350.07,349.75,2800.0,979896.0
2026-09-03 14:27:00,350.01,350.19,350.2,350.0,2400.0,840150.0
2026-09-03 14:28:00,350.23,351.0,351.99,350.2,13600.0,4778330.0
2026-09-03 14:29:00,351.0,352.88,352.96,351.0,21500.0,7570550.0
2026-09-03 14:30:00,352.8,350.6,352.87,350.59,5900.0,2072291.9844
2026-09-03 14:31:00,350.64,351.01,351.64,350.62,4491.0,1575836.4238
2026-09-03 14:32:00,351.54,351.02,351.59,351.02,10600.0,3725466.0
2026-09-03 14:33:00,351.02,350.0,351.02,350.0,22600.0,7920539.0703
2026-09-03 14:34:00,350.0,350.48,350.48,350.0,8900.0,3117168.0625
2026-09-03 14:35:00,350.46,350.18,350.46,350.17,2300.0,805663.0
2026-09-03 14:36:00,350.18,351.0,351.0,350.0,11800.0,4136046.0
2026-09-03 14:37:00,350.87,351.45,351.45,350.0,25600.0,8968757.0
2026-09-03 14:38:00,351.0,349.97,351.0,349.97,6400.0,2240766.0
2026-09-03 14:39:00,350.0,350.47,350.47,349.97,3600.0,1260281.0078
2026-09-03 14:40:00,350.91,350.1,350.98,349.0,15400.0,5388384.0078
2026-09-03 14:41:00,349.0,349.35,349.35,349.0,9400.0,3281560.0
2026-09-03 14:42:00,349.41,349.12,349.95,349.12,6700.0,2340487.0
2026-09-03 14:43:00,349.21,349.0,349.51,349.0,10700.0,3735469.0
2026-09-03 14:44:00,349.0,348.95,349.24,348.95,4200.0,1465853.0
2026-09-03 14:45:00,349.0,349.1,349.1,348.9,3400.0,1186530.0
2026-09-03 14:46:00,349.11,348.61,349.24,348.61,9800.0,3419216.9995
2026-09-03 14:47:00,348.6,348.12,348.9,348.12,9900.0,3449382.9844
2026-09-03 14:48:00,348.12,347.16,348.51,347.16,12700.0,4421315.0
2026-09-03 14:49:00,347.59,348.0,348.02,347.0,12100.0,4206651.0
2026-09-03 14:50:00,347.98,347.93,348.02,347.8,4900.0,1704878.0
2026-09-03 14:51:00,347.97,347.63,347.98,347.06,17891.0,6219974.459
2026-09-03 14:52:00,347.63,347.06,347.78,347.06,20000.0,6946084.9971
2026-09-03 14:53:00,347.16,348.0,348.0,347.16,11400.0,3963829.0
2026-09-03 14:54:00,347.99,347.62,348.0,347.06,13600.0,4727463.999
2026-09-03 14:55:00,347.66,347.5,347.72,347.03,13600.0,4725574.0518
2026-09-03 14:56:00,347.5,347.6,347.7,347.49,16569.0,5758837.5
2026-09-03 14:57:00,347.69,348.5,348.5,347.59,16400.0,5705438.0
2026-09-03 15:00:00,348.49,348.49,348.49,348.49,37000.0,12894130.0
2026-09-04 09:31:00,350.79,353.47,354.1,348.5,147519.0,51854676.6719
2026-09-04 09:32:00,353.47,356.0,357.6,353.04,112100.0,39884618.0234
2026-09-04 09:33:00,356.0,361.0,361.89,355.0,173900.0,62415765.9063
2026-09-04 09:34:00,360.98,364.5,365.0,360.82,217690.0,78953271.23
2026-09-04 09:35:00,364.8,364.77,365.88,363.59,144622.0,52795861.6094
2026-09-04 09:36:00,364.14,367.92,368.88,364.0,224074.0,82086965.3262
2026-09-04 09:37:00,367.92,368.14,369.88,367.0,118854.0,43835623.1953
2026-09-04 09:38:00,368.47,365.04,369.0,363.5,86600.0,31752949.9453
2026-09-04 09:39:00,365.05,366.02,367.0,364.81,51200.0,18747442.0078
2026-09-04 09:40:00,365.7,368.5,368.5,363.5,79730.0,29173115.9922
2026-09-04 09:41:00,368.47,363.66,369.23,363.65,69100.0,25421525.0391
2026-09-04 09:42:00,363.67,363.01,364.0,361.7,72200.0,26198325.9688
2026-09-04 09:43:00,363.0,364.5,365.0,362.0,56400.0,20512100.0156
2026-09-04 09:44:00,364.09,365.0,365.0,362.88,47950.0,17436820.3984
2026-09-04 09:45:00,365.0,363.36,365.0,363.0,20950.0,7630411.0
2026-09-04 09:46:00,363.11,355.03,363.65,355.03,113910.0,40922114.9666
2026-09-04 09:47:00,359.8,358.5,359.81,353.67,77400.0,27584759.0391
2026-09-04 09:48:00,358.6,359.89,360.0,358.36,41500.0,14905874.0
2026-09-04 09:49:00,359.67,359.66,359.99,358.18,46759.0,16772391.8271
2026-09-04 09:50:00,359.06,360.68,361.0,359.06,23800.0,8578133.0
2026-09-04 09:51:00,360.8,360.0,362.0,359.18,50400.0,18173487.0938
2026-09-04 09:52:00,359.72,358.01,360.0,358.01,26231.0,9412059.1895
2026-09-04 09:53:00,358.0,357.17,358.01,356.5,32200.0,11497353.9844
2026-09-04 09:54:00,357.03,356.63,357.03,356.3,32900.0,11738839.9922
2026-09-04 09:55:00,356.21,356.22,356.27,355.11,32700.0,11634594.0078
2026-09-04 09:56:00,356.27,356.45,356.58,356.21,13600.0,4845918.9922
2026-09-04 09:57:00,356.44,356.2,356.44,355.98,9400.0,3347706.0
2026-09-04 09:58:00,356.2,356.1,356.39,355.55,29300.0,10425129.9844
2026-09-04 09:59:00,356.1,356.63,356.63,355.62,21200.0,7547498.0
2026-09-04 10:00:00,356.63,358.47,358.8,356.63,18600.0,6656883.0
2026-09-04 10:01:00,358.64,357.8,358.64,357.0,15200.0,5435952.0156
2026-09-04 10:02:00,357.99,356.24,357.99,356.24,12500.0,4462148.0
2026-09-04 10:03:00,356.24,356.0,356.25,355.89,8600.0,3062025.0
2026-09-04 10:04:00,356.0,357.07,357.07,355.9,13600.0,4845972.0
2026-09-04 10:05:00,357.1,357.48,357.49,357.0,13600.0,4858157.0
2026-09-04 10:06:00,357.11,357.26,357.98,356.9,10200.0,3644694.0
2026-09-04 10:07:00,357.6,356.41,357.6,356.2,13800.0,4925790.0
2026-09-04 10:08:00,356.11,355.35,356.11,355.1,28100.0,9990067.9063
2026-09-04 10:09:00,355.22,354.3,355.22,354.3,20600.0,7308185.9922
2026-09-04 10:10:00,354.3,354.4,354.55,354.05,8800.0,3117255.0
2026-09-04 10:11:00,354.25,354.73,354.9,354.22,8770.0,3110555.0059
2026-09-04 10:12:00,354.72,355.55,355.84,354.69,7914.0,2809953.1992
2026-09-04 10:13:00,355.55,356.4,356.4,355.55,10400.0,3702128.9922
2026-09-04 10:14:00,356.77,356.05,356.9,356.05,7000.0,2494499.9922
2026-09-04 10:15:00,356.0,355.4,356.0,355.23,5700.0,2027373.0
2026-09-04 10:16:00,355.37,356.08,357.03,355.37,12100.0,4314137.0
2026-09-04 10:17:00,356.08,359.14,360.88,355.83,15400.0,5510321.0
2026-09-04 10:18:00,357.32,357.5,357.98,356.81,3400.0,1215007.1289
2026-09-04 10:19:00,356.8,356.46,357.26,356.06,4800.0,1710777.0
2026-09-04 10:20:00,357.27,355.25,357.29,355.25,11375.0,4051404.75
2026-09-04 10:21:00,355.33,354.5,355.33,354.46,8455.0,3001216.2539
2026-09-04 10:22:00,354.45,354.35,354.79,354.35,16400.0,5813384.0015
2026-09-04 10:23:00,354.55,354.48,354.55,354.23,6300.0,2232343.0
2026-09-04 10:24:00,354.48,354.5,354.77,354.32,8000.0,2836413.0
2026-09-04 10:25:00,354.42,354.73,354.79,354.35,4100.0,1453940.0
2026-09-04 10:26:00,354.73,354.53,354.73,354.53,6000.0,2128179.1846
2026-09-04 10:27:00,354.68,354.6,354.69,354.52,4000.0,1418613.9995
2026-09-04 10:28:00,354.65,354.66,354.66,354.53,2200.0,780140.0
2026-09-04 10:29:00,354.62,354.18,354.68,354.18,19700.0,6979514.0
2026-09-04 10:30:00,354.17,353.58,354.17,353.35,18800.0,6650191.0
2026-09-04 10:31:00,353.68,354.26,354.26,353.18,22900.0,8092909.9922
2026-09-04 10:32:00,354.15,354.0,354.68,354.0,7600.0,2692031.002
2026-09-04 10:33:00,354.15,354.65,354.68,353.87,4882.0,1729271.2969
2026-09-04 10:34:00,354.64,353.22,354.64,353.22,8900.0,3147665.0
2026-09-04 10:35:00,353.34,353.21,353.34,353.2,5700.0,2013451.0
2026-09-04 10:36:00,353.21,352.01,353.22,352.01,31800.0,11215618.0
2026-09-04 10:37:00,352.1,351.59,352.1,351.5,12500.0,4396908.001
2026-09-04 10:38:00,351.5,351.8,352.08,351.17,15070.0,5297161.0313
2026-09-04 10:39:00,352.08,353.18,353.33,351.8,4700.0,1657932.0
2026-09-04 10:40:00,353.18,352.01,353.18,352.01,5600.0,1975931.0078
2026-09-04 10:41:00,352.63,352.6,352.63,352.0,5600.0,1972180.9922
2026-09-04 10:42:00,352.6,353.17,353.17,352.6,3300.0,1164480.0
2026-09-04 10:43:00,353.29,352.98,353.49,352.98,11800.0,4169219.0
2026-09-04 10:44:00,352.99,352.82,352.99,352.58,8900.0,3138573.0
2026-09-04 10:45:00,352.6,352.56,352.83,352.2,2200.0,775649.0
2026-09-04 10:46:00,352.32,351.66,352.32,351.5,7200.0,2533885.0
2026-09-04 10:47:00,351.61,351.32,351.66,351.2,5500.0,1932679.0
2026-09-04 10:48:00,351.5,351.5,351.65,351.36,7400.0,2600781.0
2026-09-04 10:49:00,351.65,351.57,351.7,351.4,2700.0,949350.0
2026-09-04 10:50:00,351.67,351.46,351.74,351.4,4800.0,1687507.0
2026-09-04 10:51:00,351.41,351.38,351.61,351.38,3200.0,1124539.0
2026-09-04 10:52:00,351.35,351.33,351.38,351.28,4600.0,1616117.0
2026-09-04 10:53:00,351.3,351.34,351.38,351.28,3900.0,1370210.0
2026-09-04 10:54:00,351.35,351.3,351.38,351.2,7600.0,2670189.0
2026-09-04 10:55:00,351.2,351.11,351.21,351.11,3300.0,1158813.0078
2026-09-04 10:56:00,351.1,350.29,351.1,350.22,14800.0,5190805.0
2026-09-04 10:57:00,350.23,350.03,350.28,350.03,6200.0,2171014.0078
2026-09-04 10:58:00,350.03,350.15,350.16,350.0,11794.0,4128151.0474
2026-09-04 10:59:00,350.18,350.76,350.76,350.18,5600.0,1963011.0
2026-09-04 11:00:00,350.76,350.5,351.0,350.4,6000.0,2103793.0
2026-09-04 11:01:00,350.42,351.38,351.38,350.26,7100.0,2489472.0
2026-09-04 11:02:00,351.38,351.88,351.88,350.5,9900.0,3476850.0078
2026-09-04 11:03:00,351.0,352.5,352.98,351.0,5900.0,2078872.9844
2026-09-04 11:04:00,352.5,351.9,352.59,351.9,3300.0,1162225.0
2026-09-04 11:05:00,351.99,351.52,351.99,351.51,2000.0,703268.0
2026-09-04 11:06:00,351.52,352.96,352.96,351.52,4600.0,1619361.0
2026-09-04 11:07:00,352.97,352.63,353.0,352.63,7800.0,2752444.0
2026-09-04 11:08:00,352.64,351.88,352.84,351.88,7800.0,2748464.0
2026-09-04 11:09:00,351.88,352.66,352.82,351.88,1300.0,458453.0
2026-09-04 11:10:00,352.66,352.66,352.66,352.66,400.0,141064.0
2026-09-04 11:11:00,352.01,351.87,352.01,351.58,5300.0,1864885.0234
2026-09-04 11:12:00,351.88,351.0,351.92,351.0,9300.0,3270803.0313
2026-09-04 11:13:00,351.0,350.69,351.0,350.69,1500.0,526185.0
2026-09-04 11:14:00,350.69,350.56,350.69,350.53,1300.0,455806.0
2026-09-04 11:15:00,350.55,350.75,351.48,350.28,9400.0,3295574.0
2026-09-04 11:16:00,350.75,351.3,351.34,350.54,5800.0,2035705.0
2026-09-04 11:17:00,351.27,351.01,351.28,351.0,2000.0,702068.0
2026-09-04 11:18:00,350.71,351.3,351.3,350.71,3500.0,1228493.0
2026-09-04 11:19:00,351.3,350.72,351.48,350.72,8500.0,2983912.0
2026-09-04 11:20:00,350.72,350.8,351.04,350.71,3113.0,1092222.3599
2026-09-04 11:21:00,350.8,350.67,351.03,350.67,7087.0,2486284.6445
2026-09-04 11:22:00,350.66,350.01,350.66,350.0,14710.0,5151338.0684
2026-09-04 11:23:00,350.1,350.02,350.26,350.0,5194.0,1818345.0
2026-09-04 11:24:00,350.02,349.9,350.25,349.9,18402.0,6441078.4767
2026-09-04 11:25:00,349.89,350.28,350.58,349.88,2900.0,1015763.0
2026-09-04 11:26:00,350.25,350.23,350.28,349.88,5400.0,1890713.0
2026-09-04 11:27:00,350.07,349.98,350.08,349.98,5200.0,1820049.0
2026-09-04 11:28:00,349.88,349.87,350.0,349.8,4400.0,1539497.0
2026-09-04 11:29:00,349.81,350.0,350.0,349.8,4700.0,1644703.0
2026-09-04 11:30:00,350.2,351.0,351.0,350.17,2200.0,770742.0
2026-09-04 13:01:00,351.0,353.0,353.28,351.0,12300.0,4335010.9922
2026-09-04 13:02:00,353.0,353.24,353.24,352.12,3600.0,1270050.0
2026-09-04 13:03:00,352.6,352.59,352.6,351.22,12300.0,4328983.0
2026-09-04 13:04:00,352.23,352.0,352.59,352.0,2200.0,774875.0
2026-09-04 13:05:00,352.12,352.46,352.97,352.0,3100.0,1092922.0
2026-09-04 13:06:00,352.46,351.8,352.46,351.8,3100.0,1091314.0
2026-09-04 13:07:00,351.55,351.8,351.8,351.55,1000.0,351711.0
2026-09-04 13:08:00,351.71,351.58,351.71,351.08,3700.0,1300141.0
2026-09-04 13:09:00,351.58,351.31,351.69,351.31,3000.0,1054486.0
2026-09-04 13:10:00,351.18,351.01,351.18,351.0,5700.0,2001164.0078
2026-09-04 13:11:00,351.0,350.59,351.0,350.55,5700.0,1998813.0
2026-09-04 13:12:00,351.04,350.67,351.08,350.67,1100.0,386011.0
2026-09-04 13:13:00,350.87,351.79,351.79,350.87,2100.0,738040.0
2026-09-04 13:14:00,351.79,351.5,351.9,351.46,4600.0,1617521.0
2026-09-04 13:15:00,351.34,351.01,351.5,351.01,3600.0,1264527.0
2026-09-04 13:16:00,351.0,350.7,351.0,350.7,4720.0,1656205.9844
2026-09-04 13:17:00,351.28,350.89,351.46,350.7,3600.0,1262837.0039
2026-09-04 13:18:00,350.89,351.32,351.48,350.89,2800.0,983503.0
2026-09-04 13:19:00,351.16,352.98,352.99,351.08,26792.0,9419481.0
2026-09-04 13:20:00,352.98,352.21,352.98,351.95,8600.0,3031257.0
2026-09-04 13:21:00,352.48,351.81,352.96,351.81,9600.0,3383441.0
2026-09-04 13:22:00,352.28,352.02,353.0,351.24,11600.0,4089651.0
2026-09-04 13:23:00,352.65,352.05,352.65,352.02,3600.0,1269040.0
2026-09-04 13:24:00,352.6,352.33,352.6,351.18,11000.0,3869792.0
2026-09-04 13:25:00,352.33,352.0,352.65,352.0,8200.0,2887315.0
2026-09-04 13:26:00,352.64,351.01,352.68,350.78,15900.0,5595636.0
2026-09-04 13:27:00,352.0,350.6,352.0,350.56,8000.0,2809203.0
2026-09-04 13:28:00,351.09,349.8,351.09,349.8,17200.0,6023250.0
2026-09-04 13:29:00,349.75,349.52,350.55,349.38,7300.0,2552535.0
2026-09-04 13:30:00,349.55,349.52,350.02,349.36,5600.0,1957513.0
2026-09-04 13:31:00,349.51,349.99,350.02,349.48,9800.0,3426160.9688
2026-09-04 13:32:00,349.99,350.58,351.2,349.54,3100.0,1085766.0
2026-09-04 13:33:00,350.66,349.6,350.66,349.6,6200.0,2170894.0
2026-09-04 13:34:00,349.62,349.9,349.9,349.57,3300.0,1153851.0
2026-09-04 13:35:00,349.91,350.55,350.58,349.71,6800.0,2379194.0
2026-09-04 13:36:00,350.54,349.88,350.54,349.86,1900.0,665367.0
2026-09-04 13:37:00,349.89,349.66,349.89,349.6,5900.0,2063612.9922
2026-09-04 13:38:00,349.65,348.01,349.66,348.0,61100.0,21314955.0078
2026-09-04 13:39:00,348.01,348.16,348.35,348.0,17800.0,6195327.0
2026-09-04 13:40:00,348.08,348.51,348.71,348.08,2891.0,1006911.0989
2026-09-04 13:41:00,348.5,349.5,349.51,348.5,4000.0,1396034.0
2026-09-04 13:42:00,349.5,349.5,349.51,348.96,3700.0,1292543.0
2026-09-04 13:43:00,349.51,349.91,350.5,349.5,8100.0,2832687.0
2026-09-04 13:44:00,349.91,350.44,350.97,349.52,6100.0,2135621.0
2026-09-04 13:45:00,350.45,349.22,350.5,349.2,5091.0,1781106.6482
2026-09-04 13:46:00,350.46,350.5,350.5,349.22,3700.0,1295065.0
2026-09-04 13:47:00,350.5,350.51,350.64,350.2,10000.0,3505087.0
2026-09-04 13:48:00,350.51,350.78,350.84,350.51,3100.0,1086841.0
2026-09-04 13:49:00,350.8,350.78,351.0,350.78,2600.0,912487.0
2026-09-04 13:50:00,350.78,351.05,351.23,350.52,3800.0,1333092.0
2026-09-04 13:51:00,351.23,351.15,351.79,351.05,14500.0,5094764.9844
2026-09-04 13:52:00,351.13,349.59,351.13,349.59,5800.0,2034845.0
2026-09-04 13:53:00,349.59,350.0,351.15,349.5,7500.0,2625473.0
2026-09-04 13:54:00,350.5,349.8,350.5,349.8,5300.0,1855084.9922
2026-09-04 13:55:00,349.8,349.2,350.01,349.2,10100.0,3529844.0012
2026-09-04 13:56:00,349.36,350.59,351.31,349.36,4300.0,1505754.0
2026-09-04 13:57:00,351.0,350.15,351.0,349.48,7000.0,2451615.9922
2026-09-04 13:58:00,351.17,353.49,353.5,350.18,24300.0,8547899.0078
2026-09-04 13:59:00,353.66,352.72,353.72,351.95,5100.0,1800688.0
2026-09-04 14:00:00,352.72,352.09,352.72,351.97,8100.0,2852471.0
2026-09-04 14:01:00,352.09,351.5,352.09,351.5,3400.0,1196375.0
2026-09-04 14:02:00,351.68,353.08,353.11,351.5,6800.0,2398770.0
2026-09-04 14:03:00,353.15,352.53,353.3,352.53,3000.0,1059075.0
2026-09-04 14:04:00,352.76,352.99,352.99,352.53,4500.0,1586886.0
2026-09-04 14:05:00,352.99,352.79,353.16,352.73,7100.0,2506319.0
2026-09-04 14:06:00,352.79,352.53,352.79,352.53,2500.0,881617.0
2026-09-04 14:07:00,352.51,351.92,352.51,351.87,6900.0,2428542.0156
2026-09-04 14:08:00,351.9,352.1,352.46,351.62,8300.0,2920721.0
2026-09-04 14:09:00,352.45,352.53,352.53,352.1,2400.0,845918.0
2026-09-04 14:10:00,352.3,354.7,354.7,352.22,17500.0,6185086.0
2026-09-04 14:11:00,354.57,354.38,354.69,354.0,15400.0,5456918.0
2026-09-04 14:12:00,354.38,354.55,354.7,354.11,18800.0,6665273.0039
2026-09-04 14:13:00,354.46,354.58,354.65,353.79,12382.0,4385309.999
2026-09-04 14:14:00,354.31,354.2,354.83,354.2,11400.0,4043318.0
2026-09-04 14:15:00,354.1,354.58,354.72,354.0,7700.0,2728653.0
2026-09-04 14:16:00,354.58,354.58,354.58,354.25,4100.0,1453237.9922
2026-09-04 14:17:00,354.63,354.02,354.77,354.0,10400.0,3685791.0156
2026-09-04 14:18:00,354.02,353.0,354.35,352.38,13100.0,4635745.0
2026-09-04 14:19:00,352.25,352.3,353.0,352.12,4800.0,1690945.0
2026-09-04 14:20:00,352.14,353.39,353.99,352.0,6900.0,2433014.0156
2026-09-04 14:21:00,353.4,352.0,353.4,352.0,10227.0,3603072.0
2026-09-04 14:22:00,352.02,351.98,352.02,350.88,9300.0,3267809.7568
2026-09-04 14:23:00,351.98,352.0,352.0,351.13,5700.0,2004858.0
2026-09-04 14:24:00,352.0,352.15,352.89,352.0,3600.0,1268655.0
2026-09-04 14:25:00,352.02,352.98,353.0,352.02,10500.0,3704987.0
2026-09-04 14:26:00,353.0,353.79,353.98,353.0,7500.0,2652021.9922
2026-09-04 14:27:00,353.97,353.69,353.97,352.98,14000.0,4948149.0
2026-09-04 14:28:00,353.69,353.69,353.7,352.4,4600.0,1626205.0
2026-09-04 14:29:00,353.69,352.5,353.69,352.46,9400.0,3321126.0625
2026-09-04 14:30:00,353.29,352.5,353.3,352.46,4500.0,1587154.0
2026-09-04 14:31:00,352.5,352.3,352.5,352.0,14200.0,5002208.0
2026-09-04 14:32:00,352.0,352.0,352.28,351.68,16400.0,5772692.0
2026-09-04 14:33:00,352.01,352.11,352.25,351.29,17600.0,6192780.0
2026-09-04 14:34:00,352.01,352.0,352.01,351.5,17100.0,6018037.0
2026-09-04 14:35:00,352.0,351.99,352.2,351.99,11800.0,4153937.0
2026-09-04 14:36:00,351.7,352.01,352.01,351.61,11200.0,3941662.0
2026-09-04 14:37:00,352.0,352.0,352.2,352.0,10800.0,3802397.0
2026-09-04 14:38:00,352.0,351.63,352.2,351.63,13000.0,4574501.0
2026-09-04 14:39:00,351.7,351.99,352.0,351.62,8500.0,2989435.0
2026-09-04 14:40:00,351.99,352.0,352.25,351.99,9200.0,3239171.0
2026-09-04 14:41:00,352.0,352.18,352.19,352.0,8600.0,3027692.0
2026-09-04 14:42:00,352.04,352.0,352.11,351.5,31500.0,11086104.0
2026-09-04 14:43:00,352.0,351.7,352.1,351.7,12600.0,4435260.0
2026-09-04 14:44:00,351.7,351.7,352.0,351.62,3700.0,1301613.0
2026-09-04 14:45:00,351.69,350.0,351.7,350.0,20300.0,7123909.0
2026-09-04 14:46:00,349.7,348.5,349.7,348.0,33609.0,11717592.0242
2026-09-04 14:47:00,348.67,350.03,350.04,348.5,9800.0,3425107.0
2026-09-04 14:48:00,350.04,352.0,352.0,349.47,20500.0,7196297.0
2026-09-04 14:49:00,352.0,352.3,352.3,350.0,33900.0,11925956.0
2026-09-04 14:50:00,352.47,352.88,353.0,352.29,17100.0,6030686.9297
2026-09-04 14:51:00,352.88,352.95,353.0,352.56,5800.0,2047114.0
2026-09-04 14:52:00,352.69,352.53,352.83,352.51,11200.0,3948600.9922
2026-09-04 14:53:00,352.53,353.44,353.44,352.2,18000.0,6350093.0078
2026-09-04 14:54:00,353.44,354.0,354.08,353.28,22000.0,7785314.0
2026-09-04 14:55:00,354.0,355.0,355.92,354.0,39000.0,13846494.0
2026-09-04 14:56:00,355.0,354.55,355.27,353.99,20300.0,7200912.0039
2026-09-04 14:57:00,354.55,354.46,354.66,354.29,28900.0,10244518.0
2026-09-04 15:00:00,354.46,354.46,354.46,354.46,48100.0,17049526.0
2026-09-07 09:31:00,362.01,358.0,365.05,358.0,229585.0,83157746.083
2026-09-07 09:32:00,358.0,361.5,362.0,356.5,92700.0,33203835.0
2026-09-07 09:33:00,361.79,360.0,363.02,358.61,57500.0,20774743.9844
2026-09-07 09:34:00,360.01,362.28,362.54,360.0,36700.0,13272318.0
2026-09-07 09:35:00,362.0,359.26,362.37,359.26,28600.0,10316205.0
2026-09-07 09:36:00,359.5,358.73,359.52,358.11,38200.0,13707176.8613
2026-09-07 09:37:00,358.7,356.1,358.75,356.0,68700.0,24512580.9609
2026-09-07 09:38:00,356.3,355.72,356.98,355.71,36900.0,13141021.0
2026-09-07 09:39:00,355.71,359.0,359.6,355.71,64600.0,23124298.8281
2026-09-07 09:40:00,359.0,361.5,361.99,358.88,31100.0,11210886.9922
2026-09-07 09:41:00,361.0,358.5,361.97,358.5,30400.0,10955959.0
2026-09-07 09:42:00,358.88,358.6,359.6,358.2,32400.0,11620998.0
2026-09-07 09:43:00,358.3,358.31,358.86,358.2,13700.0,4908631.0156
2026-09-07 09:44:00,358.28,358.0,358.87,357.0,27800.0,9957211.0
2026-09-07 09:45:00,358.0,357.52,358.42,357.0,19400.0,6939058.0
2026-09-07 09:46:00,357.53,358.81,359.91,357.0,22600.0,8104905.0
2026-09-07 09:47:00,358.8,358.49,359.74,358.42,22200.0,7961953.9844
2026-09-07 09:48:00,358.49,358.73,358.78,358.48,13300.0,4769912.0
2026-09-07 09:49:00,358.49,356.97,358.63,356.57,23600.0,8443531.0
2026-09-07 09:50:00,356.56,355.89,356.93,355.88,36200.0,12889635.0469
2026-09-07 09:51:00,355.95,354.02,355.95,354.02,46900.0,16663198.0
2026-09-07 09:52:00,354.0,352.77,354.0,351.8,38400.0,13532086.0
2026-09-07 09:53:00,352.77,353.88,354.44,351.99,25773.0,9104298.5217
2026-09-07 09:54:00,354.09,355.55,355.89,353.96,21791.0,7739632.0342
2026-09-07 09:55:00,355.54,358.44,358.51,355.54,36900.0,13191044.0
2026-09-07 09:56:00,358.44,358.6,358.88,358.34,34700.0,12442363.0
2026-09-07 09:57:00,358.34,358.35,358.88,358.34,19000.0,6813180.1226
2026-09-07 09:58:00,358.35,358.01,358.42,358.01,21600.0,7739936.0
2026-09-07 09:59:00,358.04,357.54,358.04,357.54,16100.0,5763932.0127
2026-09-07 10:00:00,357.54,357.06,357.54,356.2,11800.0,4211617.0
2026-09-07 10:01:00,357.08,355.68,357.3,355.68,12500.0,4459451.0
2026-09-07 10:02:00,355.69,355.28,356.0,355.18,17624.0,6264571.2969
2026-09-07 10:03:00,355.24,357.53,357.53,355.2,6000.0,2133986.0156
2026-09-07 10:04:00,357.2,357.5,357.53,356.78,10300.0,3678985.0313
2026-09-07 10:05:00,357.5,356.87,357.53,356.53,14700.0,5252543.0
2026-09-07 10:06:00,357.21,358.58,358.62,356.53,17900.0,6405948.0156
2026-09-07 10:07:00,358.6,356.08,358.62,356.03,11600.0,4151923.0
2026-09-07 10:08:00,356.43,356.09,356.74,356.08,13600.0,4843878.9946
2026-09-07 10:09:00,356.09,356.5,356.72,356.09,7509.0,2676813.9063
2026-09-07 10:10:00,356.2,357.4,357.4,356.03,21400.0,7626684.3716
2026-09-07 10:11:00,357.41,357.02,357.44,357.0,18400.0,6574342.0
2026-09-07 10:12:00,357.02,357.4,357.52,357.02,9600.0,3430134.0
2026-09-07 10:13:00,357.41,358.5,358.55,357.14,6817.0,2438120.7202
2026-09-07 10:14:00,358.55,360.0,360.11,358.5,23587.0,8478593.2051
2026-09-07 10:15:00,360.0,361.92,362.2,359.88,42600.0,15389203.1714
2026-09-07 10:16:00,361.6,361.12,361.96,360.82,15200.0,5493007.9844
2026-09-07 10:17:00,361.12,360.39,361.3,360.0,27300.0,9844017.9375
2026-09-07 10:18:00,360.39,360.43,360.8,360.38,7000.0,2523354.0469
2026-09-07 10:19:00,360.42,359.18,360.43,359.0,17689.0,6367083.0
2026-09-07 10:20:00,359.0,359.87,359.87,359.0,6900.0,2480734.0078
2026-09-07 10:21:00,359.62,358.89,360.0,358.8,21200.0,7617966.9844
2026-09-07 10:22:00,358.93,358.05,358.93,358.03,10778.0,3862856.3213
2026-09-07 10:23:00,358.06,358.61,358.61,357.17,15500.0,5541868.6719
2026-09-07 10:24:00,358.61,360.98,361.0,358.19,12900.0,4636912.0
2026-09-07 10:25:00,359.13,358.41,360.9,358.4,6200.0,2226921.1787
2026-09-07 10:26:00,358.4,358.23,358.65,357.97,6200.0,2220286.0
2026-09-07 10:27:00,357.6,357.96,357.98,357.54,5000.0,1789294.0
2026-09-07 10:28:00,357.97,357.5,357.97,357.48,11100.0,3971858.0
2026-09-07 10:29:00,357.54,356.62,357.54,356.62,12500.0,4463310.0
2026-09-07 10:30:00,356.7,356.78,357.17,356.63,10600.0,3782066.0
2026-09-07 10:31:00,356.78,357.78,357.78,356.7,15200.0,5425714.0
2026-09-07 10:32:00,357.78,359.0,359.66,357.0,12400.0,4445197.0
2026-09-07 10:33:00,359.0,359.22,359.37,359.0,9500.0,3411806.0
2026-09-07 10:34:00,359.66,358.6,359.67,358.55,11100.0,3984062.0
2026-09-07 10:35:00,358.55,358.49,358.55,357.3,3700.0,1324873.0
2026-09-07 10:36:00,358.49,359.52,359.52,358.0,3300.0,1184358.0
2026-09-07 10:37:00,359.52,359.0,359.53,359.0,10800.0,3877701.0
2026-09-07 10:38:00,359.24,359.47,359.63,359.01,6000.0,2156117.0078
2026-09-07 10:39:00,359.5,359.9,359.9,359.3,7100.0,2553156.0
2026-09-07 10:40:00,359.66,360.77,360.77,359.66,8200.0,2954985.0
2026-09-07 10:41:00,360.73,359.35,360.77,359.35,10600.0,3818173.9922
2026-09-07 10:42:00,359.34,359.3,360.0,359.3,7500.0,2696593.9844
2026-09-07 10:43:00,359.4,359.42,359.56,359.35,4900.0,1761087.9844
2026-09-07 10:44:00,359.42,359.98,359.98,359.4,5700.0,2049101.0078
2026-09-07 10:45:00,359.97,360.0,360.05,359.65,7400.0,2663454.0
2026-09-07 10:46:00,360.04,360.0,360.09,359.83,5600.0,2016009.0
2026-09-07 10:47:00,359.71,359.71,359.99,359.7,6100.0,2194353.0
2026-09-07 10:48:00,359.7,359.59,359.71,359.36,7300.0,2624971.0
2026-09-07 10:49:00,359.59,358.12,359.59,358.1,4100.0,1472260.0
2026-09-07 10:50:00,358.14,360.0,360.0,358.12,3700.0,1329404.0
2026-09-07 10:51:00,359.45,359.45,360.02,359.45,16800.0,6047318.0
2026-09-07 10:52:00,359.45,358.8,359.45,358.59,2600.0,933777.0
2026-09-07 10:53:00,358.68,359.45,359.45,358.6,1400.0,502453.0
2026-09-07 10:54:00,359.44,358.78,360.07,358.22,24300.0,8742902.9922
2026-09-07 10:55:00,358.21,357.01,358.21,356.7,8500.0,3038258.0
2026-09-07 10:56:00,357.01,357.21,357.22,356.56,6800.0,2426184.0
2026-09-07 10:57:00,357.21,358.0,358.0,357.0,13100.0,4680572.0
2026-09-07 10:58:00,357.02,356.05,358.0,356.01,19000.0,6782540.813
2026-09-07 10:59:00,356.09,355.66,356.09,355.66,14600.0,5197212.0
2026-09-07 11:00:00,355.6,355.06,355.63,355.01,20976.0,7450516.6641
2026-09-07 11:01:00,355.01,354.22,355.01,354.22,16612.0,5893361.0786
2026-09-07 11:02:00,354.69,354.34,355.0,354.22,23800.0,8441993.0151
2026-09-07 11:03:00,354.36,355.0,355.0,354.25,11200.0,3969496.0
2026-09-07 11:04:00,354.78,356.94,357.0,354.74,11500.0,4095631.0
2026-09-07 11:05:00,356.93,357.7,358.0,356.93,7600.0,2716229.9922
2026-09-07 11:06:00,357.8,358.36,358.68,357.8,5200.0,1863384.9922
2026-09-07 11:07:00,358.36,357.92,358.36,357.67,2900.0,1038337.9922
2026-09-07 11:08:00,357.92,357.51,357.99,357.19,3200.0,1143757.0
2026-09-07 11:09:00,357.48,357.9,357.9,355.18,18200.0,6483474.9688
2026-09-07 11:10:00,357.91,356.8,358.09,356.24,4500.0,1609089.0
2026-09-07 11:11:00,356.89,357.9,357.9,356.89,1100.0,393369.0078
2026-09-07 11:12:00,358.3,358.92,358.92,358.3,3700.0,1327592.0078
2026-09-07 11:13:00,358.92,359.6,359.6,358.85,7100.0,2549660.0
2026-09-07 11:14:00,359.59,359.35,359.59,358.95,4900.0,1760932.0
2026-09-07 11:15:00,359.35,358.95,359.35,358.94,2900.0,1041240.0
2026-09-07 11:16:00,358.95,358.34,358.95,358.34,7200.0,2584091.0
2026-09-07 11:17:00,358.36,358.95,358.95,358.36,1400.0,502252.0
2026-09-07 11:18:00,358.99,358.92,358.99,358.92,4400.0,1579416.0
2026-09-07 11:19:00,358.52,358.63,358.71,358.52,1900.0,681396.9922
2026-09-07 11:20:00,358.67,358.67,358.79,358.64,4500.0,1614073.0
2026-09-07 11:21:00,358.81,359.41,359.41,358.8,5600.0,2011001.0
2026-09-07 11:22:00,359.43,359.2,359.43,359.2,4400.0,1581333.0
2026-09-07 11:23:00,359.3,359.34,359.39,359.22,4200.0,1509070.0
2026-09-07 11:24:00,359.33,359.38,359.4,359.33,2800.0,1006238.0
2026-09-07 11:25:00,359.39,359.57,359.57,359.39,2900.0,1042365.0
2026-09-07 11:26:00,359.57,359.04,359.64,359.02,7500.0,2696564.0
2026-09-07 11:27:00,359.04,359.02,359.04,358.94,3500.0,1256492.0
2026-09-07 11:28:00,359.02,358.91,359.03,358.91,3200.0,1148745.0
2026-09-07 11:29:00,358.9,358.24,358.9,358.24,4400.0,1577978.0078
2026-09-07 11:30:00,358.01,357.62,358.03,357.62,5800.0,2076276.0
2026-09-07 13:01:00,357.65,359.02,360.0,357.62,20700.0,7438393.0156
2026-09-07 13:02:00,359.02,359.21,360.0,359.02,4900.0,1762132.0
2026-09-07 13:03:00,359.9,359.27,359.9,359.06,8200.0,2949844.0
2026-09-07 13:04:00,359.08,359.1,359.98,359.07,5400.0,1941620.0
2026-09-07 13:05:00,359.23,358.37,359.24,358.3,3400.0,1220569.9844
2026-09-07 13:06:00,358.37,358.39,358.63,358.37,2500.0,896458.0
2026-09-07 13:07:00,358.39,358.37,358.76,358.26,5600.0,2007221.0
2026-09-07 13:08:00,358.37,358.0,358.37,358.0,3800.0,1360925.0
2026-09-07 13:09:00,357.71,357.14,357.72,357.08,4400.0,1572511.0
2026-09-07 13:10:00,357.0,357.62,358.18,357.0,5638.0,2016643.0283
2026-09-07 13:11:00,357.77,357.3,357.77,357.26,4300.0,1536589.0
2026-09-07 13:12:00,357.3,356.01,357.5,356.01,13000.0,4640496.9688
2026-09-07 13:13:00,356.2,356.3,356.59,356.01,11200.0,3991521.9297
2026-09-07 13:14:00,356.45,355.56,356.55,355.55,10300.0,3667007.0
2026-09-07 13:15:00,355.55,357.32,358.37,355.55,12600.0,4495852.0078
2026-09-07 13:16:00,357.94,358.93,358.93,357.0,7400.0,2648457.9609
2026-09-07 13:17:00,357.92,358.84,359.3,357.92,3700.0,1327266.0
2026-09-07 13:18:00,358.84,359.8,359.8,358.75,12000.0,4309229.0078
2026-09-07 13:19:00,359.8,359.51,359.8,359.37,3400.0,1222238.0
2026-09-07 13:20:00,359.44,360.07,360.07,359.44,17300.0,6225657.0
2026-09-07 13:21:00,360.0,360.0,360.09,360.0,8500.0,3060225.0
2026-09-07 13:22:00,360.0,359.41,360.01,358.89,4200.0,1511037.0
2026-09-07 13:23:00,359.06,359.08,359.41,358.88,13900.0,4989175.0
2026-09-07 13:24:00,359.09,359.08,359.1,359.07,2000.0,718169.0
2026-09-07 13:25:00,359.07,359.3,359.3,359.07,4100.0,1472414.0
2026-09-07 13:26:00,359.16,359.41,359.42,359.16,3600.0,1293655.0078
2026-09-07 13:27:00,359.41,360.19,360.3,359.4,8700.0,3131727.0
2026-09-07 13:28:00,360.19,364.01,364.18,360.19,81800.0,29631616.9531
2026-09-07 13:29:00,364.01,364.33,364.76,363.98,36100.0,13148251.0
2026-09-07 13:30:00,364.39,367.86,367.87,364.0,130562.0,47712145.825
2026-09-07 13:31:00,367.87,368.13,368.6,367.17,91700.0,33743366.0
2026-09-07 13:32:00,368.14,367.8,368.18,367.59,32700.0,12032089.8906
2026-09-07 13:33:00,367.86,367.75,367.96,367.38,29100.0,10701358.0
2026-09-07 13:34:00,367.75,368.46,368.61,367.7,36100.0,13295185.0
2026-09-07 13:35:00,368.46,367.91,368.79,367.7,57600.0,21226219.0156
2026-09-07 13:36:00,367.85,367.18,368.98,366.13,55500.0,20424630.9399
2026-09-07 13:37:00,367.13,366.62,367.2,366.62,11800.0,4332104.0
2026-09-07 13:38:00,366.63,365.03,366.65,365.03,8900.0,3258185.9766
2026-09-07 13:39:00,365.05,366.48,366.48,364.72,14900.0,5445008.0156
2026-09-07 13:40:00,366.5,366.59,366.97,366.48,8900.0,3263308.9688
2026-09-07 13:41:00,366.54,365.33,366.58,365.19,19400.0,7104311.9922
2026-09-07 13:42:00,365.33,365.3,365.43,365.28,6100.0,2228629.0
2026-09-07 13:43:00,365.5,365.88,365.88,365.43,7600.0,2779943.0
2026-09-07 13:44:00,365.89,365.45,365.96,365.37,8000.0,2925548.0
2026-09-07 13:45:00,365.3,365.6,365.6,365.3,6700.0,2448971.0
2026-09-07 13:46:00,365.52,365.99,365.99,365.5,6650.0,2431448.0
2026-09-07 13:47:00,365.95,366.01,366.45,365.93,7900.0,2892033.0
2026-09-07 13:48:00,366.16,366.31,366.32,366.0,14700.0,5382275.0625
2026-09-07 13:49:00,366.31,365.94,366.44,365.94,14900.0,5457640.0
2026-09-07 13:50:00,365.93,366.06,366.22,365.92,14500.0,5307193.0
2026-09-07 13:51:00,366.08,366.0,366.08,365.91,8100.0,2964502.0
2026-09-07 13:52:00,366.0,365.6,366.0,365.6,8000.0,2927221.0
2026-09-07 13:53:00,365.69,365.4,365.69,365.22,10250.0,3746578.9844
2026-09-07 13:54:00,365.3,365.42,365.56,365.3,9100.0,3325510.0
2026-09-07 13:55:00,365.42,365.49,365.49,365.42,7400.0,2704385.0
2026-09-07 13:56:00,365.46,364.2,365.55,364.2,18100.0,6611842.0156
2026-09-07 13:57:00,364.2,363.62,364.2,363.5,9700.0,3528667.998
2026-09-07 13:58:00,363.62,364.46,364.48,363.6,4200.0,1527894.6812
2026-09-07 13:59:00,364.14,364.39,364.63,363.81,9000.0,3279010.0
2026-09-07 14:00:00,364.39,364.04,364.45,364.01,3300.0,1201973.0
2026-09-07 14:01:00,364.04,363.52,364.43,363.5,13000.0,4730240.9688
2026-09-07 14:02:00,363.51,363.51,363.76,363.46,5800.0,2108738.0
2026-09-07 14:03:00,363.62,363.63,363.66,363.41,3900.0,1417809.0
2026-09-07 14:04:00,363.64,363.46,363.7,363.29,13600.0,4943758.0156
2026-09-07 14:05:00,363.42,362.07,363.42,362.07,17500.0,6345282.0
2026-09-07 14:06:00,362.15,362.49,362.5,362.07,3800.0,1376496.0
2026-09-07 14:07:00,362.67,362.4,362.67,362.4,8300.0,3009578.0
2026-09-07 14:08:00,362.37,362.4,362.58,362.2,4300.0,1558044.0
2026-09-07 14:09:00,362.52,362.67,362.67,362.37,6800.0,2464904.0156
2026-09-07 14:10:00,362.76,363.15,363.15,362.76,5500.0,1996265.0
2026-09-07 14:11:00,363.07,362.4,363.15,362.32,10800.0,3917685.0
2026-09-07 14:12:00,362.32,362.49,362.49,362.32,2800.0,1014900.0
2026-09-07 14:13:00,362.63,362.99,362.99,362.49,4000.0,1451199.9844
2026-09-07 14:14:00,362.95,362.77,362.95,362.64,5400.0,1958697.0
2026-09-07 14:15:00,362.74,362.51,362.76,362.51,4000.0,1450539.0078
2026-09-07 14:16:00,362.51,362.53,362.61,362.51,2200.0,797627.0
2026-09-07 14:17:00,362.56,362.72,362.77,362.49,9500.0,3444230.0
2026-09-07 14:18:00,362.79,362.6,362.82,362.59,4300.0,1559617.0
2026-09-07 14:19:00,362.6,362.89,362.89,362.59,5100.0,1849741.0
2026-09-07 14:20:00,362.85,362.99,362.99,362.85,3200.0,1161420.0
2026-09-07 14:21:00,363.0,363.27,363.36,363.0,3600.0,1307569.0
2026-09-07 14:22:00,363.2,363.26,363.26,363.05,2300.0,835234.0
2026-09-07 14:23:00,363.06,362.88,363.06,362.88,3600.0,1306724.0
2026-09-07 14:24:00,362.82,362.56,362.82,362.56,3600.0,1305721.0
2026-09-07 14:25:00,362.56,362.68,362.68,362.43,5400.0,1957768.0
2026-09-07 14:26:00,362.59,362.95,362.95,362.58,3100.0,1124648.0
2026-09-07 14:27:00,362.91,362.65,363.0,362.6,8500.0,3084040.0
2026-09-07 14:28:00,362.6,362.83,362.83,362.58,2400.0,870366.0
2026-09-07 14:29:00,362.83,363.0,363.0,362.83,1800.0,653294.0
2026-09-07 14:30:00,363.0,362.71,363.0,362.7,4900.0,1778309.0
2026-09-07 14:31:00,362.8,362.15,362.84,362.15,28300.0,10260088.9922
2026-09-07 14:32:00,362.13,362.01,362.13,362.0,14100.0,5104430.0
2026-09-07 14:33:00,362.0,361.7,362.02,361.7,14600.0,5285109.0
2026-09-07 14:34:00,361.7,361.54,361.7,361.36,5500.0,1988262.0
2026-09-07 14:35:00,361.58,361.69,361.86,361.5,7500.0,2712255.9922
2026-09-07 14:36:00,361.69,361.78,361.78,361.62,4200.0,1519182.0
2026-09-07 14:37:00,361.78,362.46,362.47,361.78,6800.0,2462908.0
2026-09-07 14:38:00,362.46,362.77,362.96,362.46,5900.0,2139378.0
2026-09-07 14:39:00,362.55,362.5,362.57,362.45,5800.0,2102506.0
2026-09-07 14:40:00,362.52,362.59,362.66,362.52,3791.0,1374474.2305
2026-09-07 14:41:00,362.59,362.16,362.6,362.16,4409.0,1598405.7705
2026-09-07 14:42:00,362.17,361.7,362.21,361.7,8000.0,2896192.0
2026-09-07 14:43:00,361.84,361.83,361.85,361.7,4000.0,1447200.0
2026-09-07 14:44:00,361.79,361.5,361.79,361.5,8800.0,3182658.0
2026-09-07 14:45:00,361.6,361.68,361.68,361.5,7500.0,2711564.0
2026-09-07 14:46:00,361.61,361.68,361.68,361.6,7300.0,2639884.9922
2026-09-07 14:47:00,361.68,361.85,361.99,361.67,2300.0,832090.0
2026-09-07 14:48:00,361.99,361.8,361.99,361.8,6500.0,2352092.9844
2026-09-07 14:49:00,361.82,361.68,361.82,361.68,6300.0,2279000.0
2026-09-07 14:50:00,361.68,361.63,361.69,361.6,8700.0,3146203.0
2026-09-07 14:51:00,361.61,361.25,361.61,361.2,11891.0,4297077.1992
2026-09-07 14:52:00,361.22,361.4,361.4,361.18,16200.0,5851693.0393
2026-09-07 14:53:00,361.4,361.48,361.48,361.38,13600.0,4915380.0
2026-09-07 14:54:00,361.48,361.29,361.48,361.19,18900.0,6829310.0
2026-09-07 14:55:00,361.29,361.24,361.31,361.22,11882.0,4292747.9395
2026-09-07 14:56:00,361.29,361.5,361.55,361.23,16800.0,6070633.9922
2026-09-07 14:57:00,361.55,362.1,362.1,361.54,19300.0,6982761.0
2026-09-07 15:00:00,362.22,362.22,362.22,362.22,34300.0,12424146.0
2026-09-08 09:31:00,354.99,356.72,358.0,353.61,144379.0,51261760.6132
2026-09-08 09:32:00,356.72,354.99,356.72,353.01,60200.0,21306579.9375
2026-09-08 09:33:00,354.0,353.13,356.0,353.13,46200.0,16357510.8672
2026-09-08 09:34:00,353.14,355.97,356.5,353.04,48184.0,17095749.6831
2026-09-08 09:35:00,355.97,356.6,357.5,355.0,34500.0,12295492.0
2026-09-08 09:36:00,356.1,355.77,357.0,354.55,24800.0,8817671.9844
2026-09-08 09:37:00,355.79,357.51,357.61,355.06,32073.0,11437530.752
2026-09-08 09:38:00,357.53,357.0,358.0,356.48,22200.0,7939729.0
2026-09-08 09:39:00,356.48,356.0,356.53,355.56,12100.0,4307779.4502
2026-09-08 09:40:00,356.0,357.01,357.86,355.86,20200.0,7209372.0
2026-09-08 09:41:00,357.01,360.37,360.77,356.5,43100.0,15473308.0156
2026-09-08 09:42:00,360.0,360.54,362.1,359.91,41989.0,15163210.998
2026-09-08 09:43:00,360.01,358.64,360.52,358.0,16316.0,5850239.1421
2026-09-08 09:44:00,358.64,355.91,358.88,355.91,20984.0,7497191.8438
2026-09-08 09:45:00,356.0,355.88,356.91,355.8,13000.0,4628085.0
2026-09-08 09:46:00,355.88,354.5,355.88,354.32,40027.0,14212137.1016
2026-09-08 09:47:00,354.61,357.76,357.76,354.22,15400.0,5476895.5928
2026-09-08 09:48:00,357.15,356.01,357.15,355.88,26500.0,9449196.0
2026-09-08 09:49:00,356.02,354.28,356.42,353.99,22116.0,7845029.5313
2026-09-08 09:50:00,354.18,353.3,354.19,353.12,28900.0,10215217.9922
2026-09-08 09:51:00,353.13,350.98,353.39,350.78,101900.0,35884657.9766
2026-09-08 09:52:00,350.99,351.08,352.02,350.53,33000.0,11580930.9688
2026-09-08 09:53:00,351.08,350.55,351.08,348.53,89800.0,31402205.9844
2026-09-08 09:54:00,350.4,352.5,352.88,350.0,27300.0,9600213.9844
2026-09-08 09:55:00,352.98,353.67,353.93,352.8,15691.0,5542631.9023
2026-09-08 09:56:00,353.68,351.54,353.88,351.2,18600.0,6562237.9941
2026-09-08 09:57:00,351.1,351.39,351.75,350.75,18000.0,6320564.0078
2026-09-08 09:58:00,351.39,351.53,352.04,350.8,32317.0,11350237.377
2026-09-08 09:59:00,352.06,352.49,353.88,352.06,7300.0,2577541.0
2026-09-08 10:00:00,352.34,352.0,352.53,351.0,9291.0,3268073.4922
2026-09-08 10:01:00,351.63,350.76,352.35,350.76,9400.0,3300175.8303
2026-09-08 10:02:00,350.88,351.5,351.5,350.88,7122.0,2500368.417
2026-09-08 10:03:00,351.21,351.8,352.53,351.21,8400.0,2956662.0
2026-09-08 10:04:00,351.6,350.58,351.98,350.58,13309.0,4672608.8435
2026-09-08 10:05:00,350.55,350.39,350.6,349.85,29187.0,10217461.5977
2026-09-08 10:06:00,350.39,351.01,351.65,350.22,9800.0,3437755.0
2026-09-08 10:07:00,351.01,353.28,353.28,350.53,6400.0,2249617.0
2026-09-08 10:08:00,353.28,352.0,353.28,351.55,8800.0,3099802.9844
2026-09-08 10:09:00,352.48,352.29,353.09,351.73,8771.0,3093268.5898
2026-09-08 10:10:00,352.49,352.99,353.0,352.0,4000.0,1409505.4102
2026-09-08 10:11:00,352.18,353.18,353.18,352.0,13900.0,4897112.6094
2026-09-08 10:12:00,353.0,353.09,353.14,352.49,3900.0,1375765.0
2026-09-08 10:13:00,353.08,353.0,353.76,352.27,7200.0,2540922.0
2026-09-08 10:14:00,353.0,353.62,353.98,353.0,4600.0,1626479.0
2026-09-08 10:15:00,353.6,352.26,353.68,352.26,8100.0,2859296.0156
2026-09-08 10:16:00,352.25,352.62,352.65,352.1,4600.0,1620408.0
2026-09-08 10:17:00,352.62,354.3,354.54,352.09,24900.0,8808956.0
2026-09-08 10:18:00,354.0,352.55,354.14,352.5,5000.0,1765980.0
2026-09-08 10:19:00,352.52,352.05,352.55,352.01,6100.0,2148213.0
2026-09-08 10:20:00,352.56,353.99,353.99,352.56,2800.0,988854.0
2026-09-08 10:21:00,353.5,353.6,354.0,352.99,3400.0,1201875.0
2026-09-08 10:22:00,353.6,354.7,354.7,353.6,7400.0,2621482.0
2026-09-08 10:23:00,354.5,354.39,354.99,354.02,5900.0,2092100.0
2026-09-08 10:24:00,354.1,355.0,355.0,354.0,17400.0,6172057.0078
2026-09-08 10:25:00,355.0,356.6,356.69,355.0,16700.0,5944867.0
2026-09-08 10:26:00,356.6,357.51,357.97,356.6,18800.0,6715125.0078
2026-09-08 10:27:00,357.5,356.16,357.5,355.6,15100.0,5379352.0
2026-09-08 10:28:00,356.16,357.0,357.46,356.16,8200.0,2925965.0
2026-09-08 10:29:00,357.0,357.24,357.9,357.0,13300.0,4755715.0
2026-09-08 10:30:00,357.6,356.99,357.9,356.99,17700.0,6327376.0
2026-09-08 10:31:00,356.99,357.53,357.61,356.99,7200.0,2572401.0
2026-09-08 10:32:00,357.24,357.0,357.7,357.0,5691.0,2033721.5488
2026-09-08 10:33:00,357.0,357.4,357.5,356.52,9900.0,3531893.0
2026-09-08 10:34:00,357.5,356.8,357.58,356.8,4500.0,1607848.0
2026-09-08 10:35:00,356.96,356.13,357.0,356.1,8100.0,2887128.0
2026-09-08 10:36:00,356.13,356.52,356.95,356.13,3400.0,1212512.0
2026-09-08 10:37:00,356.61,356.89,356.95,356.61,2400.0,856523.0
2026-09-08 10:38:00,356.8,356.89,357.0,356.7,7100.0,2533784.0
2026-09-08 10:39:00,356.89,356.16,356.89,356.16,4300.0,1533255.0
2026-09-08 10:40:00,356.14,355.01,356.14,355.01,6200.0,2205837.0
2026-09-08 10:41:00,355.26,355.0,355.26,354.25,6400.0,2271504.0
2026-09-08 10:42:00,354.46,355.67,355.67,354.46,2500.0,887723.99
2026-09-08 10:43:00,355.67,354.3,355.67,354.1,6900.0,2446744.0
2026-09-08 10:44:00,354.1,354.53,355.29,354.06,3034.0,1075650.2217
2026-09-08 10:45:00,354.5,354.1,354.95,354.1,5200.0,1842904.0
2026-09-08 10:46:00,354.1,355.0,355.0,354.06,5200.0,1842127.0
2026-09-08 10:47:00,355.2,354.5,355.39,354.26,2400.0,851647.0
2026-09-08 10:48:00,354.58,354.51,355.4,354.51,3000.0,1064848.0
2026-09-08 10:49:00,354.51,355.0,355.55,354.51,4800.0,1703941.0
2026-09-08 10:50:00,354.58,353.0,355.09,353.0,15500.0,5485513.0
2026-09-08 10:51:00,353.01,352.23,353.01,352.12,13000.0,4586336.0
2026-09-08 10:52:00,352.23,352.3,352.44,352.18,10400.0,3662960.0
2026-09-08 10:53:00,352.2,351.66,352.33,351.66,14600.0,5140678.0
2026-09-08 10:54:00,351.64,351.2,351.64,351.0,8700.0,3055505.0
2026-09-08 10:55:00,351.23,351.99,352.22,351.23,5073.0,1784837.4531
2026-09-08 10:56:00,351.98,352.0,352.09,351.79,6200.0,2182343.0
2026-09-08 10:57:00,351.99,352.1,352.1,351.99,9900.0,3484788.0
2026-09-08 10:58:00,352.1,351.21,352.1,351.2,8027.0,2824360.2295
2026-09-08 10:59:00,351.21,350.69,351.21,350.69,12400.0,4352739.0
2026-09-08 11:00:00,350.8,350.61,350.8,350.6,5973.0,2094497.7676
2026-09-08 11:01:00,350.61,351.0,351.21,350.61,6100.0,2140906.0
2026-09-08 11:02:00,351.0,351.07,351.1,350.85,4000.0,1403902.0
2026-09-08 11:03:00,351.1,351.18,351.53,351.1,4700.0,1650872.0
2026-09-08 11:04:00,351.18,350.73,351.2,350.71,8000.0,2807004.0
2026-09-08 11:05:00,350.7,350.62,350.73,350.6,7500.0,2629706.9922
2026-09-08 11:06:00,350.62,350.86,350.87,350.54,6400.0,2243971.0
2026-09-08 11:07:00,350.88,351.25,351.32,350.88,2200.0,772754.0
2026-09-08 11:08:00,351.04,351.38,351.63,351.04,1600.0,562238.0
2026-09-08 11:09:00,351.43,351.36,351.43,351.2,3600.0,1264734.0
2026-09-08 11:10:00,351.37,351.94,352.31,351.37,3300.0,1161271.0
2026-09-08 11:11:00,351.88,351.8,352.28,351.52,1900.0,668436.0
2026-09-08 11:12:00,351.8,351.22,352.0,351.05,4400.0,1545883.0
2026-09-08 11:13:00,351.21,351.0,351.21,350.89,3800.0,1333760.0
2026-09-08 11:14:00,351.0,351.58,351.58,351.0,2200.0,772940.0
2026-09-08 11:15:00,351.38,351.08,351.38,350.68,5900.0,2070685.0
2026-09-08 11:16:00,350.81,350.53,350.81,350.5,7500.0,2629165.0
2026-09-08 11:17:00,350.53,350.56,350.8,350.39,6300.0,2208271.6084
2026-09-08 11:18:00,350.66,350.77,350.77,350.4,5791.0,2030452.3906
2026-09-08 11:19:00,350.77,350.56,350.77,350.3,5500.0,1927592.9004
2026-09-08 11:20:00,350.43,350.8,350.8,350.43,2100.0,736262.0
2026-09-08 11:21:00,350.8,350.58,351.15,350.58,6100.0,2141131.0
2026-09-08 11:22:00,350.6,350.71,350.8,350.59,3000.0,1051841.9922
2026-09-08 11:23:00,350.7,350.28,350.71,350.28,15809.0,5541163.6938
2026-09-08 11:24:00,350.28,350.19,350.28,350.18,5300.0,1856051.0
2026-09-08 11:25:00,350.21,350.0,350.21,350.0,24600.0,8611860.0
2026-09-08 11:26:00,350.0,349.01,350.0,349.01,11000.0,3844984.0
2026-09-08 11:27:00,349.0,349.34,349.47,349.0,9500.0,3315975.0
2026-09-08 11:28:00,349.34,349.5,349.5,349.31,5400.0,1886538.0
2026-09-08 11:29:00,349.5,350.4,350.44,349.5,5200.0,1821468.491
2026-09-08 11:30:00,350.2,349.94,350.2,349.84,2200.0,769895.0
2026-09-08 13:01:00,350.1,348.77,350.4,348.68,21100.0,7373503.0542
2026-09-08 13:02:00,348.68,348.5,348.68,348.18,17400.0,6064129.0
2026-09-08 13:03:00,348.5,348.3,348.5,348.18,7900.0,2750857.0
2026-09-08 13:04:00,348.39,348.29,348.4,348.12,16900.0,5884908.0
2026-09-08 13:05:00,348.29,348.77,348.77,348.25,2000.0,697091.0
2026-09-08 13:06:00,348.92,349.45,349.7,348.92,8600.0,3005221.0
2026-09-08 13:07:00,349.45,348.66,349.5,348.66,6600.0,2303399.0
2026-09-08 13:08:00,348.62,348.09,348.66,348.09,7900.0,2751414.0
2026-09-08 13:09:00,348.08,347.9,348.08,347.76,19200.0,6680887.0
2026-09-08 13:10:00,347.99,348.41,348.59,347.9,9500.0,3307956.0
2026-09-08 13:11:00,348.26,348.52,348.59,348.22,5100.0,1776950.0
2026-09-08 13:12:00,348.32,347.9,348.49,347.9,6000.0,2088344.0
2026-09-08 13:13:00,347.9,347.86,347.95,347.85,4800.0,1669821.0
2026-09-08 13:14:00,347.86,348.0,348.0,347.86,4400.0,1530773.0
2026-09-08 13:15:00,347.99,348.02,348.32,347.99,4500.0,1566199.0
2026-09-08 13:16:00,348.02,347.99,348.08,347.91,9300.0,3236508.9844
2026-09-08 13:17:00,347.91,347.95,348.04,347.89,7700.0,2679338.0078
2026-09-08 13:18:00,347.95,348.03,348.04,347.91,7815.0,2719638.8535
2026-09-08 13:19:00,348.04,348.02,348.33,347.96,9200.0,3201824.3999
2026-09-08 13:20:00,348.5,348.59,348.59,348.29,3900.0,1358859.0
2026-09-08 13:21:00,348.8,347.96,348.8,347.96,7185.0,2501764.5996
2026-09-08 13:22:00,347.95,348.2,348.31,347.91,16715.0,5818151.9526
2026-09-08 13:23:00,348.31,348.56,348.59,348.2,6200.0,2160778.0
2026-09-08 13:24:00,348.57,348.62,348.64,348.57,2800.0,976119.0
2026-09-08 13:25:00,348.61,349.42,349.44,348.61,6700.0,2338362.0156
2026-09-08 13:26:00,349.42,350.74,350.74,349.16,14600.0,5102360.9766
2026-09-08 13:27:00,350.74,350.11,350.74,350.11,7700.0,2696317.8672
2026-09-08 13:28:00,350.2,348.82,350.3,348.82,3100.0,1083733.0
2026-09-08 13:29:00,348.88,348.88,348.96,348.76,1100.0,383741.0
2026-09-08 13:30:00,348.92,348.88,348.93,348.83,1900.0,662893.3313
2026-09-08 13:31:00,348.83,348.73,348.87,348.7,4200.0,1464946.9922
2026-09-08 13:32:00,348.73,348.72,348.75,348.7,3500.0,1220533.0
2026-09-08 13:33:00,348.7,348.57,348.72,348.57,2900.0,1011057.0
2026-09-08 13:34:00,348.52,347.93,348.63,347.93,7500.0,2611101.0
2026-09-08 13:35:00,347.91,347.01,347.97,347.01,27900.0,9697547.0022
2026-09-08 13:36:00,347.01,347.5,347.5,347.0,10809.0,3751684.0
2026-09-08 13:37:00,347.75,347.18,347.75,347.1,12300.0,4270205.0
2026-09-08 13:38:00,347.18,347.1,347.27,347.09,3600.0,1249809.0
2026-09-08 13:39:00,347.11,347.08,347.11,347.0,18300.0,6351033.9766
2026-09-08 13:40:00,347.02,346.89,347.02,346.89,11900.0,4128740.0156
2026-09-08 13:41:00,346.89,347.05,347.12,346.88,6100.0,2116143.0
2026-09-08 13:42:00,347.01,346.78,347.01,346.78,17300.0,6001008.0
2026-09-08 13:43:00,346.71,346.52,346.71,346.5,4900.0,1698149.0
2026-09-08 13:44:00,346.52,346.48,346.6,346.4,7700.0,2668141.0
2026-09-08 13:45:00,346.38,346.05,346.39,346.05,7900.0,2735576.0078
2026-09-08 13:46:00,346.05,345.68,346.05,345.6,16200.0,5603925.0
2026-09-08 13:47:00,345.98,347.6,347.6,345.69,4400.0,1525220.0
2026-09-08 13:48:00,347.6,348.11,348.48,346.76,10100.0,3511280.0
2026-09-08 13:49:00,347.8,348.7,348.7,347.36,11300.0,3933112.125
2026-09-08 13:50:00,348.7,349.66,349.8,348.41,7800.0,2722805.0
2026-09-08 13:51:00,349.1,349.01,349.48,349.01,5200.0,1815147.0
2026-09-08 13:52:00,349.01,348.8,349.01,348.4,4800.0,1673549.0
2026-09-08 13:53:00,348.8,348.21,348.8,348.21,1700.0,592240.0
2026-09-08 13:54:00,348.2,347.7,348.21,347.7,3400.0,1183284.0
2026-09-08 13:55:00,347.11,347.15,347.97,347.11,1600.0,555637.9844
2026-09-08 13:56:00,347.93,347.39,347.93,347.18,800.0,277954.0
2026-09-08 13:57:00,347.89,347.86,347.89,347.5,1100.0,382481.0
2026-09-08 13:58:00,347.82,347.88,348.18,347.65,1600.0,556536.0
2026-09-08 13:59:00,347.99,347.99,348.38,347.99,1300.0,452573.0
2026-09-08 14:00:00,348.06,348.01,348.06,347.99,1700.0,591630.0
2026-09-08 14:01:00,348.01,347.99,348.02,347.99,2800.0,974388.0
2026-09-08 14:02:00,347.98,347.78,347.98,347.77,3300.0,1148045.0
2026-09-08 14:03:00,347.77,347.77,347.87,347.77,4700.0,1634569.0
2026-09-08 14:04:00,347.7,347.59,347.86,347.36,2700.0,938547.9995
2026-09-08 14:05:00,347.6,346.8,347.6,346.8,6000.0,2082863.0017
2026-09-08 14:06:00,346.8,346.5,346.8,346.33,3900.0,1351441.082
2026-09-08 14:07:00,346.39,346.41,346.74,346.39,4492.0,1556226.9092
2026-09-08 14:08:00,346.52,346.6,346.99,346.52,1700.0,589400.0
2026-09-08 14:09:00,347.0,346.8,347.0,346.6,2200.0,762887.0
2026-09-08 14:10:00,347.05,347.89,347.89,346.65,2100.0,729591.0
2026-09-08 14:11:00,347.67,347.02,347.89,347.02,3300.0,1146764.0
2026-09-08 14:12:00,347.3,347.19,347.3,347.06,1100.0,381900.0
2026-09-08 14:13:00,347.1,347.07,347.29,347.07,2100.0,728948.0
2026-09-08 14:14:00,347.07,346.4,347.07,346.3,5300.0,1837803.0
2026-09-08 14:15:00,346.23,345.24,346.39,344.0,162200.0,55919897.0078
2026-09-08 14:16:00,345.04,345.05,345.74,344.52,11600.0,4004012.0
2026-09-08 14:17:00,345.24,345.05,345.39,345.05,17300.0,5970417.9922
2026-09-08 14:18:00,345.05,344.02,345.07,344.02,16700.0,5755767.0
2026-09-08 14:19:00,344.02,344.01,344.2,344.0,20400.0,7018691.0156
2026-09-08 14:20:00,344.01,343.81,344.04,343.44,26100.0,8977570.0
2026-09-08 14:21:00,343.43,343.44,343.57,343.21,21100.0,7245233.0391
2026-09-08 14:22:00,343.44,344.74,344.74,343.29,9300.0,3196708.0
2026-09-08 14:23:00,344.59,344.8,345.0,344.59,4000.0,1379253.0
2026-09-08 14:24:00,344.99,344.6,345.04,344.6,5500.0,1896817.0
2026-09-08 14:25:00,344.59,344.68,344.9,344.28,7700.0,2652523.0
2026-09-08 14:26:00,344.5,344.58,345.04,344.5,3900.0,1345065.0
2026-09-08 14:27:00,344.61,344.9,344.97,344.58,1600.0,551649.0078
2026-09-08 14:28:00,344.9,344.86,345.0,344.6,4200.0,1448470.9922
2026-09-08 14:29:00,344.86,345.01,345.8,344.85,5000.0,1725397.9766
2026-09-08 14:30:00,345.77,345.44,345.8,345.02,3300.0,1139380.9922
2026-09-08 14:31:00,345.44,344.88,345.44,344.88,4900.0,1690997.0015
2026-09-08 14:32:00,344.87,345.3,345.3,344.31,10082.0,3476166.1543
2026-09-08 14:33:00,345.5,345.68,345.68,345.0,7400.0,2554785.0
2026-09-08 14:34:00,345.69,345.1,345.75,345.1,6000.0,2073629.0586
2026-09-08 14:35:00,345.3,345.01,345.35,345.0,3100.0,1069848.0
2026-09-08 14:36:00,345.1,344.95,345.28,344.92,7200.0,2484625.2722
2026-09-08 14:37:00,345.15,345.98,346.0,345.0,10299.0,3558294.7188
2026-09-08 14:38:00,346.0,345.5,346.0,345.0,5211.0,1801006.5
2026-09-08 14:39:00,345.5,345.78,345.83,345.05,8300.0,2868913.9375
2026-09-08 14:40:00,345.78,348.01,349.0,345.26,22100.0,7662939.9922
2026-09-08 14:41:00,348.7,348.03,348.99,347.86,8400.0,2926752.0
2026-09-08 14:42:00,348.28,348.76,348.89,347.9,10300.0,3588094.9766
2026-09-08 14:43:00,348.88,348.0,348.96,347.41,12100.0,4216759.0
2026-09-08 14:44:00,348.0,348.34,349.93,347.81,22400.0,7814550.9922
2026-09-08 14:45:00,349.84,350.38,350.38,349.84,23600.0,8259965.0
2026-09-08 14:46:00,350.11,350.05,350.11,350.0,10000.0,3500102.0
2026-09-08 14:47:00,350.0,350.0,350.08,350.0,11900.0,4165046.0
2026-09-08 14:48:00,350.0,349.07,350.0,349.07,25800.0,9029548.0
2026-09-08 14:49:00,349.06,350.08,350.47,349.06,19700.0,6898446.0
2026-09-08 14:50:00,350.07,350.79,350.8,350.07,10800.0,3784980.0078
2026-09-08 14:51:00,350.86,351.65,351.65,350.34,16000.0,5617677.9922
2026-09-08 14:52:00,351.65,351.7,351.87,351.48,17600.0,6188475.0078
2026-09-08 14:53:00,351.7,351.5,351.97,351.5,13700.0,4819221.0078
2026-09-08 14:54:00,351.5,351.99,351.99,351.5,33585.0,11817090.0117
2026-09-08 14:55:00,351.97,352.22,352.22,351.9,13070.0,4601149.2969
2026-09-08 14:56:00,352.19,351.76,352.19,351.76,13330.0,4691958.3027
2026-09-08 14:57:00,351.35,351.99,352.06,351.01,18870.0,6639713.7344
2026-09-08 15:00:00,351.81,351.81,351.81,351.81,28300.0,9956223.0
2026-09-09 09:31:00,353.67,351.0,356.0,350.31,75100.0,26586538.0547
2026-09-09 09:32:00,351.0,351.05,353.58,350.68,31900.0,11212091.016
2026-09-09 09:33:00,351.7,350.18,352.0,350.18,27200.0,9542649.9922
2026-09-09 09:34:00,350.18,349.09,350.36,348.53,37327.0,13036537.2119
2026-09-09 09:35:00,350.0,351.08,351.08,349.1,19394.0,6796663.8362
2026-09-09 09:36:00,351.08,349.79,352.44,349.79,30600.0,10736449.9272
2026-09-09 09:37:00,349.88,348.4,350.1,348.1,26473.0,9239934.665
2026-09-09 09:38:00,348.4,347.3,349.0,347.01,34300.0,11926508.9766
2026-09-09 09:39:00,348.19,348.18,349.87,347.23,29500.0,10264390.0
2026-09-09 09:40:00,349.7,348.0,349.77,347.68,30400.0,10580437.0
2026-09-09 09:41:00,348.4,348.21,349.79,348.0,42904.0,14952076.0681
2026-09-09 09:42:00,349.5,348.2,350.0,347.97,42500.0,14820753.0625
2026-09-09 09:43:00,349.8,349.45,350.0,348.0,34138.0,11903903.1924
2026-09-09 09:44:00,348.72,347.68,349.4,347.68,27062.0,9420899.3574
2026-09-09 09:45:00,348.08,350.93,350.93,347.68,21691.0,7568187.748
2026-09-09 09:46:00,350.2,349.0,350.89,348.08,29209.0,10176452.9563
2026-09-09 09:47:00,349.0,347.88,349.0,347.88,25700.0,8948596.0
2026-09-09 09:48:00,347.88,346.63,348.0,346.34,25200.0,8750901.0
2026-09-09 09:49:00,346.41,346.71,346.71,346.16,27300.0,9455135.9453
2026-09-09 09:50:00,346.71,345.18,346.86,345.18,27500.0,9514170.0
2026-09-09 09:51:00,345.19,346.0,346.16,345.18,20600.0,7118336.9375
2026-09-09 09:52:00,345.85,345.17,345.99,345.12,27800.0,9601245.0088
2026-09-09 09:53:00,345.15,344.5,345.15,344.38,32100.0,11067320.0
2026-09-09 09:54:00,344.54,345.0,345.4,344.5,16550.0,5707669.0
2026-09-09 09:55:00,345.0,345.02,345.19,344.89,15750.0,5435397.0781
2026-09-09 09:56:00,344.9,343.3,345.02,343.17,41400.0,14245795.0078
2026-09-09 09:57:00,343.2,343.64,343.88,343.0,20800.0,7140185.0
2026-09-09 09:58:00,343.5,343.01,343.66,343.01,25616.0,8794382.1763
2026-09-09 09:59:00,343.02,342.83,343.03,342.78,25700.0,8813404.9922
2026-09-09 10:00:00,342.84,343.16,343.16,342.75,23922.0,8201917.5923
2026-09-09 10:01:00,343.24,344.0,346.0,342.79,22400.0,7719124.8569
2026-09-09 10:02:00,344.37,345.31,345.77,344.0,14400.0,4967413.0723
2026-09-09 10:03:00,345.65,344.64,345.7,344.39,7500.0,2587761.0
2026-09-09 10:04:00,344.39,344.37,344.64,344.31,6700.0,2308410.0234
2026-09-09 10:05:00,344.64,344.39,345.0,344.31,5900.0,2032522.0
2026-09-09 10:06:00,344.64,343.79,344.64,343.79,9900.0,3407656.0
2026-09-09 10:07:00,343.69,343.25,343.7,343.21,10500.0,3605796.9844
2026-09-09 10:08:00,343.26,342.96,343.26,342.88,11600.0,3978758.0
2026-09-09 10:09:00,342.96,341.02,343.02,341.0,41100.0,14056219.0156
2026-09-09 10:10:00,341.03,339.99,341.08,339.99,76200.0,25958695.0
2026-09-09 10:11:00,339.99,339.29,340.0,338.86,49800.0,16895068.0234
2026-09-09 10:12:00,339.5,339.99,340.0,339.01,42600.0,14466856.0
2026-09-09 10:13:00,339.99,341.66,341.89,339.94,14500.0,4930984.0
2026-09-09 10:14:00,341.6,340.02,341.84,340.02,17600.0,5995291.9688
2026-09-09 10:15:00,340.02,340.0,340.2,339.5,15800.0,5371953.0
2026-09-09 10:16:00,340.0,339.71,340.02,339.6,11100.0,3771304.0
2026-09-09 10:17:00,339.7,339.03,339.7,339.0,17200.0,5834421.001
2026-09-09 10:18:00,339.01,339.04,339.04,338.88,21500.0,7287408.0
2026-09-09 10:19:00,339.05,339.42,339.42,339.01,8900.0,3018055.0
2026-09-09 10:20:00,339.42,339.72,339.76,339.0,12820.0,4351192.8062
2026-09-09 10:21:00,339.65,339.54,339.65,338.95,17980.0,6097084.2017
2026-09-09 10:22:00,339.6,340.58,340.78,339.52,5038.0,1713314.7969
2026-09-09 10:23:00,340.58,340.2,340.58,340.0,5900.0,2006826.2871
2026-09-09 10:24:00,340.02,339.69,340.25,339.69,4900.0,1665824.0
2026-09-09 10:25:00,339.69,339.69,339.69,339.51,5200.0,1766137.0
2026-09-09 10:26:00,339.52,339.29,339.53,339.12,6100.0,2069898.0
2026-09-09 10:27:00,339.19,339.71,340.03,339.11,15500.0,5264190.9922
2026-09-09 10:28:00,339.62,336.68,339.71,336.66,92700.0,31369314.03
2026-09-09 10:29:00,336.99,337.49,337.49,336.66,27400.0,9229971.0781
2026-09-09 10:30:00,337.02,336.8,337.67,336.8,22400.0,7548683.0
2026-09-09 10:31:00,336.8,336.94,337.07,336.78,18000.0,6064806.0
2026-09-09 10:32:00,336.94,335.11,337.0,335.1,53300.0,17924355.0156
2026-09-09 10:33:00,335.08,333.33,335.11,333.33,47803.0,15976349.9822
2026-09-09 10:34:00,333.34,335.13,335.13,333.12,44700.0,14910838.1751
2026-09-09 10:35:00,335.13,335.0,335.5,334.5,14000.0,4692309.0
2026-09-09 10:36:00,335.15,333.73,335.15,333.35,17300.0,5776182.0
2026-09-09 10:37:00,333.6,332.7,334.39,332.7,47297.0,15769858.9783
2026-09-09 10:38:00,332.76,331.96,332.76,331.24,60900.0,20193083.8672
2026-09-09 10:39:00,331.6,331.0,331.96,331.0,72600.0,24056529.0078
2026-09-09 10:40:00,330.92,329.62,330.92,329.62,75500.0,24921414.9844
2026-09-09 10:41:00,329.62,330.0,330.07,329.0,44588.0,14692925.375
2026-09-09 10:42:00,330.07,328.09,330.7,328.09,64600.0,21281354.9453
2026-09-09 10:43:00,328.29,329.52,329.7,328.01,28473.0,9355787.5547
2026-09-09 10:44:00,329.52,328.52,329.7,328.0,30000.0,9858630.9844
2026-09-09 10:45:00,328.32,326.6,328.44,326.6,40800.0,13364976.0215
2026-09-09 10:46:00,326.62,328.6,329.07,326.38,46200.0,15131059.9355
2026-09-09 10:47:00,328.7,329.49,329.49,328.7,13700.0,4508341.9844
2026-09-09 10:48:00,329.49,329.36,330.02,329.05,30000.0,9888007.9922
2026-09-09 10:49:00,329.49,329.99,330.0,329.15,9600.0,3165412.9688
2026-09-09 10:50:00,329.99,329.9,330.06,329.73,13400.0,4421561.0
2026-09-09 10:51:00,329.83,328.22,330.0,328.17,13100.0,4313863.0
2026-09-09 10:52:00,328.47,330.0,330.04,328.46,11200.0,3686783.0
2026-09-09 10:53:00,330.0,329.2,330.1,329.12,7600.0,2503584.0
2026-09-09 10:54:00,329.2,328.96,329.41,328.96,6500.0,2139017.9922
2026-09-09 10:55:00,328.97,329.95,330.0,328.86,4600.0,1516135.0
2026-09-09 10:56:00,329.93,328.63,329.94,328.51,9100.0,2994685.0
2026-09-09 10:57:00,328.55,327.68,328.55,327.68,11800.0,3872595.0
2026-09-09 10:58:00,327.75,327.86,328.28,327.29,10978.0,3599655.373
2026-09-09 10:59:00,327.86,327.22,328.0,327.19,16522.0,5413394.582
2026-09-09 11:00:00,327.19,326.99,327.22,326.6,25491.0,8334924.1479
2026-09-09 11:01:00,327.22,328.75,328.75,327.22,10700.0,3511974.998
2026-09-09 11:02:00,328.88,329.0,329.86,328.88,8800.0,2897631.9922
2026-09-09 11:03:00,329.29,329.77,329.85,329.0,10000.0,3293061.0
2026-09-09 11:04:00,329.77,329.78,329.78,329.29,1900.0,626331.0
2026-09-09 11:05:00,329.78,329.12,329.8,329.0,7500.0,2471394.9922
2026-09-09 11:06:00,329.1,327.75,329.1,327.75,5200.0,1707800.0
2026-09-09 11:07:00,327.84,328.32,328.32,327.59,2200.0,721518.998
2026-09-09 11:08:00,328.0,327.8,328.33,327.77,7600.0,2492586.9922
2026-09-09 11:09:00,327.8,328.01,328.09,327.58,13600.0,4458524.957
2026-09-09 11:10:00,328.0,327.7,328.2,327.63,4700.0,1540410.0098
2026-09-09 11:11:00,327.67,328.23,328.23,327.56,16000.0,5246010.0039
2026-09-09 11:12:00,328.23,329.3,329.58,328.23,1700.0,559046.0
2026-09-09 11:13:00,328.5,328.0,328.89,328.0,5600.0,1838009.9922
2026-09-09 11:14:00,328.01,328.11,328.16,328.01,2500.0,820127.0
2026-09-09 11:15:00,328.14,326.99,328.14,326.99,16200.0,5305811.9431
2026-09-09 11:16:00,327.0,327.01,329.6,326.8,26300.0,8600748.8022
2026-09-09 11:17:00,327.06,328.06,329.66,327.06,4000.0,1314637.9961
2026-09-09 11:18:00,328.06,328.85,329.0,328.05,2700.0,887229.0
2026-09-09 11:19:00,328.83,328.3,328.83,328.06,3800.0,1247656.0
2026-09-09 11:20:00,328.28,328.4,328.4,328.26,1500.0,492484.0
2026-09-09 11:21:00,328.39,328.11,328.39,328.11,3900.0,1280476.0
2026-09-09 11:22:00,328.11,327.83,328.11,327.5,5800.0,1901476.9941
2026-09-09 11:23:00,327.83,327.08,327.84,327.08,7800.0,2556272.9766
2026-09-09 11:24:00,327.1,327.2,327.79,327.09,6300.0,2061068.998
2026-09-09 11:25:00,327.6,327.0,327.6,327.0,11900.0,3893325.9727
2026-09-09 11:26:00,327.05,327.0,327.35,327.0,5900.0,1929726.9941
2026-09-09 11:27:00,327.19,327.0,327.19,326.99,6200.0,2027476.9961
2026-09-09 11:28:00,327.0,327.15,327.15,326.99,6500.0,2125736.9961
2026-09-09 11:29:00,327.15,327.21,327.26,327.0,1900.0,621656.0117
2026-09-09 11:30:00,327.2,326.96,327.2,326.96,8300.0,2714115.0332
2026-09-09 13:01:00,326.96,326.86,327.5,326.83,17100.0,5590597.0488
2026-09-09 13:02:00,327.0,326.89,327.73,326.89,4500.0,1472407.0
2026-09-09 13:03:00,326.89,324.31,326.91,324.31,50209.0,16363095.1128
2026-09-09 13:04:00,324.01,322.3,324.01,322.23,37096.0,11978322.5471
2026-09-09 13:05:00,322.48,322.42,323.0,322.28,27000.0,8708966.7837
2026-09-09 13:06:00,322.4,321.77,322.59,321.22,61200.0,19696178.6859
2026-09-09 13:07:00,321.4,322.06,322.06,321.35,43900.0,14116361.9961
2026-09-09 13:08:00,322.0,321.81,322.87,321.57,10500.0,3382374.9746
2026-09-09 13:09:00,321.82,322.05,322.7,321.81,13100.0,4220420.9902
2026-09-09 13:10:00,322.09,322.68,322.68,322.02,11600.0,3738121.0527
2026-09-09 13:11:00,322.7,323.09,323.18,322.7,16000.0,5166868.0488
2026-09-09 13:12:00,323.09,323.01,323.12,322.7,12800.0,4133981.998
2026-09-09 13:13:00,323.0,323.59,323.59,322.94,11700.0,3782162.9512
2026-09-09 13:14:00,323.58,322.02,323.64,322.0,28000.0,9040392.0
2026-09-09 13:15:00,322.0,321.5,322.02,321.5,13200.0,4247546.9629
2026-09-09 13:16:00,321.54,320.79,321.59,320.65,30404.0,9763898.7546
2026-09-09 13:17:00,320.77,320.05,320.77,319.3,90420.0,28944700.1373
2026-09-09 13:18:00,320.02,320.75,321.0,320.02,16700.0,5350426.9004
2026-09-09 13:19:00,320.99,320.79,321.46,320.79,8100.0,2599386.9663
2026-09-09 13:20:00,320.8,320.8,321.0,320.72,8229.0,2639723.6641
2026-09-09 13:21:00,321.0,321.55,321.63,321.0,5100.0,1638633.0039
2026-09-09 13:22:00,321.5,321.0,321.63,320.77,15200.0,4881612.9629
2026-09-09 13:23:00,320.72,320.69,321.0,320.66,21500.0,6897031.0469
2026-09-09 13:24:00,321.05,321.0,321.05,320.68,13700.0,4395247.9941
2026-09-09 13:25:00,321.05,321.42,321.42,321.05,5667.0,1820735.7412
2026-09-09 13:26:00,321.43,321.0,321.5,321.0,5200.0,1670764.0137
2026-09-09 13:27:00,320.95,320.02,320.98,320.01,12400.0,3971096.5732
2026-09-09 13:28:00,320.01,320.3,320.32,320.0,16300.0,5217138.9688
2026-09-09 13:29:00,320.29,320.3,320.47,320.21,7100.0,2274509.9707
2026-09-09 13:30:00,320.21,320.16,320.34,320.16,5600.0,1793341.9961
2026-09-09 13:31:00,320.16,319.51,320.18,319.5,18600.0,5952132.0078
2026-09-09 13:32:00,319.56,319.7,320.01,319.52,12600.0,4028642.0195
2026-09-09 13:33:00,319.7,320.07,320.2,319.7,7300.0,2335880.0293
2026-09-09 13:34:00,320.19,320.8,320.8,320.0,8300.0,2657049.0137
2026-09-09 13:35:00,321.0,321.4,321.4,321.0,3100.0,995859.0
2026-09-09 13:36:00,321.39,321.69,321.69,321.39,11000.0,3536789.0664
2026-09-09 13:37:00,321.68,321.16,321.68,321.08,5400.0,1736161.9922
2026-09-09 13:38:00,321.49,321.77,321.77,321.49,4100.0,1318570.0039
2026-09-09 13:39:00,321.77,322.66,322.66,321.68,6000.0,1933643.9473
2026-09-09 13:40:00,322.67,322.5,323.0,322.5,7100.0,2291452.998
2026-09-09 13:41:00,322.5,322.0,322.58,321.9,3300.0,1063364.002
2026-09-09 13:42:00,322.2,321.88,322.34,321.88,5500.0,1771789.002
2026-09-09 13:43:00,321.87,321.18,321.87,321.18,2500.0,803891.0059
2026-09-09 13:44:00,321.1,321.23,321.46,321.09,7800.0,2506240.0078
2026-09-09 13:45:00,321.23,321.24,321.33,321.22,3600.0,1156570.9824
2026-09-09 13:46:00,321.18,320.61,321.18,320.6,3300.0,1059094.9844
2026-09-09 13:47:00,320.61,320.28,320.8,320.0,9800.0,3138763.9727
2026-09-09 13:48:00,320.02,320.32,320.32,320.02,4700.0,1505071.0273
2026-09-09 13:49:00,320.33,321.3,321.3,320.32,5590.0,1794182.2295
2026-09-09 13:50:00,321.28,321.6,321.6,321.28,3000.0,964269.0039
2026-09-09 13:51:00,321.51,321.6,321.7,321.51,2300.0,739683.0039
2026-09-09 13:52:00,321.66,321.3,321.72,321.3,4000.0,1285647.9863
2026-09-09 13:53:00,321.31,321.32,321.39,321.13,1800.0,578351.9961
2026-09-09 13:54:00,321.32,321.48,321.5,321.16,3500.0,1124662.0078
2026-09-09 13:55:00,321.4,321.48,321.5,321.16,3300.0,1060454.0117
2026-09-09 13:56:00,321.49,322.0,322.31,321.49,5400.0,1737625.0098
2026-09-09 13:57:00,322.29,322.48,322.58,322.26,8100.0,2612084.998
2026-09-09 13:58:00,322.5,322.1,322.5,322.07,4700.0,1514633.0117
2026-09-09 13:59:00,322.1,322.0,322.17,321.5,8100.0,2607787.9824
2026-09-09 14:00:00,321.56,323.5,323.6,321.56,12100.0,3906618.9629
2026-09-09 14:01:00,323.5,322.58,323.99,322.58,11000.0,3559271.0195
2026-09-09 14:02:00,322.45,322.05,322.89,322.0,5200.0,1676719.9941
2026-09-09 14:03:00,322.05,321.8,322.57,321.66,5500.0,1771116.9668
2026-09-09 14:04:00,321.8,321.59,321.8,321.57,2400.0,771880.9941
2026-09-09 14:05:00,321.6,322.25,322.79,321.6,2500.0,804505.0215
2026-09-09 14:06:00,321.89,321.8,322.25,321.8,3200.0,1030031.9824
2026-09-09 14:07:00,321.81,322.01,322.03,321.8,7600.0,2446766.9883
2026-09-09 14:08:00,322.0,321.58,322.01,321.58,12700.0,4088318.9805
2026-09-09 14:09:00,321.57,321.02,321.58,321.02,5100.0,1639406.9824
2026-09-09 14:10:00,321.0,320.2,321.07,320.2,6500.0,2084594.9961
2026-09-09 14:11:00,320.25,320.21,320.26,320.1,7200.0,2305324.0273
2026-09-09 14:12:00,320.24,320.33,320.42,320.24,4700.0,1505615.9707
2026-09-09 14:13:00,320.33,320.37,320.78,320.33,3600.0,1153691.002
2026-09-09 14:14:00,320.37,320.24,320.78,320.0,18500.0,5923991.9414
2026-09-09 14:15:00,320.03,319.98,320.23,319.98,13300.0,4256187.0098
2026-09-09 14:16:00,320.0,320.0,320.01,319.97,7200.0,2303973.0039
2026-09-09 14:17:00,320.0,320.0,320.01,319.99,8700.0,2784036.0
2026-09-09 14:18:00,320.02,320.0,320.42,319.99,8200.0,2624132.9941
2026-09-09 14:19:00,320.0,319.8,320.12,319.8,23100.0,7389715.9863
2026-09-09 14:20:00,320.0,320.0,320.0,319.65,2800.0,895524.0059
2026-09-09 14:21:00,320.0,319.85,320.07,319.85,12200.0,3903724.9941
2026-09-09 14:22:00,319.7,319.73,319.85,319.65,6000.0,1918230.041
2026-09-09 14:23:00,319.84,319.76,319.89,319.73,7922.0,2533594.6797
2026-09-09 14:24:00,319.88,319.98,320.1,319.81,13700.0,4383769.0273
2026-09-09 14:25:00,320.01,319.98,320.09,319.94,9200.0,2943999.0156
2026-09-09 14:26:00,320.0,319.98,320.0,319.98,6500.0,2079966.0078
2026-09-09 14:27:00,319.97,319.91,319.97,319.88,6600.0,2111441.1135
2026-09-09 14:28:00,319.91,319.81,319.91,319.81,7200.0,2303115.9946
2026-09-09 14:29:00,319.81,319.5,319.86,319.5,17900.0,5722691.0039
2026-09-09 14:30:00,319.54,319.73,319.73,319.3,21400.0,6835133.9453
2026-09-09 14:31:00,319.33,319.87,319.88,319.3,13100.0,4185485.9688
2026-09-09 14:32:00,319.88,319.9,320.0,319.45,16291.0,5211387.7112
2026-09-09 14:33:00,319.98,320.16,320.16,319.68,6100.0,1951710.0059
2026-09-09 14:34:00,320.14,320.0,320.43,319.7,15123.0,4840027.9492
2026-09-09 14:35:00,320.0,320.01,320.4,319.92,10300.0,3296608.0039
2026-09-09 14:36:00,320.4,319.99,320.4,319.96,26200.0,8389196.1445
2026-09-09 14:37:00,320.34,320.01,320.35,319.95,8300.0,2656592.0039
2026-09-09 14:38:00,320.03,319.91,320.37,319.91,14500.0,4639835.0215
2026-09-09 14:39:00,319.91,319.71,319.93,319.71,6677.0,2135789.0767
2026-09-09 14:40:00,319.7,319.88,319.94,319.68,12100.0,3870131.9844
2026-09-09 14:41:00,319.95,320.0,320.23,319.73,5900.0,1887690.0156
2026-09-09 14:42:00,319.98,319.86,320.2,319.8,5000.0,1599690.9922
2026-09-09 14:43:00,319.8,320.0,320.0,319.8,10000.0,3199432.9668
2026-09-09 14:44:00,320.08,319.9,320.17,319.81,6000.0,1919237.9824
2026-09-09 14:45:00,319.9,320.0,320.0,319.82,14600.0,4670573.0059
2026-09-09 14:46:00,319.99,319.94,319.99,319.84,7061.0,2258753.2344
2026-09-09 14:47:00,319.9,319.88,319.98,319.8,22156.0,7086413.7783
2026-09-09 14:48:00,319.9,319.96,319.97,319.82,13000.0,4158491.4795
2026-09-09 14:49:00,319.96,319.89,319.98,319.83,15200.0,4862779.9121
2026-09-09 14:50:00,319.9,319.82,319.98,319.82,18400.0,5885897.1987
2026-09-09 14:51:00,319.94,320.0,320.02,319.83,26300.0,8414295.3528
2026-09-09 14:52:00,319.92,320.04,320.04,319.91,8874.0,2839358.0396
2026-09-09 14:53:00,320.05,319.87,320.5,319.87,63109.0,20195245.748
2026-09-09 14:54:00,320.28,320.25,320.55,320.01,13600.0,4355542.6792
2026-09-09 14:55:00,320.25,321.18,321.18,320.1,28300.0,9069895.26
2026-09-09 14:56:00,321.0,321.18,321.18,320.92,13200.0,4237848.0405
2026-09-09 14:57:00,321.18,321.24,321.4,321.16,23691.0,7612067.6667
2026-09-09 15:00:00,321.09,321.09,321.09,321.09,38700.0,12426183.0
