time,open,close,high,low,volume,amount
2026-08-28 13:10:00,14.83,14.84,14.84,14.83,9128.0,135416.0
2026-08-28 13:11:00,14.85,14.85,14.85,14.84,10900.0,161800.0
2026-08-28 13:12:00,14.85,14.86,14.86,14.85,259.0,3848.0
2026-08-28 13:13:00,14.86,14.87,14.87,14.86,770.0,11448.0
2026-08-28 13:14:00,14.87,14.86,14.87,14.86,19524.0,290288.0
2026-08-28 13:15:00,14.86,14.85,14.86,14.85,2214.0,32888.0
2026-08-28 13:16:00,14.85,14.85,14.85,14.85,6693.0,99392.0
2026-08-28 13:17:00,14.85,14.86,14.86,14.85,1761.0,26168.0
2026-08-28 13:18:00,14.87,14.87,14.87,14.87,5219.0,77608.0
2026-08-28 13:19:00,14.87,14.87,14.87,14.87,747.0,11104.0
2026-08-28 13:20:00,14.87,14.88,14.88,14.87,4665.0,69360.0
2026-08-28 13:21:00,14.88,14.88,14.88,14.88,900.0,13392.0
2026-08-28 13:22:00,14.87,14.87,14.87,14.87,2400.0,35688.0
2026-08-28 13:23:00,14.86,14.86,14.86,14.86,2000.0,29720.0
2026-08-28 13:24:00,14.86,14.87,14.87,14.86,3631.0,53976.0
2026-08-28 13:25:00,14.88,14.88,14.88,14.88,7245.0,107808.0
2026-08-28 13:27:00,14.88,14.86,14.88,14.86,2011.0,29888.0
2026-08-28 13:28:00,14.86,14.86,14.87,14.86,4098.0,60912.0
2026-08-28 13:29:00,14.87,14.87,14.87,14.87,1960.0,29144.0
2026-08-28 13:30:00,14.87,14.87,14.87,14.87,2733.0,40640.0
2026-08-28 13:31:00,14.87,14.87,14.87,14.87,1210.0,17992.0
2026-08-28 13:32:00,14.87,14.88,14.88,14.87,22523.0,335104.0
2026-08-28 13:33:00,14.87,14.87,14.87,14.86,6015.0,89424.0
2026-08-28 13:34:00,14.87,14.87,14.87,14.87,966.0,14368.0
2026-08-28 13:35:00,14.85,14.85,14.85,14.85,3743.0,55584.0
2026-08-28 13:36:00,14.85,14.85,14.85,14.85,9902.0,147048.0
2026-08-28 13:37:00,14.85,14.86,14.86,14.84,10772.0,159976.0
2026-08-28 13:38:00,14.84,14.84,14.85,14.84,4420.0,65600.0
2026-08-28 13:39:00,14.84,14.84,14.85,14.83,14032.0,208240.0
2026-08-28 13:40:00,14.84,14.82,14.84,14.82,21545.0,319472.0
2026-08-28 13:41:00,14.82,14.82,14.82,14.81,15396.0,228080.0
2026-08-28 13:42:00,14.81,14.82,14.82,14.81,900.0,13336.0
2026-08-28 13:43:00,14.81,14.82,14.82,14.81,4273.0,63288.0
2026-08-28 13:44:00,14.82,14.82,14.82,14.81,6574.0,97408.0
2026-08-28 13:45:00,14.82,14.82,14.82,14.82,6101.0,90416.0
2026-08-28 13:46:00,14.81,14.82,14.82,14.81,9070.0,134416.0
2026-08-28 13:47:00,14.82,14.81,14.82,14.81,15497.0,229552.0
2026-08-28 13:49:00,14.81,14.81,14.81,14.8,23506.0,348120.0
2026-08-28 13:50:00,14.81,14.81,14.81,14.8,8252.0,122200.0
2026-08-28 13:51:00,14.81,14.8,14.81,14.8,16800.0,248720.0
2026-08-28 13:52:00,14.81,14.81,14.81,14.81,5766.0,85392.0
2026-08-28 13:53:00,14.81,14.8,14.81,14.8,5279.0,78168.0
2026-08-28 13:54:00,14.81,14.81,14.81,14.81,5930.0,87792.0
2026-08-28 13:55:00,14.81,14.81,14.81,14.81,3400.0,50360.0
2026-08-28 13:56:00,14.8,14.82,14.82,14.8,18456.0,273432.0
2026-08-28 13:57:00,14.82,14.82,14.82,14.82,9147.0,135560.0
2026-08-28 13:58:00,14.83,14.83,14.84,14.83,5328.0,79016.0
2026-08-28 13:59:00,14.84,14.84,14.84,14.84,2561.0,38008.0
2026-08-28 14:00:00,14.84,14.84,14.84,14.84,400.0,5936.0
2026-08-28 14:01:00,14.84,14.84,14.84,14.84,1000.0,14840.0
2026-08-28 14:02:00,14.84,14.83,14.84,14.83,1261.0,18712.0
2026-08-28 14:03:00,14.84,14.83,14.84,14.83,1485.0,22024.0
2026-08-28 14:04:00,14.85,14.81,14.85,14.81,21854.0,324144.0
2026-08-28 14:05:00,14.8,14.81,14.81,14.8,1900.0,28136.0
2026-08-28 14:06:00,14.81,14.81,14.81,14.81,1000.0,14808.0
2026-08-28 14:07:00,14.81,14.8,14.81,14.8,11911.0,176368.0
2026-08-28 14:08:00,14.82,14.84,14.84,14.82,9081.0,134696.0
2026-08-28 14:09:00,14.84,14.84,14.84,14.84,643.0,9544.0
2026-08-28 14:10:00,14.85,14.85,14.85,14.84,2293.0,34048.0
2026-08-28 14:11:00,14.86,14.85,14.86,14.85,9797.0,145512.0
2026-08-28 14:12:00,14.86,14.86,14.86,14.86,3256.0,48384.0
2026-08-28 14:13:00,14.86,14.85,14.87,14.85,4854.0,72152.0
2026-08-28 14:14:00,14.85,14.85,14.85,14.85,2000.0,29696.0
2026-08-28 14:16:00,14.85,14.86,14.86,14.85,6187.0,91944.0
2026-08-28 14:18:00,14.86,14.86,14.86,14.86,2700.0,40120.0
2026-08-28 14:19:00,14.86,14.87,14.87,14.86,9644.0,143320.0
2026-08-28 14:20:00,14.86,14.86,14.86,14.86,8690.0,129136.0
2026-08-28 14:21:00,14.85,14.86,14.86,14.85,5486.0,81512.0
2026-08-28 14:22:00,14.85,14.83,14.86,14.83,9928.0,147400.0
2026-08-28 14:23:00,14.82,14.82,14.82,14.82,7976.0,118208.0
2026-08-28 14:24:00,14.82,14.8,14.82,14.8,22301.0,330192.0
2026-08-28 14:25:00,14.8,14.8,14.8,14.8,9858.0,145920.0
2026-08-28 14:26:00,14.8,14.81,14.81,14.8,4367.0,64664.0
2026-08-28 14:27:00,14.8,14.8,14.81,14.8,2879.0,42616.0
2026-08-28 14:28:00,14.8,14.8,14.8,14.8,1741.0,25768.0
2026-08-28 14:29:00,14.82,14.82,14.82,14.82,1100.0,16304.0
2026-08-28 14:30:00,14.82,14.82,14.82,14.82,4541.0,67296.0
2026-08-28 14:31:00,14.82,14.82,14.82,14.82,1942.0,28784.0
2026-08-28 14:32:00,14.82,14.82,14.82,14.82,12846.0,190376.0
2026-08-28 14:33:00,14.83,14.83,14.83,14.83,5670.0,84088.0
2026-08-28 14:34:00,14.83,14.83,14.83,14.83,5448.0,80792.0
2026-08-28 14:35:00,14.83,14.83,14.83,14.83,2363.0,35040.0
2026-08-28 14:36:00,14.83,14.84,14.84,14.83,3493.0,51840.0
2026-08-28 14:37:00,14.86,14.84,14.86,14.84,7045.0,104648.0
2026-08-28 14:38:00,14.85,14.84,14.85,14.84,7584.0,112616.0
2026-08-28 14:39:00,14.84,14.85,14.85,14.84,4700.0,69776.0
2026-08-28 14:40:00,14.85,14.86,14.86,14.85,6220.0,92408.0
2026-08-28 14:41:00,14.85,14.84,14.86,14.84,12068.0,179208.0
2026-08-28 14:42:00,14.84,14.85,14.85,14.84,6351.0,94256.0
2026-08-28 14:43:00,14.84,14.79,14.84,14.79,85480.0,1266224.0
2026-08-28 14:44:00,14.78,14.78,14.78,14.78,17053.0,252048.0
2026-08-28 14:45:00,14.78,14.78,14.79,14.78,9994.0,147736.0
2026-08-28 14:46:00,14.78,14.79,14.79,14.78,14126.0,203736.0
2026-08-28 14:47:00,14.79,14.79,14.8,14.79,21593.0,319384.0
2026-08-28 14:48:00,14.79,14.78,14.79,14.77,33742.0,498760.0
2026-08-28 14:49:00,14.78,14.76,14.78,14.76,30145.0,445152.0
2026-08-28 14:50:00,14.76,14.75,14.76,14.75,20722.0,305752.0
2026-08-28 14:51:00,14.76,14.76,14.76,14.75,16697.0,246352.0
2026-08-28 14:52:00,14.76,14.76,14.76,14.75,18141.0,267736.0
2026-08-28 14:53:00,14.75,14.73,14.75,14.73,43239.0,637568.0
2026-08-28 14:54:00,14.73,14.73,14.74,14.72,16964.0,249840.0
2026-08-28 14:55:00,14.73,14.76,14.76,14.73,22678.0,334376.0
2026-08-28 14:56:00,14.76,14.78,14.78,14.76,17281.0,255272.0
2026-08-28 14:57:00,14.79,14.82,14.82,14.79,43573.0,644848.0
2026-08-28 14:58:00,14.82,14.82,14.82,14.82,4873.0,72168.0
2026-08-28 15:00:00,14.78,14.78,14.78,14.78,97176.0,1436264.0
2026-08-31 09:31:00,14.54,14.45,14.58,14.45,234525.0,3405882.0
2026-08-31 09:32:00,14.41,14.41,14.43,14.4,223563.0,3226861.0
2026-08-31 09:33:00,14.42,14.48,14.48,14.41,83816.0,1209840.0
2026-08-31 09:34:00,14.48,14.46,14.54,14.45,70066.0,1013801.0
2026-08-31 09:35:00,14.44,14.48,14.48,14.44,76459.0,1105060.0
2026-08-31 09:36:00,14.48,14.42,14.48,14.42,107155.0,1547991.0
2026-08-31 09:37:00,14.43,14.38,14.43,14.38,183752.0,2648200.0
2026-08-31 09:38:00,14.38,14.28,14.38,14.25,221149.0,3171233.0
2026-08-31 09:39:00,14.29,14.28,14.3,14.27,157277.0,2246784.0
2026-08-31 09:40:00,14.27,14.43,14.43,14.27,109670.0,1530160.0
2026-08-31 09:41:00,14.43,14.34,14.43,14.34,60100.0,865106.0
2026-08-31 09:42:00,14.34,14.46,14.46,14.33,96531.0,1384736.0
2026-08-31 09:43:00,14.36,14.48,14.48,14.36,27308.0,393432.0
2026-08-31 09:44:00,14.5,14.59,14.59,14.5,102880.0,1499382.0
2026-08-31 09:45:00,14.59,14.49,14.59,14.49,34333.0,499818.0
2026-08-31 09:46:00,14.49,14.45,14.54,14.42,22535.0,326102.0
2026-08-31 09:47:00,14.45,14.48,14.48,14.43,6559.0,94784.0
2026-08-31 09:48:00,14.48,14.46,14.48,14.44,22532.0,325796.0
2026-08-31 09:49:00,14.47,14.44,14.47,14.44,9108.0,131532.0
2026-08-31 09:50:00,14.44,14.44,14.44,14.43,17860.0,257866.0
2026-08-31 09:51:00,14.43,14.4,14.43,14.4,55968.0,807296.0
2026-08-31 09:52:00,14.4,14.35,14.4,14.35,42904.0,616828.0
2026-08-31 09:53:00,14.36,14.37,14.37,14.35,11664.0,167482.0
2026-08-31 09:54:00,14.38,14.4,14.41,14.38,17827.0,256576.0
2026-08-31 09:55:00,14.4,14.4,14.42,14.4,12714.0,183202.0
2026-08-31 09:56:00,14.39,14.4,14.4,14.39,14143.0,203562.0
2026-08-31 09:57:00,14.4,14.43,14.43,14.4,11038.0,159012.0
2026-08-31 09:58:00,14.43,14.44,14.44,14.43,12389.0,178860.0
2026-08-31 09:59:00,14.44,14.43,14.44,14.43,14580.0,210510.0
2026-08-31 10:00:00,14.43,14.39,14.44,14.38,23839.0,343638.0
2026-08-31 10:01:00,14.39,14.35,14.39,14.35,23755.0,341516.0
2026-08-31 10:02:00,14.36,14.35,14.36,14.35,16344.0,234536.0
2026-08-31 10:03:00,14.34,14.29,14.34,14.29,51632.0,739162.0
2026-08-31 10:04:00,14.29,14.33,14.33,14.28,29604.0,423112.0
2026-08-31 10:05:00,14.34,14.33,14.34,14.33,25003.0,358398.0
2026-08-31 10:06:00,14.34,14.34,14.36,14.34,16253.0,233300.0
2026-08-31 10:07:00,14.34,14.36,14.36,14.34,7462.0,107108.0
2026-08-31 10:08:00,14.36,14.36,14.36,14.36,15092.0,216710.0
2026-08-31 10:09:00,14.36,14.37,14.44,14.36,10917.0,156970.0
2026-08-31 10:10:00,14.37,14.38,14.42,14.37,13177.0,189872.0
2026-08-31 10:11:00,14.38,14.36,14.38,14.36,39307.0,564648.0
2026-08-31 10:12:00,14.36,14.34,14.36,14.34,31459.0,451360.0
2026-08-31 10:13:00,14.33,14.32,14.34,14.32,41776.0,598684.0
2026-08-31 10:14:00,14.32,14.33,14.33,14.32,9077.0,130052.0
2026-08-31 10:15:00,14.32,14.32,14.33,14.32,28193.0,403844.0
2026-08-31 10:16:00,14.32,14.32,14.32,14.32,18409.0,263616.0
2026-08-31 10:17:00,14.33,14.31,14.33,14.31,14344.0,205364.0
2026-08-31 10:18:00,14.32,14.3,14.32,14.3,88366.0,1264332.0
2026-08-31 10:19:00,14.3,14.31,14.32,14.3,41769.0,597692.0
2026-08-31 10:20:00,14.31,14.33,14.33,14.31,19379.0,277512.0
2026-08-31 10:21:00,14.33,14.37,14.37,14.33,8927.0,128160.0
2026-08-31 10:22:00,14.41,14.42,14.42,14.41,8942.0,128920.0
2026-08-31 10:23:00,14.38,14.4,14.4,14.37,2681.0,38600.0
2026-08-31 10:24:00,14.37,14.38,14.38,14.37,2063.0,29648.0
2026-08-31 10:25:00,14.38,14.37,14.4,14.37,11091.0,159672.0
2026-08-31 10:26:00,14.37,14.36,14.37,14.36,4766.0,68464.0
2026-08-31 10:27:00,14.36,14.35,14.36,14.35,2720.0,39048.0
2026-08-31 10:28:00,14.34,14.34,14.34,14.34,6359.0,91188.0
2026-08-31 10:29:00,14.35,14.34,14.35,14.34,1130.0,16212.0
2026-08-31 10:30:00,14.33,14.34,14.34,14.33,6092.0,87312.0
2026-08-31 10:31:00,14.33,14.33,14.33,14.33,4021.0,57620.0
2026-08-31 10:32:00,14.33,14.32,14.33,14.32,15861.0,227180.0
2026-08-31 10:33:00,14.31,14.32,14.32,14.31,18529.0,265156.0
2026-08-31 10:34:00,14.32,14.31,14.32,14.31,5476.0,78372.0
2026-08-31 10:35:00,14.31,14.33,14.33,14.31,20035.0,286964.0
2026-08-31 10:36:00,14.34,14.33,14.34,14.33,6143.0,88032.0
2026-08-31 10:37:00,14.4,14.33,14.4,14.33,5903.0,84668.0
2026-08-31 10:38:00,14.38,14.34,14.38,14.33,2410.0,34560.0
2026-08-31 10:39:00,14.34,14.34,14.34,14.33,18579.0,266348.0
2026-08-31 10:40:00,14.34,14.36,14.36,14.34,10017.0,143832.0
2026-08-31 10:41:00,14.37,14.37,14.39,14.37,5456.0,78420.0
2026-08-31 10:42:00,14.37,14.35,14.4,14.35,3359.0,48288.0
2026-08-31 10:43:00,14.36,14.36,14.36,14.36,4020.0,57816.0
2026-08-31 10:44:00,14.37,14.34,14.4,14.33,42246.0,606784.0
2026-08-31 10:45:00,14.34,14.34,14.34,14.34,2981.0,42752.0
2026-08-31 10:46:00,14.34,14.34,14.35,14.34,8975.0,128752.0
2026-08-31 10:47:00,14.34,14.32,14.34,14.32,35566.0,509688.0
2026-08-31 10:48:00,14.32,14.32,14.33,14.32,18047.0,258440.0
2026-08-31 10:49:00,14.31,14.31,14.32,14.31,17574.0,213344.0
2026-08-31 10:50:00,14.32,14.32,14.32,14.31,5932.0,84912.0
2026-08-31 10:51:00,14.31,14.3,14.31,14.3,4846.0,69304.0
2026-08-31 10:52:00,14.3,14.3,14.31,14.3,34371.0,491524.0
2026-08-31 10:53:00,14.3,14.3,14.3,14.3,38858.0,555532.0
2026-08-31 10:54:00,14.28,14.28,14.28,14.28,22236.0,317536.0
2026-08-31 10:55:00,14.27,14.24,14.27,14.24,91364.0,1302668.0
2026-08-31 10:56:00,14.24,14.2,14.24,14.2,45712.0,649888.0
2026-08-31 10:57:00,14.2,14.2,14.2,14.18,35050.0,497300.0
2026-08-31 10:58:00,14.21,14.21,14.21,14.21,30946.0,439640.0
2026-08-31 10:59:00,14.21,14.25,14.25,14.21,9003.0,128288.0
2026-08-31 11:00:00,14.25,14.22,14.25,14.22,12444.0,177172.0
2026-08-31 11:01:00,14.23,14.21,14.23,14.2,29161.0,414604.0
2026-08-31 11:02:00,14.21,14.22,14.22,14.2,9889.0,140492.0
2026-08-31 11:03:00,14.22,14.2,14.22,14.2,26712.0,379492.0
2026-08-31 11:04:00,14.2,14.2,14.21,14.19,27047.0,384000.0
2026-08-31 11:05:00,14.2,14.2,14.2,14.19,7923.0,112496.0
2026-08-31 11:06:00,14.2,14.21,14.21,14.19,16694.0,237008.0
2026-08-31 11:07:00,14.21,14.22,14.22,14.21,4528.0,64360.0
2026-08-31 11:08:00,14.23,14.23,14.23,14.22,3730.0,53064.0
2026-08-31 11:09:00,14.28,14.23,14.28,14.23,2163.0,30784.0
2026-08-31 11:10:00,14.23,14.23,14.25,14.23,4500.0,64048.0
2026-08-31 11:11:00,14.24,14.26,14.26,14.24,9976.0,142228.0
2026-08-31 11:12:00,14.26,14.25,14.26,14.25,8390.0,119632.0
2026-08-31 11:13:00,14.24,14.25,14.25,14.24,3896.0,55500.0
2026-08-31 11:14:00,14.25,14.25,14.26,14.25,1915.0,27296.0
2026-08-31 11:15:00,14.25,14.25,14.26,14.25,2851.0,40636.0
2026-08-31 11:16:00,14.25,14.26,14.26,14.25,1001.0,14272.0
2026-08-31 11:17:00,14.26,14.25,14.26,14.25,1829.0,26068.0
2026-08-31 11:18:00,14.26,14.26,14.26,14.25,18388.0,262208.0
2026-08-31 11:19:00,14.27,14.27,14.27,14.27,200.0,2856.0
2026-08-31 11:20:00,14.26,14.26,14.26,14.26,4571.0,65184.0
2026-08-31 11:21:00,14.26,14.27,14.27,14.25,2052.0,29260.0
2026-08-31 11:23:00,14.27,14.27,14.27,14.27,100.0,1428.0
2026-08-31 11:24:00,14.26,14.28,14.28,14.26,10534.0,150344.0
2026-08-31 11:25:00,14.28,14.3,14.3,14.28,4400.0,62884.0
2026-08-31 11:26:00,14.3,14.28,14.3,14.28,900.0,12860.0
2026-08-31 11:27:00,14.3,14.3,14.3,14.3,3156.0,45132.0
2026-08-31 11:29:00,14.3,14.3,14.3,14.27,11051.0,158028.0
2026-08-31 11:30:00,14.3,14.31,14.31,14.27,9020.0,128736.0
2026-08-31 13:01:00,14.29,14.29,14.29,14.29,1700.0,24292.0
2026-08-31 13:02:00,14.29,14.28,14.29,14.28,1600.0,22852.0
2026-08-31 13:03:00,14.27,14.26,14.27,14.26,14862.0,212048.0
2026-08-31 13:04:00,14.26,14.25,14.26,14.25,6517.0,92896.0
2026-08-31 13:05:00,14.26,14.25,14.27,14.25,7700.0,109860.0
2026-08-31 13:06:00,14.27,14.27,14.27,14.27,3640.0,51944.0
2026-08-31 13:07:00,14.28,14.26,14.28,14.26,2346.0,33464.0
2026-08-31 13:08:00,14.27,14.26,14.27,14.26,4111.0,58636.0
2026-08-31 13:09:00,14.25,14.23,14.25,14.23,17312.0,246556.0
2026-08-31 13:10:00,14.22,14.23,14.23,14.22,10192.0,144944.0
2026-08-31 13:11:00,14.22,14.21,14.22,14.21,22347.0,317584.0
2026-08-31 13:12:00,14.2,14.21,14.21,14.2,29275.0,415804.0
2026-08-31 13:13:00,14.22,14.27,14.27,14.21,11109.0,158068.0
2026-08-31 13:14:00,14.27,14.23,14.27,14.23,6103.0,86888.0
2026-08-31 13:15:00,14.23,14.23,14.23,14.23,2775.0,39488.0
2026-08-31 13:16:00,14.27,14.25,14.27,14.25,600.0,8556.0
2026-08-31 13:17:00,14.27,14.26,14.27,14.26,1200.0,17120.0
2026-08-31 13:18:00,14.26,14.28,14.28,14.26,5526.0,78872.0
2026-08-31 13:19:00,14.28,14.27,14.28,14.27,993.0,14176.0
2026-08-31 13:20:00,14.27,14.28,14.29,14.27,5584.0,79752.0
2026-08-31 13:21:00,14.29,14.28,14.29,14.28,1964.0,28068.0
2026-08-31 13:22:00,14.3,14.3,14.3,14.3,1469.0,21008.0
2026-08-31 13:23:00,14.29,14.27,14.29,14.27,13013.0,185804.0
2026-08-31 13:24:00,14.27,14.25,14.27,14.25,66354.0,946136.0
2026-08-31 13:25:00,14.25,14.24,14.25,14.23,15638.0,222768.0
2026-08-31 13:26:00,14.23,14.18,14.23,14.18,144600.0,2052944.0
2026-08-31 13:27:00,14.18,14.18,14.18,14.17,129179.0,1831280.0
2026-08-31 13:28:00,14.18,14.28,14.28,14.17,213987.0,3034600.0
2026-08-31 13:29:00,14.28,14.28,14.3,14.28,3700.0,52840.0
2026-08-31 13:30:00,14.33,14.32,14.33,14.27,48297.0,430520.0
2026-08-31 13:31:00,14.27,14.23,14.27,14.2,24121.0,343272.0
2026-08-31 13:32:00,14.23,14.22,14.23,14.22,3150.0,44836.0
2026-08-31 13:33:00,14.22,14.26,14.28,14.22,6910.0,98340.0
2026-08-31 13:34:00,14.26,14.21,14.26,14.21,23545.0,334864.0
2026-08-31 13:35:00,14.21,14.21,14.21,14.21,36900.0,524316.0
2026-08-31 13:36:00,14.21,14.31,14.31,14.21,8504.0,120912.0
2026-08-31 13:37:00,14.22,14.23,14.23,14.22,7836.0,111500.0
2026-08-31 13:38:00,14.23,14.24,14.3,14.23,3192.0,45520.0
2026-08-31 13:39:00,14.24,14.24,14.24,14.24,8801.0,125328.0
2026-08-31 13:40:00,14.24,14.28,14.28,14.24,349.0,4980.0
2026-08-31 13:41:00,14.28,14.26,14.28,14.26,6482.0,92500.0
2026-08-31 13:42:00,14.25,14.24,14.26,14.24,5810.0,82808.0
2026-08-31 13:43:00,14.25,14.25,14.25,14.24,981.0,13976.0
2026-08-31 13:44:00,14.25,14.26,14.26,14.25,3927.0,55988.0
2026-08-31 13:45:00,14.26,14.26,14.27,14.25,9366.0,133520.0
2026-08-31 13:46:00,14.26,14.26,14.26,14.26,2795.0,39856.0
2026-08-31 13:47:00,14.26,14.24,14.26,14.24,24714.0,352120.0
2026-08-31 13:48:00,14.25,14.24,14.25,14.24,10998.0,156612.0
2026-08-31 13:49:00,14.24,14.23,14.24,14.23,6408.0,91216.0
2026-08-31 13:50:00,14.23,14.23,14.23,14.23,5358.0,76244.0
2026-08-31 13:51:00,14.25,14.25,14.25,14.23,13291.0,189156.0
2026-08-31 13:52:00,14.23,14.25,14.25,14.23,800.0,11388.0
2026-08-31 13:53:00,14.25,14.23,14.25,14.23,16972.0,241620.0
2026-08-31 13:54:00,14.23,14.23,14.24,14.23,15746.0,224160.0
2026-08-31 13:55:00,14.22,14.22,14.23,14.22,5289.0,75220.0
2026-08-31 13:56:00,14.23,14.23,14.23,14.23,1742.0,24788.0
2026-08-31 13:57:00,14.24,14.23,14.24,14.23,5300.0,75424.0
2026-08-31 13:58:00,14.23,14.23,14.23,14.22,8729.0,124212.0
2026-08-31 13:59:00,14.23,14.23,14.23,14.22,5974.0,84972.0
2026-08-31 14:00:00,14.22,14.22,14.22,14.22,18105.0,257452.0
2026-08-31 14:01:00,14.22,14.22,14.23,14.21,29592.0,420748.0
2026-08-31 14:02:00,14.22,14.2,14.22,14.2,45395.0,644880.0
2026-08-31 14:03:00,14.2,14.19,14.2,14.19,25281.0,358784.0
2026-08-31 14:04:00,14.18,14.19,14.19,14.18,3100.0,43992.0
2026-08-31 14:05:00,14.18,14.19,14.19,14.18,16220.0,230044.0
2026-08-31 14:06:00,14.18,14.18,14.19,14.18,22434.0,318124.0
2026-08-31 14:07:00,14.19,14.18,14.19,14.17,34939.0,495240.0
2026-08-31 14:08:00,14.18,14.18,14.18,14.17,26966.0,382280.0
2026-08-31 14:09:00,14.18,14.19,14.19,14.18,27822.0,394536.0
2026-08-31 14:10:00,14.19,14.18,14.19,14.17,28199.0,399744.0
2026-08-31 14:11:00,14.18,14.18,14.18,14.17,24547.0,348040.0
2026-08-31 14:12:00,14.17,14.16,14.17,14.16,27889.0,395072.0
2026-08-31 14:13:00,14.17,14.17,14.18,14.16,5133.0,72712.0
2026-08-31 14:14:00,14.17,14.18,14.18,14.17,11847.0,167904.0
2026-08-31 14:15:00,14.19,14.19,14.19,14.18,14556.0,206536.0
2026-08-31 14:16:00,14.19,14.19,14.19,14.18,7644.0,108448.0
2026-08-31 14:17:00,14.19,14.18,14.19,14.18,13767.0,195352.0
2026-08-31 14:18:00,14.19,14.19,14.19,14.18,18527.0,262760.0
2026-08-31 14:19:00,14.19,14.2,14.2,14.18,17284.0,245240.0
2026-08-31 14:20:00,14.18,14.19,14.2,14.18,25551.0,320016.0
2026-08-31 14:21:00,14.19,14.19,14.19,14.19,10794.0,153168.0
2026-08-31 14:22:00,14.18,14.2,14.2,14.18,5908.0,83824.0
2026-08-31 14:23:00,14.2,14.2,14.2,14.19,11779.0,167232.0
2026-08-31 14:24:00,14.2,14.2,14.2,14.2,41817.0,593744.0
2026-08-31 14:25:00,14.22,14.2,14.22,14.2,2745.0,39008.0
2026-08-31 14:26:00,14.2,14.21,14.21,14.2,9891.0,140472.0
2026-08-31 14:27:00,14.21,14.21,14.22,14.2,6479.0,92088.0
2026-08-31 14:28:00,14.21,14.22,14.22,14.2,3941.0,56008.0
2026-08-31 14:29:00,14.21,14.2,14.21,14.2,10700.0,152056.0
2026-08-31 14:30:00,14.2,14.19,14.21,14.19,34229.0,486096.0
2026-08-31 14:31:00,14.2,14.19,14.2,14.18,72546.0,1029312.0
2026-08-31 14:32:00,14.19,14.19,14.19,14.19,2900.0,41152.0
2026-08-31 14:33:00,14.19,14.19,14.2,14.19,9500.0,134848.0
2026-08-31 14:34:00,14.2,14.2,14.2,14.2,10885.0,154560.0
2026-08-31 14:35:00,14.2,14.21,14.21,14.2,1400.0,19888.0
2026-08-31 14:36:00,14.2,14.2,14.22,14.2,15976.0,226984.0
2026-08-31 14:37:00,14.22,14.21,14.22,14.2,3448.0,49000.0
2026-08-31 14:38:00,14.21,14.2,14.21,14.2,37294.0,529592.0
2026-08-31 14:39:00,14.2,14.2,14.21,14.2,17093.0,242736.0
2026-08-31 14:40:00,14.21,14.2,14.21,14.2,21294.0,302488.0
2026-08-31 14:41:00,14.2,14.2,14.2,14.2,5398.0,76648.0
2026-08-31 14:42:00,14.2,14.22,14.22,14.2,35776.0,508672.0
2026-08-31 14:43:00,14.22,14.21,14.23,14.2,5050.0,71808.0
2026-08-31 14:44:00,14.22,14.22,14.22,14.22,8613.0,122472.0
2026-08-31 14:45:00,14.23,14.27,14.27,14.23,17594.0,250840.0
2026-08-31 14:46:00,14.28,14.26,14.28,14.26,12246.0,174744.0
2026-08-31 14:47:00,14.24,14.24,14.24,14.23,3791.0,53976.0
2026-08-31 14:48:00,14.24,14.24,14.24,14.23,33747.0,480616.0
2026-08-31 14:49:00,14.23,14.24,14.24,14.23,6187.0,88064.0
2026-08-31 14:50:00,14.24,14.26,14.26,14.24,22941.0,326848.0
2026-08-31 14:51:00,14.26,14.25,14.26,14.25,18080.0,257640.0
2026-08-31 14:52:00,14.23,14.25,14.25,14.23,34887.0,497152.0
2026-08-31 14:53:00,14.25,14.24,14.26,14.23,12046.0,171472.0
2026-08-31 14:54:00,14.24,14.23,14.24,14.2,77596.0,1103592.0
2026-08-31 14:55:00,14.22,14.22,14.23,14.22,27416.0,389808.0
2026-08-31 14:56:00,14.22,14.22,14.23,14.21,33030.0,469608.0
2026-08-31 14:57:00,14.21,14.25,14.25,14.2,89704.0,1275288.0
2026-08-31 15:00:00,14.25,14.25,14.25,14.25,113327.0,1614904.0
2026-09-01 09:31:00,14.19,14.12,14.2,14.11,89434.0,1267828.0
2026-09-01 09:32:00,14.11,14.11,14.13,14.1,61015.0,860889.0
2026-09-01 09:33:00,14.11,14.11,14.12,14.1,81014.0,1143624.0
2026-09-01 09:34:00,14.11,14.07,14.12,14.06,116155.0,1637836.0
2026-09-01 09:35:00,14.05,13.98,14.05,13.98,214904.0,3012417.0
2026-09-01 09:36:00,13.97,14.01,14.07,13.97,117682.0,1648228.0
2026-09-01 09:37:00,14.01,14.07,14.07,14.01,57916.0,812399.0
2026-09-01 09:38:00,14.07,14.02,14.07,14.02,44167.0,619634.0
2026-09-01 09:39:00,14.01,13.98,14.01,13.97,82657.0,1156559.0
2026-09-01 09:40:00,13.96,13.91,13.96,13.91,205024.0,2855962.0
2026-09-01 09:41:00,13.9,13.97,13.97,13.9,88610.0,1233857.0
2026-09-01 09:42:00,13.96,13.92,13.97,13.92,106481.0,1484183.0
2026-09-01 09:43:00,13.91,13.91,13.92,13.9,61106.0,849758.0
2026-09-01 09:44:00,13.91,13.92,13.92,13.91,84646.0,1177706.0
2026-09-01 09:45:00,13.92,13.94,13.97,13.92,75716.0,853348.0
2026-09-01 09:46:00,13.95,13.98,13.98,13.95,15103.0,210906.0
2026-09-01 09:47:00,14.01,14.0,14.05,14.0,52824.0,740626.0
2026-09-01 09:48:00,14.01,13.95,14.01,13.95,64569.0,901442.0
2026-09-01 09:49:00,13.96,13.95,13.96,13.94,22229.0,310070.0
2026-09-01 09:50:00,13.95,13.95,13.96,13.94,15573.0,217244.0
2026-09-01 09:51:00,13.94,13.92,13.94,13.92,63973.0,891056.0
2026-09-01 09:52:00,13.93,13.92,13.93,13.92,9300.0,129508.0
2026-09-01 09:53:00,13.92,13.88,13.92,13.88,147763.0,2053512.0
2026-09-01 09:54:00,13.88,13.88,13.9,13.86,25177.0,349324.0
2026-09-01 09:55:00,13.88,13.87,13.89,13.87,28318.0,365292.0
2026-09-01 09:56:00,13.87,13.89,13.89,13.87,40783.0,566024.0
2026-09-01 09:57:00,13.89,13.88,13.89,13.87,44447.0,616792.0
2026-09-01 09:58:00,13.88,13.89,13.89,13.87,69573.0,965514.0
2026-09-01 09:59:00,13.87,13.9,13.9,13.87,53128.0,737684.0
2026-09-01 10:00:00,13.9,13.91,13.93,13.9,22644.0,315020.0
2026-09-01 10:01:00,13.9,13.89,13.92,13.89,14893.0,206992.0
2026-09-01 10:02:00,13.89,13.89,13.9,13.89,16226.0,225402.0
2026-09-01 10:03:00,13.89,13.87,13.89,13.87,34336.0,476596.0
2026-09-01 10:04:00,13.88,13.88,13.88,13.87,14602.0,202638.0
2026-09-01 10:05:00,13.88,13.87,13.88,13.87,30151.0,404454.0
2026-09-01 10:06:00,13.88,13.88,13.88,13.88,24534.0,340472.0
2026-09-01 10:07:00,13.89,13.9,13.9,13.89,23781.0,330396.0
2026-09-01 10:08:00,13.89,13.89,13.91,13.88,14468.0,201104.0
2026-09-01 10:09:00,13.89,13.89,13.9,13.89,47035.0,652968.0
2026-09-01 10:10:00,13.89,13.87,13.89,13.87,46642.0,647176.0
2026-09-01 10:11:00,13.87,13.88,13.88,13.87,34343.0,476456.0
2026-09-01 10:12:00,13.87,13.94,13.94,13.86,17160.0,238544.0
2026-09-01 10:13:00,13.96,13.94,13.96,13.94,9135.0,127360.0
2026-09-01 10:14:00,13.95,13.93,13.95,13.91,5373.0,74888.0
2026-09-01 10:15:00,13.93,13.96,13.96,13.93,4109.0,57296.0
2026-09-01 10:16:00,13.97,14.02,14.02,13.97,15531.0,217272.0
2026-09-01 10:17:00,14.01,14.01,14.01,13.98,25886.0,362520.0
2026-09-01 10:18:00,14.02,14.07,14.07,14.02,46728.0,656336.0
2026-09-01 10:19:00,14.06,14.05,14.06,14.05,17516.0,246280.0
2026-09-01 10:20:00,14.05,14.03,14.05,14.02,6134.0,86040.0
2026-09-01 10:21:00,14.02,13.98,14.02,13.98,2631.0,36808.0
2026-09-01 10:22:00,13.94,13.94,13.94,13.94,139.0,1936.0
2026-09-01 10:23:00,13.94,13.94,13.98,13.94,1478.0,20624.0
2026-09-01 10:24:00,13.98,13.98,13.98,13.98,500.0,6992.0
2026-09-01 10:25:00,13.99,13.98,13.99,13.98,12078.0,148912.0
2026-09-01 10:26:00,13.98,13.96,13.98,13.96,6506.0,90852.0
2026-09-01 10:27:00,13.96,13.95,13.96,13.95,5054.0,70528.0
2026-09-01 10:28:00,13.96,13.96,13.96,13.96,972.0,13568.0
2026-09-01 10:29:00,13.97,13.96,13.97,13.96,19340.0,270124.0
2026-09-01 10:30:00,13.96,13.97,13.98,13.96,4723.0,65964.0
2026-09-01 10:31:00,13.97,13.96,13.97,13.96,9041.0,126252.0
2026-09-01 10:32:00,13.96,13.95,13.96,13.95,10280.0,143500.0
2026-09-01 10:33:00,13.95,13.94,13.95,13.94,4246.0,59216.0
2026-09-01 10:34:00,13.94,13.94,13.94,13.94,882.0,12292.0
2026-09-01 10:35:00,13.94,13.93,13.94,13.92,3886.0,54136.0
2026-09-01 10:36:00,13.93,13.93,13.93,13.93,4897.0,68216.0
2026-09-01 10:37:00,13.93,13.93,13.93,13.92,5328.0,74216.0
2026-09-01 10:38:00,13.93,13.92,13.93,13.92,11082.0,154268.0
2026-09-01 10:39:00,13.92,13.92,13.92,13.92,1050.0,14616.0
2026-09-01 10:40:00,13.92,13.92,13.92,13.92,6206.0,86384.0
2026-09-01 10:41:00,13.92,13.91,13.92,13.91,5041.0,70164.0
2026-09-01 10:42:00,13.92,13.91,13.92,13.91,8740.0,121580.0
2026-09-01 10:43:00,13.91,13.93,13.93,13.91,11219.0,156132.0
2026-09-01 10:44:00,13.92,13.92,13.92,13.92,3380.0,47048.0
2026-09-01 10:45:00,13.92,13.95,13.95,13.92,302.0,4212.0
2026-09-01 10:46:00,13.95,13.95,13.95,13.95,818.0,11412.0
2026-09-01 10:47:00,13.94,13.95,13.95,13.94,1058.0,14752.0
2026-09-01 10:48:00,13.95,13.95,13.95,13.95,4523.0,63096.0
2026-09-01 10:50:00,13.95,13.94,13.95,13.94,600.0,8364.0
2026-09-01 10:51:00,13.94,13.94,13.94,13.94,2103.0,29332.0
2026-09-01 10:52:00,13.95,13.98,13.98,13.95,3297.0,46076.0
2026-09-01 10:53:00,13.98,13.98,13.98,13.98,1500.0,20968.0
2026-09-01 10:54:00,13.96,13.96,13.96,13.96,5850.0,81668.0
2026-09-01 10:55:00,13.96,13.96,13.98,13.96,1453.0,20284.0
2026-09-01 10:56:00,13.95,13.94,13.95,13.94,2700.0,37660.0
2026-09-01 10:57:00,13.94,13.93,13.94,13.93,5368.0,74796.0
2026-09-01 10:58:00,13.93,13.93,13.93,13.92,10268.0,143020.0
2026-09-01 10:59:00,13.93,13.93,13.93,13.93,2815.0,39216.0
2026-09-01 11:00:00,13.93,13.94,13.94,13.93,6337.0,88272.0
2026-09-01 11:01:00,13.94,13.94,13.94,13.94,8461.0,117948.0
2026-09-01 11:02:00,13.94,13.94,13.95,13.94,3336.0,46504.0
2026-09-01 11:03:00,13.94,13.94,13.94,13.93,4900.0,68300.0
2026-09-01 11:04:00,13.92,13.93,13.93,13.9,38572.0,536944.0
2026-09-01 11:05:00,13.93,13.96,13.96,13.93,1110.0,15464.0
2026-09-01 11:06:00,13.96,13.99,13.99,13.96,7559.0,105708.0
2026-09-01 11:07:00,13.99,13.99,14.0,13.99,6400.0,89588.0
2026-09-01 11:08:00,13.99,13.98,13.99,13.98,4047.0,56612.0
2026-09-01 11:09:00,13.99,14.01,14.02,13.99,13304.0,186188.0
2026-09-01 11:10:00,14.02,14.03,14.03,14.02,6613.0,92744.0
2026-09-01 11:11:00,14.02,14.0,14.02,14.0,8775.0,122912.0
2026-09-01 11:12:00,13.99,14.0,14.02,13.98,16098.0,225144.0
2026-09-01 11:13:00,14.0,14.02,14.02,14.0,800.0,11212.0
2026-09-01 11:14:00,13.99,13.97,13.99,13.96,15039.0,210132.0
2026-09-01 11:15:00,13.97,13.99,13.99,13.97,11098.0,148064.0
2026-09-01 11:16:00,13.99,14.02,14.02,13.99,5010.0,70208.0
2026-09-01 11:17:00,14.02,14.01,14.02,14.01,2900.0,40656.0
2026-09-01 11:18:00,14.0,14.0,14.0,13.95,6566.0,91816.0
2026-09-01 11:19:00,13.99,14.0,14.0,13.99,2800.0,39176.0
2026-09-01 11:20:00,14.0,14.01,14.01,14.0,3414.0,47800.0
2026-09-01 11:21:00,14.0,14.0,14.0,14.0,9384.0,131356.0
2026-09-01 11:22:00,14.0,14.0,14.0,14.0,200.0,2800.0
2026-09-01 11:23:00,13.99,13.98,13.99,13.98,2662.0,37228.0
2026-09-01 11:24:00,13.98,14.0,14.0,13.98,4018.0,56232.0
2026-09-01 11:25:00,14.0,14.01,14.01,14.0,5007.0,70104.0
2026-09-01 11:26:00,14.01,14.01,14.01,14.01,8695.0,121800.0
2026-09-01 11:27:00,14.01,14.05,14.05,14.01,32482.0,456004.0
2026-09-01 11:28:00,14.04,14.06,14.07,14.04,25517.0,358540.0
2026-09-01 11:29:00,14.06,14.06,14.06,14.05,9734.0,136848.0
2026-09-01 11:30:00,14.06,14.07,14.07,14.05,18311.0,257484.0
2026-09-01 13:01:00,14.1,14.15,14.17,14.1,97475.0,1376936.0
2026-09-01 13:02:00,14.16,14.16,14.16,14.13,18640.0,263652.0
2026-09-01 13:03:00,14.16,14.15,14.16,14.15,700.0,9904.0
2026-09-01 13:04:00,14.15,14.12,14.16,14.12,15960.0,225804.0
2026-09-01 13:05:00,14.14,14.11,14.14,14.11,8239.0,87144.0
2026-09-01 13:06:00,14.12,14.14,14.14,14.12,7562.0,106780.0
2026-09-01 13:07:00,14.14,14.14,14.14,14.12,16075.0,227100.0
2026-09-01 13:08:00,14.13,14.13,14.14,14.12,7353.0,103888.0
2026-09-01 13:09:00,14.13,14.13,14.13,14.11,19096.0,269632.0
2026-09-01 13:10:00,14.11,14.08,14.12,14.08,11204.0,158076.0
2026-09-01 13:11:00,14.08,14.12,14.12,14.08,5800.0,81840.0
2026-09-01 13:12:00,14.08,14.12,14.12,14.08,4273.0,60280.0
2026-09-01 13:13:00,14.11,14.17,14.17,14.11,76340.0,1079324.0
2026-09-01 13:14:00,14.18,14.24,14.24,14.18,70016.0,994848.0
2026-09-01 13:15:00,14.23,14.24,14.25,14.21,14405.0,205108.0
2026-09-01 13:16:00,14.2,14.23,14.23,14.19,47200.0,671344.0
2026-09-01 13:17:00,14.24,14.36,14.36,14.24,201410.0,2879812.0
2026-09-01 13:18:00,14.35,14.34,14.35,14.29,90669.0,1299948.0
2026-09-01 13:19:00,14.33,14.29,14.34,14.29,29056.0,416288.0
2026-09-01 13:20:00,14.29,14.26,14.29,14.26,8709.0,124312.0
2026-09-01 13:21:00,14.24,14.26,14.26,14.24,17342.0,247284.0
2026-09-01 13:22:00,14.26,14.26,14.27,14.24,38451.0,548244.0
2026-09-01 13:23:00,14.25,14.26,14.26,14.25,5700.0,81268.0
2026-09-01 13:24:00,14.27,14.24,14.27,14.24,8490.0,121000.0
2026-09-01 13:25:00,14.25,14.26,14.26,14.24,11344.0,161684.0
2026-09-01 13:26:00,14.24,14.24,14.26,14.24,5459.0,77752.0
2026-09-01 13:27:00,14.25,14.25,14.25,14.24,23445.0,334132.0
2026-09-01 13:28:00,14.25,14.25,14.26,14.25,1567.0,22336.0
2026-09-01 13:29:00,14.25,14.18,14.25,14.18,16965.0,241492.0
2026-09-01 13:30:00,14.18,14.18,14.18,14.18,2936.0,41632.0
2026-09-01 13:31:00,14.2,14.2,14.2,14.2,700.0,9944.0
2026-09-01 13:32:00,14.2,14.19,14.2,14.19,20394.0,289600.0
2026-09-01 13:33:00,14.2,14.24,14.24,14.2,4910.0,69744.0
2026-09-01 13:34:00,14.23,14.21,14.23,14.21,9335.0,132808.0
2026-09-01 13:35:00,14.21,14.2,14.21,14.2,10250.0,145624.0
2026-09-01 13:36:00,14.2,14.2,14.2,14.2,100.0,1420.0
2026-09-01 13:37:00,14.21,14.22,14.22,14.21,2435.0,34620.0
2026-09-01 13:38:00,14.24,14.23,14.24,14.23,200.0,2848.0
2026-09-01 13:39:00,14.24,14.22,14.24,14.22,13142.0,186940.0
2026-09-01 13:40:00,14.21,14.21,14.21,14.21,36322.0,516136.0
2026-09-01 13:41:00,14.22,14.23,14.23,14.22,3672.0,52232.0
2026-09-01 13:42:00,14.23,14.22,14.23,14.22,513.0,7300.0
2026-09-01 13:43:00,14.22,14.21,14.22,14.21,8282.0,117740.0
2026-09-01 13:44:00,14.21,14.19,14.21,14.19,3375.0,47916.0
2026-09-01 13:45:00,14.19,14.19,14.19,14.19,1800.0,25540.0
2026-09-01 13:46:00,14.2,14.2,14.2,14.2,1500.0,21300.0
2026-09-01 13:47:00,14.21,14.22,14.22,14.21,4101.0,58288.0
2026-09-01 13:48:00,14.22,14.22,14.22,14.22,5648.0,80312.0
2026-09-01 13:49:00,14.23,14.21,14.23,14.21,13966.0,198712.0
2026-09-01 13:50:00,14.23,14.23,14.23,14.23,3000.0,42684.0
2026-09-01 13:52:00,14.23,14.21,14.23,14.21,6509.0,92508.0
2026-09-01 13:53:00,14.21,14.21,14.21,14.21,1491.0,21184.0
2026-09-01 13:55:00,14.2,14.2,14.21,14.2,5936.0,84292.0
2026-09-01 13:56:00,14.19,14.19,14.19,14.19,3700.0,52504.0
2026-09-01 13:57:00,14.2,14.2,14.2,14.2,4499.0,63884.0
2026-09-01 13:58:00,14.2,14.22,14.22,14.2,9919.0,140976.0
2026-09-01 13:59:00,14.22,14.22,14.22,14.21,3600.0,51176.0
2026-09-01 14:00:00,14.22,14.22,14.22,14.22,100.0,1420.0
2026-09-01 14:01:00,14.22,14.22,14.22,14.21,1384.0,19672.0
2026-09-01 14:02:00,14.22,14.21,14.22,14.21,5902.0,83876.0
2026-09-01 14:03:00,14.21,14.21,14.21,14.21,2630.0,37372.0
2026-09-01 14:04:00,14.21,14.21,14.21,14.2,1305.0,18532.0
2026-09-01 14:05:00,14.2,14.14,14.2,14.14,35365.0,434644.0
2026-09-01 14:06:00,14.14,14.18,14.18,14.13,5764.0,81500.0
2026-09-01 14:07:00,14.18,14.2,14.21,14.18,1953.0,27708.0
2026-09-01 14:08:00,14.18,14.18,14.18,14.18,1007.0,14280.0
2026-09-01 14:09:00,14.18,14.14,14.18,14.14,8408.0,119088.0
2026-09-01 14:10:00,14.15,14.19,14.19,14.15,6448.0,91332.0
2026-09-01 14:11:00,14.19,14.19,14.19,14.19,11216.0,159192.0
2026-09-01 14:12:00,14.16,14.16,14.16,14.16,590.0,8356.0
2026-09-01 14:13:00,14.15,14.15,14.15,14.15,3833.0,54240.0
2026-09-01 14:14:00,14.13,14.1,14.13,14.09,38857.0,548988.0
2026-09-01 14:15:00,14.1,14.1,14.1,14.1,750.0,10576.0
2026-09-01 14:16:00,14.1,14.11,14.11,14.1,4000.0,56432.0
2026-09-01 14:17:00,14.11,14.13,14.13,14.1,17498.0,247076.0
2026-09-01 14:18:00,14.13,14.13,14.13,14.13,100.0,1412.0
2026-09-01 14:19:00,14.13,14.13,14.13,14.13,800.0,11304.0
2026-09-01 14:20:00,14.15,14.12,14.15,14.12,4980.0,70404.0
2026-09-01 14:21:00,14.11,14.1,14.11,14.1,5773.0,81428.0
2026-09-01 14:22:00,14.1,14.1,14.1,14.1,4000.0,56400.0
2026-09-01 14:23:00,14.1,14.1,14.1,14.1,100.0,1408.0
2026-09-01 14:24:00,14.1,14.1,14.1,14.1,6504.0,91708.0
2026-09-01 14:25:00,14.11,14.12,14.12,14.11,12716.0,179476.0
2026-09-01 14:26:00,14.12,14.12,14.12,14.12,41.0,576.0
2026-09-01 14:27:00,14.12,14.11,14.12,14.11,1100.0,15532.0
2026-09-01 14:28:00,14.15,14.11,14.15,14.11,22200.0,313836.0
2026-09-01 14:29:00,14.13,14.13,14.13,14.13,100.0,1416.0
2026-09-01 14:30:00,14.13,14.12,14.13,14.12,23293.0,329068.0
2026-09-01 14:31:00,14.12,14.11,14.12,14.11,13809.0,194876.0
2026-09-01 14:32:00,14.12,14.12,14.12,14.11,9004.0,127124.0
2026-09-01 14:33:00,14.11,14.11,14.12,14.11,8020.0,113184.0
2026-09-01 14:34:00,14.11,14.11,14.11,14.09,2145.0,30228.0
2026-09-01 14:35:00,14.1,14.09,14.1,14.08,13299.0,173228.0
2026-09-01 14:36:00,14.08,14.08,14.09,14.08,10925.0,153892.0
2026-09-01 14:37:00,14.09,14.09,14.09,14.08,15138.0,213284.0
2026-09-01 14:38:00,14.09,14.09,14.09,14.09,13917.0,196092.0
2026-09-01 14:39:00,14.08,14.09,14.09,14.08,9359.0,131828.0
2026-09-01 14:40:00,14.08,14.08,14.08,14.08,17573.0,247428.0
2026-09-01 14:41:00,14.08,14.09,14.09,14.08,6800.0,95744.0
2026-09-01 14:42:00,14.08,14.08,14.08,14.08,5306.0,74712.0
2026-09-01 14:43:00,14.08,14.08,14.08,14.08,1000.0,14080.0
2026-09-01 14:44:00,14.09,14.11,14.11,14.09,45842.0,646260.0
2026-09-01 14:45:00,14.11,14.11,14.11,14.09,10213.0,143988.0
2026-09-01 14:46:00,14.11,14.12,14.12,14.11,17678.0,249480.0
2026-09-01 14:47:00,14.12,14.11,14.12,14.11,3351.0,47312.0
2026-09-01 14:48:00,14.11,14.12,14.12,14.11,11856.0,167288.0
2026-09-01 14:49:00,14.11,14.1,14.11,14.1,43517.0,614104.0
2026-09-01 14:50:00,14.1,14.1,14.1,14.1,1975.0,27848.0
2026-09-01 14:51:00,14.1,14.09,14.1,14.09,10105.0,142460.0
2026-09-01 14:52:00,14.1,14.09,14.1,14.09,25569.0,360376.0
2026-09-01 14:53:00,14.09,14.08,14.09,14.08,14353.0,202172.0
2026-09-01 14:54:00,14.09,14.07,14.09,14.07,18973.0,267076.0
2026-09-01 14:55:00,14.07,14.08,14.13,14.07,78549.0,1070096.0
2026-09-01 14:56:00,14.08,14.08,14.12,14.08,20327.0,286332.0
2026-09-01 14:57:00,14.09,14.09,14.1,14.08,40440.0,569672.0
2026-09-01 14:58:00,14.1,14.1,14.1,14.1,8100.0,114128.0
2026-09-01 15:00:00,14.1,14.1,14.1,14.1,57385.0,809128.0
2026-09-02 09:31:00,14.05,13.96,14.05,13.96,88933.0,1246492.0
2026-09-02 09:32:00,13.97,14.08,14.09,13.97,38178.0,535709.0
2026-09-02 09:33:00,14.08,14.26,14.26,14.08,125459.0,1778774.0
2026-09-02 09:34:00,14.25,14.19,14.25,14.19,102047.0,1451816.0
2026-09-02 09:35:00,14.22,14.33,14.34,14.19,128710.0,1835497.0
2026-09-02 09:36:00,14.33,14.3,14.33,14.27,68740.0,982745.0
2026-09-02 09:37:00,14.28,14.27,14.28,14.2,81779.0,1166819.0
2026-09-02 09:38:00,14.24,14.23,14.27,14.22,25943.0,369586.0
2026-09-02 09:39:00,14.22,14.16,14.25,14.16,54276.0,770694.0
2026-09-02 09:40:00,14.16,14.18,14.19,14.08,132081.0,1860590.0
2026-09-02 09:41:00,14.18,14.14,14.18,14.1,46447.0,657983.0
2026-09-02 09:42:00,14.16,14.14,14.16,14.14,17991.0,254547.0
2026-09-02 09:43:00,14.14,14.11,14.14,14.11,18544.0,261935.0
2026-09-02 09:44:00,14.11,14.15,14.16,14.1,16646.0,234927.0
2026-09-02 09:45:00,14.16,14.12,14.16,14.11,9741.0,137633.0
2026-09-02 09:46:00,14.15,14.15,14.15,14.12,4559.0,64403.0
2026-09-02 09:47:00,14.15,14.13,14.15,14.13,4836.0,68399.0
2026-09-02 09:48:00,14.12,14.11,14.12,14.11,12732.0,179688.0
2026-09-02 09:49:00,14.11,14.1,14.11,14.1,14995.0,211492.0
2026-09-02 09:50:00,14.09,14.08,14.09,14.08,35188.0,362083.0
2026-09-02 09:51:00,14.08,14.1,14.1,14.08,17316.0,243966.0
2026-09-02 09:52:00,14.1,14.19,14.19,14.09,60737.0,856904.0
2026-09-02 09:53:00,14.18,14.17,14.18,14.17,3536.0,50125.0
2026-09-02 09:54:00,14.17,14.14,14.19,14.14,26659.0,377787.0
2026-09-02 09:55:00,14.18,14.22,14.22,14.14,11619.0,164596.0
2026-09-02 09:56:00,14.22,14.24,14.24,14.22,20731.0,295123.0
2026-09-02 09:57:00,14.22,14.28,14.28,14.2,83498.0,1190239.0
2026-09-02 09:58:00,14.28,14.25,14.29,14.25,34063.0,486012.0
2026-09-02 09:59:00,14.25,14.26,14.28,14.25,33463.0,477374.0
2026-09-02 10:00:00,14.27,14.26,14.28,14.25,74227.0,830878.0
2026-09-02 10:01:00,14.27,14.27,14.27,14.25,35510.0,506412.0
2026-09-02 10:02:00,14.26,14.25,14.27,14.25,40238.0,573648.0
2026-09-02 10:03:00,14.25,14.29,14.29,14.23,68342.0,974658.0
2026-09-02 10:04:00,14.31,14.47,14.48,14.31,276007.0,3970072.0
2026-09-02 10:05:00,14.43,14.44,14.47,14.41,138073.0,1994978.0
2026-09-02 10:06:00,14.42,14.41,14.43,14.41,52774.0,760812.0
2026-09-02 10:07:00,14.44,14.52,14.55,14.41,273574.0,3959562.0
2026-09-02 10:08:00,14.5,14.49,14.54,14.49,101457.0,1473002.0
2026-09-02 10:09:00,14.49,14.48,14.49,14.46,40339.0,584056.0
2026-09-02 10:10:00,14.46,14.45,14.48,14.45,46801.0,676836.0
2026-09-02 10:11:00,14.45,14.42,14.45,14.42,15327.0,221096.0
2026-09-02 10:12:00,14.41,14.31,14.41,14.31,66142.0,951636.0
2026-09-02 10:13:00,14.34,14.42,14.42,14.32,85186.0,1221636.0
2026-09-02 10:14:00,14.43,14.43,14.45,14.4,43310.0,624884.0
2026-09-02 10:15:00,14.44,14.44,14.45,14.43,25091.0,362100.0
2026-09-02 10:16:00,14.44,14.44,14.45,14.43,16693.0,240964.0
2026-09-02 10:17:00,14.45,14.48,14.48,14.44,62215.0,898944.0
2026-09-02 10:18:00,14.48,14.45,14.48,14.45,42907.0,620628.0
2026-09-02 10:19:00,14.46,14.44,14.46,14.44,17068.0,246520.0
2026-09-02 10:20:00,14.43,14.42,14.44,14.42,26901.0,336700.0
2026-09-02 10:21:00,14.41,14.41,14.42,14.4,11646.0,167872.0
2026-09-02 10:22:00,14.41,14.41,14.43,14.41,28045.0,404496.0
2026-09-02 10:23:00,14.43,14.45,14.45,14.42,17492.0,252444.0
2026-09-02 10:24:00,14.45,14.49,14.49,14.45,48808.0,706376.0
2026-09-02 10:25:00,14.49,14.54,14.54,14.49,106771.0,1550268.0
2026-09-02 10:26:00,14.53,14.56,14.56,14.51,61284.0,891168.0
2026-09-02 10:27:00,14.56,14.54,14.56,14.53,64091.0,932584.0
2026-09-02 10:28:00,14.55,14.53,14.56,14.53,54937.0,799084.0
2026-09-02 10:29:00,14.53,14.54,14.54,14.48,38082.0,552700.0
2026-09-02 10:30:00,14.52,14.54,14.55,14.52,34610.0,484112.0
2026-09-02 10:31:00,14.53,14.54,14.54,14.51,20656.0,300056.0
2026-09-02 10:32:00,14.51,14.52,14.54,14.51,6795.0,98708.0
2026-09-02 10:33:00,14.53,14.52,14.54,14.52,34862.0,506444.0
2026-09-02 10:34:00,14.53,14.51,14.53,14.51,11721.0,170200.0
2026-09-02 10:35:00,14.52,14.52,14.53,14.51,31007.0,450116.0
2026-09-02 10:36:00,14.51,14.52,14.53,14.51,17043.0,247392.0
2026-09-02 10:37:00,14.52,14.5,14.52,14.5,16556.0,240172.0
2026-09-02 10:38:00,14.51,14.51,14.52,14.5,25768.0,373828.0
2026-09-02 10:39:00,14.51,14.55,14.55,14.51,88584.0,1287604.0
2026-09-02 10:40:00,14.53,14.55,14.55,14.53,46388.0,674928.0
2026-09-02 10:41:00,14.55,14.58,14.58,14.55,92194.0,1343300.0
2026-09-02 10:42:00,14.58,14.73,14.75,14.58,171902.0,2517924.0
2026-09-02 10:43:00,14.73,14.73,14.73,14.69,73761.0,1085776.0
2026-09-02 10:44:00,14.74,14.74,14.75,14.73,161118.0,2375024.0
2026-09-02 10:45:00,14.75,14.77,14.8,14.74,126963.0,1875096.0
2026-09-02 10:46:00,14.77,14.78,14.8,14.74,56888.0,840288.0
2026-09-02 10:47:00,14.77,14.74,14.77,14.74,31251.0,461320.0
2026-09-02 10:48:00,14.74,14.74,14.76,14.74,73389.0,1082320.0
2026-09-02 10:49:00,14.75,14.89,14.9,14.75,162013.0,2399604.0
2026-09-02 10:50:00,14.92,14.96,14.97,14.9,238838.0,3574028.0
2026-09-02 10:51:00,14.98,14.91,14.99,14.9,97995.0,1466424.0
2026-09-02 10:52:00,14.91,14.91,14.91,14.87,61175.0,910544.0
2026-09-02 10:53:00,14.85,14.85,14.88,14.85,49845.0,740928.0
2026-09-02 10:54:00,14.84,14.82,14.84,14.82,47661.0,706744.0
2026-09-02 10:55:00,14.83,14.81,14.83,14.8,81523.0,1206904.0
2026-09-02 10:56:00,14.81,14.82,14.83,14.81,53803.0,797280.0
2026-09-02 10:57:00,14.83,14.8,14.83,14.8,14347.0,212664.0
2026-09-02 10:58:00,14.8,14.82,14.82,14.8,46867.0,693912.0
2026-09-02 10:59:00,14.8,14.75,14.8,14.75,33228.0,491664.0
2026-09-02 11:00:00,14.77,14.75,14.77,14.74,24533.0,330912.0
2026-09-02 11:01:00,14.75,14.75,14.76,14.75,20482.0,302016.0
2026-09-02 11:02:00,14.75,14.75,14.76,14.75,12838.0,189440.0
2026-09-02 11:03:00,14.75,14.79,14.79,14.75,25174.0,371560.0
2026-09-02 11:04:00,14.8,14.8,14.8,14.8,6195.0,91672.0
2026-09-02 11:05:00,14.8,14.77,14.8,14.76,9462.0,139912.0
2026-09-02 11:06:00,14.76,14.77,14.77,14.76,5928.0,87560.0
2026-09-02 11:07:00,14.79,14.79,14.79,14.77,8405.0,124272.0
2026-09-02 11:08:00,14.78,14.78,14.79,14.78,9571.0,141464.0
2026-09-02 11:09:00,14.77,14.79,14.79,14.77,15190.0,224496.0
2026-09-02 11:10:00,14.79,14.8,14.8,14.79,4995.0,73872.0
2026-09-02 11:11:00,14.79,14.8,14.8,14.79,11665.0,172584.0
2026-09-02 11:12:00,14.8,14.8,14.81,14.8,21639.0,320272.0
2026-09-02 11:13:00,14.82,14.87,14.87,14.82,29778.0,441976.0
2026-09-02 11:14:00,14.87,14.88,14.88,14.86,11102.0,165088.0
2026-09-02 11:15:00,14.88,14.89,14.91,14.88,39307.0,585840.0
2026-09-02 11:16:00,14.89,14.93,14.93,14.89,21303.0,317576.0
2026-09-02 11:17:00,14.9,14.91,14.96,14.9,83683.0,1250352.0
2026-09-02 11:18:00,14.91,14.93,14.93,14.9,16525.0,246496.0
2026-09-02 11:19:00,14.93,14.94,14.94,14.93,32057.0,478816.0
2026-09-02 11:20:00,14.94,14.96,14.96,14.94,32265.0,479296.0
2026-09-02 11:21:00,14.95,14.92,14.95,14.92,25113.0,375104.0
2026-09-02 11:22:00,14.91,14.87,14.91,14.86,20694.0,308128.0
2026-09-02 11:23:00,14.86,14.85,14.86,14.85,8969.0,133296.0
2026-09-02 11:24:00,14.83,14.83,14.83,14.82,21699.0,321808.0
2026-09-02 11:25:00,14.89,14.89,14.89,14.86,5101.0,75928.0
2026-09-02 11:26:00,14.86,14.85,14.9,14.85,7869.0,117000.0
2026-09-02 11:27:00,14.89,14.85,14.89,14.84,31046.0,461544.0
2026-09-02 11:28:00,14.85,14.84,14.89,14.84,16419.0,243848.0
2026-09-02 11:29:00,14.84,14.83,14.84,14.83,9290.0,137792.0
2026-09-02 11:30:00,14.83,14.84,14.84,14.83,3195.0,47416.0
2026-09-02 13:01:00,14.86,14.88,14.93,14.86,31921.0,475360.0
2026-09-02 13:02:00,14.86,14.9,14.9,14.86,8930.0,132928.0
2026-09-02 13:03:00,14.92,14.89,14.92,14.89,6207.0,92504.0
2026-09-02 13:04:00,14.89,14.8,14.89,14.8,37467.0,555824.0
2026-09-02 13:05:00,14.86,14.85,14.86,14.85,13000.0,193112.0
2026-09-02 13:06:00,14.85,14.8,14.86,14.8,26525.0,393424.0
2026-09-02 13:07:00,14.8,14.78,14.8,14.78,8059.0,119152.0
2026-09-02 13:08:00,14.78,14.73,14.78,14.73,33427.0,493384.0
2026-09-02 13:09:00,14.72,14.72,14.72,14.7,27722.0,407776.0
2026-09-02 13:10:00,14.73,14.72,14.76,14.72,18872.0,275880.0
2026-09-02 13:11:00,14.72,14.72,14.72,14.72,1315.0,19360.0
2026-09-02 13:12:00,14.72,14.68,14.72,14.68,29263.0,430096.0
2026-09-02 13:13:00,14.68,14.65,14.68,14.65,20224.0,296376.0
2026-09-02 13:14:00,14.63,14.66,14.66,14.62,35062.0,513208.0
2026-09-02 13:15:00,14.66,14.64,14.66,14.64,3321.0,48656.0
2026-09-02 13:16:00,14.64,14.66,14.66,14.64,6370.0,93368.0
2026-09-02 13:17:00,14.68,14.76,14.76,14.68,8347.0,122976.0
2026-09-02 13:18:00,14.71,14.69,14.74,14.69,6763.0,99424.0
2026-09-02 13:19:00,14.69,14.68,14.69,14.68,2978.0,43736.0
2026-09-02 13:20:00,14.63,14.63,14.63,14.63,13279.0,194504.0
2026-09-02 13:21:00,14.63,14.62,14.63,14.62,2255.0,32976.0
2026-09-02 13:22:00,14.62,14.64,14.64,14.62,6938.0,101480.0
2026-09-02 13:23:00,14.68,14.68,14.68,14.68,600.0,8808.0
2026-09-02 13:24:00,14.69,14.72,14.72,14.69,15513.0,228048.0
2026-09-02 13:25:00,14.71,14.65,14.71,14.65,21656.0,318120.0
2026-09-02 13:26:00,14.64,14.68,14.68,14.64,9603.0,140912.0
2026-09-02 13:27:00,14.67,14.71,14.72,14.67,23232.0,341128.0
2026-09-02 13:28:00,14.72,14.72,14.72,14.71,23747.0,349728.0
2026-09-02 13:29:00,14.71,14.7,14.71,14.7,13707.0,201552.0
2026-09-02 13:30:00,14.69,14.69,14.69,14.69,5946.0,78552.0
2026-09-02 13:31:00,14.69,14.66,14.69,14.66,13201.0,193872.0
2026-09-02 13:32:00,14.64,14.64,14.65,14.64,8523.0,124800.0
2026-09-02 13:33:00,14.64,14.63,14.64,14.63,17202.0,251840.0
2026-09-02 13:34:00,14.64,14.64,14.64,14.64,10968.0,160592.0
2026-09-02 13:35:00,14.64,14.64,14.64,14.64,6755.0,98896.0
2026-09-02 13:36:00,14.7,14.72,14.72,14.7,33879.0,498056.0
2026-09-02 13:37:00,14.71,14.7,14.71,14.7,5878.0,86432.0
2026-09-02 13:38:00,14.62,14.62,14.62,14.62,15448.0,226016.0
2026-09-02 13:39:00,14.62,14.61,14.62,14.61,10152.0,148352.0
2026-09-02 13:40:00,14.62,14.64,14.64,14.62,3900.0,57072.0
2026-09-02 13:41:00,14.65,14.65,14.65,14.65,1000.0,14656.0
2026-09-02 13:42:00,14.64,14.64,14.64,14.64,6902.0,101040.0
2026-09-02 13:43:00,14.65,14.65,14.65,14.65,237.0,3472.0
2026-09-02 13:44:00,14.65,14.64,14.65,14.64,2436.0,35672.0
2026-09-02 13:45:00,14.64,14.64,14.65,14.64,1500.0,21960.0
2026-09-02 13:46:00,14.65,14.63,14.65,14.63,2401.0,35152.0
2026-09-02 13:47:00,14.64,14.63,14.64,14.63,4125.0,60360.0
2026-09-02 13:48:00,14.64,14.62,14.65,14.62,18315.0,267952.0
2026-09-02 13:49:00,14.65,14.68,14.68,14.63,6899.0,101048.0
2026-09-02 13:50:00,14.72,14.72,14.72,14.72,110000.0,882752.0
2026-09-02 13:51:00,14.67,14.66,14.67,14.66,9400.0,137936.0
2026-09-02 13:52:00,14.66,14.72,14.72,14.66,3150.0,46224.0
2026-09-02 13:53:00,14.7,14.72,14.72,14.7,1978.0,29088.0
2026-09-02 13:54:00,14.73,14.73,14.73,14.72,34750.0,511744.0
2026-09-02 13:55:00,14.72,14.7,14.72,14.7,4763.0,70064.0
2026-09-02 13:56:00,14.7,14.7,14.7,14.7,6922.0,101760.0
2026-09-02 13:57:00,14.72,14.73,14.73,14.72,12924.0,190264.0
2026-09-02 13:58:00,14.73,14.73,14.73,14.72,3800.0,55968.0
2026-09-02 13:59:00,14.73,14.73,14.73,14.73,3933.0,57928.0
2026-09-02 14:00:00,14.73,14.75,14.75,14.73,6851.0,89560.0
2026-09-02 14:01:00,14.77,14.72,14.77,14.72,39272.0,578648.0
2026-09-02 14:02:00,14.71,14.72,14.72,14.69,31271.0,460272.0
2026-09-02 14:03:00,14.72,14.7,14.72,14.7,7514.0,110520.0
2026-09-02 14:04:00,14.7,14.75,14.75,14.7,11116.0,163512.0
2026-09-02 14:05:00,14.74,14.76,14.76,14.74,29770.0,439224.0
2026-09-02 14:06:00,14.71,14.78,14.78,14.71,42200.0,623144.0
2026-09-02 14:07:00,14.7,14.72,14.8,14.7,34946.0,516120.0
2026-09-02 14:08:00,14.72,14.72,14.72,14.72,2100.0,30912.0
2026-09-02 14:09:00,14.72,14.69,14.76,14.69,8145.0,119832.0
2026-09-02 14:10:00,14.72,14.69,14.72,14.69,25140.0,369360.0
2026-09-02 14:11:00,14.69,14.68,14.69,14.68,1737.0,25512.0
2026-09-02 14:12:00,14.68,14.68,14.68,14.68,1448.0,21256.0
2026-09-02 14:13:00,14.64,14.64,14.64,14.64,500.0,7320.0
2026-09-02 14:14:00,14.69,14.69,14.69,14.69,15000.0,220224.0
2026-09-02 14:15:00,14.65,14.66,14.66,14.65,33522.0,491096.0
2026-09-02 14:16:00,14.64,14.63,14.64,14.62,30250.0,442688.0
2026-09-02 14:17:00,14.63,14.62,14.63,14.61,14120.0,206400.0
2026-09-02 14:18:00,14.62,14.6,14.62,14.6,16380.0,239424.0
2026-09-02 14:19:00,14.61,14.63,14.63,14.6,16808.0,245552.0
2026-09-02 14:20:00,14.63,14.61,14.65,14.61,28356.0,414984.0
2026-09-02 14:21:00,14.63,14.63,14.63,14.63,28200.0,412584.0
2026-09-02 14:22:00,14.61,14.63,14.63,14.61,9957.0,145616.0
2026-09-02 14:23:00,14.67,14.67,14.67,14.64,5524.0,80992.0
2026-09-02 14:25:00,14.65,14.64,14.65,14.64,2535.0,37120.0
2026-09-02 14:26:00,14.65,14.62,14.65,14.62,17804.0,260472.0
2026-09-02 14:27:00,14.61,14.61,14.61,14.61,1100.0,16072.0
2026-09-02 14:28:00,14.61,14.61,14.61,14.61,1110.0,16224.0
2026-09-02 14:29:00,14.61,14.61,14.61,14.61,2998.0,43800.0
2026-09-02 14:30:00,14.63,14.63,14.63,14.63,6050.0,88504.0
2026-09-02 14:31:00,14.64,14.64,14.64,14.64,737.0,10792.0
2026-09-02 14:32:00,14.64,14.63,14.64,14.63,2362.0,34560.0
2026-09-02 14:33:00,14.65,14.65,14.65,14.65,17016.0,249272.0
2026-09-02 14:34:00,14.61,14.67,14.67,14.61,20780.0,304256.0
2026-09-02 14:35:00,14.66,14.7,14.7,14.66,7053.0,103520.0
2026-09-02 14:36:00,14.7,14.76,14.76,14.7,47666.0,702464.0
2026-09-02 14:37:00,14.76,14.74,14.78,14.74,22765.0,336304.0
2026-09-02 14:38:00,14.76,14.74,14.77,14.7,17529.0,258672.0
2026-09-02 14:39:00,14.72,14.7,14.72,14.7,5095.0,74904.0
2026-09-02 14:40:00,14.7,14.68,14.7,14.68,11855.0,162440.0
2026-09-02 14:41:00,14.68,14.69,14.69,14.68,4238.0,62232.0
2026-09-02 14:42:00,14.7,14.69,14.7,14.69,15708.0,230792.0
2026-09-02 14:43:00,14.69,14.68,14.69,14.68,20903.0,306880.0
2026-09-02 14:44:00,14.67,14.66,14.67,14.66,20369.0,298632.0
2026-09-02 14:45:00,14.66,14.66,14.68,14.66,24205.0,354952.0
2026-09-02 14:46:00,14.67,14.67,14.67,14.66,2087.0,30608.0
2026-09-02 14:47:00,14.67,14.68,14.68,14.67,13508.0,198256.0
2026-09-02 14:48:00,14.68,14.67,14.68,14.67,16431.0,241080.0
2026-09-02 14:49:00,14.67,14.64,14.67,14.64,68801.0,1008616.0
2026-09-02 14:50:00,14.62,14.62,14.62,14.61,34238.0,435800.0
2026-09-02 14:51:00,14.63,14.62,14.63,14.62,43998.0,643608.0
2026-09-02 14:52:00,14.62,14.64,14.65,14.62,22570.0,330144.0
2026-09-02 14:53:00,14.63,14.65,14.65,14.63,42894.0,628056.0
2026-09-02 14:54:00,14.64,14.65,14.65,14.64,56032.0,820520.0
2026-09-02 14:55:00,14.65,14.65,14.66,14.65,52713.0,772640.0
2026-09-02 14:56:00,14.65,14.66,14.66,14.65,80298.0,1176760.0
2026-09-02 14:57:00,14.65,14.59,14.65,14.58,71221.0,1040464.0
2026-09-02 15:00:00,14.59,14.53,14.59,14.53,103572.0,1504896.0
2026-09-03 09:31:00,14.4,14.26,14.4,14.25,178671.0,2559628.0
2026-09-03 09:32:00,14.28,14.3,14.33,14.28,39237.0,561292.0
2026-09-03 09:33:00,14.29,14.36,14.36,14.29,79391.0,1137470.0
2026-09-03 09:34:00,14.36,14.31,14.39,14.3,87921.0,1261372.0
2026-09-03 09:35:00,14.31,14.27,14.32,14.27,54950.0,785671.0
2026-09-03 09:36:00,14.25,14.2,14.28,14.2,117572.0,1673649.0
2026-09-03 09:37:00,14.2,14.12,14.2,14.11,128763.0,1822752.0
2026-09-03 09:38:00,14.16,14.16,14.18,14.11,47015.0,665006.0
2026-09-03 09:39:00,14.16,14.14,14.17,14.12,57437.0,812273.0
2026-09-03 09:40:00,14.14,14.15,14.15,14.13,64228.0,907623.0
2026-09-03 09:41:00,14.14,14.16,14.16,14.14,22902.0,324021.0
2026-09-03 09:42:00,14.15,14.08,14.16,14.07,146079.0,2061204.0
2026-09-03 09:43:00,14.06,14.02,14.06,14.0,251626.0,3528211.0
2026-09-03 09:44:00,14.02,14.0,14.05,14.0,100966.0,1414906.0
2026-09-03 09:45:00,14.0,14.0,14.0,13.97,65998.0,922832.0
2026-09-03 09:46:00,14.0,14.0,14.0,13.97,65805.0,920382.0
2026-09-03 09:47:00,14.0,14.07,14.07,14.0,47800.0,670180.0
2026-09-03 09:48:00,14.08,14.03,14.09,14.03,25839.0,363300.0
2026-09-03 09:49:00,14.06,14.09,14.09,14.06,4463.0,62880.0
2026-09-03 09:50:00,14.07,14.05,14.07,14.01,34398.0,482612.0
2026-09-03 09:51:00,14.05,14.03,14.05,14.02,46810.0,656724.0
2026-09-03 09:52:00,14.05,14.04,14.05,14.03,13750.0,192956.0
2026-09-03 09:53:00,14.05,14.1,14.1,14.05,6583.0,92740.0
2026-09-03 09:54:00,14.09,14.13,14.14,14.09,17019.0,240220.0
2026-09-03 09:55:00,14.13,14.09,14.13,14.09,54964.0,776484.0
2026-09-03 09:56:00,14.11,14.11,14.11,14.11,800.0,11288.0
2026-09-03 09:57:00,14.12,14.1,14.12,14.1,11232.0,158444.0
2026-09-03 09:58:00,14.09,14.09,14.1,14.09,7437.0,104790.0
2026-09-03 09:59:00,14.08,14.06,14.08,14.05,42069.0,591558.0
2026-09-03 10:00:00,14.06,14.07,14.07,14.06,6397.0,89968.0
2026-09-03 10:01:00,14.07,14.07,14.07,14.06,15340.0,215814.0
2026-09-03 10:02:00,14.08,14.1,14.11,14.08,3207.0,45234.0
2026-09-03 10:03:00,14.1,14.06,14.11,14.06,73878.0,1039556.0
2026-09-03 10:04:00,14.05,14.08,14.08,14.05,9069.0,127442.0
2026-09-03 10:05:00,14.08,14.09,14.09,14.08,1982.0,27918.0
2026-09-03 10:06:00,14.08,14.06,14.08,14.06,2780.0,39140.0
2026-09-03 10:07:00,14.1,14.3,14.36,14.1,99566.0,1416846.0
2026-09-03 10:08:00,14.3,14.21,14.3,14.21,63313.0,905202.0
2026-09-03 10:09:00,14.23,14.33,14.33,14.21,62061.0,875290.0
2026-09-03 10:10:00,14.33,14.31,14.34,14.31,50192.0,718614.0
2026-09-03 10:11:00,14.3,14.23,14.3,14.23,17956.0,256416.0
2026-09-03 10:12:00,14.22,14.21,14.22,14.21,9295.0,132094.0
2026-09-03 10:13:00,14.2,14.2,14.2,14.2,2000.0,28400.0
2026-09-03 10:14:00,14.2,14.1,14.2,14.1,16745.0,237242.0
2026-09-03 10:15:00,14.1,14.1,14.1,14.1,157.0,2216.0
2026-09-03 10:16:00,14.12,14.2,14.2,14.12,1069.0,15172.0
2026-09-03 10:17:00,14.14,14.15,14.2,14.14,2400.0,33982.0
2026-09-03 10:18:00,14.15,14.13,14.15,14.13,3864.0,54646.0
2026-09-03 10:19:00,14.12,14.12,14.13,14.11,16439.0,140798.0
2026-09-03 10:20:00,14.12,14.12,14.12,14.11,13544.0,191152.0
2026-09-03 10:21:00,14.11,14.15,14.15,14.11,4931.0,69702.0
2026-09-03 10:22:00,14.15,14.19,14.2,14.13,8447.0,119772.0
2026-09-03 10:23:00,14.19,14.16,14.19,14.16,11419.0,161928.0
2026-09-03 10:24:00,14.16,14.16,14.16,14.16,4370.0,61880.0
2026-09-03 10:25:00,14.15,14.12,14.15,14.12,9321.0,131772.0
2026-09-03 10:26:00,14.12,14.11,14.12,14.11,728.0,10278.0
2026-09-03 10:27:00,14.11,14.11,14.11,14.1,1896.0,26750.0
2026-09-03 10:28:00,14.11,14.1,14.11,14.09,17771.0,250600.0
2026-09-03 10:29:00,14.07,14.1,14.11,14.07,3940.0,55502.0
2026-09-03 10:30:00,14.07,14.07,14.07,14.06,9161.0,128874.0
2026-09-03 10:31:00,14.07,14.07,14.07,14.07,6724.0,94600.0
2026-09-03 10:32:00,14.07,14.06,14.08,14.06,19296.0,271528.0
2026-09-03 10:33:00,14.07,14.07,14.07,14.06,31008.0,435988.0
2026-09-03 10:34:00,14.07,14.07,14.07,14.06,41634.0,585676.0
2026-09-03 10:35:00,14.07,14.07,14.07,14.07,6457.0,90820.0
2026-09-03 10:36:00,14.07,14.08,14.08,14.07,4479.0,63036.0
2026-09-03 10:37:00,14.08,14.12,14.12,14.08,6887.0,96996.0
2026-09-03 10:38:00,14.08,14.07,14.08,14.07,23108.0,325232.0
2026-09-03 10:39:00,14.06,14.04,14.07,14.04,56517.0,613964.0
2026-09-03 10:40:00,14.04,14.04,14.04,14.03,18440.0,258848.0
2026-09-03 10:41:00,14.04,14.06,14.06,14.04,1300.0,18272.0
2026-09-03 10:42:00,14.06,14.09,14.09,14.06,1384.0,19476.0
2026-09-03 10:43:00,14.08,14.07,14.08,14.07,3965.0,55808.0
2026-09-03 10:44:00,14.07,14.07,14.07,14.07,1080.0,15196.0
2026-09-03 10:45:00,14.07,14.08,14.08,14.07,3417.0,48100.0
2026-09-03 10:46:00,14.08,14.09,14.09,14.08,3107.0,43764.0
2026-09-03 10:47:00,14.08,14.08,14.09,14.07,12223.0,172088.0
2026-09-03 10:48:00,14.08,14.08,14.08,14.08,1041.0,14656.0
2026-09-03 10:49:00,14.08,14.08,14.08,14.08,1331.0,18740.0
2026-09-03 10:50:00,14.08,14.09,14.09,14.08,1900.0,26760.0
2026-09-03 10:51:00,14.08,14.09,14.09,14.08,9113.0,128376.0
2026-09-03 10:52:00,14.09,14.07,14.09,14.07,21359.0,300820.0
2026-09-03 10:53:00,14.06,14.04,14.06,14.04,26009.0,365408.0
2026-09-03 10:54:00,14.04,13.99,14.04,13.99,158254.0,2216396.0
2026-09-03 10:55:00,13.99,14.0,14.0,13.98,1993.0,27880.0
2026-09-03 10:56:00,14.0,14.02,14.02,14.0,17449.0,244496.0
2026-09-03 10:57:00,14.03,14.03,14.03,14.02,9713.0,136272.0
2026-09-03 10:58:00,14.03,14.01,14.03,14.01,34889.0,488852.0
2026-09-03 10:59:00,14.0,13.98,14.0,13.98,18295.0,256020.0
2026-09-03 11:00:00,13.99,13.94,13.99,13.94,95895.0,1339660.0
2026-09-03 11:01:00,13.94,13.99,13.99,13.94,5028.0,70124.0
2026-09-03 11:02:00,13.98,13.97,13.99,13.97,24410.0,341244.0
2026-09-03 11:03:00,13.96,13.97,13.97,13.96,23854.0,333004.0
2026-09-03 11:04:00,13.96,13.97,13.97,13.96,14386.0,200864.0
2026-09-03 11:05:00,13.97,13.97,13.97,13.96,20436.0,285440.0
2026-09-03 11:06:00,14.01,14.0,14.01,14.0,4500.0,63004.0
2026-09-03 11:07:00,14.0,14.01,14.01,14.0,2900.0,40620.0
2026-09-03 11:08:00,14.02,14.03,14.03,14.02,5367.0,75248.0
2026-09-03 11:09:00,14.03,14.03,14.03,14.03,5359.0,75224.0
2026-09-03 11:10:00,14.04,14.04,14.04,14.04,2643.0,37108.0
2026-09-03 11:11:00,14.04,14.03,14.04,14.03,2404.0,33728.0
2026-09-03 11:12:00,14.03,14.03,14.03,14.03,1337.0,18760.0
2026-09-03 11:13:00,14.03,14.01,14.03,14.01,10321.0,144712.0
2026-09-03 11:14:00,14.0,14.0,14.0,14.0,11500.0,161000.0
2026-09-03 11:15:00,14.0,14.01,14.01,14.0,907.0,12700.0
2026-09-03 11:16:00,14.0,14.01,14.01,14.0,7825.0,109604.0
2026-09-03 11:17:00,14.0,14.01,14.02,14.0,5900.0,82652.0
2026-09-03 11:18:00,14.0,14.02,14.03,14.0,7831.0,109720.0
2026-09-03 11:19:00,14.02,14.03,14.03,14.02,1509.0,21168.0
2026-09-03 11:20:00,14.03,14.04,14.04,14.03,4740.0,66540.0
2026-09-03 11:21:00,14.04,14.05,14.05,14.04,500.0,7020.0
2026-09-03 11:22:00,14.05,14.05,14.06,14.05,2735.0,38432.0
2026-09-03 11:23:00,14.06,14.06,14.06,14.06,2200.0,30932.0
2026-09-03 11:24:00,14.05,14.06,14.06,14.05,2605.0,36604.0
2026-09-03 11:26:00,14.04,14.04,14.04,14.04,1225.0,17200.0
2026-09-03 11:27:00,14.04,14.02,14.04,14.02,10953.0,153748.0
2026-09-03 11:28:00,14.03,13.99,14.03,13.99,19105.0,267628.0
2026-09-03 11:29:00,13.99,13.99,13.99,13.99,11256.0,157492.0
2026-09-03 11:30:00,14.0,14.0,14.0,14.0,30903.0,432640.0
2026-09-03 13:01:00,14.08,14.08,14.08,14.08,6205.0,87188.0
2026-09-03 13:02:00,14.03,14.02,14.03,14.02,2420.0,33936.0
2026-09-03 13:03:00,14.03,14.03,14.03,14.02,8016.0,112396.0
2026-09-03 13:04:00,14.01,14.01,14.01,14.01,6830.0,95736.0
2026-09-03 13:06:00,14.01,14.01,14.01,14.01,5423.0,75976.0
2026-09-03 13:07:00,14.02,14.01,14.02,14.01,13842.0,193996.0
2026-09-03 13:08:00,14.02,14.02,14.02,14.02,14270.0,200056.0
2026-09-03 13:09:00,14.0,14.0,14.0,14.0,878.0,12292.0
2026-09-03 13:10:00,14.01,14.01,14.01,14.0,4499.0,63000.0
2026-09-03 13:11:00,14.01,14.01,14.02,14.01,5454.0,76436.0
2026-09-03 13:12:00,14.01,14.01,14.01,14.01,1611.0,22572.0
2026-09-03 13:13:00,14.0,14.0,14.0,14.0,17153.0,240140.0
2026-09-03 13:14:00,14.0,14.0,14.0,14.0,1700.0,23800.0
2026-09-03 13:15:00,14.01,14.0,14.01,14.0,4247.0,59460.0
2026-09-03 13:16:00,14.01,13.99,14.01,13.99,5100.0,71368.0
2026-09-03 13:17:00,13.99,13.99,14.0,13.99,15059.0,210676.0
2026-09-03 13:18:00,13.99,13.99,13.99,13.98,18983.0,265452.0
2026-09-03 13:19:00,13.98,14.0,14.0,13.98,7132.0,99744.0
2026-09-03 13:20:00,13.98,13.99,14.0,13.98,3913.0,54756.0
2026-09-03 13:21:00,13.99,13.99,13.99,13.99,1174.0,16424.0
2026-09-03 13:22:00,13.98,13.99,13.99,13.98,4677.0,65432.0
2026-09-03 13:23:00,13.99,13.98,13.99,13.98,17260.0,241340.0
2026-09-03 13:24:00,13.97,13.96,13.97,13.96,21656.0,302484.0
2026-09-03 13:25:00,13.96,13.96,13.97,13.95,12563.0,175384.0
2026-09-03 13:26:00,13.95,13.96,13.96,13.95,9079.0,126736.0
2026-09-03 13:27:00,13.96,13.94,13.96,13.94,23869.0,332956.0
2026-09-03 13:28:00,13.94,13.94,13.94,13.94,25775.0,359304.0
2026-09-03 13:29:00,13.94,13.93,13.94,13.92,35580.0,451052.0
2026-09-03 13:30:00,13.93,13.93,13.94,13.93,5493.0,76548.0
2026-09-03 13:31:00,13.94,13.93,13.94,13.93,12262.0,170940.0
2026-09-03 13:32:00,13.94,13.94,13.94,13.94,800.0,11152.0
2026-09-03 13:33:00,13.95,13.95,13.95,13.94,15124.0,210960.0
2026-09-03 13:34:00,13.95,13.97,13.97,13.95,1323.0,18472.0
2026-09-03 13:35:00,13.98,13.99,13.99,13.98,977.0,13668.0
2026-09-03 13:36:00,14.0,13.99,14.0,13.99,3900.0,54592.0
2026-09-03 13:37:00,14.0,13.99,14.0,13.99,1200.0,16796.0
2026-09-03 13:38:00,14.01,13.98,14.01,13.98,26046.0,364160.0
2026-09-03 13:39:00,13.98,13.98,13.98,13.98,900.0,12580.0
2026-09-03 13:40:00,13.99,14.0,14.0,13.99,4600.0,64400.0
2026-09-03 13:41:00,14.01,14.0,14.01,14.0,1700.0,23812.0
2026-09-03 13:42:00,14.01,14.0,14.02,14.0,13971.0,195696.0
2026-09-03 13:43:00,14.0,14.0,14.0,13.99,1302.0,18216.0
2026-09-03 13:44:00,14.0,14.0,14.0,14.0,916.0,12824.0
2026-09-03 13:46:00,14.0,14.0,14.01,14.0,800.0,11204.0
2026-09-03 13:47:00,14.0,13.99,14.0,13.99,10228.0,143180.0
2026-09-03 13:48:00,14.0,13.98,14.0,13.98,7725.0,108064.0
2026-09-03 13:49:00,13.98,13.99,13.99,13.98,1700.0,22376.0
2026-09-03 13:50:00,13.99,13.99,13.99,13.99,1525.0,21332.0
2026-09-03 13:51:00,13.99,14.0,14.0,13.99,5462.0,76468.0
2026-09-03 13:52:00,14.01,14.01,14.01,14.01,6000.0,84056.0
2026-09-03 13:53:00,14.01,14.04,14.05,14.01,13354.0,187488.0
2026-09-03 13:54:00,14.03,14.05,14.05,14.01,2504.0,35164.0
2026-09-03 13:55:00,14.05,14.05,14.05,14.05,1621.0,22772.0
2026-09-03 13:56:00,14.05,14.05,14.05,14.05,3616.0,50808.0
2026-09-03 13:57:00,14.05,14.06,14.06,14.05,11351.0,159540.0
2026-09-03 13:58:00,14.07,14.06,14.07,14.06,3267.0,45964.0
2026-09-03 13:59:00,14.06,14.05,14.06,14.05,12841.0,180540.0
2026-09-03 14:00:00,14.05,14.05,14.05,14.05,3500.0,49172.0
2026-09-03 14:01:00,14.01,14.06,14.06,14.01,12049.0,168968.0
2026-09-03 14:02:00,14.05,14.05,14.05,14.05,3047.0,42808.0
2026-09-03 14:03:00,14.02,14.04,14.04,14.02,8412.0,117992.0
2026-09-03 14:04:00,14.02,14.03,14.03,14.01,25661.0,359752.0
2026-09-03 14:05:00,14.04,14.05,14.05,14.04,3709.0,52088.0
2026-09-03 14:06:00,14.05,14.07,14.07,14.05,6880.0,96728.0
2026-09-03 14:07:00,14.07,14.1,14.1,14.07,10338.0,145504.0
2026-09-03 14:08:00,14.1,14.12,14.14,14.1,10249.0,144772.0
2026-09-03 14:09:00,14.11,14.08,14.11,14.08,5400.0,47948.0
2026-09-03 14:11:00,14.07,14.07,14.07,14.07,200.0,2812.0
2026-09-03 14:12:00,14.03,14.03,14.07,14.03,27349.0,383976.0
2026-09-03 14:13:00,14.03,14.03,14.03,14.02,3557.0,49876.0
2026-09-03 14:15:00,14.02,14.04,14.04,14.02,3280.0,46032.0
2026-09-03 14:16:00,14.03,14.01,14.03,14.01,7000.0,98144.0
2026-09-03 14:17:00,14.04,14.01,14.04,14.01,7243.0,101584.0
2026-09-03 14:18:00,14.01,14.02,14.02,14.01,2133.0,29884.0
2026-09-03 14:19:00,14.03,14.02,14.03,14.02,5511.0,77308.0
2026-09-03 14:20:00,14.04,14.04,14.04,14.04,500.0,7024.0
2026-09-03 14:21:00,14.02,14.0,14.02,14.0,16496.0,231144.0
2026-09-03 14:22:00,14.0,14.0,14.0,13.99,13409.0,187680.0
2026-09-03 14:23:00,14.02,14.0,14.02,14.0,2391.0,33488.0
2026-09-03 14:24:00,14.02,14.04,14.04,14.02,1833.0,25712.0
2026-09-03 14:25:00,14.02,14.02,14.02,14.02,6021.0,84320.0
2026-09-03 14:26:00,14.0,14.0,14.0,14.0,1047.0,14656.0
2026-09-03 14:28:00,14.02,14.02,14.02,14.02,1385.0,19420.0
2026-09-03 14:29:00,14.02,14.01,14.02,14.01,7307.0,102440.0
2026-09-03 14:30:00,14.02,14.02,14.02,14.02,2602.0,36480.0
2026-09-03 14:31:00,14.02,14.01,14.02,14.01,26428.0,370164.0
2026-09-03 14:32:00,14.0,14.01,14.01,14.0,19054.0,266856.0
2026-09-03 14:33:00,14.01,13.98,14.01,13.98,48820.0,683024.0
2026-09-03 14:34:00,13.98,13.96,13.98,13.96,17890.0,249956.0
2026-09-03 14:35:00,13.96,13.96,13.97,13.96,7963.0,111172.0
2026-09-03 14:36:00,13.96,13.97,13.97,13.96,11398.0,159148.0
2026-09-03 14:37:00,13.96,13.96,13.96,13.96,10753.0,150112.0
2026-09-03 14:38:00,13.96,13.98,13.98,13.96,7833.0,109396.0
2026-09-03 14:39:00,13.98,13.99,13.99,13.98,13105.0,162100.0
2026-09-03 14:40:00,13.99,14.02,14.02,13.99,4120.0,57716.0
2026-09-03 14:41:00,14.02,14.01,14.02,14.0,1300.0,18216.0
2026-09-03 14:42:00,14.0,13.99,14.0,13.99,8415.0,117776.0
2026-09-03 14:43:00,13.98,13.99,13.99,13.98,4588.0,64148.0
2026-09-03 14:44:00,13.98,13.96,13.98,13.96,57634.0,805180.0
2026-09-03 14:45:00,13.96,13.94,13.96,13.94,31214.0,435488.0
2026-09-03 14:46:00,13.94,13.94,13.95,13.94,13135.0,183128.0
2026-09-03 14:47:00,13.94,13.94,13.95,13.94,5345.0,74540.0
2026-09-03 14:48:00,13.94,13.94,13.95,13.94,34574.0,481992.0
2026-09-03 14:49:00,13.94,13.94,13.95,13.94,24569.0,342500.0
2026-09-03 14:50:00,13.94,13.93,13.94,13.93,8180.0,114020.0
2026-09-03 14:51:00,13.94,13.92,13.94,13.92,99951.0,1392132.0
2026-09-03 14:52:00,13.92,13.93,13.93,13.92,48202.0,671316.0
2026-09-03 14:53:00,13.94,13.93,13.95,13.93,30101.0,419632.0
2026-09-03 14:54:00,13.94,13.94,13.94,13.93,31824.0,443500.0
2026-09-03 14:55:00,13.94,13.92,13.94,13.92,21355.0,297504.0
2026-09-03 14:56:00,13.92,13.93,13.93,13.92,55839.0,777496.0
2026-09-03 14:57:00,13.93,13.92,13.94,13.92,102016.0,1420676.0
2026-09-03 14:58:00,13.92,13.92,13.92,13.92,10750.0,149640.0
2026-09-03 15:00:00,13.93,13.93,13.93,13.93,77834.0,1084228.0
2026-09-04 09:31:00,13.9,13.99,14.01,13.9,58179.0,810203.0
2026-09-04 09:32:00,14.03,14.04,14.04,14.03,34429.0,483865.0
2026-09-04 09:33:00,14.03,14.02,14.04,14.02,18759.0,263137.0
2026-09-04 09:34:00,14.01,14.03,14.03,14.0,27233.0,381692.0
2026-09-04 09:35:00,14.01,14.01,14.01,14.01,42718.0,598482.0
2026-09-04 09:36:00,14.01,14.03,14.03,14.0,62553.0,876528.0
2026-09-04 09:37:00,14.04,14.07,14.07,14.04,16606.0,233550.0
2026-09-04 09:38:00,14.07,14.03,14.07,14.03,39683.0,557420.0
2026-09-04 09:39:00,14.01,14.06,14.06,14.01,13288.0,186650.0
2026-09-04 09:40:00,14.05,14.04,14.06,14.04,15115.0,212299.0
2026-09-04 09:41:00,14.04,14.02,14.04,14.02,27072.0,379756.0
2026-09-04 09:42:00,14.01,14.0,14.02,14.0,56728.0,794902.0
2026-09-04 09:43:00,13.99,13.98,14.0,13.98,28202.0,394706.0
2026-09-04 09:44:00,13.98,13.97,14.0,13.97,33426.0,467515.0
2026-09-04 09:45:00,14.0,13.97,14.0,13.96,16712.0,233539.0
2026-09-04 09:46:00,13.96,13.95,13.96,13.95,35649.0,497546.0
2026-09-04 09:47:00,13.96,13.97,13.98,13.96,29516.0,412134.0
2026-09-04 09:48:00,13.96,14.01,14.01,13.96,8212.0,114757.0
2026-09-04 09:49:00,14.01,13.99,14.01,13.97,19551.0,273376.0
2026-09-04 09:50:00,14.0,13.98,14.0,13.98,23120.0,323362.0
2026-09-04 09:51:00,14.0,14.0,14.0,14.0,28466.0,398432.0
2026-09-04 09:52:00,14.0,13.97,14.0,13.97,15507.0,216716.0
2026-09-04 09:53:00,13.97,13.97,13.98,13.97,15861.0,221515.0
2026-09-04 09:54:00,13.96,13.96,13.98,13.96,5328.0,74414.0
2026-09-04 09:55:00,13.96,13.94,13.96,13.93,58913.0,821947.0
2026-09-04 09:56:00,13.94,13.92,13.94,13.92,36849.0,513046.0
2026-09-04 09:57:00,13.94,13.96,13.96,13.93,28051.0,390932.0
2026-09-04 09:58:00,13.96,13.96,13.97,13.95,19407.0,270906.0
2026-09-04 09:59:00,13.97,13.96,13.98,13.95,5425.0,75762.0
2026-09-04 10:00:00,13.99,14.0,14.0,13.98,3600.0,50345.0
2026-09-04 10:01:00,13.99,13.99,13.99,13.98,1676.0,23445.0
2026-09-04 10:02:00,14.0,14.0,14.0,13.98,4826.0,67532.0
2026-09-04 10:03:00,14.0,14.0,14.01,14.0,28741.0,402388.0
2026-09-04 10:04:00,14.0,13.99,14.0,13.99,3010.0,42114.0
2026-09-04 10:05:00,13.99,13.96,14.0,13.95,164085.0,2290957.0
2026-09-04 10:06:00,14.0,14.0,14.0,13.97,27745.0,387559.0
2026-09-04 10:07:00,14.0,14.01,14.01,13.98,5056.0,70768.0
2026-09-04 10:08:00,13.98,14.01,14.01,13.98,4241.0,42340.0
2026-09-04 10:09:00,14.02,14.01,14.02,14.01,6466.0,90639.0
2026-09-04 10:10:00,14.01,13.99,14.01,13.98,10962.0,153421.0
2026-09-04 10:11:00,14.02,14.02,14.02,14.0,2800.0,39222.0
2026-09-04 10:12:00,14.02,14.02,14.02,14.0,4168.0,58430.0
2026-09-04 10:13:00,14.02,14.0,14.02,14.0,5119.0,71701.0
2026-09-04 10:14:00,14.01,14.0,14.02,14.0,3700.0,51811.0
2026-09-04 10:15:00,14.0,14.01,14.02,14.0,3538.0,49546.0
2026-09-04 10:16:00,14.02,14.02,14.02,14.02,3281.0,45993.0
2026-09-04 10:17:00,14.02,14.02,14.02,14.01,6669.0,93496.0
2026-09-04 10:18:00,14.0,14.02,14.02,14.0,17585.0,246232.0
2026-09-04 10:19:00,14.0,14.02,14.02,14.0,12733.0,178404.0
2026-09-04 10:20:00,14.02,14.02,14.03,14.02,17766.0,249139.0
2026-09-04 10:21:00,14.02,14.12,14.12,14.02,67036.0,942357.0
2026-09-04 10:22:00,14.13,14.07,14.13,14.07,58417.0,824244.0
2026-09-04 10:23:00,14.07,14.1,14.1,14.07,14641.0,206310.0
2026-09-04 10:24:00,14.1,14.11,14.11,14.09,59797.0,843298.0
2026-09-04 10:25:00,14.09,14.07,14.09,14.04,22629.0,318716.0
2026-09-04 10:26:00,14.07,14.07,14.07,14.07,4500.0,63314.0
2026-09-04 10:27:00,14.05,14.12,14.14,14.05,57238.0,807670.0
2026-09-04 10:28:00,14.12,14.09,14.12,14.09,2572.0,36250.0
2026-09-04 10:29:00,14.09,14.06,14.09,14.06,5563.0,78348.0
2026-09-04 10:30:00,14.08,14.09,14.09,14.08,6306.0,88818.0
2026-09-04 10:31:00,14.08,14.08,14.08,14.08,18478.0,260176.0
2026-09-04 10:32:00,14.08,14.08,14.09,14.08,22460.0,316240.0
2026-09-04 10:33:00,14.09,14.09,14.09,14.09,2355.0,33182.0
2026-09-04 10:34:00,14.09,14.09,14.09,14.08,8848.0,124668.0
2026-09-04 10:35:00,14.09,14.08,14.09,14.08,2400.0,33802.0
2026-09-04 10:36:00,14.08,14.08,14.08,14.08,700.0,9856.0
2026-09-04 10:37:00,14.08,14.08,14.08,14.06,28859.0,406286.0
2026-09-04 10:38:00,14.08,14.05,14.08,14.05,1647.0,23148.0
2026-09-04 10:39:00,14.05,14.0,14.05,14.0,19368.0,271636.0
2026-09-04 10:40:00,14.04,14.01,14.04,14.01,2021.0,28334.0
2026-09-04 10:41:00,14.03,14.04,14.05,14.03,9843.0,138184.0
2026-09-04 10:42:00,14.04,14.04,14.04,14.04,100.0,1404.0
2026-09-04 10:43:00,14.05,14.05,14.05,14.04,4400.0,61810.0
2026-09-04 10:44:00,14.04,14.04,14.04,14.04,3286.0,46136.0
2026-09-04 10:45:00,14.04,14.04,14.04,14.03,145311.0,2038870.0
2026-09-04 10:46:00,14.06,14.05,14.06,14.04,7622.0,107068.0
2026-09-04 10:47:00,14.05,14.04,14.05,14.04,9400.0,132038.0
2026-09-04 10:48:00,14.04,14.04,14.04,14.04,2483.0,34862.0
2026-09-04 10:49:00,14.09,14.09,14.09,14.09,30000.0,422152.0
2026-09-04 10:50:00,14.09,14.09,14.09,14.09,28254.0,398068.0
2026-09-04 10:51:00,14.09,14.08,14.09,14.06,2344.0,33006.0
2026-09-04 10:52:00,14.06,14.08,14.08,14.06,380.0,5346.0
2026-09-04 10:53:00,14.06,14.07,14.07,14.06,12186.0,171424.0
2026-09-04 10:54:00,14.06,14.06,14.06,14.06,715.0,10054.0
2026-09-04 10:55:00,14.06,14.06,14.06,14.06,700.0,9842.0
2026-09-04 10:56:00,14.06,14.07,14.07,14.06,3406.0,47900.0
2026-09-04 10:57:00,14.06,14.06,14.06,14.06,2000.0,28120.0
2026-09-04 10:58:00,14.05,14.05,14.05,14.05,2800.0,39340.0
2026-09-04 10:59:00,14.03,14.03,14.03,14.03,3011.0,42244.0
2026-09-04 11:00:00,14.02,14.02,14.03,14.02,2093.0,29372.0
2026-09-04 11:01:00,14.02,14.02,14.02,14.02,487.0,6828.0
2026-09-04 11:02:00,14.04,14.04,14.04,14.04,1807.0,25370.0
2026-09-04 11:03:00,14.05,14.06,14.07,14.05,11324.0,159168.0
2026-09-04 11:04:00,14.06,14.07,14.07,14.06,579.0,8146.0
2026-09-04 11:06:00,14.07,14.07,14.07,14.07,420.0,5908.0
2026-09-04 11:07:00,14.07,14.07,14.07,14.07,580.0,8160.0
2026-09-04 11:08:00,14.08,14.08,14.09,14.08,16894.0,237850.0
2026-09-04 11:09:00,14.08,14.08,14.08,14.08,3906.0,54998.0
2026-09-04 11:10:00,14.07,14.06,14.07,14.06,5315.0,74770.0
2026-09-04 11:11:00,14.06,14.05,14.06,14.05,1369.0,19246.0
2026-09-04 11:12:00,14.05,14.05,14.05,14.05,704.0,9892.0
2026-09-04 11:13:00,14.04,14.02,14.04,14.02,27661.0,388060.0
2026-09-04 11:14:00,14.02,14.04,14.04,14.02,23460.0,328948.0
2026-09-04 11:15:00,14.04,14.04,14.04,14.04,1254.0,17606.0
2026-09-04 11:16:00,14.04,14.04,14.04,14.04,11402.0,160084.0
2026-09-04 11:17:00,14.03,14.02,14.03,14.02,4422.0,62006.0
2026-09-04 11:18:00,14.02,14.02,14.02,14.01,3118.0,42288.0
2026-09-04 11:19:00,14.01,14.01,14.01,14.01,57085.0,799732.0
2026-09-04 11:20:00,14.01,14.01,14.01,14.0,17402.0,243752.0
2026-09-04 11:21:00,14.01,14.01,14.01,14.01,5583.0,78216.0
2026-09-04 11:22:00,14.04,14.05,14.05,14.04,16236.0,227846.0
2026-09-04 11:23:00,14.05,14.05,14.05,14.05,1500.0,21074.0
2026-09-04 11:24:00,14.05,14.04,14.05,14.04,24881.0,349514.0
2026-09-04 11:25:00,14.05,14.05,14.05,14.05,1935.0,27186.0
2026-09-04 11:26:00,14.05,14.05,14.05,14.05,2065.0,29014.0
2026-09-04 11:27:00,14.04,14.05,14.05,14.04,8733.0,122642.0
2026-09-04 11:28:00,14.05,14.05,14.05,14.05,1000.0,14048.0
2026-09-04 11:29:00,14.05,14.07,14.07,14.05,30509.0,428810.0
2026-09-04 11:30:00,14.06,14.05,14.06,14.05,6670.0,93774.0
2026-09-04 13:01:00,14.05,14.04,14.05,14.04,9673.0,135888.0
2026-09-04 13:02:00,14.03,14.03,14.03,14.03,1101.0,15446.0
2026-09-04 13:03:00,14.03,14.04,14.04,14.03,2099.0,29470.0
2026-09-04 13:04:00,14.04,14.04,14.04,14.04,1183.0,16608.0
2026-09-04 13:06:00,14.04,14.04,14.04,14.04,3544.0,49758.0
2026-09-04 13:07:00,14.05,14.05,14.05,14.05,4646.0,65278.0
2026-09-04 13:08:00,14.05,14.05,14.05,14.05,6020.0,84580.0
2026-09-04 13:09:00,14.05,14.05,14.05,14.05,1000.0,14050.0
2026-09-04 13:10:00,14.04,14.04,14.04,14.04,5000.0,70200.0
2026-09-04 13:11:00,14.04,14.03,14.04,14.03,3072.0,43110.0
2026-09-04 13:12:00,14.03,14.03,14.03,14.03,1654.0,23208.0
2026-09-04 13:13:00,14.03,14.03,14.03,14.03,1000.0,14028.0
2026-09-04 13:14:00,14.03,14.03,14.03,14.03,749.0,10508.0
2026-09-04 13:15:00,14.04,14.04,14.04,14.04,1800.0,25272.0
2026-09-04 13:16:00,14.03,14.03,14.03,14.03,400.0,5612.0
2026-09-04 13:17:00,14.03,14.03,14.03,14.03,2151.0,30176.0
2026-09-04 13:18:00,14.02,14.02,14.02,14.02,2489.0,34896.0
2026-09-04 13:19:00,14.02,14.02,14.02,14.02,13438.0,188312.0
2026-09-04 13:20:00,14.02,14.02,14.02,14.02,3354.0,47022.0
2026-09-04 13:21:00,14.02,14.02,14.02,14.02,2801.0,39270.0
2026-09-04 13:22:00,14.03,14.05,14.05,14.03,3403.0,47780.0
2026-09-04 13:23:00,14.05,14.02,14.05,14.02,9599.0,134660.0
2026-09-04 13:24:00,14.01,14.01,14.01,14.01,16288.0,228290.0
2026-09-04 13:26:00,14.01,14.01,14.01,14.01,1631.0,22850.0
2026-09-04 13:27:00,14.01,14.01,14.01,14.01,2810.0,39368.0
2026-09-04 13:28:00,14.01,14.0,14.01,14.0,4120.0,57684.0
2026-09-04 13:29:00,14.0,13.99,14.0,13.99,22134.0,309854.0
2026-09-04 13:30:00,13.99,13.99,14.0,13.99,6089.0,85206.0
2026-09-04 13:31:00,13.99,13.99,14.0,13.99,8235.0,115212.0
2026-09-04 13:32:00,13.99,13.98,13.99,13.97,31100.0,434904.0
2026-09-04 13:33:00,13.98,13.97,13.98,13.97,11862.0,165764.0
2026-09-04 13:34:00,13.96,13.97,13.97,13.96,10308.0,143932.0
2026-09-04 13:35:00,13.97,13.97,13.97,13.97,9414.0,131570.0
2026-09-04 13:36:00,13.96,13.96,13.97,13.96,13405.0,187156.0
2026-09-04 13:37:00,13.96,13.96,13.96,13.96,800.0,11168.0
2026-09-04 13:38:00,13.95,13.95,13.96,13.95,17670.0,246602.0
2026-09-04 13:39:00,13.95,13.99,13.99,13.94,27291.0,380810.0
2026-09-04 13:40:00,13.94,13.95,13.95,13.94,4100.0,57322.0
2026-09-04 13:41:00,13.98,13.95,13.98,13.95,13800.0,192780.0
2026-09-04 13:42:00,13.94,13.94,13.97,13.94,7729.0,107748.0
2026-09-04 13:43:00,13.94,13.94,13.94,13.93,30971.0,431588.0
2026-09-04 13:44:00,13.94,13.94,13.94,13.94,7942.0,110720.0
2026-09-04 13:46:00,13.96,13.96,13.96,13.96,1180.0,16472.0
2026-09-04 13:47:00,13.96,13.95,13.96,13.95,1416.0,19760.0
2026-09-04 13:48:00,13.94,13.94,13.94,13.94,900.0,12548.0
2026-09-04 13:49:00,13.95,13.96,13.96,13.95,2501.0,34888.0
2026-09-04 13:50:00,13.96,13.96,13.96,13.96,431.0,6016.0
2026-09-04 13:51:00,13.96,13.96,13.97,13.96,4098.0,57220.0
2026-09-04 13:52:00,13.96,13.97,13.97,13.96,4405.0,61520.0
2026-09-04 13:53:00,13.97,13.94,13.97,13.94,7543.0,105228.0
2026-09-04 13:54:00,13.94,13.93,13.94,13.93,14144.0,197084.0
2026-09-04 13:55:00,13.93,13.93,13.93,13.92,19107.0,266088.0
2026-09-04 13:56:00,13.93,13.92,13.93,13.92,28181.0,392308.0
2026-09-04 13:57:00,13.92,13.89,13.92,13.89,51832.0,720852.0
2026-09-04 13:58:00,13.88,13.89,13.89,13.88,24952.0,346500.0
2026-09-04 13:59:00,13.89,13.9,13.91,13.88,25841.0,359136.0
2026-09-04 14:00:00,13.89,13.9,13.9,13.88,12498.0,173588.0
2026-09-04 14:01:00,13.89,13.87,13.89,13.87,24201.0,335828.0
2026-09-04 14:02:00,13.88,13.88,13.88,13.87,35221.0,488728.0
2026-09-04 14:03:00,13.88,13.89,13.89,13.87,12672.0,175832.0
2026-09-04 14:04:00,13.89,13.9,13.9,13.89,6579.0,91432.0
2026-09-04 14:05:00,13.9,13.89,13.9,13.89,9241.0,128400.0
2026-09-04 14:06:00,13.89,13.89,13.89,13.88,8107.0,112572.0
2026-09-04 14:07:00,13.89,13.9,13.9,13.89,2912.0,40472.0
2026-09-04 14:08:00,13.9,13.9,13.9,13.89,5089.0,70724.0
2026-09-04 14:09:00,13.91,13.9,13.91,13.9,32228.0,447908.0
2026-09-04 14:10:00,13.89,13.87,13.89,13.87,38815.0,538768.0
2026-09-04 14:11:00,13.87,13.87,13.87,13.87,5319.0,73776.0
2026-09-04 14:12:00,13.87,13.89,13.9,13.87,10451.0,145188.0
2026-09-04 14:13:00,13.88,13.89,13.9,13.88,5283.0,73392.0
2026-09-04 14:14:00,13.89,13.89,13.9,13.89,8523.0,118388.0
2026-09-04 14:15:00,13.88,13.89,13.89,13.88,5920.0,82184.0
2026-09-04 14:16:00,13.9,13.9,13.9,13.89,10820.0,150392.0
2026-09-04 14:17:00,13.91,13.91,13.92,13.9,17404.0,242116.0
2026-09-04 14:18:00,13.91,13.93,13.93,13.9,14138.0,196780.0
2026-09-04 14:19:00,13.9,13.9,13.93,13.9,5237.0,72872.0
2026-09-04 14:20:00,13.9,13.89,13.9,13.89,5737.0,79732.0
2026-09-04 14:21:00,13.89,13.88,13.9,13.88,13688.0,190156.0
2026-09-04 14:22:00,13.88,13.88,13.88,13.88,3796.0,52688.0
2026-09-04 14:23:00,13.88,13.89,13.89,13.88,10000.0,138800.0
2026-09-04 14:24:00,13.88,13.88,13.88,13.88,550.0,7636.0
2026-09-04 14:25:00,13.88,13.88,13.88,13.88,2703.0,37516.0
2026-09-04 14:26:00,13.88,13.88,13.9,13.88,3700.0,51380.0
2026-09-04 14:27:00,13.9,13.88,13.9,13.88,622.0,8640.0
2026-09-04 14:28:00,13.88,13.88,13.89,13.88,1608.0,22336.0
2026-09-04 14:29:00,13.88,13.89,13.89,13.88,6935.0,96284.0
2026-09-04 14:30:00,13.89,13.9,13.9,13.89,5009.0,69588.0
2026-09-04 14:31:00,13.89,13.88,13.9,13.88,6017.0,83576.0
2026-09-04 14:32:00,13.88,13.88,13.89,13.87,12700.0,176256.0
2026-09-04 14:33:00,13.88,13.87,13.88,13.87,9018.0,125096.0
2026-09-04 14:34:00,13.87,13.86,13.87,13.86,13184.0,182844.0
2026-09-04 14:35:00,13.86,13.82,13.86,13.82,91076.0,1261580.0
2026-09-04 14:36:00,13.82,13.75,13.82,13.75,73864.0,1018876.0
2026-09-04 14:37:00,13.73,13.73,13.78,13.73,48945.0,672432.0
2026-09-04 14:38:00,13.73,13.72,13.73,13.71,39127.0,536960.0
2026-09-04 14:39:00,13.73,13.74,13.75,13.73,24518.0,336788.0
2026-09-04 14:40:00,13.75,13.74,13.75,13.74,37721.0,518588.0
2026-09-04 14:41:00,13.73,13.75,13.77,13.73,23765.0,326856.0
2026-09-04 14:42:00,13.77,13.76,13.77,13.75,10884.0,149780.0
2026-09-04 14:43:00,13.76,13.76,13.77,13.75,26267.0,361476.0
2026-09-04 14:44:00,13.76,13.75,13.76,13.75,36875.0,507196.0
2026-09-04 14:45:00,13.76,13.76,13.76,13.75,14652.0,201548.0
2026-09-04 14:46:00,13.75,13.75,13.76,13.75,19174.0,263748.0
2026-09-04 14:47:00,13.75,13.72,13.75,13.72,58666.0,806220.0
2026-09-04 14:48:00,13.73,13.71,13.73,13.71,57037.0,648332.0
2026-09-04 14:49:00,13.7,13.62,13.71,13.62,94442.0,1291280.0
2026-09-04 14:50:00,13.61,13.63,13.65,13.61,114672.0,1561376.0
2026-09-04 14:51:00,13.65,13.68,13.68,13.64,41838.0,571416.0
2026-09-04 14:52:00,13.67,13.63,13.67,13.63,58049.0,793112.0
2026-09-04 14:53:00,13.63,13.64,13.64,13.63,17868.0,243656.0
2026-09-04 14:54:00,13.64,13.64,13.66,13.64,49326.0,672832.0
2026-09-04 14:55:00,13.65,13.65,13.66,13.64,27926.0,381240.0
2026-09-04 14:56:00,13.65,13.63,13.65,13.63,84629.0,1154032.0
2026-09-04 14:57:00,13.62,13.62,13.63,13.61,95264.0,1297800.0
2026-09-04 14:58:00,13.65,13.65,13.65,13.65,3663.0,50000.0
2026-09-04 15:00:00,13.64,13.64,13.64,13.64,45653.0,622708.0
2026-09-07 09:31:00,13.56,13.61,13.66,13.56,79339.0,1076439.0
2026-09-07 09:32:00,13.62,13.62,13.62,13.58,27245.0,335584.0
2026-09-07 09:33:00,13.61,13.64,13.64,13.6,27777.0,378227.0
2026-09-07 09:34:00,13.61,13.66,13.67,13.61,32282.0,440878.0
2026-09-07 09:35:00,13.69,13.67,13.69,13.65,30813.0,421676.0
2026-09-07 09:36:00,13.68,13.67,13.69,13.66,8792.0,120259.0
2026-09-07 09:37:00,13.68,13.64,13.68,13.64,34595.0,472177.0
2026-09-07 09:38:00,13.61,13.59,13.61,13.58,68634.0,933268.0
2026-09-07 09:39:00,13.59,13.58,13.59,13.57,61118.0,830485.0
2026-09-07 09:40:00,13.58,13.56,13.61,13.56,90019.0,1222206.0
2026-09-07 09:41:00,13.57,13.6,13.6,13.56,27848.0,378293.0
2026-09-07 09:42:00,13.6,13.51,13.6,13.51,102274.0,1314732.0
2026-09-07 09:43:00,13.48,13.42,13.49,13.42,51632.0,695027.0
2026-09-07 09:44:00,13.42,13.44,13.45,13.42,76862.0,1032215.0
2026-09-07 09:45:00,13.44,13.43,13.45,13.43,70634.0,949592.0
2026-09-07 09:46:00,13.43,13.5,13.5,13.43,36464.0,490437.0
2026-09-07 09:47:00,13.49,13.41,13.5,13.41,66293.0,890358.0
2026-09-07 09:48:00,13.46,13.4,13.46,13.4,73400.0,984089.0
2026-09-07 09:49:00,13.4,13.43,13.44,13.4,25170.0,337371.0
2026-09-07 09:50:00,13.46,13.43,13.46,13.43,85723.0,1152412.0
2026-09-07 09:51:00,13.43,13.47,13.47,13.43,52869.0,710456.0
2026-09-07 09:52:00,13.49,13.53,13.53,13.49,9125.0,122037.0
2026-09-07 09:53:00,13.52,13.52,13.52,13.49,36064.0,486963.0
2026-09-07 09:54:00,13.52,13.6,13.6,13.52,31306.0,424598.0
2026-09-07 09:55:00,13.62,13.64,13.66,13.62,46029.0,627769.0
2026-09-07 09:56:00,13.66,13.63,13.66,13.61,12024.0,164022.0
2026-09-07 09:57:00,13.63,13.6,13.63,13.6,5533.0,75270.0
2026-09-07 09:58:00,13.61,13.57,13.61,13.57,33477.0,455276.0
2026-09-07 09:59:00,13.57,13.53,13.57,13.53,9457.0,128292.0
2026-09-07 10:01:00,13.53,13.53,13.53,13.53,9822.0,132892.0
2026-09-07 10:02:00,13.53,13.51,13.53,13.51,19833.0,253308.0
2026-09-07 10:03:00,13.5,13.51,13.51,13.5,4382.0,59180.0
2026-09-07 10:04:00,13.5,13.44,13.5,13.44,47404.0,638220.0
2026-09-07 10:05:00,13.4,13.45,13.45,13.4,44656.0,599784.0
2026-09-07 10:06:00,13.49,13.5,13.5,13.49,1200.0,16192.0
2026-09-07 10:07:00,13.51,13.5,13.51,13.5,4660.0,62936.0
2026-09-07 10:08:00,13.5,13.48,13.5,13.48,13190.0,177996.0
2026-09-07 10:09:00,13.48,13.47,13.48,13.47,4200.0,56592.0
2026-09-07 10:10:00,13.47,13.49,13.51,13.47,13468.0,181420.0
2026-09-07 10:11:00,13.49,13.48,13.49,13.48,10993.0,148278.0
2026-09-07 10:12:00,13.49,13.49,13.49,13.49,783.0,10558.0
2026-09-07 10:13:00,13.48,13.47,13.48,13.47,13649.0,183880.0
2026-09-07 10:14:00,13.48,13.48,13.48,13.47,5544.0,74698.0
2026-09-07 10:15:00,13.48,13.5,13.51,13.47,10527.0,141926.0
2026-09-07 10:16:00,13.5,13.57,13.57,13.5,3042.0,41176.0
2026-09-07 10:17:00,13.5,13.57,13.57,13.5,7491.0,101204.0
2026-09-07 10:18:00,13.56,13.5,13.56,13.5,7121.0,96262.0
2026-09-07 10:19:00,13.51,13.49,13.51,13.48,6373.0,85972.0
2026-09-07 10:20:00,13.49,13.51,13.51,13.49,3092.0,41726.0
2026-09-07 10:21:00,13.52,13.56,13.56,13.52,10557.0,143126.0
2026-09-07 10:22:00,13.56,13.54,13.56,13.52,2943.0,39822.0
2026-09-07 10:23:00,13.54,13.53,13.54,13.52,1285.0,17384.0
2026-09-07 10:24:00,13.53,13.54,13.54,13.53,1343.0,18180.0
2026-09-07 10:25:00,13.54,13.54,13.54,13.54,7128.0,96512.0
2026-09-07 10:26:00,13.55,13.55,13.55,13.55,500.0,6776.0
2026-09-07 10:27:00,13.54,13.54,13.54,13.54,133.0,1800.0
2026-09-07 10:28:00,13.54,13.55,13.56,13.53,32529.0,440576.0
2026-09-07 10:29:00,13.57,13.5,13.57,13.5,13472.0,182220.0
2026-09-07 10:30:00,13.5,13.55,13.55,13.5,500.0,6768.0
2026-09-07 10:31:00,13.55,13.55,13.55,13.51,1200.0,16252.0
2026-09-07 10:32:00,13.55,13.55,13.55,13.55,12518.0,87860.0
2026-09-07 10:33:00,13.51,13.51,13.51,13.51,15063.0,203500.0
2026-09-07 10:34:00,13.51,13.51,13.51,13.48,14825.0,200048.0
2026-09-07 10:35:00,13.51,13.51,13.51,13.51,900.0,12158.0
2026-09-07 10:36:00,13.51,13.51,13.53,13.51,3700.0,49990.0
2026-09-07 10:37:00,13.51,13.59,13.59,13.5,44482.0,601906.0
2026-09-07 10:38:00,13.58,13.57,13.58,13.57,900.0,12218.0
2026-09-07 10:39:00,13.56,13.57,13.57,13.56,1148.0,15568.0
2026-09-07 10:40:00,13.56,13.51,13.56,13.51,1312.0,17748.0
2026-09-07 10:41:00,13.55,13.51,13.55,13.51,20839.0,281556.0
2026-09-07 10:42:00,13.51,13.56,13.56,13.51,15835.0,214318.0
2026-09-07 10:43:00,13.56,13.56,13.56,13.56,3385.0,45908.0
2026-09-07 10:44:00,13.57,13.56,13.57,13.56,303.0,4110.0
2026-09-07 10:46:00,13.56,13.51,13.56,13.51,7774.0,105074.0
2026-09-07 10:47:00,13.51,13.51,13.51,13.5,5357.0,72364.0
2026-09-07 10:48:00,13.51,13.51,13.51,13.51,2162.0,29208.0
2026-09-07 10:49:00,13.51,13.51,13.51,13.5,15335.0,207018.0
2026-09-07 10:50:00,13.49,13.49,13.49,13.49,249.0,3358.0
2026-09-07 10:51:00,13.49,13.49,13.49,13.49,3000.0,40470.0
2026-09-07 10:52:00,13.49,13.49,13.49,13.49,3105.0,41888.0
2026-09-07 10:53:00,13.49,13.48,13.5,13.48,8799.0,118648.0
2026-09-07 10:54:00,13.48,13.48,13.48,13.48,3200.0,43136.0
2026-09-07 10:55:00,13.5,13.51,13.51,13.5,4401.0,59436.0
2026-09-07 10:56:00,13.51,13.5,13.51,13.5,3008.0,40610.0
2026-09-07 10:57:00,13.5,13.5,13.5,13.5,1260.0,17010.0
2026-09-07 10:58:00,13.5,13.49,13.5,13.49,2892.0,39016.0
2026-09-07 10:59:00,13.49,13.49,13.49,13.49,1301.0,17548.0
2026-09-07 11:00:00,13.48,13.47,13.48,13.46,8220.0,110738.0
2026-09-07 11:01:00,13.46,13.46,13.46,13.46,1296.0,17450.0
2026-09-07 11:02:00,13.46,13.47,13.47,13.46,2300.0,30982.0
2026-09-07 11:03:00,13.47,13.47,13.47,13.47,1500.0,20206.0
2026-09-07 11:04:00,13.47,13.47,13.47,13.47,11094.0,149432.0
2026-09-07 11:05:00,13.47,13.47,13.47,13.47,33.0,446.0
2026-09-07 11:06:00,13.48,13.48,13.48,13.48,2400.0,32352.0
2026-09-07 11:07:00,13.48,13.47,13.48,13.47,300.0,4042.0
2026-09-07 11:08:00,13.48,13.47,13.48,13.47,604.0,8136.0
2026-09-07 11:09:00,13.46,13.46,13.46,13.46,10120.0,136254.0
2026-09-07 11:11:00,13.48,13.48,13.48,13.48,500.0,6740.0
2026-09-07 11:12:00,13.48,13.48,13.48,13.47,3013.0,40598.0
2026-09-07 11:13:00,13.49,13.49,13.49,13.48,4100.0,55300.0
2026-09-07 11:14:00,13.49,13.5,13.5,13.49,2761.0,37264.0
2026-09-07 11:15:00,13.49,13.49,13.49,13.49,3414.0,46056.0
2026-09-07 11:16:00,13.49,13.49,13.49,13.49,200.0,2696.0
2026-09-07 11:17:00,13.5,13.48,13.5,13.48,6178.0,83284.0
2026-09-07 11:18:00,13.48,13.48,13.48,13.48,100.0,1348.0
2026-09-07 11:19:00,13.48,13.49,13.49,13.48,4922.0,66348.0
2026-09-07 11:20:00,13.48,13.49,13.49,13.48,8900.0,119980.0
2026-09-07 11:21:00,13.49,13.49,13.49,13.49,628.0,8472.0
2026-09-07 11:22:00,13.49,13.48,13.49,13.48,1572.0,21200.0
2026-09-07 11:23:00,13.49,13.5,13.5,13.49,3028.0,40864.0
2026-09-07 11:24:00,13.5,13.48,13.5,13.48,1592.0,21472.0
2026-09-07 11:25:00,13.48,13.48,13.48,13.47,6267.0,84462.0
2026-09-07 11:26:00,13.48,13.47,13.48,13.47,4431.0,59666.0
2026-09-07 11:27:00,13.46,13.46,13.48,13.46,3000.0,40412.0
2026-09-07 11:28:00,13.47,13.48,13.48,13.46,7509.0,101176.0
2026-09-07 11:29:00,13.48,13.51,13.51,13.46,16227.0,218808.0
2026-09-07 11:30:00,13.5,13.51,13.51,13.48,1200.0,16194.0
2026-09-07 13:01:00,13.48,13.46,13.48,13.45,11510.0,154962.0
2026-09-07 13:02:00,13.5,13.51,13.51,13.5,7720.0,57546.0
2026-09-07 13:03:00,13.51,13.5,13.51,13.5,1200.0,16202.0
2026-09-07 13:04:00,13.5,13.5,13.5,13.5,200.0,2700.0
2026-09-07 13:06:00,13.47,13.49,13.49,13.47,1843.0,24832.0
2026-09-07 13:07:00,13.48,13.49,13.49,13.47,6154.0,82922.0
2026-09-07 13:08:00,13.48,13.46,13.49,13.46,6531.0,87962.0
2026-09-07 13:09:00,13.47,13.47,13.47,13.47,2500.0,33674.0
2026-09-07 13:10:00,13.47,13.49,13.49,13.47,165.0,2226.0
2026-09-07 13:11:00,13.48,13.49,13.49,13.48,1460.0,19680.0
2026-09-07 13:12:00,13.48,13.48,13.48,13.47,1509.0,16388.0
2026-09-07 13:13:00,13.45,13.5,13.5,13.45,21100.0,284064.0
2026-09-07 13:14:00,13.5,13.51,13.51,13.5,740.0,9996.0
2026-09-07 13:15:00,13.51,13.45,13.51,13.45,16048.0,215924.0
2026-09-07 13:16:00,13.51,13.5,13.51,13.45,7729.0,104176.0
2026-09-07 13:17:00,13.48,13.5,13.5,13.46,2796.0,37658.0
2026-09-07 13:18:00,13.5,13.51,13.51,13.46,6748.0,90952.0
2026-09-07 13:19:00,13.51,13.51,13.51,13.45,1500.0,20198.0
2026-09-07 13:20:00,13.5,13.5,13.5,13.5,100.0,1352.0
2026-09-07 13:21:00,13.49,13.49,13.49,13.48,38332.0,517448.0
2026-09-07 13:22:00,13.53,13.59,13.59,13.53,22562.0,287744.0
2026-09-07 13:23:00,13.59,13.61,13.62,13.59,12700.0,172738.0
2026-09-07 13:24:00,13.61,13.6,13.61,13.6,4100.0,55790.0
2026-09-07 13:25:00,13.6,13.6,13.6,13.55,12461.0,169096.0
2026-09-07 13:26:00,13.61,13.6,13.61,13.6,5216.0,70956.0
2026-09-07 13:27:00,13.56,13.56,13.56,13.56,2000.0,27120.0
2026-09-07 13:28:00,13.58,13.57,13.58,13.56,2603.0,35302.0
2026-09-07 13:29:00,13.57,13.6,13.6,13.57,7293.0,99066.0
2026-09-07 13:30:00,13.61,13.63,13.63,13.61,9054.0,123312.0
2026-09-07 13:31:00,13.64,13.65,13.66,13.64,16094.0,219682.0
2026-09-07 13:32:00,13.65,13.65,13.66,13.64,23623.0,322330.0
2026-09-07 13:33:00,13.65,13.65,13.65,13.64,9821.0,134050.0
2026-09-07 13:34:00,13.65,13.64,13.65,13.64,8400.0,114618.0
2026-09-07 13:35:00,13.64,13.55,13.64,13.53,33360.0,452316.0
2026-09-07 13:36:00,13.62,13.62,13.63,13.55,9508.0,129512.0
2026-09-07 13:37:00,13.61,13.63,13.63,13.61,20543.0,279790.0
2026-09-07 13:38:00,13.62,13.61,13.63,13.61,12335.0,168042.0
2026-09-07 13:39:00,13.62,13.62,13.62,13.62,1500.0,20428.0
2026-09-07 13:40:00,13.64,13.64,13.64,13.64,14339.0,195544.0
2026-09-07 13:41:00,13.64,13.64,13.64,13.64,5614.0,76528.0
2026-09-07 13:42:00,13.64,13.64,13.64,13.64,3300.0,44972.0
2026-09-07 13:43:00,13.61,13.61,13.61,13.61,205.0,2788.0
2026-09-07 13:44:00,13.61,13.63,13.63,13.61,5943.0,80964.0
2026-09-07 13:45:00,13.63,13.65,13.65,13.61,39787.0,542292.0
2026-09-07 13:46:00,13.66,13.72,13.72,13.66,50016.0,684556.0
2026-09-07 13:47:00,13.7,13.7,13.7,13.69,10434.0,142926.0
2026-09-07 13:48:00,13.68,13.69,13.69,13.68,1810.0,24766.0
2026-09-07 13:49:00,13.69,13.68,13.69,13.68,334.0,4570.0
2026-09-07 13:50:00,13.65,13.65,13.65,13.65,800.0,10920.0
2026-09-07 13:51:00,13.65,13.65,13.65,13.65,2461.0,33602.0
2026-09-07 13:52:00,13.65,13.65,13.65,13.65,1023.0,13960.0
2026-09-07 13:53:00,13.66,13.63,13.66,13.63,1462.0,19956.0
2026-09-07 13:54:00,13.63,13.63,13.63,13.63,2179.0,29700.0
2026-09-07 13:55:00,13.63,13.63,13.63,13.63,238.0,3244.0
2026-09-07 13:56:00,13.63,13.63,13.63,13.62,21327.0,290670.0
2026-09-07 13:57:00,13.64,13.66,13.66,13.64,6454.0,88048.0
2026-09-07 13:58:00,13.65,13.64,13.65,13.64,1300.0,17742.0
2026-09-07 13:59:00,13.64,13.64,13.64,13.64,4900.0,66836.0
2026-09-07 14:00:00,13.64,13.64,13.64,13.64,4575.0,62404.0
2026-09-07 14:01:00,13.65,13.65,13.65,13.65,100.0,1364.0
2026-09-07 14:02:00,13.65,13.65,13.65,13.65,906.0,12368.0
2026-09-07 14:04:00,13.64,13.65,13.65,13.64,3500.0,47752.0
2026-09-07 14:05:00,13.63,13.6,13.63,13.6,9234.0,125788.0
2026-09-07 14:06:00,13.6,13.6,13.6,13.6,2586.0,35172.0
2026-09-07 14:07:00,13.6,13.61,13.61,13.6,3828.0,52080.0
2026-09-07 14:08:00,13.6,13.6,13.6,13.6,14014.0,190592.0
2026-09-07 14:09:00,13.6,13.61,13.61,13.6,200.0,2720.0
2026-09-07 14:10:00,13.61,13.61,13.61,13.61,4300.0,58524.0
2026-09-07 14:13:00,13.59,13.59,13.59,13.59,1014.0,13780.0
2026-09-07 14:14:00,13.59,13.58,13.59,13.58,4452.0,60492.0
2026-09-07 14:15:00,13.58,13.58,13.58,13.58,9401.0,127672.0
2026-09-07 14:16:00,13.58,13.55,13.58,13.55,18917.0,256356.0
2026-09-07 14:17:00,13.55,13.55,13.55,13.55,1372.0,18596.0
2026-09-07 14:18:00,13.56,13.56,13.56,13.56,1400.0,18984.0
2026-09-07 14:19:00,13.56,13.56,13.56,13.56,558.0,7568.0
2026-09-07 14:20:00,13.6,13.6,13.6,13.6,110.0,1496.0
2026-09-07 14:21:00,13.6,13.6,13.6,13.6,900.0,12240.0
2026-09-07 14:22:00,13.58,13.6,13.6,13.58,12568.0,170692.0
2026-09-07 14:23:00,13.6,13.6,13.6,13.6,5300.0,72080.0
2026-09-07 14:24:00,13.6,13.6,13.6,13.6,1100.0,14960.0
2026-09-07 14:25:00,13.6,13.6,13.6,13.6,220.0,2992.0
2026-09-07 14:26:00,13.6,13.61,13.61,13.6,12691.0,172620.0
2026-09-07 14:27:00,13.61,13.61,13.61,13.6,5704.0,77580.0
2026-09-07 14:28:00,13.6,13.6,13.6,13.6,2000.0,27208.0
2026-09-07 14:29:00,13.62,13.6,13.62,13.6,3305.0,44980.0
2026-09-07 14:30:00,13.6,13.58,13.6,13.58,9127.0,123952.0
2026-09-07 14:31:00,13.58,13.58,13.58,13.58,2788.0,37864.0
2026-09-07 14:32:00,13.58,13.57,13.58,13.57,3682.0,49992.0
2026-09-07 14:33:00,13.58,13.59,13.59,13.58,19637.0,267036.0
2026-09-07 14:34:00,13.63,13.65,13.65,13.63,18400.0,250960.0
2026-09-07 14:35:00,13.65,13.67,13.67,13.65,23073.0,315348.0
2026-09-07 14:36:00,13.66,13.65,13.66,13.65,9735.0,132912.0
2026-09-07 14:37:00,13.64,13.64,13.64,13.64,3009.0,41044.0
2026-09-07 14:38:00,13.63,13.63,13.63,13.63,1953.0,26620.0
2026-09-07 14:39:00,13.63,13.63,13.63,13.63,200.0,2728.0
2026-09-07 14:40:00,13.61,13.6,13.61,13.6,9471.0,128816.0
2026-09-07 14:41:00,13.62,13.62,13.62,13.62,305.0,4152.0
2026-09-07 14:42:00,13.62,13.62,13.62,13.61,3669.0,49964.0
2026-09-07 14:43:00,13.62,13.63,13.63,13.62,7043.0,95952.0
2026-09-07 14:44:00,13.63,13.64,13.64,13.63,10606.0,144588.0
2026-09-07 14:45:00,13.64,13.64,13.64,13.63,1055.0,14388.0
2026-09-07 14:46:00,13.64,13.63,13.64,13.63,18762.0,255732.0
2026-09-07 14:47:00,13.63,13.63,13.63,13.62,7150.0,97424.0
2026-09-07 14:48:00,13.62,13.62,13.62,13.62,1600.0,21792.0
2026-09-07 14:49:00,13.63,13.63,13.64,13.63,13096.0,178520.0
2026-09-07 14:50:00,13.64,13.64,13.64,13.63,3668.0,50016.0
2026-09-07 14:51:00,13.63,13.63,13.63,13.63,18164.0,247576.0
2026-09-07 14:52:00,13.63,13.64,13.64,13.62,37447.0,496748.0
2026-09-07 14:53:00,13.64,13.64,13.64,13.64,33611.0,458444.0
2026-09-07 14:54:00,13.64,13.64,13.64,13.64,31031.0,423264.0
2026-09-07 14:55:00,13.64,13.65,13.65,13.63,32032.0,437100.0
2026-09-07 14:56:00,13.65,13.64,13.65,13.63,29511.0,402500.0
2026-09-07 14:57:00,13.63,13.65,13.65,13.63,45895.0,625656.0
2026-09-07 15:00:00,13.64,13.64,13.64,13.64,38993.0,531864.0
2026-09-08 09:31:00,13.65,13.64,13.69,13.64,67698.0,924257.0
2026-09-08 09:32:00,13.57,13.58,13.6,13.56,16877.0,229184.0
2026-09-08 09:33:00,13.58,13.54,13.58,13.54,43666.0,592305.0
2026-09-08 09:34:00,13.54,13.56,13.57,13.54,12671.0,171830.0
2026-09-08 09:35:00,13.55,13.56,13.56,13.55,20365.0,276114.0
2026-09-08 09:36:00,13.56,13.55,13.56,13.54,21951.0,297446.0
2026-09-08 09:37:00,13.56,13.55,13.56,13.55,25184.0,341289.0
2026-09-08 09:38:00,13.55,13.51,13.55,13.51,27201.0,368070.0
2026-09-08 09:39:00,13.52,13.54,13.55,13.52,18308.0,247630.0
2026-09-08 09:40:00,13.53,13.52,13.53,13.52,25400.0,343474.0
2026-09-08 09:41:00,13.52,13.52,13.52,13.52,8974.0,121329.0
2026-09-08 09:42:00,13.52,13.51,13.53,13.51,24450.0,330517.0
2026-09-08 09:43:00,13.51,13.48,13.51,13.47,71315.0,962281.0
2026-09-08 09:44:00,13.48,13.45,13.49,13.45,31474.0,423869.0
2026-09-08 09:45:00,13.45,13.43,13.45,13.42,51986.0,698326.0
2026-09-08 09:46:00,13.46,13.43,13.46,13.43,47855.0,643263.0
2026-09-08 09:47:00,13.42,13.43,13.43,13.42,36974.0,496314.0
2026-09-08 09:48:00,13.43,13.46,13.46,13.43,19369.0,260602.0
2026-09-08 09:49:00,13.47,13.5,13.5,13.47,61984.0,835126.0
2026-09-08 09:50:00,13.5,13.51,13.51,13.5,3598.0,48584.0
2026-09-08 09:51:00,13.47,13.47,13.48,13.47,9545.0,128579.0
2026-09-08 09:52:00,13.47,13.45,13.47,13.45,25142.0,338461.0
2026-09-08 09:53:00,13.45,13.45,13.5,13.44,22174.0,298111.0
2026-09-08 09:54:00,13.46,13.45,13.46,13.44,16834.0,226463.0
2026-09-08 09:55:00,13.45,13.49,13.49,13.45,1937.0,26113.0
2026-09-08 09:56:00,13.49,13.51,13.51,13.49,14065.0,189908.0
2026-09-08 09:57:00,13.51,13.48,13.51,13.48,14215.0,191875.0
2026-09-08 09:58:00,13.49,13.48,13.49,13.48,7835.0,105623.0
2026-09-08 09:59:00,13.47,13.45,13.47,13.45,25814.0,347276.0
2026-09-08 10:00:00,13.45,13.5,13.5,13.45,24886.0,334711.0
2026-09-08 10:01:00,13.5,13.53,13.54,13.5,14878.0,200999.0
2026-09-08 10:02:00,13.54,13.51,13.54,13.5,27769.0,375511.0
2026-09-08 10:03:00,13.51,13.51,13.51,13.51,1992.0,26912.0
2026-09-08 10:04:00,13.53,13.53,13.53,13.53,3900.0,52768.0
2026-09-08 10:05:00,13.53,13.5,13.53,13.5,4690.0,63342.0
2026-09-08 10:06:00,13.5,13.5,13.5,13.5,900.0,12150.0
2026-09-08 10:07:00,13.48,13.5,13.5,13.48,1163.0,15680.0
2026-09-08 10:08:00,13.48,13.52,13.52,13.48,33269.0,448671.0
2026-09-08 10:09:00,13.54,13.54,13.54,13.54,7000.0,94731.0
2026-09-08 10:10:00,13.53,13.54,13.54,13.53,986.0,13340.0
2026-09-08 10:11:00,13.53,13.53,13.53,13.53,1731.0,23434.0
2026-09-08 10:12:00,13.53,13.53,13.53,13.53,1186.0,16046.0
2026-09-08 10:13:00,13.53,13.53,13.53,13.53,249.0,3368.0
2026-09-08 10:14:00,13.53,13.52,13.53,13.52,2000.0,27035.0
2026-09-08 10:15:00,13.53,13.52,13.54,13.52,4756.0,64344.0
2026-09-08 10:16:00,13.53,13.51,13.53,13.51,424.0,5731.0
2026-09-08 10:17:00,13.5,13.5,13.5,13.5,1000.0,13500.0
2026-09-08 10:18:00,13.52,13.52,13.52,13.52,3097.0,41851.0
2026-09-08 10:19:00,13.51,13.5,13.51,13.5,5573.0,75254.0
2026-09-08 10:20:00,13.5,13.5,13.5,13.5,750.0,10130.0
2026-09-08 10:21:00,13.52,13.5,13.52,13.49,6902.0,93188.0
2026-09-08 10:22:00,13.5,13.5,13.5,13.49,3921.0,52928.0
2026-09-08 10:23:00,13.5,13.52,13.52,13.5,3275.0,44229.0
2026-09-08 10:24:00,13.5,13.5,13.5,13.5,100.0,1350.0
2026-09-08 10:25:00,13.5,13.5,13.5,13.5,20274.0,273684.0
2026-09-08 10:26:00,13.52,13.52,13.52,13.52,1200.0,16224.0
2026-09-08 10:27:00,13.5,13.53,13.53,13.5,7018.0,94844.0
2026-09-08 10:28:00,13.51,13.52,13.52,13.51,795.0,10742.0
2026-09-08 10:29:00,13.51,13.52,13.52,13.5,50040.0,675570.0
2026-09-08 10:30:00,13.49,13.49,13.49,13.49,1006.0,13571.0
2026-09-08 10:31:00,13.5,13.5,13.5,13.49,4964.0,66979.0
2026-09-08 10:32:00,13.5,13.51,13.51,13.5,8431.0,98844.0
2026-09-08 10:33:00,13.49,13.53,13.53,13.49,18890.0,255007.0
2026-09-08 10:34:00,13.51,13.52,13.52,13.51,8089.0,109294.0
2026-09-08 10:35:00,13.52,13.49,13.52,13.49,24807.0,334840.0
2026-09-08 10:36:00,13.49,13.48,13.49,13.47,29675.0,399906.0
2026-09-08 10:37:00,13.48,13.47,13.48,13.45,7564.0,101819.0
2026-09-08 10:38:00,13.47,13.47,13.48,13.47,8400.0,113053.0
2026-09-08 10:39:00,13.48,13.48,13.48,13.48,8084.0,108964.0
2026-09-08 10:41:00,13.48,13.48,13.48,13.48,12718.0,171439.0
2026-09-08 10:42:00,13.48,13.48,13.48,13.48,2387.0,32177.0
2026-09-08 10:43:00,13.47,13.48,13.48,13.47,7857.0,105857.0
2026-09-08 10:44:00,13.49,13.49,13.49,13.49,6020.0,81210.0
2026-09-08 10:45:00,13.48,13.48,13.48,13.48,15468.0,208515.0
2026-09-08 10:46:00,13.49,13.49,13.49,13.49,203.0,2738.0
2026-09-08 10:48:00,13.49,13.49,13.49,13.49,400.0,5396.0
2026-09-08 10:49:00,13.52,13.49,13.52,13.49,15397.0,207736.0
2026-09-08 10:50:00,13.49,13.48,13.49,13.48,10925.0,147274.0
2026-09-08 10:51:00,13.48,13.47,13.48,13.47,71603.0,964855.0
2026-09-08 10:52:00,13.48,13.48,13.48,13.47,5489.0,69552.0
2026-09-08 10:53:00,13.48,13.47,13.48,13.47,1455.0,19606.0
2026-09-08 10:54:00,13.47,13.47,13.47,13.47,12908.0,173870.0
2026-09-08 10:55:00,13.47,13.47,13.48,13.47,25218.0,339764.0
2026-09-08 10:56:00,13.47,13.48,13.48,13.47,5300.0,71416.0
2026-09-08 10:57:00,13.48,13.48,13.48,13.48,3628.0,48906.0
2026-09-08 10:58:00,13.47,13.48,13.48,13.47,6600.0,88908.0
2026-09-08 10:59:00,13.47,13.47,13.48,13.47,10329.0,139138.0
2026-09-08 11:00:00,13.47,13.48,13.48,13.47,2206.0,29732.0
2026-09-08 11:01:00,13.47,13.47,13.47,13.47,100.0,1346.0
2026-09-08 11:02:00,13.47,13.47,13.47,13.47,4764.0,64170.0
2026-09-08 11:03:00,13.46,13.46,13.46,13.46,13357.0,179786.0
2026-09-08 11:04:00,13.48,13.48,13.48,13.48,6000.0,80880.0
2026-09-08 11:05:00,13.47,13.47,13.47,13.47,5200.0,70014.0
2026-09-08 11:06:00,13.48,13.47,13.48,13.47,4483.0,60428.0
2026-09-08 11:07:00,13.49,13.5,13.5,13.49,2230.0,30100.0
2026-09-08 11:08:00,13.51,13.51,13.51,13.51,1712.0,23128.0
2026-09-08 11:09:00,13.5,13.5,13.5,13.5,1400.0,18900.0
2026-09-08 11:10:00,13.5,13.5,13.5,13.5,100.0,1348.0
2026-09-08 11:11:00,13.5,13.5,13.5,13.5,5400.0,72900.0
2026-09-08 11:12:00,13.49,13.49,13.49,13.49,1621.0,19170.0
2026-09-08 11:14:00,13.48,13.49,13.49,13.48,1500.0,20226.0
2026-09-08 11:15:00,13.49,13.5,13.5,13.49,6698.0,90420.0
2026-09-08 11:16:00,13.5,13.51,13.51,13.5,1900.0,25652.0
2026-09-08 11:17:00,13.5,13.5,13.5,13.5,13120.0,177120.0
2026-09-08 11:19:00,13.5,13.5,13.5,13.5,267.0,3604.0
2026-09-08 11:20:00,13.5,13.48,13.5,13.48,9992.0,134704.0
2026-09-08 11:21:00,13.48,13.48,13.48,13.48,8888.0,119808.0
2026-09-08 11:22:00,13.48,13.48,13.48,13.48,600.0,4044.0
2026-09-08 11:25:00,13.47,13.47,13.47,13.47,5203.0,70084.0
2026-09-08 11:26:00,13.47,13.47,13.47,13.47,2888.0,38900.0
2026-09-08 11:27:00,13.47,13.46,13.47,13.46,3782.0,50944.0
2026-09-08 11:28:00,13.47,13.46,13.47,13.46,3770.0,50764.0
2026-09-08 11:29:00,13.46,13.46,13.46,13.46,7258.0,97692.0
2026-09-08 11:30:00,13.47,13.47,13.47,13.47,2926.0,39416.0
2026-09-08 13:01:00,13.5,13.48,13.5,13.48,8937.0,120472.0
2026-09-08 13:02:00,13.48,13.47,13.48,13.47,19280.0,254428.0
2026-09-08 13:03:00,13.46,13.46,13.47,13.46,17434.0,234728.0
2026-09-08 13:04:00,13.45,13.46,13.46,13.45,5560.0,74786.0
2026-09-08 13:05:00,13.46,13.46,13.47,13.46,902.0,12142.0
2026-09-08 13:06:00,13.46,13.47,13.47,13.46,2394.0,32232.0
2026-09-08 13:07:00,13.47,13.46,13.47,13.46,506.0,6816.0
2026-09-08 13:08:00,13.47,13.47,13.47,13.47,800.0,10776.0
2026-09-08 13:09:00,13.48,13.46,13.48,13.46,5842.0,78642.0
2026-09-08 13:10:00,13.46,13.45,13.46,13.45,3918.0,52698.0
2026-09-08 13:11:00,13.46,13.44,13.46,13.44,54786.0,736894.0
2026-09-08 13:12:00,13.43,13.43,13.43,13.42,33425.0,448860.0
2026-09-08 13:13:00,13.42,13.41,13.44,13.41,49862.0,669118.0
2026-09-08 13:14:00,13.41,13.43,13.43,13.41,9042.0,121300.0
2026-09-08 13:15:00,13.43,13.43,13.43,13.43,5032.0,67580.0
2026-09-08 13:16:00,13.44,13.43,13.44,13.43,14261.0,191666.0
2026-09-08 13:17:00,13.45,13.45,13.45,13.45,600.0,8070.0
2026-09-08 13:19:00,13.46,13.45,13.46,13.45,3768.0,50714.0
2026-09-08 13:20:00,13.45,13.44,13.45,13.44,4650.0,62530.0
2026-09-08 13:21:00,13.45,13.46,13.46,13.45,6876.0,92512.0
2026-09-08 13:22:00,13.46,13.46,13.46,13.46,11978.0,161268.0
2026-09-08 13:23:00,13.45,13.45,13.45,13.45,5800.0,78010.0
2026-09-08 13:24:00,13.44,13.46,13.46,13.44,3349.0,45030.0
2026-09-08 13:25:00,13.46,13.46,13.46,13.46,800.0,10768.0
2026-09-08 13:26:00,13.46,13.49,13.49,13.46,12549.0,168890.0
2026-09-08 13:27:00,13.48,13.48,13.48,13.48,2157.0,29076.0
2026-09-08 13:30:00,13.45,13.45,13.45,13.45,3977.0,53490.0
2026-09-08 13:31:00,13.48,13.48,13.48,13.48,500.0,6740.0
2026-09-08 13:32:00,13.45,13.47,13.47,13.45,7752.0,104344.0
2026-09-08 13:33:00,13.45,13.45,13.45,13.45,10042.0,135064.0
2026-09-08 13:34:00,13.45,13.44,13.45,13.44,1500.0,20160.0
2026-09-08 13:35:00,13.45,13.45,13.46,13.45,13500.0,181580.0
2026-09-08 13:36:00,13.44,13.45,13.45,13.44,6967.0,93668.0
2026-09-08 13:37:00,13.45,13.46,13.46,13.45,15200.0,204584.0
2026-09-08 13:38:00,13.46,13.47,13.47,13.46,11767.0,158404.0
2026-09-08 13:39:00,13.46,13.47,13.47,13.46,15717.0,211706.0
2026-09-08 13:40:00,13.48,13.5,13.5,13.48,27203.0,366698.0
2026-09-08 13:41:00,13.5,13.5,13.51,13.5,5246.0,70842.0
2026-09-08 13:42:00,13.5,13.47,13.5,13.47,10170.0,137028.0
2026-09-08 13:43:00,13.48,13.49,13.49,13.48,6527.0,87986.0
2026-09-08 13:44:00,13.47,13.47,13.47,13.47,400.0,5388.0
2026-09-08 13:46:00,13.47,13.49,13.49,13.47,8153.0,109862.0
2026-09-08 13:48:00,13.48,13.48,13.48,13.48,100.0,1348.0
2026-09-08 13:49:00,13.47,13.47,13.47,13.47,20186.0,271916.0
2026-09-08 13:52:00,13.48,13.48,13.48,13.48,269.0,3626.0
2026-09-08 13:53:00,13.48,13.48,13.48,13.48,3500.0,47180.0
2026-09-08 13:54:00,13.48,13.49,13.49,13.48,5235.0,70582.0
2026-09-08 13:55:00,13.48,13.47,13.48,13.47,1049.0,14136.0
2026-09-08 13:56:00,13.46,13.45,13.46,13.45,18729.0,252026.0
2026-09-08 13:57:00,13.45,13.45,13.46,13.45,9654.0,129888.0
2026-09-08 13:58:00,13.45,13.45,13.45,13.45,4274.0,57484.0
2026-09-08 13:59:00,13.46,13.46,13.46,13.45,1566.0,21074.0
2026-09-08 14:00:00,13.46,13.46,13.47,13.46,8238.0,110902.0
2026-09-08 14:01:00,13.46,13.46,13.46,13.46,6921.0,93098.0
2026-09-08 14:03:00,13.46,13.46,13.46,13.46,6167.0,83006.0
2026-09-08 14:04:00,13.46,13.45,13.46,13.44,28161.0,378760.0
2026-09-08 14:05:00,13.45,13.45,13.45,13.44,7748.0,104200.0
2026-09-08 14:06:00,13.45,13.45,13.45,13.45,2000.0,26900.0
2026-09-08 14:07:00,13.45,13.45,13.45,13.45,4080.0,54876.0
2026-09-08 14:08:00,13.45,13.44,13.45,13.44,17152.0,230568.0
2026-09-08 14:09:00,13.44,13.43,13.44,13.43,11012.0,147912.0
2026-09-08 14:10:00,13.43,13.44,13.44,13.43,6050.0,81304.0
2026-09-08 14:11:00,13.46,13.46,13.46,13.46,600.0,8076.0
2026-09-08 14:13:00,13.45,13.44,13.46,13.44,929.0,12496.0
2026-09-08 14:14:00,13.44,13.44,13.44,13.44,17584.0,236328.0
2026-09-08 14:15:00,13.44,13.44,13.46,13.44,28314.0,380688.0
2026-09-08 14:16:00,13.44,13.44,13.44,13.44,7900.0,106176.0
2026-09-08 14:17:00,13.43,13.44,13.44,13.43,2100.0,28204.0
2026-09-08 14:18:00,13.44,13.43,13.44,13.43,408.0,5480.0
2026-09-08 14:19:00,13.43,13.42,13.43,13.42,16383.0,219992.0
2026-09-08 14:20:00,13.42,13.42,13.42,13.42,3000.0,40260.0
2026-09-08 14:21:00,13.43,13.44,13.44,13.42,10930.0,146752.0
2026-09-08 14:22:00,13.44,13.44,13.44,13.44,1992.0,26772.0
2026-09-08 14:23:00,13.43,13.44,13.44,13.43,6019.0,80854.0
2026-09-08 14:24:00,13.44,13.43,13.49,13.43,52481.0,707530.0
2026-09-08 14:25:00,13.48,13.48,13.49,13.48,11445.0,154280.0
2026-09-08 14:26:00,13.48,13.49,13.49,13.48,12242.0,165040.0
2026-09-08 14:27:00,13.49,13.49,13.49,13.49,10934.0,147498.0
2026-09-08 14:28:00,13.49,13.5,13.5,13.49,10698.0,144322.0
2026-09-08 14:29:00,13.49,13.49,13.5,13.49,9483.0,127948.0
2026-09-08 14:30:00,13.5,13.49,13.5,13.49,14289.0,192782.0
2026-09-08 14:31:00,13.49,13.48,13.49,13.48,200.0,2698.0
2026-09-08 14:32:00,13.48,13.49,13.5,13.48,22139.0,282468.0
2026-09-08 14:33:00,13.49,13.49,13.49,13.48,2924.0,39424.0
2026-09-08 14:35:00,13.48,13.48,13.49,13.48,3275.0,44152.0
2026-09-08 14:36:00,13.46,13.46,13.46,13.46,200.0,2692.0
2026-09-08 14:37:00,13.45,13.45,13.45,13.45,1377.0,18520.0
2026-09-08 14:38:00,13.42,13.48,13.48,13.42,62150.0,835060.0
2026-09-08 14:39:00,13.48,13.43,13.48,13.43,6863.0,92260.0
2026-09-08 14:40:00,13.43,13.49,13.49,13.43,5098.0,68596.0
2026-09-08 14:41:00,13.46,13.49,13.49,13.46,12545.0,168928.0
2026-09-08 14:42:00,13.45,13.47,13.47,13.45,2078.0,27964.0
2026-09-08 14:43:00,13.47,13.47,13.47,13.47,800.0,10776.0
2026-09-08 14:44:00,13.47,13.47,13.47,13.47,2700.0,36368.0
2026-09-08 14:45:00,13.45,13.46,13.49,13.45,12417.0,167246.0
2026-09-08 14:46:00,13.46,13.46,13.47,13.46,7643.0,102894.0
2026-09-08 14:47:00,13.46,13.45,13.46,13.43,55119.0,740348.0
2026-09-08 14:48:00,13.43,13.49,13.49,13.43,16599.0,223554.0
2026-09-08 14:49:00,13.47,13.46,13.49,13.46,4541.0,61186.0
2026-09-08 14:50:00,13.47,13.48,13.48,13.47,8122.0,109412.0
2026-09-08 14:51:00,13.47,13.49,13.49,13.47,22471.0,302984.0
2026-09-08 14:52:00,13.47,13.48,13.49,13.47,2900.0,39092.0
2026-09-08 14:53:00,13.47,13.48,13.48,13.47,19445.0,262076.0
2026-09-08 14:54:00,13.48,13.48,13.49,13.48,7359.0,99204.0
2026-09-08 14:55:00,13.48,13.47,13.48,13.47,10070.0,135692.0
2026-09-08 14:56:00,13.48,13.47,13.48,13.47,23587.0,317740.0
2026-09-08 14:57:00,13.47,13.47,13.47,13.46,15073.0,202984.0
2026-09-08 14:58:00,13.46,13.46,13.46,13.46,6478.0,87208.0
2026-09-08 15:00:00,13.46,13.46,13.46,13.46,24520.0,330040.0
2026-09-09 09:31:00,13.5,13.5,13.52,13.5,45239.0,610507.0
2026-09-09 09:32:00,13.5,13.48,13.51,13.47,16435.0,221809.0
2026-09-09 09:33:00,13.48,13.52,13.52,13.46,94352.0,1161785.0
2026-09-09 09:34:00,13.53,13.56,13.58,13.52,22008.0,298225.0
2026-09-09 09:35:00,13.56,13.54,13.56,13.54,27057.0,366727.0
2026-09-09 09:36:00,13.53,13.55,13.55,13.53,26569.0,359631.0
2026-09-09 09:37:00,13.54,13.55,13.55,13.53,9317.0,126166.0
2026-09-09 09:38:00,13.55,13.54,13.55,13.54,25127.0,340391.0
2026-09-09 09:39:00,13.52,13.5,13.52,13.5,7572.0,102287.0
2026-09-09 09:40:00,13.5,13.55,13.55,13.5,12529.0,169573.0
2026-09-09 09:41:00,13.52,13.53,13.54,13.49,11728.0,158600.0
2026-09-09 09:42:00,13.5,13.5,13.5,13.5,463.0,6251.0
2026-09-09 09:43:00,13.49,13.53,13.53,13.49,9944.0,128944.0
2026-09-09 09:44:00,13.53,13.53,13.53,13.53,400.0,5412.0
2026-09-09 09:45:00,13.5,13.5,13.5,13.5,9200.0,124200.0
2026-09-09 09:46:00,13.5,13.5,13.51,13.49,13190.0,177974.0
2026-09-09 09:47:00,13.5,13.48,13.5,13.48,12245.0,165266.0
2026-09-09 09:48:00,13.48,13.48,13.49,13.47,24451.0,329178.0
2026-09-09 09:49:00,13.48,13.48,13.48,13.48,3532.0,47611.0
2026-09-09 09:50:00,13.46,13.45,13.46,13.45,24420.0,328534.0
2026-09-09 09:51:00,13.45,13.44,13.45,13.44,9680.0,130170.0
2026-09-09 09:52:00,13.44,13.43,13.44,13.43,7110.0,95545.0
2026-09-09 09:53:00,13.43,13.42,13.43,13.42,19178.0,257536.0
2026-09-09 09:54:00,13.42,13.42,13.43,13.41,34021.0,456705.0
2026-09-09 09:55:00,13.42,13.43,13.43,13.42,5749.0,77189.0
2026-09-09 09:56:00,13.42,13.43,13.43,13.42,24756.0,332366.0
2026-09-09 09:57:00,13.43,13.43,13.43,13.43,600.0,8058.0
2026-09-09 09:58:00,13.44,13.44,13.44,13.44,200.0,2688.0
2026-09-09 09:59:00,13.44,13.43,13.44,13.43,6833.0,91802.0
2026-09-09 10:00:00,13.43,13.41,13.43,13.41,34938.0,468768.0
2026-09-09 10:01:00,13.41,13.42,13.42,13.41,3825.0,51328.0
2026-09-09 10:02:00,13.42,13.41,13.42,13.41,22527.0,302119.0
2026-09-09 10:03:00,13.42,13.47,13.47,13.42,19800.0,266153.0
2026-09-09 10:04:00,13.44,13.44,13.44,13.44,2907.0,39070.0
2026-09-09 10:05:00,13.44,13.44,13.44,13.42,4953.0,66529.0
2026-09-09 10:06:00,13.44,13.44,13.47,13.44,9312.0,125306.0
2026-09-09 10:07:00,13.47,13.45,13.47,13.45,2632.0,35425.0
2026-09-09 10:08:00,13.45,13.47,13.47,13.45,12123.0,163121.0
2026-09-09 10:09:00,13.47,13.47,13.47,13.47,1245.0,16770.0
2026-09-09 10:10:00,13.45,13.47,13.47,13.45,2753.0,37043.0
2026-09-09 10:11:00,13.46,13.44,13.46,13.44,52911.0,711692.0
2026-09-09 10:13:00,13.44,13.46,13.46,13.44,2156.0,29004.0
2026-09-09 10:14:00,13.46,13.46,13.46,13.46,2852.0,38388.0
2026-09-09 10:15:00,13.45,13.47,13.47,13.45,7000.0,94196.0
2026-09-09 10:16:00,13.47,13.48,13.48,13.46,41976.0,565423.0
2026-09-09 10:17:00,13.48,13.48,13.49,13.48,9958.0,134253.0
2026-09-09 10:18:00,13.48,13.46,13.48,13.46,6886.0,92776.0
2026-09-09 10:19:00,13.45,13.44,13.45,13.44,11566.0,155587.0
2026-09-09 10:20:00,13.45,13.45,13.45,13.45,23536.0,316559.0
2026-09-09 10:21:00,13.45,13.47,13.47,13.45,21640.0,291055.0
2026-09-09 10:22:00,13.45,13.51,13.51,13.45,57458.0,774681.0
2026-09-09 10:23:00,13.51,13.46,13.51,13.46,6650.0,87026.0
2026-09-09 10:24:00,13.49,13.49,13.49,13.49,247.0,3332.0
2026-09-09 10:25:00,13.49,13.47,13.49,13.47,1728.0,23300.0
2026-09-09 10:26:00,13.47,13.47,13.47,13.47,856.0,11530.0
2026-09-09 10:28:00,13.47,13.47,13.47,13.47,1300.0,17511.0
2026-09-09 10:29:00,13.47,13.45,13.47,13.45,12990.0,174840.0
2026-09-09 10:31:00,13.44,13.43,13.44,13.43,24453.0,328578.0
2026-09-09 10:32:00,13.43,13.43,13.44,13.43,8042.0,108050.0
2026-09-09 10:33:00,13.43,13.43,13.43,13.43,23000.0,174660.0
2026-09-09 10:34:00,13.43,13.43,13.43,13.43,1385.0,18601.0
2026-09-09 10:35:00,13.43,13.43,13.43,13.43,5000.0,67150.0
2026-09-09 10:36:00,13.44,13.42,13.44,13.42,7345.0,98645.0
2026-09-09 10:37:00,13.43,13.43,13.43,13.42,5383.0,72279.0
2026-09-09 10:38:00,13.42,13.42,13.42,13.42,8090.0,108568.0
2026-09-09 10:39:00,13.41,13.43,13.43,13.41,17671.0,237197.0
2026-09-09 10:40:00,13.43,13.43,13.43,13.43,1500.0,20145.0
2026-09-09 10:41:00,13.43,13.43,13.43,13.43,4448.0,59736.0
2026-09-09 10:42:00,13.43,13.46,13.47,13.43,300.0,4036.0
2026-09-09 10:43:00,13.47,13.44,13.47,13.44,600.0,8079.0
2026-09-09 10:44:00,13.44,13.44,13.44,13.44,9327.0,125355.0
2026-09-09 10:45:00,13.44,13.44,13.44,13.44,300.0,4032.0
2026-09-09 10:46:00,13.44,13.44,13.44,13.44,2039.0,27404.0
2026-09-09 10:47:00,13.44,13.44,13.44,13.44,400.0,5376.0
2026-09-09 10:48:00,13.44,13.43,13.44,13.43,9234.0,124095.0
2026-09-09 10:49:00,13.43,13.42,13.43,13.42,800.0,10742.0
2026-09-09 10:50:00,13.43,13.42,13.43,13.42,3551.0,47672.0
2026-09-09 10:51:00,13.43,13.44,13.44,13.43,3263.0,43831.0
2026-09-09 10:53:00,13.44,13.44,13.44,13.43,5546.0,74518.0
2026-09-09 10:54:00,13.42,13.46,13.46,13.42,14100.0,189227.0
2026-09-09 10:55:00,13.42,13.42,13.42,13.42,8626.0,115761.0
2026-09-09 10:56:00,13.41,13.4,13.41,13.4,46410.0,622120.0
2026-09-09 10:57:00,13.4,13.39,13.4,13.38,21886.0,293048.0
2026-09-09 10:58:00,13.38,13.38,13.38,13.38,21399.0,286368.0
2026-09-09 10:59:00,13.38,13.35,13.38,13.34,64432.0,860767.0
2026-09-09 11:00:00,13.33,13.31,13.33,13.31,37744.0,502734.0
2026-09-09 11:01:00,13.3,13.34,13.34,13.3,44878.0,597219.0
2026-09-09 11:02:00,13.35,13.35,13.35,13.34,11673.0,155824.0
2026-09-09 11:03:00,13.35,13.29,13.35,13.29,22967.0,305678.0
2026-09-09 11:04:00,13.3,13.24,13.3,13.24,67961.0,902592.0
2026-09-09 11:05:00,13.27,13.28,13.28,13.25,32814.0,435322.0
2026-09-09 11:06:00,13.26,13.26,13.28,13.26,17077.0,226660.0
2026-09-09 11:07:00,13.26,13.28,13.28,13.26,38008.0,504154.0
2026-09-09 11:08:00,13.3,13.28,13.3,13.27,11300.0,150070.0
2026-09-09 11:09:00,13.28,13.27,13.28,13.26,17700.0,235024.0
2026-09-09 11:10:00,13.26,13.27,13.28,13.26,6572.0,87176.0
2026-09-09 11:11:00,13.28,13.28,13.28,13.28,4823.0,64048.0
2026-09-09 11:12:00,13.28,13.28,13.28,13.28,1800.0,23904.0
2026-09-09 11:13:00,13.28,13.28,13.29,13.28,4800.0,63772.0
2026-09-09 11:14:00,13.29,13.28,13.31,13.28,6312.0,83852.0
2026-09-09 11:15:00,13.28,13.26,13.28,13.26,35779.0,474980.0
2026-09-09 11:16:00,13.27,13.27,13.27,13.27,10607.0,140784.0
2026-09-09 11:17:00,13.26,13.26,13.26,13.26,18502.0,245402.0
2026-09-09 11:18:00,13.26,13.25,13.26,13.24,43615.0,577860.0
2026-09-09 11:19:00,13.26,13.26,13.26,13.26,4700.0,62322.0
2026-09-09 11:20:00,13.28,13.28,13.3,13.28,1024.0,13600.0
2026-09-09 11:21:00,13.28,13.28,13.3,13.28,2700.0,35900.0
2026-09-09 11:22:00,13.28,13.28,13.28,13.28,600.0,7968.0
2026-09-09 11:23:00,13.28,13.28,13.28,13.28,5476.0,71392.0
2026-09-09 11:24:00,13.28,13.26,13.28,13.26,7112.0,94312.0
2026-09-09 11:25:00,13.26,13.26,13.26,13.26,1600.0,21216.0
2026-09-09 11:26:00,13.26,13.3,13.3,13.26,2089.0,27746.0
2026-09-09 11:27:00,13.28,13.26,13.29,13.26,4429.0,58806.0
2026-09-09 11:28:00,13.26,13.27,13.27,13.26,2597.0,34460.0
2026-09-09 11:29:00,13.27,13.26,13.27,13.26,6427.0,85240.0
2026-09-09 11:30:00,13.26,13.26,13.26,13.26,5010.0,66434.0
2026-09-09 13:01:00,13.27,13.25,13.29,13.25,13347.0,177022.0
2026-09-09 13:02:00,13.26,13.25,13.26,13.25,9600.0,127252.0
2026-09-09 13:03:00,13.25,13.25,13.28,13.25,8506.0,112748.0
2026-09-09 13:04:00,13.25,13.23,13.25,13.23,30653.0,406050.0
2026-09-09 13:05:00,13.24,13.22,13.24,13.22,4800.0,63482.0
2026-09-09 13:06:00,13.23,13.23,13.24,13.22,5970.0,78938.0
2026-09-09 13:07:00,13.23,13.24,13.24,13.23,4598.0,60856.0
2026-09-09 13:08:00,13.24,13.25,13.25,13.24,2270.0,30064.0
2026-09-09 13:09:00,13.25,13.24,13.25,13.24,9548.0,126454.0
2026-09-09 13:10:00,13.24,13.24,13.24,13.24,100.0,1324.0
2026-09-09 13:11:00,13.25,13.25,13.25,13.24,8900.0,117920.0
2026-09-09 13:12:00,13.24,13.24,13.25,13.24,18900.0,250328.0
2026-09-09 13:13:00,13.24,13.24,13.24,13.24,5400.0,71496.0
2026-09-09 13:14:00,13.24,13.26,13.26,13.24,1654.0,21916.0
2026-09-09 13:15:00,13.24,13.24,13.24,13.24,15533.0,205638.0
2026-09-09 13:16:00,13.24,13.25,13.25,13.24,6200.0,82092.0
2026-09-09 13:17:00,13.24,13.23,13.24,13.23,9447.0,125074.0
2026-09-09 13:18:00,13.23,13.23,13.23,13.23,2344.0,31012.0
2026-09-09 13:19:00,13.23,13.24,13.24,13.23,4729.0,62576.0
2026-09-09 13:20:00,13.23,13.18,13.23,13.18,91781.0,1211508.0
2026-09-09 13:21:00,13.17,13.11,13.17,13.11,99191.0,1302868.0
2026-09-09 13:22:00,13.11,13.16,13.16,13.08,29461.0,386172.0
2026-09-09 13:23:00,13.14,13.13,13.15,13.13,11287.0,148380.0
2026-09-09 13:24:00,13.14,13.1,13.14,13.09,19599.0,257042.0
2026-09-09 13:25:00,13.09,13.1,13.1,13.09,18596.0,243570.0
2026-09-09 13:26:00,13.12,13.12,13.12,13.12,14219.0,186620.0
2026-09-09 13:27:00,13.14,13.12,13.14,13.12,6423.0,84292.0
2026-09-09 13:28:00,13.12,13.11,13.12,13.11,9634.0,126380.0
2026-09-09 13:29:00,13.11,13.1,13.11,13.1,22390.0,293402.0
2026-09-09 13:30:00,13.1,13.06,13.1,13.06,32415.0,423842.0
2026-09-09 13:31:00,13.06,13.03,13.06,13.03,31296.0,408112.0
2026-09-09 13:32:00,13.03,13.02,13.03,13.02,59141.0,770216.0
2026-09-09 13:33:00,13.02,13.02,13.02,13.01,73459.0,807198.0
2026-09-09 13:34:00,13.02,13.05,13.05,13.02,27330.0,356422.0
2026-09-09 13:35:00,13.06,13.06,13.06,13.04,8826.0,115212.0
2026-09-09 13:36:00,13.05,13.04,13.05,13.04,11827.0,154294.0
2026-09-09 13:37:00,13.04,13.06,13.06,13.04,36556.0,477146.0
2026-09-09 13:38:00,13.06,13.06,13.06,13.05,2910.0,37996.0
2026-09-09 13:39:00,13.06,13.06,13.06,13.06,3524.0,46024.0
2026-09-09 13:40:00,13.06,13.06,13.06,13.05,21360.0,278896.0
2026-09-09 13:41:00,13.06,13.06,13.06,13.05,7712.0,100710.0
2026-09-09 13:42:00,13.05,13.06,13.06,13.05,4250.0,55482.0
2026-09-09 13:43:00,13.06,13.06,13.06,13.05,8274.0,107988.0
2026-09-09 13:44:00,13.06,13.05,13.06,13.05,14997.0,195828.0
2026-09-09 13:45:00,13.06,13.06,13.06,13.06,2262.0,29540.0
2026-09-09 13:46:00,13.06,13.06,13.06,13.06,2000.0,26116.0
2026-09-09 13:47:00,13.05,13.05,13.06,13.05,9528.0,124344.0
2026-09-09 13:48:00,13.05,13.05,13.05,13.05,17719.0,231144.0
2026-09-09 13:49:00,13.05,13.05,13.05,13.05,5345.0,69750.0
2026-09-09 13:50:00,13.05,13.06,13.06,13.05,10737.0,140154.0
2026-09-09 13:51:00,13.06,13.06,13.06,13.05,42365.0,553020.0
2026-09-09 13:52:00,13.06,13.06,13.06,13.06,8565.0,111860.0
2026-09-09 13:53:00,13.06,13.06,13.06,13.06,138924.0,1794756.0
2026-09-09 13:54:00,13.06,13.11,13.11,13.06,107198.0,1400020.0
2026-09-09 13:55:00,13.11,13.06,13.11,13.06,13894.0,181820.0
2026-09-09 13:56:00,13.08,13.08,13.08,13.08,166.0,2172.0
2026-09-09 13:57:00,13.07,13.09,13.09,13.07,8427.0,110168.0
2026-09-09 13:58:00,13.09,13.14,13.14,13.09,6786.0,88964.0
2026-09-09 13:59:00,13.13,13.13,13.15,13.13,4702.0,61780.0
2026-09-09 14:00:00,13.14,13.14,13.14,13.14,1200.0,15768.0
2026-09-09 14:01:00,13.14,13.2,13.2,13.14,11421.0,150292.0
2026-09-09 14:02:00,13.17,13.17,13.17,13.16,10085.0,132808.0
2026-09-09 14:03:00,13.17,13.16,13.17,13.16,3103.0,40844.0
2026-09-09 14:04:00,13.16,13.15,13.16,13.15,1098.0,14444.0
2026-09-09 14:05:00,13.14,13.14,13.14,13.14,1345.0,17676.0
2026-09-09 14:06:00,13.13,13.13,13.13,13.13,4000.0,52520.0
2026-09-09 14:07:00,13.13,13.12,13.13,13.12,6065.0,79624.0
2026-09-09 14:08:00,13.12,13.11,13.12,13.11,15855.0,208012.0
2026-09-09 14:09:00,13.11,13.1,13.12,13.1,6581.0,86272.0
2026-09-09 14:10:00,13.11,13.1,13.11,13.08,7455.0,97604.0
2026-09-09 14:11:00,13.1,13.09,13.1,13.09,2700.0,35356.0
2026-09-09 14:12:00,13.1,13.12,13.14,13.06,26985.0,352892.0
2026-09-09 14:13:00,13.12,13.13,13.13,13.12,1169.0,15340.0
2026-09-09 14:14:00,13.12,13.11,13.12,13.11,2400.0,31472.0
2026-09-09 14:16:00,13.12,13.11,13.14,13.11,7917.0,103948.0
2026-09-09 14:17:00,13.11,13.1,13.11,13.1,2646.0,34664.0
2026-09-09 14:18:00,13.1,13.07,13.11,13.07,13117.0,171768.0
2026-09-09 14:19:00,13.08,13.08,13.08,13.07,3745.0,48968.0
2026-09-09 14:20:00,13.08,13.13,13.13,13.08,5237.0,68656.0
2026-09-09 14:21:00,13.13,13.11,13.13,13.11,1800.0,23616.0
2026-09-09 14:22:00,13.11,13.11,13.11,13.11,427.0,5600.0
2026-09-09 14:23:00,13.11,13.13,13.13,13.11,5859.0,76796.0
2026-09-09 14:24:00,13.13,13.12,13.14,13.11,6009.0,78832.0
2026-09-09 14:25:00,13.12,13.15,13.15,13.12,12660.0,166104.0
2026-09-09 14:26:00,13.16,13.15,13.16,13.15,2153.0,28324.0
2026-09-09 14:27:00,13.15,13.13,13.16,13.13,988.0,12988.0
2026-09-09 14:28:00,13.13,13.13,13.13,13.13,2000.0,26260.0
2026-09-09 14:29:00,13.12,13.11,13.12,13.11,9238.0,121152.0
2026-09-09 14:30:00,13.11,13.12,13.12,13.1,18445.0,241728.0
2026-09-09 14:31:00,13.13,13.13,13.13,13.12,1050.0,13784.0
2026-09-09 14:32:00,13.11,13.13,13.13,13.11,5230.0,68600.0
2026-09-09 14:33:00,13.13,13.12,13.13,13.12,144.0,1888.0
2026-09-09 14:34:00,13.12,13.12,13.12,13.12,56.0,736.0
2026-09-09 14:35:00,13.12,13.13,13.13,13.12,1277.0,16756.0
2026-09-09 14:37:00,13.13,13.13,13.13,13.13,7445.0,97756.0
2026-09-09 14:38:00,13.14,13.15,13.17,13.14,14554.0,191312.0
2026-09-09 14:39:00,13.15,13.15,13.15,13.14,5017.0,65952.0
2026-09-09 14:40:00,13.15,13.18,13.18,13.15,11015.0,144984.0
2026-09-09 14:41:00,13.18,13.17,13.18,13.17,2859.0,37672.0
2026-09-09 14:42:00,13.17,13.17,13.17,13.17,1313.0,17296.0
2026-09-09 14:43:00,13.17,13.17,13.17,13.15,8747.0,115196.0
2026-09-09 14:44:00,13.17,13.15,13.17,13.15,7505.0,98760.0
2026-09-09 14:45:00,13.16,13.18,13.18,13.16,8023.0,105684.0
2026-09-09 14:46:00,13.21,13.2,13.21,13.18,14748.0,194616.0
2026-09-09 14:47:00,13.18,13.16,13.19,13.16,5448.0,71748.0
2026-09-09 14:48:00,13.15,13.15,13.15,13.14,5482.0,72052.0
2026-09-09 14:49:00,13.12,13.11,13.14,13.11,9070.0,119024.0
2026-09-09 14:50:00,13.12,13.11,13.12,13.1,10146.0,133012.0
2026-09-09 14:51:00,13.11,13.1,13.12,13.1,17799.0,233288.0
2026-09-09 14:52:00,13.11,13.12,13.12,13.11,20637.0,270540.0
2026-09-09 14:53:00,13.12,13.11,13.12,13.11,8890.0,103516.0
2026-09-09 14:54:00,13.12,13.09,13.12,13.09,36187.0,474216.0
2026-09-09 14:55:00,13.1,13.09,13.11,13.09,25919.0,339400.0
2026-09-09 14:56:00,13.09,13.09,13.09,13.08,17848.0,233444.0
2026-09-09 14:57:00,13.09,13.08,13.09,13.08,18507.0,242120.0
2026-09-09 14:58:00,13.09,13.09,13.09,13.09,300.0,3924.0
2026-09-09 15:00:00,13.08,13.08,13.08,13.08,17947.0,234748.0
