time,open,close,high,low,volume,amount
2026-08-28 13:01:00,21.88,21.81,21.88,21.81,13752.0,300720.0
2026-08-28 13:02:00,21.81,21.73,21.82,21.73,9396.0,204640.0
2026-08-28 13:03:00,21.74,21.74,21.74,21.74,100.0,2176.0
2026-08-28 13:04:00,21.74,21.7,21.74,21.7,19397.0,421184.0
2026-08-28 13:05:00,21.69,21.58,21.69,21.58,122544.0,2646352.0
2026-08-28 13:06:00,21.58,21.57,21.58,21.55,20685.0,446304.0
2026-08-28 13:07:00,21.57,21.57,21.58,21.57,6166.0,133008.0
2026-08-28 13:08:00,21.65,21.58,21.65,21.58,12906.0,279024.0
2026-08-28 13:09:00,21.58,21.55,21.58,21.55,5206.0,112272.0
2026-08-28 13:10:00,21.55,21.6,21.6,21.55,15603.0,336688.0
2026-08-28 13:11:00,21.61,21.59,21.61,21.59,19790.0,427680.0
2026-08-28 13:12:00,21.61,21.57,21.61,21.57,1358.0,29328.0
2026-08-28 13:13:00,21.58,21.53,21.58,21.53,9995.0,215440.0
2026-08-28 13:14:00,21.55,21.55,21.57,21.55,4926.0,106176.0
2026-08-28 13:15:00,21.55,21.54,21.55,21.53,6872.0,148032.0
2026-08-28 13:16:00,21.54,21.55,21.55,21.54,3031.0,65312.0
2026-08-28 13:17:00,21.55,21.48,21.55,21.48,40932.0,880816.0
2026-08-28 13:18:00,21.48,21.47,21.48,21.46,12675.0,272192.0
2026-08-28 13:19:00,21.47,21.48,21.52,21.47,4486.0,96368.0
2026-08-28 13:20:00,21.52,21.5,21.52,21.49,5368.0,115440.0
2026-08-28 13:21:00,21.49,21.4,21.49,21.4,26758.0,573760.0
2026-08-28 13:22:00,21.4,21.37,21.4,21.35,26607.0,568352.0
2026-08-28 13:23:00,21.37,21.49,21.49,21.37,22273.0,478128.0
2026-08-28 13:24:00,21.49,21.39,21.49,21.39,20800.0,446912.0
2026-08-28 13:25:00,21.37,21.37,21.37,21.36,13619.0,291008.0
2026-08-28 13:26:00,21.37,21.35,21.39,21.35,11936.0,255008.0
2026-08-28 13:27:00,21.33,21.32,21.33,21.31,12680.0,270320.0
2026-08-28 13:28:00,21.33,21.32,21.48,21.31,7828.0,166960.0
2026-08-28 13:29:00,21.34,21.37,21.37,21.34,3642.0,77760.0
2026-08-28 13:30:00,21.37,21.38,21.38,21.37,500.0,10688.0
2026-08-28 13:31:00,21.43,21.38,21.43,21.38,360.0,7712.0
2026-08-28 13:32:00,21.38,21.39,21.39,21.38,5700.0,121888.0
2026-08-28 13:33:00,21.38,21.52,21.52,21.38,19691.0,422832.0
2026-08-28 13:34:00,21.52,21.55,21.55,21.52,10140.0,218512.0
2026-08-28 13:35:00,21.55,21.5,21.57,21.5,7239.0,155936.0
2026-08-28 13:36:00,21.5,21.55,21.55,21.45,14289.0,240432.0
2026-08-28 13:37:00,21.57,21.6,21.6,21.57,13342.0,288128.0
2026-08-28 13:38:00,21.66,21.59,21.66,21.58,25735.0,555568.0
2026-08-28 13:39:00,21.6,21.42,21.6,21.42,31075.0,669824.0
2026-08-28 13:40:00,21.41,21.42,21.42,21.39,10583.0,226512.0
2026-08-28 13:41:00,21.42,21.41,21.42,21.41,3255.0,69712.0
2026-08-28 13:42:00,21.41,21.42,21.51,21.41,5828.0,124848.0
2026-08-28 13:43:00,21.52,21.52,21.52,21.52,5002.0,107616.0
2026-08-28 13:44:00,21.52,21.52,21.52,21.52,7063.0,151984.0
2026-08-28 13:45:00,21.54,21.54,21.55,21.54,20008.0,430976.0
2026-08-28 13:46:00,21.52,21.45,21.52,21.45,13043.0,173200.0
2026-08-28 13:47:00,21.45,21.44,21.45,21.44,200.0,4288.0
2026-08-28 13:48:00,21.44,21.42,21.44,21.42,17431.0,373536.0
2026-08-28 13:49:00,21.43,21.45,21.45,21.43,3254.0,69792.0
2026-08-28 13:50:00,21.46,21.45,21.46,21.43,19575.0,419648.0
2026-08-28 13:51:00,21.44,21.43,21.44,21.43,5766.0,123584.0
2026-08-28 13:52:00,21.43,21.43,21.43,21.43,2400.0,51440.0
2026-08-28 13:53:00,21.43,21.42,21.44,21.42,11399.0,244272.0
2026-08-28 13:54:00,21.43,21.43,21.43,21.43,10880.0,233152.0
2026-08-28 13:55:00,21.44,21.45,21.46,21.44,2922.0,62688.0
2026-08-28 13:56:00,21.45,21.46,21.46,21.44,4755.0,101984.0
2026-08-28 13:57:00,21.46,21.46,21.46,21.46,100.0,2144.0
2026-08-28 13:58:00,21.46,21.41,21.47,21.41,4592.0,98448.0
2026-08-28 13:59:00,21.4,21.39,21.4,21.39,13246.0,283424.0
2026-08-28 14:00:00,21.38,21.39,21.39,21.38,800.0,17120.0
2026-08-28 14:01:00,21.39,21.41,21.41,21.38,4736.0,101312.0
2026-08-28 14:02:00,21.4,21.41,21.41,21.4,10827.0,231872.0
2026-08-28 14:03:00,21.43,21.43,21.47,21.43,13281.0,284800.0
2026-08-28 14:04:00,21.51,21.51,21.51,21.5,5609.0,120512.0
2026-08-28 14:05:00,21.5,21.5,21.5,21.5,204.0,4384.0
2026-08-28 14:06:00,21.5,21.5,21.5,21.5,250.0,5376.0
2026-08-28 14:07:00,21.51,21.37,21.51,21.37,32120.0,687888.0
2026-08-28 14:08:00,21.36,21.37,21.37,21.35,11002.0,235056.0
2026-08-28 14:09:00,21.35,21.3,21.36,21.3,32986.0,702944.0
2026-08-28 14:10:00,21.3,21.31,21.31,21.3,42440.0,904032.0
2026-08-28 14:11:00,21.31,21.37,21.37,21.3,7618.0,162368.0
2026-08-28 14:12:00,21.32,21.32,21.32,21.32,639.0,13616.0
2026-08-28 14:13:00,21.37,21.37,21.37,21.36,563.0,12032.0
2026-08-28 14:14:00,21.38,21.37,21.38,21.37,10075.0,215392.0
2026-08-28 14:15:00,21.37,21.37,21.37,21.37,556.0,11888.0
2026-08-28 14:16:00,21.37,21.37,21.38,21.37,1766.0,37744.0
2026-08-28 14:17:00,21.37,21.36,21.37,21.36,1287.0,27504.0
2026-08-28 14:18:00,21.37,21.36,21.37,21.36,2567.0,54832.0
2026-08-28 14:19:00,21.36,21.32,21.36,21.32,6476.0,138144.0
2026-08-28 14:20:00,21.3,21.3,21.33,21.3,27139.0,578432.0
2026-08-28 14:21:00,21.3,21.29,21.3,21.29,3597.0,76576.0
2026-08-28 14:22:00,21.29,21.27,21.29,21.27,13459.0,286368.0
2026-08-28 14:23:00,21.26,21.28,21.28,21.26,11478.0,244192.0
2026-08-28 14:24:00,21.28,21.29,21.29,21.27,6605.0,140528.0
2026-08-28 14:25:00,21.31,21.31,21.33,21.31,24230.0,516624.0
2026-08-28 14:26:00,21.31,21.31,21.31,21.31,200.0,4256.0
2026-08-28 14:27:00,21.31,21.27,21.31,21.27,5782.0,123040.0
2026-08-28 14:28:00,21.27,21.27,21.27,21.26,8613.0,183168.0
2026-08-28 14:29:00,21.27,21.26,21.27,21.26,7517.0,159856.0
2026-08-28 14:30:00,21.25,21.28,21.28,21.25,11461.0,243600.0
2026-08-28 14:31:00,21.27,21.28,21.28,21.27,11277.0,239968.0
2026-08-28 14:32:00,21.29,21.31,21.31,21.29,2913.0,62064.0
2026-08-28 14:33:00,21.31,21.32,21.32,21.31,1799.0,38352.0
2026-08-28 14:34:00,21.31,21.32,21.32,21.31,498.0,10608.0
2026-08-28 14:35:00,21.32,21.32,21.32,21.31,4469.0,95280.0
2026-08-28 14:36:00,21.32,21.29,21.32,21.29,7049.0,150096.0
2026-08-28 14:37:00,21.29,21.29,21.29,21.29,5100.0,108576.0
2026-08-28 14:38:00,21.29,21.3,21.3,21.29,13000.0,276784.0
2026-08-28 14:39:00,21.3,21.29,21.3,21.29,7190.0,153136.0
2026-08-28 14:40:00,21.28,21.27,21.29,21.27,18304.0,389472.0
2026-08-28 14:41:00,21.27,21.21,21.28,21.21,47718.0,1013904.0
2026-08-28 14:42:00,21.21,21.2,21.21,21.19,8851.0,187664.0
2026-08-28 14:43:00,21.24,21.2,21.24,21.2,24728.0,524288.0
2026-08-28 14:44:00,21.24,21.2,21.24,21.2,10156.0,215552.0
2026-08-28 14:45:00,21.2,21.2,21.21,21.18,5558.0,117792.0
2026-08-28 14:46:00,21.19,21.19,21.2,21.19,12269.0,209136.0
2026-08-28 14:47:00,21.19,21.19,21.2,21.19,12182.0,258224.0
2026-08-28 14:48:00,21.2,21.22,21.22,21.2,25319.0,536816.0
2026-08-28 14:49:00,21.21,21.2,21.21,21.2,19509.0,413712.0
2026-08-28 14:50:00,21.18,21.16,21.2,21.16,40539.0,858416.0
2026-08-28 14:51:00,21.16,21.11,21.16,21.11,37807.0,798576.0
2026-08-28 14:52:00,21.13,21.13,21.14,21.11,20505.0,433264.0
2026-08-28 14:53:00,21.11,21.02,21.15,21.02,58811.0,1239680.0
2026-08-28 14:54:00,21.1,21.08,21.12,21.05,21736.0,458208.0
2026-08-28 14:55:00,21.08,21.06,21.08,21.05,42609.0,897696.0
2026-08-28 14:56:00,21.05,21.04,21.05,21.01,43646.0,918224.0
2026-08-28 14:57:00,21.03,21.01,21.04,21.01,81514.0,1714016.0
2026-08-28 14:58:00,21.02,21.02,21.02,21.02,16959.0,356304.0
2026-08-28 15:00:00,21.02,21.02,21.02,21.02,92680.0,1948144.0
2026-08-31 09:31:00,20.63,20.47,20.63,20.47,347651.0,7149478.0
2026-08-31 09:32:00,20.46,20.68,20.72,20.46,172788.0,3553021.0
2026-08-31 09:33:00,20.65,20.92,20.92,20.65,55431.0,1152605.0
2026-08-31 09:34:00,20.97,20.95,21.04,20.95,70155.0,1473079.0
2026-08-31 09:35:00,20.82,20.98,21.13,20.82,75657.0,1590403.0
2026-08-31 09:36:00,21.0,20.97,21.09,20.97,86744.0,1823470.0
2026-08-31 09:37:00,20.92,20.88,20.97,20.82,63651.0,1330550.0
2026-08-31 09:38:00,20.88,20.87,21.07,20.85,27484.0,574246.0
2026-08-31 09:39:00,20.88,21.03,21.05,20.8,33203.0,693746.0
2026-08-31 09:40:00,21.03,20.86,21.03,20.86,25305.0,529422.0
2026-08-31 09:41:00,20.92,21.0,21.0,20.86,51866.0,1082096.0
2026-08-31 09:42:00,20.86,21.05,21.05,20.86,22672.0,475968.0
2026-08-31 09:43:00,21.03,21.31,21.31,21.03,135474.0,2874128.0
2026-08-31 09:44:00,21.17,21.35,21.43,21.17,98326.0,2099892.0
2026-08-31 09:45:00,21.35,21.24,21.4,21.24,59997.0,1279580.0
2026-08-31 09:46:00,21.24,21.18,21.34,21.18,32640.0,693106.0
2026-08-31 09:47:00,21.18,21.08,21.24,21.08,48877.0,1035462.0
2026-08-31 09:48:00,21.07,21.02,21.1,21.02,54091.0,1140324.0
2026-08-31 09:49:00,21.03,20.85,21.11,20.85,51527.0,1084538.0
2026-08-31 09:50:00,20.85,21.0,21.0,20.85,28751.0,600758.0
2026-08-31 09:51:00,20.9,20.99,20.99,20.88,8077.0,168866.0
2026-08-31 09:52:00,20.91,20.89,20.91,20.89,10294.0,215380.0
2026-08-31 09:53:00,20.9,20.87,20.91,20.87,31149.0,650726.0
2026-08-31 09:54:00,20.86,20.86,20.86,20.83,52726.0,1098968.0
2026-08-31 09:55:00,20.86,20.96,20.97,20.86,14199.0,296852.0
2026-08-31 09:56:00,20.9,20.94,20.95,20.89,22825.0,477340.0
2026-08-31 09:57:00,20.94,20.9,20.96,20.9,20019.0,418556.0
2026-08-31 09:58:00,20.9,20.88,20.9,20.87,27861.0,581856.0
2026-08-31 09:59:00,20.88,20.85,20.9,20.85,19408.0,405240.0
2026-08-31 10:00:00,20.84,20.81,20.84,20.8,55693.0,1126316.0
2026-08-31 10:01:00,20.87,20.82,20.87,20.8,38030.0,791652.0
2026-08-31 10:02:00,20.81,20.77,20.81,20.77,14215.0,295544.0
2026-08-31 10:03:00,20.74,20.66,20.74,20.51,63582.0,1314636.0
2026-08-31 10:04:00,20.66,20.8,20.8,20.66,9829.0,203272.0
2026-08-31 10:05:00,20.77,20.8,20.8,20.77,11828.0,245784.0
2026-08-31 10:06:00,20.8,20.81,20.88,20.8,11411.0,237480.0
2026-08-31 10:07:00,20.81,20.77,20.81,20.77,49007.0,1019144.0
2026-08-31 10:08:00,20.72,20.71,20.72,20.7,14304.0,296340.0
2026-08-31 10:09:00,20.72,20.81,20.81,20.71,45769.0,832068.0
2026-08-31 10:10:00,20.81,20.8,20.81,20.8,11709.0,243632.0
2026-08-31 10:11:00,20.77,20.73,20.79,20.73,19221.0,398844.0
2026-08-31 10:12:00,20.72,20.68,20.72,20.68,16450.0,340524.0
2026-08-31 10:13:00,20.69,20.74,20.74,20.66,55383.0,1145232.0
2026-08-31 10:14:00,20.73,20.69,20.74,20.68,24265.0,502004.0
2026-08-31 10:15:00,20.69,20.78,20.78,20.69,30420.0,629904.0
2026-08-31 10:16:00,20.78,20.81,20.81,20.78,30307.0,630240.0
2026-08-31 10:17:00,20.88,20.88,20.88,20.88,3466.0,72368.0
2026-08-31 10:18:00,20.88,20.88,20.89,20.88,8270.0,172692.0
2026-08-31 10:19:00,20.89,20.82,20.9,20.8,18714.0,390464.0
2026-08-31 10:20:00,20.82,20.79,20.82,20.78,90600.0,1882788.0
2026-08-31 10:21:00,20.79,20.8,20.8,20.78,17979.0,373828.0
2026-08-31 10:22:00,20.79,20.78,20.79,20.78,13665.0,283996.0
2026-08-31 10:23:00,20.76,20.72,20.76,20.72,3093.0,64116.0
2026-08-31 10:24:00,20.73,20.73,20.73,20.73,1183.0,24528.0
2026-08-31 10:25:00,20.76,20.79,20.79,20.76,4346.0,90292.0
2026-08-31 10:26:00,20.79,20.78,20.79,20.74,13861.0,287728.0
2026-08-31 10:27:00,20.78,20.75,20.78,20.75,3785.0,78540.0
2026-08-31 10:28:00,20.75,20.79,20.79,20.75,8975.0,186320.0
2026-08-31 10:29:00,20.8,20.85,20.87,20.8,4853.0,101156.0
2026-08-31 10:30:00,20.85,20.79,20.85,20.79,19716.0,410128.0
2026-08-31 10:31:00,20.79,20.85,20.86,20.74,4426.0,92044.0
2026-08-31 10:32:00,20.76,20.76,20.76,20.76,116.0,2408.0
2026-08-31 10:33:00,20.76,20.76,20.76,20.75,3591.0,74536.0
2026-08-31 10:34:00,20.85,20.75,20.85,20.75,3821.0,79304.0
2026-08-31 10:35:00,20.75,20.71,20.75,20.71,26506.0,549388.0
2026-08-31 10:36:00,20.66,20.65,20.67,20.65,19787.0,409008.0
2026-08-31 10:37:00,20.62,20.65,20.65,20.6,18559.0,382572.0
2026-08-31 10:38:00,20.65,20.6,20.65,20.6,20916.0,431056.0
2026-08-31 10:39:00,20.6,20.56,20.65,20.56,56930.0,1171900.0
2026-08-31 10:40:00,20.56,20.58,20.6,20.56,74291.0,1530324.0
2026-08-31 10:41:00,20.6,20.63,20.65,20.6,73645.0,1517464.0
2026-08-31 10:42:00,20.63,20.64,20.64,20.63,2202.0,45436.0
2026-08-31 10:43:00,20.72,20.64,20.72,20.64,19236.0,398468.0
2026-08-31 10:44:00,20.65,20.64,20.65,20.64,8905.0,183896.0
2026-08-31 10:45:00,20.63,20.65,20.65,20.63,9000.0,185700.0
2026-08-31 10:46:00,20.63,20.6,20.63,20.6,23334.0,480996.0
2026-08-31 10:47:00,20.56,20.56,20.56,20.55,28795.0,591828.0
2026-08-31 10:48:00,20.56,20.54,20.56,20.53,12241.0,251632.0
2026-08-31 10:49:00,20.56,20.62,20.62,20.56,5255.0,106192.0
2026-08-31 10:50:00,20.6,20.62,20.62,20.6,2680.0,55248.0
2026-08-31 10:51:00,20.65,20.58,20.65,20.58,6962.0,143548.0
2026-08-31 10:52:00,20.58,20.57,20.58,20.56,10732.0,220756.0
2026-08-31 10:53:00,20.57,20.62,20.64,20.57,44667.0,920844.0
2026-08-31 10:54:00,20.65,20.84,20.84,20.65,13210.0,274476.0
2026-08-31 10:55:00,20.84,20.92,20.92,20.65,26199.0,545416.0
2026-08-31 10:56:00,20.92,20.71,20.94,20.67,32351.0,676520.0
2026-08-31 10:57:00,20.71,20.71,20.71,20.71,3860.0,79920.0
2026-08-31 10:58:00,20.71,20.71,20.71,20.71,3393.0,70268.0
2026-08-31 10:59:00,20.71,20.73,20.73,20.71,1704.0,20020.0
2026-08-31 11:00:00,20.8,20.84,20.84,20.75,6100.0,126980.0
2026-08-31 11:01:00,20.87,20.89,20.92,20.87,7063.0,147576.0
2026-08-31 11:02:00,20.85,20.84,20.85,20.84,1984.0,41364.0
2026-08-31 11:03:00,20.84,20.84,20.84,20.84,14608.0,304432.0
2026-08-31 11:04:00,20.75,20.79,20.79,20.75,2500.0,51908.0
2026-08-31 11:05:00,20.75,20.78,20.78,20.75,1381.0,28656.0
2026-08-31 11:06:00,20.78,20.79,20.79,20.78,1828.0,38004.0
2026-08-31 11:07:00,20.78,20.78,20.78,20.78,1600.0,33248.0
2026-08-31 11:08:00,20.74,20.72,20.74,20.72,11689.0,242336.0
2026-08-31 11:09:00,20.72,20.78,20.78,20.72,880.0,18260.0
2026-08-31 11:10:00,20.78,20.78,20.78,20.78,1776.0,36904.0
2026-08-31 11:11:00,20.84,20.71,20.84,20.71,20027.0,415060.0
2026-08-31 11:12:00,20.71,20.8,20.8,20.71,10631.0,220232.0
2026-08-31 11:13:00,20.71,20.71,20.71,20.71,2300.0,47636.0
2026-08-31 11:14:00,20.75,20.75,20.75,20.75,700.0,14524.0
2026-08-31 11:15:00,20.75,20.71,20.75,20.71,12409.0,257212.0
2026-08-31 11:16:00,20.71,20.73,20.73,20.71,4263.0,88296.0
2026-08-31 11:17:00,20.71,20.71,20.71,20.71,2580.0,53452.0
2026-08-31 11:18:00,20.72,20.71,20.72,20.71,18415.0,381456.0
2026-08-31 11:19:00,20.73,20.73,20.73,20.73,1253.0,25976.0
2026-08-31 11:20:00,20.73,20.73,20.73,20.72,4164.0,86312.0
2026-08-31 11:21:00,20.75,20.75,20.75,20.75,1000.0,20752.0
2026-08-31 11:22:00,20.75,20.76,20.76,20.75,400.0,8300.0
2026-08-31 11:23:00,20.77,20.77,20.77,20.77,1000.0,20772.0
2026-08-31 11:25:00,20.77,20.76,20.77,20.76,9159.0,190160.0
2026-08-31 11:27:00,20.76,20.72,20.76,20.72,17420.0,361160.0
2026-08-31 11:28:00,20.71,20.72,20.72,20.71,11636.0,241012.0
2026-08-31 11:29:00,20.75,20.79,20.79,20.71,2100.0,43516.0
2026-08-31 11:30:00,20.79,20.79,20.79,20.79,400.0,8316.0
2026-08-31 13:01:00,20.8,20.83,20.84,20.8,9879.0,205680.0
2026-08-31 13:02:00,20.83,20.71,20.83,20.71,4681.0,97388.0
2026-08-31 13:03:00,20.71,20.71,20.71,20.71,234.0,4844.0
2026-08-31 13:04:00,20.71,20.72,20.72,20.71,6269.0,129856.0
2026-08-31 13:05:00,20.78,20.72,20.78,20.72,1321.0,27432.0
2026-08-31 13:06:00,20.72,20.73,20.73,20.72,9383.0,194424.0
2026-08-31 13:07:00,20.72,20.7,20.72,20.7,6668.0,138100.0
2026-08-31 13:08:00,20.7,20.68,20.7,20.68,49562.0,1025464.0
2026-08-31 13:09:00,20.66,20.67,20.67,20.66,14077.0,290856.0
2026-08-31 13:10:00,20.67,20.66,20.67,20.66,1500.0,31000.0
2026-08-31 13:11:00,20.66,20.61,20.66,20.61,9621.0,198600.0
2026-08-31 13:12:00,20.6,20.6,20.6,20.59,10100.0,208056.0
2026-08-31 13:13:00,20.58,20.57,20.58,20.57,9034.0,185904.0
2026-08-31 13:14:00,20.58,20.58,20.58,20.58,7769.0,159888.0
2026-08-31 13:15:00,20.58,20.58,20.58,20.58,9322.0,191816.0
2026-08-31 13:16:00,20.57,20.6,20.6,20.57,7902.0,162640.0
2026-08-31 13:17:00,20.6,20.61,20.62,20.6,4407.0,90832.0
2026-08-31 13:18:00,20.61,20.65,20.65,20.61,3027.0,62464.0
2026-08-31 13:19:00,20.66,20.7,20.7,20.65,6695.0,138464.0
2026-08-31 13:20:00,20.7,20.69,20.71,20.69,8730.0,180728.0
2026-08-31 13:21:00,20.69,20.63,20.69,20.63,8546.0,176616.0
2026-08-31 13:22:00,20.61,20.58,20.62,20.57,21783.0,448640.0
2026-08-31 13:23:00,20.58,20.61,20.69,20.58,16346.0,337712.0
2026-08-31 13:24:00,20.6,20.6,20.67,20.6,16271.0,335320.0
2026-08-31 13:25:00,20.61,20.61,20.61,20.61,2335.0,48136.0
2026-08-31 13:26:00,20.61,20.61,20.61,20.61,3300.0,68016.0
2026-08-31 13:27:00,20.61,20.65,20.65,20.61,4809.0,99216.0
2026-08-31 13:28:00,20.65,20.64,20.65,20.64,4738.0,97840.0
2026-08-31 13:29:00,20.66,20.67,20.67,20.66,831.0,17168.0
2026-08-31 13:30:00,20.67,20.58,20.67,20.58,37518.0,773192.0
2026-08-31 13:31:00,20.58,20.58,20.58,20.57,41116.0,846464.0
2026-08-31 13:32:00,20.58,20.59,20.59,20.58,15221.0,313376.0
2026-08-31 13:33:00,20.64,20.64,20.64,20.64,10000.0,206400.0
2026-08-31 13:34:00,20.65,20.62,20.67,20.62,23122.0,477536.0
2026-08-31 13:35:00,20.62,20.62,20.62,20.62,500.0,10320.0
2026-08-31 13:37:00,20.62,20.62,20.62,20.61,3136.0,64656.0
2026-08-31 13:38:00,20.6,20.59,20.6,20.58,13847.0,285144.0
2026-08-31 13:39:00,20.6,20.62,20.62,20.6,4436.0,91424.0
2026-08-31 13:40:00,20.62,20.62,20.62,20.6,2947.0,60712.0
2026-08-31 13:41:00,20.63,20.63,20.63,20.63,1675.0,34584.0
2026-08-31 13:42:00,20.66,20.68,20.68,20.66,8718.0,180224.0
2026-08-31 13:43:00,20.67,20.68,20.68,20.67,1801.0,37232.0
2026-08-31 13:44:00,20.67,20.67,20.67,20.67,3084.0,63744.0
2026-08-31 13:45:00,20.66,20.62,20.66,20.62,6703.0,138272.0
2026-08-31 13:46:00,20.61,20.62,20.7,20.61,10105.0,208640.0
2026-08-31 13:48:00,20.69,20.69,20.69,20.63,8948.0,184944.0
2026-08-31 13:49:00,20.71,20.63,20.71,20.63,8333.0,172248.0
2026-08-31 13:50:00,20.69,20.62,20.69,20.62,19340.0,343536.0
2026-08-31 13:51:00,20.62,20.64,20.64,20.62,18089.0,373192.0
2026-08-31 13:52:00,20.64,20.63,20.64,20.63,7800.0,160992.0
2026-08-31 13:53:00,20.64,20.65,20.65,20.64,6400.0,132104.0
2026-08-31 13:55:00,20.67,20.67,20.67,20.67,1000.0,20672.0
2026-08-31 13:56:00,20.67,20.67,20.7,20.67,10980.0,227160.0
2026-08-31 13:57:00,20.66,20.66,20.66,20.66,5366.0,110872.0
2026-08-31 13:58:00,20.7,20.7,20.7,20.7,12781.0,264520.0
2026-08-31 13:59:00,20.69,20.72,20.72,20.69,10437.0,216136.0
2026-08-31 14:00:00,20.73,20.73,20.73,20.73,5100.0,105728.0
2026-08-31 14:01:00,20.83,20.75,20.83,20.73,8735.0,181320.0
2026-08-31 14:02:00,20.75,20.74,20.75,20.73,5571.0,115544.0
2026-08-31 14:03:00,20.74,20.74,20.74,20.74,1500.0,31112.0
2026-08-31 14:04:00,20.7,20.7,20.7,20.7,4110.0,85144.0
2026-08-31 14:05:00,20.69,20.69,20.69,20.69,4700.0,97248.0
2026-08-31 14:06:00,20.69,20.69,20.69,20.66,18214.0,376560.0
2026-08-31 14:07:00,20.69,20.67,20.69,20.67,1351.0,27928.0
2026-08-31 14:08:00,20.67,20.67,20.67,20.67,1383.0,28584.0
2026-08-31 14:09:00,20.69,20.66,20.69,20.66,14477.0,299432.0
2026-08-31 14:10:00,20.66,20.69,20.69,20.66,6494.0,134216.0
2026-08-31 14:11:00,20.69,20.69,20.71,20.69,8900.0,184288.0
2026-08-31 14:12:00,20.69,20.72,20.72,20.69,2047.0,42408.0
2026-08-31 14:13:00,20.71,20.72,20.73,20.71,16584.0,343600.0
2026-08-31 14:14:00,20.72,20.68,20.73,20.68,16415.0,339800.0
2026-08-31 14:15:00,20.68,20.69,20.69,20.68,10968.0,226896.0
2026-08-31 14:16:00,20.68,20.69,20.7,20.67,11239.0,232456.0
2026-08-31 14:17:00,20.68,20.7,20.7,20.68,1323.0,27368.0
2026-08-31 14:18:00,20.69,20.71,20.71,20.69,9806.0,202984.0
2026-08-31 14:19:00,20.71,20.71,20.71,20.71,1757.0,36392.0
2026-08-31 14:20:00,20.71,20.7,20.71,20.69,5991.0,104712.0
2026-08-31 14:21:00,20.69,20.69,20.7,20.69,9837.0,203600.0
2026-08-31 14:22:00,20.68,20.69,20.7,20.68,3113.0,64416.0
2026-08-31 14:23:00,20.69,20.7,20.7,20.69,1434.0,29672.0
2026-08-31 14:24:00,20.7,20.76,20.76,20.7,26291.0,544992.0
2026-08-31 14:25:00,20.76,20.72,20.76,20.72,2658.0,55120.0
2026-08-31 14:26:00,20.72,20.75,20.75,20.72,6105.0,126528.0
2026-08-31 14:27:00,20.75,20.72,20.75,20.72,7654.0,158632.0
2026-08-31 14:28:00,20.73,20.73,20.73,20.73,3207.0,66480.0
2026-08-31 14:29:00,20.72,20.75,20.75,20.72,5939.0,123112.0
2026-08-31 14:30:00,20.75,20.73,20.75,20.73,9421.0,195400.0
2026-08-31 14:31:00,20.72,20.7,20.72,20.7,10637.0,220320.0
2026-08-31 14:32:00,20.69,20.65,20.69,20.61,36573.0,755528.0
2026-08-31 14:33:00,20.65,20.62,20.68,20.6,17946.0,369920.0
2026-08-31 14:34:00,20.62,20.67,20.67,20.62,21720.0,449400.0
2026-08-31 14:35:00,20.67,20.68,20.7,20.67,31560.0,653208.0
2026-08-31 14:36:00,20.68,20.65,20.68,20.65,6470.0,133736.0
2026-08-31 14:37:00,20.66,20.68,20.68,20.66,4134.0,85432.0
2026-08-31 14:38:00,20.68,20.68,20.68,20.68,8828.0,182584.0
2026-08-31 14:40:00,20.68,20.7,20.7,20.68,9567.0,197912.0
2026-08-31 14:41:00,20.7,20.71,20.72,20.7,17130.0,354808.0
2026-08-31 14:42:00,20.67,20.68,20.7,20.67,21022.0,435024.0
2026-08-31 14:43:00,20.68,20.66,20.68,20.64,21835.0,451136.0
2026-08-31 14:44:00,20.65,20.64,20.65,20.64,22674.0,468016.0
2026-08-31 14:45:00,20.63,20.58,20.63,20.58,69014.0,1422216.0
2026-08-31 14:46:00,20.57,20.6,20.6,20.57,38238.0,787536.0
2026-08-31 14:47:00,20.59,20.61,20.61,20.59,11455.0,235880.0
2026-08-31 14:48:00,20.6,20.58,20.6,20.58,41091.0,846112.0
2026-08-31 14:49:00,20.58,20.55,20.58,20.55,49729.0,999368.0
2026-08-31 14:50:00,20.54,20.56,20.56,20.54,13524.0,277976.0
2026-08-31 14:51:00,20.56,20.57,20.58,20.56,33239.0,683704.0
2026-08-31 14:52:00,20.57,20.57,20.58,20.57,45154.0,928952.0
2026-08-31 14:53:00,20.57,20.54,20.57,20.54,36660.0,753528.0
2026-08-31 14:54:00,20.53,20.53,20.54,20.52,58048.0,1191736.0
2026-08-31 14:55:00,20.53,20.49,20.53,20.49,80512.0,1651448.0
2026-08-31 14:56:00,20.5,20.49,20.51,20.47,53795.0,1102368.0
2026-08-31 14:57:00,20.49,20.48,20.5,20.46,58790.0,1203872.0
2026-08-31 14:58:00,20.49,20.49,20.49,20.49,2012.0,41208.0
2026-08-31 15:00:00,20.5,20.5,20.5,20.5,102889.0,2109216.0
2026-09-01 09:31:00,20.3,20.15,20.3,20.13,154528.0,3129512.0
2026-09-01 09:32:00,20.13,20.1,20.16,20.1,124624.0,2508115.0
2026-09-01 09:33:00,20.09,20.03,20.09,20.03,127122.0,2550030.0
2026-09-01 09:34:00,20.02,20.0,20.07,19.99,168492.0,3372074.0
2026-09-01 09:35:00,20.01,19.96,20.01,19.96,88589.0,1573534.0
2026-09-01 09:36:00,19.96,19.89,19.97,19.89,99155.0,1977340.0
2026-09-01 09:37:00,19.9,19.86,19.9,19.85,142530.0,2832351.0
2026-09-01 09:38:00,19.86,20.0,20.0,19.86,66122.0,1315416.0
2026-09-01 09:39:00,19.94,19.85,19.94,19.85,102332.0,2036032.0
2026-09-01 09:40:00,19.88,19.87,19.91,19.84,70517.0,1400936.0
2026-09-01 09:41:00,19.91,19.91,19.96,19.87,31789.0,632584.0
2026-09-01 09:42:00,19.91,19.86,19.91,19.86,47658.0,947554.0
2026-09-01 09:43:00,19.85,19.87,19.87,19.85,29481.0,585466.0
2026-09-01 09:44:00,19.87,19.88,19.9,19.86,28433.0,565158.0
2026-09-01 09:45:00,19.88,19.92,19.92,19.87,26563.0,528390.0
2026-09-01 09:46:00,19.92,20.04,20.04,19.92,37402.0,747068.0
2026-09-01 09:47:00,20.04,19.98,20.04,19.98,23408.0,467924.0
2026-09-01 09:48:00,19.98,19.95,19.99,19.95,21829.0,435928.0
2026-09-01 09:49:00,19.98,19.95,19.98,19.95,7662.0,152862.0
2026-09-01 09:50:00,19.95,19.92,19.95,19.92,33264.0,662772.0
2026-09-01 09:51:00,19.92,19.94,19.97,19.92,16288.0,324810.0
2026-09-01 09:52:00,19.94,19.92,19.94,19.92,19302.0,384692.0
2026-09-01 09:53:00,19.91,19.97,19.97,19.91,89183.0,1776850.0
2026-09-01 09:54:00,19.97,20.07,20.07,19.97,11314.0,226186.0
2026-09-01 09:55:00,20.07,20.07,20.08,20.07,9876.0,198270.0
2026-09-01 09:56:00,20.06,20.03,20.06,20.03,23736.0,475966.0
2026-09-01 09:57:00,20.03,20.03,20.03,20.02,15174.0,303788.0
2026-09-01 09:58:00,20.0,20.0,20.0,19.98,3179.0,63574.0
2026-09-01 09:59:00,20.0,20.04,20.04,19.98,9533.0,190650.0
2026-09-01 10:00:00,20.04,20.0,20.04,20.0,5916.0,118496.0
2026-09-01 10:01:00,20.01,20.02,20.02,20.0,8363.0,167336.0
2026-09-01 10:02:00,20.03,20.02,20.03,20.01,14561.0,291416.0
2026-09-01 10:03:00,19.99,19.97,19.99,19.97,12297.0,245736.0
2026-09-01 10:04:00,19.96,19.96,19.97,19.95,9821.0,196026.0
2026-09-01 10:05:00,19.95,19.89,19.95,19.89,48402.0,917382.0
2026-09-01 10:06:00,19.88,19.89,19.89,19.88,101631.0,2021500.0
2026-09-01 10:07:00,19.89,19.88,19.92,19.88,57889.0,1151068.0
2026-09-01 10:08:00,19.9,19.87,19.9,19.87,18593.0,369540.0
2026-09-01 10:09:00,19.91,19.91,19.91,19.91,3958.0,78804.0
2026-09-01 10:10:00,19.91,19.9,19.91,19.89,17773.0,353732.0
2026-09-01 10:11:00,19.9,19.89,19.91,19.89,16654.0,331376.0
2026-09-01 10:12:00,19.91,19.95,19.95,19.91,7616.0,151680.0
2026-09-01 10:13:00,19.97,19.92,19.99,19.92,8039.0,160428.0
2026-09-01 10:14:00,19.97,19.94,19.97,19.94,1100.0,21956.0
2026-09-01 10:15:00,19.96,19.94,19.96,19.94,7562.0,150824.0
2026-09-01 10:16:00,19.94,19.92,19.96,19.92,9753.0,194452.0
2026-09-01 10:17:00,19.92,19.94,19.94,19.91,15620.0,311224.0
2026-09-01 10:18:00,19.94,19.94,19.96,19.94,11528.0,229888.0
2026-09-01 10:19:00,19.97,19.97,19.97,19.97,732.0,14620.0
2026-09-01 10:20:00,19.94,19.97,19.97,19.94,8683.0,173244.0
2026-09-01 10:21:00,19.95,19.95,19.95,19.95,354.0,7060.0
2026-09-01 10:22:00,19.95,19.92,19.95,19.92,5939.0,118368.0
2026-09-01 10:23:00,19.9,19.93,19.93,19.9,38188.0,760244.0
2026-09-01 10:24:00,19.93,19.9,19.93,19.9,4686.0,93264.0
2026-09-01 10:25:00,19.89,19.88,19.89,19.88,9031.0,179644.0
2026-09-01 10:26:00,19.88,19.85,19.89,19.85,40853.0,811708.0
2026-09-01 10:27:00,19.85,19.83,19.88,19.83,29895.0,593284.0
2026-09-01 10:28:00,19.83,19.81,19.83,19.81,46711.0,925844.0
2026-09-01 10:29:00,19.81,19.82,19.82,19.81,31688.0,627908.0
2026-09-01 10:30:00,19.81,19.83,19.83,19.81,8796.0,174324.0
2026-09-01 10:31:00,19.89,19.85,19.89,19.83,21509.0,427652.0
2026-09-01 10:32:00,19.85,19.88,19.88,19.85,800.0,15884.0
2026-09-01 10:33:00,19.85,19.85,19.85,19.85,3700.0,73444.0
2026-09-01 10:34:00,19.85,19.85,19.89,19.83,10516.0,208644.0
2026-09-01 10:35:00,19.85,19.85,19.87,19.84,5695.0,113092.0
2026-09-01 10:36:00,19.84,19.82,19.84,19.82,16872.0,334524.0
2026-09-01 10:37:00,19.82,19.82,19.85,19.82,8536.0,169256.0
2026-09-01 10:38:00,19.88,19.87,19.88,19.87,3450.0,68580.0
2026-09-01 10:39:00,19.87,19.84,19.87,19.84,1100.0,21836.0
2026-09-01 10:40:00,19.84,19.84,19.88,19.84,7413.0,147112.0
2026-09-01 10:41:00,19.84,19.88,19.88,19.84,9350.0,185536.0
2026-09-01 10:42:00,19.88,19.88,19.88,19.85,4583.0,91040.0
2026-09-01 10:43:00,19.88,19.84,19.88,19.84,7526.0,149420.0
2026-09-01 10:44:00,19.85,19.86,19.88,19.85,1645.0,32684.0
2026-09-01 10:45:00,19.89,19.91,19.91,19.89,8250.0,164120.0
2026-09-01 10:46:00,19.9,19.92,19.92,19.9,300.0,5976.0
2026-09-01 10:47:00,19.92,19.92,19.92,19.92,3588.0,71472.0
2026-09-01 10:48:00,19.91,19.93,19.93,19.91,4600.0,91624.0
2026-09-01 10:49:00,19.92,19.91,19.94,19.9,5395.0,107456.0
2026-09-01 10:50:00,19.91,19.9,19.93,19.9,8001.0,159332.0
2026-09-01 10:51:00,19.9,19.9,19.9,19.9,253.0,5036.0
2026-09-01 10:52:00,19.89,19.89,19.89,19.89,2155.0,42864.0
2026-09-01 10:53:00,19.93,19.87,19.93,19.87,13763.0,273452.0
2026-09-01 10:54:00,19.87,19.92,19.92,19.87,1527.0,30416.0
2026-09-01 10:55:00,19.92,19.85,19.92,19.85,12255.0,243316.0
2026-09-01 10:56:00,19.86,19.87,19.87,19.86,800.0,15888.0
2026-09-01 10:57:00,19.86,19.85,19.86,19.85,19800.0,393120.0
2026-09-01 10:58:00,19.86,19.87,19.87,19.85,12800.0,254168.0
2026-09-01 10:59:00,19.92,19.92,19.93,19.92,1886.0,37580.0
2026-09-01 11:00:00,19.92,19.9,19.92,19.9,1600.0,31868.0
2026-09-01 11:01:00,19.9,19.87,19.9,19.86,7001.0,139104.0
2026-09-01 11:02:00,19.87,19.86,19.88,19.86,56012.0,1112576.0
2026-09-01 11:03:00,19.9,19.95,19.95,19.9,26197.0,522192.0
2026-09-01 11:04:00,19.94,19.93,19.95,19.93,9182.0,183084.0
2026-09-01 11:05:00,19.94,19.95,19.95,19.92,31374.0,343196.0
2026-09-01 11:06:00,19.92,19.95,19.95,19.92,4514.0,90024.0
2026-09-01 11:07:00,19.93,19.93,19.93,19.93,1100.0,21920.0
2026-09-01 11:08:00,19.95,19.93,19.95,19.93,2065.0,41164.0
2026-09-01 11:09:00,19.93,19.93,19.93,19.92,15206.0,303056.0
2026-09-01 11:10:00,19.9,19.9,19.9,19.9,6259.0,124600.0
2026-09-01 11:11:00,19.9,19.92,19.92,19.9,8562.0,170540.0
2026-09-01 11:12:00,19.92,19.94,19.94,19.92,500.0,9964.0
2026-09-01 11:13:00,19.92,19.92,19.92,19.92,2800.0,55776.0
2026-09-01 11:14:00,19.92,19.91,19.92,19.9,8342.0,166092.0
2026-09-01 11:15:00,19.9,19.9,19.9,19.9,17441.0,346968.0
2026-09-01 11:16:00,19.87,19.91,19.91,19.86,12321.0,244904.0
2026-09-01 11:17:00,19.92,19.92,19.92,19.9,742.0,14772.0
2026-09-01 11:18:00,19.92,19.91,19.92,19.91,2200.0,43820.0
2026-09-01 11:19:00,19.9,19.93,19.94,19.9,3208.0,63912.0
2026-09-01 11:20:00,19.89,19.89,19.89,19.88,8083.0,160724.0
2026-09-01 11:21:00,19.89,19.89,19.89,19.89,1637.0,32560.0
2026-09-01 11:22:00,19.91,19.91,19.91,19.91,100.0,1988.0
2026-09-01 11:23:00,19.94,19.94,19.94,19.94,10000.0,199372.0
2026-09-01 11:24:00,19.94,19.9,19.94,19.9,3288.0,65520.0
2026-09-01 11:25:00,19.91,19.91,19.91,19.91,844.0,16804.0
2026-09-01 11:26:00,19.91,19.94,19.94,19.91,6685.0,133280.0
2026-09-01 11:27:00,19.94,19.93,19.94,19.93,2658.0,52996.0
2026-09-01 11:28:00,19.93,19.92,19.93,19.92,26698.0,531908.0
2026-09-01 11:29:00,19.95,20.03,20.03,19.95,17788.0,355376.0
2026-09-01 11:30:00,20.06,20.03,20.06,20.03,14986.0,300396.0
2026-09-01 13:01:00,20.1,20.13,20.13,20.08,20199.0,405812.0
2026-09-01 13:02:00,20.17,20.18,20.23,20.16,16772.0,338432.0
2026-09-01 13:03:00,20.2,20.16,20.2,20.16,8655.0,174552.0
2026-09-01 13:04:00,20.16,20.16,20.16,20.13,4240.0,85464.0
2026-09-01 13:05:00,20.16,20.17,20.2,20.16,31985.0,557360.0
2026-09-01 13:06:00,20.14,20.16,20.16,20.14,9233.0,186036.0
2026-09-01 13:07:00,20.16,20.13,20.17,20.13,18348.0,369588.0
2026-09-01 13:08:00,20.13,20.17,20.17,20.13,5015.0,101112.0
2026-09-01 13:09:00,20.18,20.24,20.24,20.17,21787.0,440392.0
2026-09-01 13:10:00,20.24,20.2,20.24,20.18,11111.0,224608.0
2026-09-01 13:11:00,20.2,20.23,20.23,20.2,17544.0,354512.0
2026-09-01 13:12:00,20.24,20.25,20.25,20.24,19068.0,385944.0
2026-09-01 13:13:00,20.24,20.23,20.24,20.23,8578.0,173656.0
2026-09-01 13:14:00,20.23,20.23,20.24,20.23,23179.0,468948.0
2026-09-01 13:15:00,20.2,20.18,20.2,20.18,5194.0,104884.0
2026-09-01 13:16:00,20.18,20.16,20.18,20.16,2940.0,59304.0
2026-09-01 13:17:00,20.14,20.14,20.14,20.14,8851.0,178256.0
2026-09-01 13:18:00,20.14,20.15,20.15,20.14,3044.0,61320.0
2026-09-01 13:19:00,20.14,20.17,20.17,20.14,896.0,18060.0
2026-09-01 13:20:00,20.17,20.18,20.18,20.17,2067.0,41700.0
2026-09-01 13:21:00,20.16,20.19,20.19,20.16,2420.0,48828.0
2026-09-01 13:22:00,20.18,20.24,20.24,20.16,16187.0,327228.0
2026-09-01 13:23:00,20.2,20.16,20.23,20.16,3802.0,76828.0
2026-09-01 13:24:00,20.16,20.16,20.16,20.14,9800.0,197588.0
2026-09-01 13:25:00,20.15,20.12,20.22,20.12,5509.0,111084.0
2026-09-01 13:26:00,20.12,20.13,20.13,20.12,2923.0,58828.0
2026-09-01 13:27:00,20.13,20.18,20.18,20.13,1992.0,40184.0
2026-09-01 13:28:00,20.08,20.06,20.08,20.06,24237.0,486728.0
2026-09-01 13:29:00,20.1,20.12,20.12,20.1,600.0,12064.0
2026-09-01 13:30:00,20.09,20.09,20.09,20.09,2300.0,46212.0
2026-09-01 13:31:00,20.09,20.09,20.09,20.09,5570.0,111900.0
2026-09-01 13:32:00,20.09,20.09,20.09,20.06,1442.0,28960.0
2026-09-01 13:33:00,20.09,20.09,20.09,20.08,9345.0,187996.0
2026-09-01 13:34:00,20.09,20.1,20.1,20.09,1500.0,30148.0
2026-09-01 13:35:00,20.1,20.1,20.1,20.1,1981.0,39832.0
2026-09-01 13:36:00,20.1,20.16,20.16,20.1,2513.0,50548.0
2026-09-01 13:37:00,20.11,20.11,20.11,20.11,1400.0,28156.0
2026-09-01 13:38:00,20.1,20.09,20.1,20.09,31282.0,628600.0
2026-09-01 13:39:00,20.09,20.09,20.09,20.09,12938.0,259924.0
2026-09-01 13:40:00,20.14,20.15,20.15,20.14,411.0,8280.0
2026-09-01 13:41:00,20.15,20.1,20.15,20.1,1200.0,24168.0
2026-09-01 13:42:00,20.1,20.1,20.1,20.09,1754.0,35252.0
2026-09-01 13:43:00,20.13,20.12,20.13,20.12,2400.0,48308.0
2026-09-01 13:44:00,20.13,20.12,20.13,20.12,10572.0,212768.0
2026-09-01 13:45:00,20.13,20.13,20.13,20.12,1313.0,26428.0
2026-09-01 13:46:00,20.13,20.15,20.15,20.13,5533.0,111496.0
2026-09-01 13:47:00,20.16,20.16,20.17,20.16,8619.0,173800.0
2026-09-01 13:48:00,20.16,20.18,20.18,20.16,3742.0,75496.0
2026-09-01 13:49:00,20.18,20.16,20.18,20.16,5175.0,104428.0
2026-09-01 13:50:00,20.16,20.18,20.18,20.16,6662.0,134408.0
2026-09-01 13:51:00,20.16,20.18,20.18,20.16,1446.0,29152.0
2026-09-01 13:52:00,20.16,20.16,20.18,20.16,13553.0,273444.0
2026-09-01 13:53:00,20.16,20.16,20.16,20.16,4285.0,86384.0
2026-09-01 13:54:00,20.16,20.15,20.16,20.14,7515.0,151416.0
2026-09-01 13:55:00,20.15,20.16,20.16,20.15,2600.0,52416.0
2026-09-01 13:56:00,20.14,20.22,20.22,20.14,16200.0,327180.0
2026-09-01 13:57:00,20.2,20.2,20.2,20.2,1484.0,29972.0
2026-09-01 13:58:00,20.14,20.17,20.2,20.14,6359.0,128296.0
2026-09-01 13:59:00,20.2,20.17,20.2,20.17,1694.0,34192.0
2026-09-01 14:00:00,20.17,20.17,20.17,20.17,822.0,16580.0
2026-09-01 14:01:00,20.19,20.19,20.21,20.19,8858.0,178940.0
2026-09-01 14:02:00,20.19,20.19,20.2,20.19,1987.0,40132.0
2026-09-01 14:03:00,20.2,20.19,20.2,20.19,10221.0,206420.0
2026-09-01 14:04:00,20.19,20.17,20.2,20.17,7103.0,143416.0
2026-09-01 14:05:00,20.16,20.16,20.18,20.15,3532.0,71216.0
2026-09-01 14:06:00,20.15,20.16,20.16,20.14,9281.0,187064.0
2026-09-01 14:07:00,20.18,20.17,20.18,20.16,7000.0,141236.0
2026-09-01 14:08:00,20.17,20.18,20.18,20.17,6456.0,130280.0
2026-09-01 14:09:00,20.18,20.17,20.18,20.17,3533.0,71292.0
2026-09-01 14:10:00,20.18,20.17,20.18,20.17,10245.0,206696.0
2026-09-01 14:11:00,20.14,20.14,20.14,20.14,6378.0,128496.0
2026-09-01 14:12:00,20.13,20.1,20.13,20.1,14748.0,296728.0
2026-09-01 14:13:00,20.1,20.07,20.1,20.07,6664.0,133872.0
2026-09-01 14:14:00,20.07,20.07,20.07,20.07,2275.0,45656.0
2026-09-01 14:15:00,20.07,20.05,20.07,20.05,4825.0,88736.0
2026-09-01 14:16:00,20.05,20.01,20.05,20.01,12151.0,243336.0
2026-09-01 14:17:00,20.01,19.97,20.01,19.97,9932.0,198608.0
2026-09-01 14:18:00,19.97,20.04,20.04,19.97,2890.0,57808.0
2026-09-01 14:19:00,20.0,20.0,20.0,19.99,10614.0,212284.0
2026-09-01 14:20:00,20.0,20.0,20.01,20.0,8700.0,174036.0
2026-09-01 14:21:00,20.0,20.04,20.04,20.0,15767.0,315492.0
2026-09-01 14:22:00,20.0,20.05,20.05,20.0,9153.0,183356.0
2026-09-01 14:23:00,20.02,20.02,20.06,20.0,6058.0,121352.0
2026-09-01 14:24:00,20.02,20.04,20.06,20.02,10396.0,208456.0
2026-09-01 14:25:00,20.02,20.04,20.04,20.02,2789.0,39856.0
2026-09-01 14:26:00,20.01,20.01,20.01,20.01,6636.0,132808.0
2026-09-01 14:27:00,20.01,20.0,20.01,20.0,4628.0,92584.0
2026-09-01 14:28:00,20.0,20.0,20.0,20.0,20560.0,411200.0
2026-09-01 14:29:00,19.99,20.02,20.02,19.99,3567.0,71360.0
2026-09-01 14:30:00,20.02,20.01,20.02,20.01,2615.0,52344.0
2026-09-01 14:31:00,20.0,20.01,20.01,20.0,3185.0,63736.0
2026-09-01 14:32:00,20.01,20.05,20.05,20.0,9251.0,185232.0
2026-09-01 14:33:00,20.06,20.03,20.06,20.03,7993.0,160216.0
2026-09-01 14:34:00,20.06,20.03,20.06,20.03,1575.0,31552.0
2026-09-01 14:35:00,20.03,20.0,20.03,20.0,6447.0,129040.0
2026-09-01 14:36:00,19.99,19.99,20.0,19.99,9157.0,183088.0
2026-09-01 14:37:00,20.0,20.0,20.0,20.0,906.0,18120.0
2026-09-01 14:38:00,20.02,19.99,20.02,19.99,10390.0,207776.0
2026-09-01 14:39:00,19.98,19.97,19.98,19.96,33005.0,659200.0
2026-09-01 14:40:00,19.97,19.99,19.99,19.97,6232.0,124544.0
2026-09-01 14:41:00,19.99,20.0,20.0,19.97,7742.0,154736.0
2026-09-01 14:42:00,20.0,19.99,20.0,19.98,7962.0,159160.0
2026-09-01 14:43:00,20.0,19.99,20.0,19.99,13430.0,268504.0
2026-09-01 14:44:00,19.99,20.03,20.03,19.99,3370.0,67448.0
2026-09-01 14:45:00,20.03,20.05,20.05,20.03,6154.0,123368.0
2026-09-01 14:46:00,20.05,20.01,20.05,20.01,12352.0,247416.0
2026-09-01 14:47:00,20.0,20.01,20.01,19.99,8456.0,169096.0
2026-09-01 14:48:00,20.01,20.01,20.01,19.99,10243.0,204872.0
2026-09-01 14:49:00,20.02,19.99,20.02,19.99,7292.0,145816.0
2026-09-01 14:50:00,19.98,19.97,19.99,19.97,11481.0,229360.0
2026-09-01 14:51:00,19.97,19.96,19.99,19.96,9263.0,184968.0
2026-09-01 14:52:00,20.0,20.03,20.04,20.0,15329.0,306648.0
2026-09-01 14:53:00,20.01,19.98,20.03,19.98,37561.0,751200.0
2026-09-01 14:54:00,19.98,19.99,20.0,19.98,9127.0,182456.0
2026-09-01 14:55:00,19.98,19.99,19.99,19.96,20801.0,381672.0
2026-09-01 14:56:00,19.96,19.96,19.97,19.96,16129.0,322032.0
2026-09-01 14:57:00,19.95,19.89,19.95,19.89,82139.0,1636400.0
2026-09-01 14:58:00,19.92,19.92,19.92,19.92,4400.0,87648.0
2026-09-01 15:00:00,19.95,19.95,19.95,19.95,50682.0,1011104.0
2026-09-02 09:31:00,19.8,19.76,19.8,19.75,47881.0,947317.0
2026-09-02 09:32:00,19.76,19.75,19.8,19.73,102774.0,2029760.0
2026-09-02 09:33:00,19.75,19.8,19.86,19.75,117553.0,2326708.0
2026-09-02 09:34:00,19.8,19.9,19.9,19.8,59498.0,1178717.0
2026-09-02 09:35:00,19.91,20.01,20.01,19.91,51029.0,1018100.0
2026-09-02 09:36:00,20.01,20.01,20.04,19.98,57358.0,1147724.0
2026-09-02 09:37:00,20.08,20.04,20.12,20.04,116313.0,2334304.0
2026-09-02 09:38:00,20.04,20.03,20.12,20.02,59494.0,1194076.0
2026-09-02 09:39:00,20.09,20.03,20.09,20.03,38547.0,773020.0
2026-09-02 09:40:00,20.08,20.11,20.11,20.08,48652.0,877701.0
2026-09-02 09:41:00,20.11,20.15,20.17,20.11,62617.0,1262012.0
2026-09-02 09:42:00,20.15,20.13,20.15,20.13,25674.0,517036.0
2026-09-02 09:43:00,20.15,20.1,20.15,20.1,19599.0,394535.0
2026-09-02 09:44:00,20.1,20.15,20.15,20.1,60095.0,1209910.0
2026-09-02 09:45:00,20.2,20.34,20.37,20.2,123049.0,2496144.0
2026-09-02 09:46:00,20.26,20.25,20.34,20.24,32417.0,657364.0
2026-09-02 09:47:00,20.25,20.2,20.26,20.15,46023.0,930824.0
2026-09-02 09:48:00,20.16,20.19,20.2,20.16,18516.0,373992.0
2026-09-02 09:49:00,20.19,20.14,20.2,20.14,30400.0,613270.0
2026-09-02 09:50:00,20.16,20.16,20.17,20.16,14308.0,284030.0
2026-09-02 09:51:00,20.16,20.12,20.16,20.12,15609.0,314300.0
2026-09-02 09:52:00,20.12,20.05,20.12,20.05,24623.0,494690.0
2026-09-02 09:53:00,20.05,20.13,20.14,20.05,21182.0,425954.0
2026-09-02 09:54:00,20.14,20.11,20.14,20.11,6790.0,136624.0
2026-09-02 09:55:00,20.11,20.2,20.21,20.11,8583.0,173036.0
2026-09-02 09:56:00,20.21,20.19,20.21,20.16,24672.0,498264.0
2026-09-02 09:57:00,20.2,20.25,20.25,20.2,34533.0,697928.0
2026-09-02 09:58:00,20.24,20.21,20.27,20.21,27672.0,560184.0
2026-09-02 09:59:00,20.22,20.21,20.22,20.21,10550.0,213246.0
2026-09-02 10:00:00,20.26,20.3,20.3,20.21,33254.0,603642.0
2026-09-02 10:01:00,20.31,20.37,20.37,20.29,62189.0,1264668.0
2026-09-02 10:02:00,20.39,20.44,20.44,20.33,97265.0,1981964.0
2026-09-02 10:03:00,20.43,20.42,20.44,20.41,30551.0,623898.0
2026-09-02 10:04:00,20.42,20.6,20.6,20.39,111911.0,2291446.0
2026-09-02 10:05:00,20.64,20.75,20.8,20.64,235241.0,4882156.0
2026-09-02 10:06:00,20.66,20.7,20.75,20.66,75063.0,1556548.0
2026-09-02 10:07:00,20.65,20.88,20.88,20.65,149319.0,3100668.0
2026-09-02 10:08:00,20.9,20.88,20.94,20.75,165143.0,3450512.0
2026-09-02 10:09:00,20.88,20.76,20.88,20.76,57113.0,1188216.0
2026-09-02 10:10:00,20.76,20.75,20.79,20.74,58655.0,1217544.0
2026-09-02 10:11:00,20.79,20.8,20.83,20.76,62212.0,1294816.0
2026-09-02 10:12:00,20.81,20.75,20.81,20.75,86559.0,1797976.0
2026-09-02 10:13:00,20.75,20.71,20.75,20.7,36960.0,766108.0
2026-09-02 10:14:00,20.7,20.7,20.73,20.68,69287.0,1434324.0
2026-09-02 10:15:00,20.71,20.73,20.74,20.7,67644.0,1402000.0
2026-09-02 10:16:00,20.74,20.84,20.89,20.74,77136.0,1606976.0
2026-09-02 10:17:00,20.85,20.75,20.85,20.75,27968.0,582600.0
2026-09-02 10:18:00,20.75,20.85,20.85,20.75,45828.0,954560.0
2026-09-02 10:19:00,20.87,21.16,21.18,20.87,130423.0,2742820.0
2026-09-02 10:20:00,21.2,21.16,21.2,21.0,143519.0,2887740.0
2026-09-02 10:21:00,21.0,21.01,21.09,21.0,34601.0,728464.0
2026-09-02 10:22:00,21.01,20.98,21.05,20.97,16356.0,343652.0
2026-09-02 10:23:00,21.06,21.14,21.14,21.06,45897.0,968512.0
2026-09-02 10:24:00,21.07,21.01,21.09,21.0,16713.0,351348.0
2026-09-02 10:25:00,21.07,21.37,21.37,21.07,96659.0,2046760.0
2026-09-02 10:26:00,21.37,21.37,21.4,21.34,94347.0,2017664.0
2026-09-02 10:27:00,21.34,21.2,21.34,21.2,18906.0,402552.0
2026-09-02 10:28:00,21.23,21.26,21.38,21.23,52005.0,1108224.0
2026-09-02 10:29:00,21.26,21.19,21.26,21.06,14890.0,315144.0
2026-09-02 10:30:00,21.1,21.05,21.39,21.05,112057.0,2301224.0
2026-09-02 10:31:00,21.38,21.32,21.38,21.17,15625.0,332904.0
2026-09-02 10:32:00,21.31,21.29,21.31,21.19,22070.0,469152.0
2026-09-02 10:33:00,21.29,21.27,21.29,21.19,18087.0,383832.0
2026-09-02 10:34:00,21.28,21.26,21.28,21.26,45884.0,975848.0
2026-09-02 10:35:00,21.25,21.2,21.25,21.2,7905.0,167848.0
2026-09-02 10:36:00,21.2,21.17,21.2,21.14,25367.0,537416.0
2026-09-02 10:37:00,21.18,21.11,21.18,21.11,23521.0,497584.0
2026-09-02 10:38:00,21.18,21.19,21.19,21.11,7500.0,158728.0
2026-09-02 10:39:00,21.19,21.18,21.2,21.18,10841.0,229696.0
2026-09-02 10:40:00,21.12,21.13,21.18,21.12,5900.0,124616.0
2026-09-02 10:41:00,21.13,21.11,21.16,21.11,45181.0,954456.0
2026-09-02 10:42:00,21.1,21.16,21.16,21.1,27939.0,590192.0
2026-09-02 10:43:00,21.15,21.16,21.19,21.15,35912.0,760072.0
2026-09-02 10:44:00,21.16,21.35,21.35,21.16,36348.0,773328.0
2026-09-02 10:45:00,21.3,21.35,21.38,21.29,42767.0,913448.0
2026-09-02 10:46:00,21.31,21.45,21.46,21.3,66718.0,1426120.0
2026-09-02 10:47:00,21.4,21.43,21.46,21.4,16777.0,359680.0
2026-09-02 10:48:00,21.31,21.26,21.31,21.26,19395.0,412704.0
2026-09-02 10:49:00,21.26,21.21,21.27,21.19,12864.0,273352.0
2026-09-02 10:50:00,21.27,21.27,21.27,21.27,14482.0,308032.0
2026-09-02 10:51:00,21.27,21.33,21.33,21.26,22911.0,487960.0
2026-09-02 10:52:00,21.29,21.26,21.3,21.26,13425.0,285832.0
2026-09-02 10:53:00,21.26,21.18,21.26,21.18,9965.0,211464.0
2026-09-02 10:54:00,21.18,21.13,21.18,21.12,5296.0,112064.0
2026-09-02 10:55:00,21.12,21.01,21.12,21.01,31624.0,666256.0
2026-09-02 10:56:00,21.03,21.14,21.16,21.01,21199.0,446592.0
2026-09-02 10:57:00,21.13,21.09,21.13,21.08,14699.0,310392.0
2026-09-02 10:58:00,21.11,21.26,21.26,21.07,64909.0,1372632.0
2026-09-02 10:59:00,21.3,21.18,21.32,21.18,19803.0,421208.0
2026-09-02 11:00:00,21.19,21.07,21.19,21.07,18925.0,400984.0
2026-09-02 11:01:00,21.12,21.18,21.18,21.12,13068.0,276576.0
2026-09-02 11:02:00,21.15,21.1,21.15,21.1,20663.0,436864.0
2026-09-02 11:03:00,21.1,21.1,21.1,21.1,9109.0,192200.0
2026-09-02 11:04:00,21.14,21.18,21.18,21.14,1420.0,30032.0
2026-09-02 11:05:00,21.3,21.3,21.3,21.3,82980.0,1766872.0
2026-09-02 11:06:00,21.29,21.19,21.29,21.19,17025.0,362432.0
2026-09-02 11:07:00,21.19,21.19,21.19,21.18,4857.0,102920.0
2026-09-02 11:08:00,21.15,21.15,21.15,21.15,10400.0,219960.0
2026-09-02 11:09:00,21.15,21.12,21.15,21.12,5388.0,113904.0
2026-09-02 11:10:00,21.12,21.15,21.15,21.12,15105.0,308496.0
2026-09-02 11:11:00,21.15,21.16,21.29,21.15,23590.0,500928.0
2026-09-02 11:12:00,21.16,21.16,21.3,21.16,31750.0,673928.0
2026-09-02 11:13:00,21.18,21.28,21.28,21.18,2725.0,57968.0
2026-09-02 11:14:00,21.29,21.32,21.32,21.29,7346.0,156496.0
2026-09-02 11:15:00,21.32,21.29,21.32,21.28,9382.0,199720.0
2026-09-02 11:16:00,21.2,21.28,21.28,21.2,800.0,16976.0
2026-09-02 11:17:00,21.22,21.33,21.33,21.22,26757.0,569664.0
2026-09-02 11:18:00,21.34,21.34,21.34,21.3,12561.0,267776.0
2026-09-02 11:19:00,21.34,21.37,21.37,21.34,61918.0,1321816.0
2026-09-02 11:20:00,21.36,21.37,21.37,21.35,18940.0,404472.0
2026-09-02 11:21:00,21.36,21.27,21.36,21.27,15102.0,321992.0
2026-09-02 11:22:00,21.3,21.3,21.3,21.27,2681.0,57056.0
2026-09-02 11:23:00,21.28,21.27,21.3,21.18,16149.0,343104.0
2026-09-02 11:24:00,21.26,21.22,21.27,21.22,10145.0,215512.0
2026-09-02 11:25:00,21.22,21.23,21.26,21.21,3372.0,71568.0
2026-09-02 11:26:00,21.23,21.2,21.23,21.19,26892.0,570072.0
2026-09-02 11:27:00,21.2,21.2,21.26,21.19,30931.0,656136.0
2026-09-02 11:28:00,21.27,21.37,21.38,21.27,75480.0,1610768.0
2026-09-02 11:29:00,21.38,21.36,21.38,21.36,7432.0,158832.0
2026-09-02 11:30:00,21.3,21.35,21.35,21.3,7864.0,167840.0
2026-09-02 13:01:00,21.46,21.48,21.49,21.46,111372.0,2386248.0
2026-09-02 13:02:00,21.45,21.45,21.47,21.39,23947.0,513608.0
2026-09-02 13:03:00,21.45,21.45,21.45,21.41,13085.0,280632.0
2026-09-02 13:04:00,21.4,21.39,21.43,21.39,8345.0,178536.0
2026-09-02 13:05:00,21.38,21.33,21.38,21.31,7424.0,158472.0
2026-09-02 13:06:00,21.32,21.41,21.41,21.32,28041.0,598784.0
2026-09-02 13:07:00,21.43,21.43,21.43,21.41,23198.0,496800.0
2026-09-02 13:08:00,21.42,21.4,21.42,21.4,26840.0,574656.0
2026-09-02 13:09:00,21.4,21.31,21.4,21.31,35395.0,757144.0
2026-09-02 13:10:00,21.32,21.32,21.32,21.32,1547.0,30848.0
2026-09-02 13:11:00,21.31,21.33,21.33,21.3,12340.0,262968.0
2026-09-02 13:12:00,21.34,21.34,21.35,21.34,4916.0,104896.0
2026-09-02 13:13:00,21.35,21.31,21.35,21.3,20532.0,437864.0
2026-09-02 13:14:00,21.3,21.25,21.31,21.25,11924.0,253896.0
2026-09-02 13:15:00,21.28,21.28,21.28,21.25,5097.0,108440.0
2026-09-02 13:16:00,21.28,21.25,21.29,21.25,12017.0,255616.0
2026-09-02 13:17:00,21.23,21.2,21.23,21.2,8133.0,172488.0
2026-09-02 13:18:00,21.19,21.18,21.19,21.15,27728.0,587552.0
2026-09-02 13:19:00,21.16,21.15,21.18,21.15,12346.0,261128.0
2026-09-02 13:20:00,21.13,21.13,21.15,21.13,1955.0,39208.0
2026-09-02 13:21:00,21.13,21.12,21.13,21.12,20206.0,426872.0
2026-09-02 13:22:00,21.11,21.11,21.11,21.11,7058.0,149000.0
2026-09-02 13:23:00,21.06,21.02,21.06,21.02,43672.0,919296.0
2026-09-02 13:24:00,21.02,21.06,21.06,21.02,39663.0,834472.0
2026-09-02 13:25:00,21.1,21.09,21.1,21.09,2010.0,42400.0
2026-09-02 13:26:00,21.06,21.05,21.08,21.05,10570.0,222608.0
2026-09-02 13:27:00,21.06,21.05,21.06,21.05,19224.0,404784.0
2026-09-02 13:28:00,21.05,21.06,21.06,21.05,8213.0,172896.0
2026-09-02 13:29:00,21.06,21.06,21.06,21.05,42713.0,899520.0
2026-09-02 13:30:00,21.06,21.06,21.06,21.06,18341.0,386256.0
2026-09-02 13:31:00,21.09,21.09,21.09,21.09,7771.0,163736.0
2026-09-02 13:32:00,21.09,21.07,21.09,21.07,11939.0,251608.0
2026-09-02 13:33:00,21.07,21.09,21.09,21.07,26235.0,553072.0
2026-09-02 13:34:00,21.06,21.1,21.1,21.06,13136.0,277096.0
2026-09-02 13:35:00,21.1,21.11,21.11,21.1,1332.0,28104.0
2026-09-02 13:36:00,21.16,21.16,21.16,21.16,3707.0,78440.0
2026-09-02 13:37:00,21.13,21.12,21.18,21.12,8463.0,179040.0
2026-09-02 13:38:00,21.12,21.11,21.12,21.11,12135.0,256240.0
2026-09-02 13:39:00,21.11,21.11,21.11,21.11,5004.0,105640.0
2026-09-02 13:40:00,21.09,21.1,21.1,21.09,3189.0,67224.0
2026-09-02 13:41:00,21.1,21.09,21.1,21.09,10503.0,221608.0
2026-09-02 13:42:00,21.09,21.07,21.1,21.07,8597.0,181312.0
2026-09-02 13:43:00,21.1,21.11,21.11,21.1,3771.0,79584.0
2026-09-02 13:44:00,21.11,21.13,21.13,21.1,9693.0,204680.0
2026-09-02 13:45:00,21.13,21.15,21.18,21.13,17292.0,365976.0
2026-09-02 13:46:00,21.16,21.27,21.27,21.16,20700.0,439384.0
2026-09-02 13:47:00,21.24,21.27,21.27,21.24,12544.0,266648.0
2026-09-02 13:48:00,21.27,21.25,21.27,21.17,5329.0,113080.0
2026-09-02 13:49:00,21.25,21.19,21.25,21.19,1549.0,32840.0
2026-09-02 13:50:00,21.15,21.13,21.15,21.13,30200.0,638192.0
2026-09-02 13:51:00,21.19,21.19,21.19,21.19,100.0,2120.0
2026-09-02 13:52:00,21.13,21.08,21.13,21.08,2906.0,61320.0
2026-09-02 13:53:00,21.07,21.08,21.08,21.07,5400.0,113800.0
2026-09-02 13:54:00,21.07,21.04,21.07,21.04,24893.0,523928.0
2026-09-02 13:55:00,21.05,21.05,21.05,21.04,3707.0,78024.0
2026-09-02 13:56:00,21.05,21.06,21.06,21.05,900.0,18952.0
2026-09-02 13:57:00,21.05,21.05,21.05,21.05,1387.0,29200.0
2026-09-02 13:58:00,21.03,21.01,21.03,21.01,15164.0,318832.0
2026-09-02 13:59:00,21.02,21.02,21.02,21.02,3655.0,76832.0
2026-09-02 14:00:00,21.02,21.04,21.04,21.02,4699.0,98816.0
2026-09-02 14:01:00,21.04,21.1,21.13,21.04,26450.0,557784.0
2026-09-02 14:02:00,21.1,21.1,21.1,21.1,328.0,6920.0
2026-09-02 14:03:00,21.06,21.03,21.06,21.03,1076.0,22632.0
2026-09-02 14:04:00,21.01,21.02,21.02,21.01,2700.0,56744.0
2026-09-02 14:05:00,21.02,21.01,21.02,21.01,3860.0,81112.0
2026-09-02 14:06:00,21.01,21.01,21.02,20.98,23085.0,484728.0
2026-09-02 14:07:00,21.01,20.98,21.02,20.98,32211.0,676320.0
2026-09-02 14:08:00,21.01,20.98,21.01,20.98,3601.0,75568.0
2026-09-02 14:09:00,20.96,20.92,20.96,20.92,8800.0,184176.0
2026-09-02 14:10:00,20.91,20.9,20.92,20.9,38638.0,797592.0
2026-09-02 14:11:00,20.9,20.83,20.9,20.83,7221.0,150688.0
2026-09-02 14:12:00,20.83,20.86,20.88,20.83,32897.0,685072.0
2026-09-02 14:13:00,20.86,20.86,20.86,20.86,4090.0,85328.0
2026-09-02 14:14:00,20.84,20.85,20.85,20.83,11485.0,239392.0
2026-09-02 14:15:00,20.86,20.86,20.86,20.85,3200.0,66744.0
2026-09-02 14:16:00,20.87,20.89,20.89,20.87,7524.0,157056.0
2026-09-02 14:17:00,20.9,20.89,20.9,20.88,7317.0,152840.0
2026-09-02 14:18:00,20.88,20.86,20.88,20.86,3541.0,73920.0
2026-09-02 14:19:00,20.86,20.71,20.86,20.7,50312.0,1045672.0
2026-09-02 14:20:00,20.71,20.75,20.75,20.71,7350.0,152288.0
2026-09-02 14:21:00,20.77,20.76,20.77,20.76,300.0,6232.0
2026-09-02 14:22:00,20.76,20.74,20.76,20.74,6444.0,133704.0
2026-09-02 14:23:00,20.73,20.74,20.74,20.73,3872.0,80280.0
2026-09-02 14:24:00,20.74,20.75,20.76,20.74,9600.0,199248.0
2026-09-02 14:25:00,20.76,20.76,20.76,20.75,9289.0,192816.0
2026-09-02 14:26:00,20.75,20.76,20.76,20.75,8000.0,166008.0
2026-09-02 14:27:00,20.77,20.75,20.77,20.75,28961.0,600976.0
2026-09-02 14:28:00,20.73,20.73,20.73,20.73,1500.0,31088.0
2026-09-02 14:29:00,20.72,20.71,20.72,20.71,5330.0,110432.0
2026-09-02 14:30:00,20.71,20.72,20.72,20.71,5654.0,117104.0
2026-09-02 14:31:00,20.71,20.71,20.72,20.71,2454.0,50840.0
2026-09-02 14:32:00,20.72,20.71,20.72,20.71,10150.0,210216.0
2026-09-02 14:33:00,20.71,20.65,20.72,20.65,11821.0,244640.0
2026-09-02 14:34:00,20.63,20.66,20.66,20.63,3018.0,62328.0
2026-09-02 14:35:00,20.71,20.71,20.71,20.66,3616.0,74856.0
2026-09-02 14:36:00,20.71,20.72,20.72,20.7,5198.0,107688.0
2026-09-02 14:37:00,20.73,20.75,20.75,20.73,17934.0,372104.0
2026-09-02 14:38:00,20.8,20.7,20.8,20.7,16358.0,339984.0
2026-09-02 14:39:00,20.69,20.68,20.69,20.68,8269.0,171056.0
2026-09-02 14:40:00,20.69,20.7,20.7,20.69,3920.0,81136.0
2026-09-02 14:41:00,20.71,20.78,20.78,20.71,5107.0,106016.0
2026-09-02 14:42:00,20.76,20.74,20.76,20.74,9819.0,203760.0
2026-09-02 14:43:00,20.74,20.74,20.74,20.71,5712.0,118464.0
2026-09-02 14:44:00,20.74,20.72,20.74,20.72,1500.0,31088.0
2026-09-02 14:45:00,20.73,20.74,20.74,20.73,3000.0,62208.0
2026-09-02 14:46:00,20.73,20.71,20.73,20.71,13920.0,288440.0
2026-09-02 14:47:00,20.71,20.71,20.71,20.71,4762.0,98624.0
2026-09-02 14:48:00,20.72,20.74,20.74,20.71,14550.0,301480.0
2026-09-02 14:49:00,20.74,20.76,20.76,20.74,6906.0,143280.0
2026-09-02 14:50:00,20.78,20.78,20.78,20.78,7900.0,164136.0
2026-09-02 14:51:00,20.77,20.78,20.79,20.77,4738.0,98448.0
2026-09-02 14:52:00,20.78,20.77,20.78,20.77,15190.0,315512.0
2026-09-02 14:53:00,20.76,20.72,20.76,20.72,26782.0,555552.0
2026-09-02 14:54:00,20.72,20.65,20.72,20.65,26416.0,546416.0
2026-09-02 14:55:00,20.66,20.73,20.73,20.66,5316.0,110136.0
2026-09-02 14:56:00,20.72,20.72,20.75,20.72,16822.0,348808.0
2026-09-02 14:57:00,20.72,20.68,20.74,20.66,52358.0,1083904.0
2026-09-02 15:00:00,20.68,20.65,20.68,20.65,49100.0,1013904.0
2026-09-03 09:31:00,20.4,20.34,20.57,20.34,157865.0,3224470.0
2026-09-03 09:32:00,20.34,20.38,20.4,20.3,164842.0,3351370.0
2026-09-03 09:33:00,20.4,20.55,20.55,20.4,33784.0,692235.0
2026-09-03 09:34:00,20.53,20.5,20.6,20.46,67545.0,1387788.0
2026-09-03 09:35:00,20.44,20.48,20.5,20.44,30375.0,621948.0
2026-09-03 09:36:00,20.48,20.32,20.48,20.31,84141.0,1715480.0
2026-09-03 09:37:00,20.32,20.4,20.44,20.31,20657.0,420467.0
2026-09-03 09:38:00,20.4,20.26,20.4,20.25,59583.0,1209666.0
2026-09-03 09:39:00,20.27,20.35,20.35,20.27,31904.0,647578.0
2026-09-03 09:40:00,20.31,20.35,20.4,20.31,8614.0,175473.0
2026-09-03 09:41:00,20.4,20.4,20.4,20.31,20402.0,415782.0
2026-09-03 09:42:00,20.35,20.32,20.4,20.32,16118.0,327998.0
2026-09-03 09:43:00,20.3,20.3,20.3,20.26,53624.0,1088032.0
2026-09-03 09:44:00,20.3,20.37,20.37,20.3,21419.0,435994.0
2026-09-03 09:45:00,20.37,20.32,20.37,20.31,23941.0,486609.0
2026-09-03 09:46:00,20.37,20.37,20.37,20.33,10325.0,210035.0
2026-09-03 09:47:00,20.37,20.37,20.37,20.34,23403.0,476159.0
2026-09-03 09:48:00,20.38,20.32,20.38,20.31,21266.0,432356.0
2026-09-03 09:49:00,20.32,20.36,20.36,20.3,16930.0,316960.0
2026-09-03 09:50:00,20.32,20.34,20.39,20.32,1923.0,39126.0
2026-09-03 09:51:00,20.35,20.35,20.5,20.35,16846.0,343362.0
2026-09-03 09:52:00,20.55,20.48,20.55,20.42,5612.0,114812.0
2026-09-03 09:53:00,20.42,20.4,20.45,20.4,9408.0,192112.0
2026-09-03 09:54:00,20.42,20.5,20.5,20.4,20355.0,416536.0
2026-09-03 09:55:00,20.42,20.48,20.48,20.42,3842.0,78526.0
2026-09-03 09:56:00,20.48,20.48,20.48,20.43,14947.0,306194.0
2026-09-03 09:57:00,20.48,20.5,20.5,20.44,15339.0,314196.0
2026-09-03 09:58:00,20.43,20.42,20.43,20.42,7400.0,151128.0
2026-09-03 09:59:00,20.53,20.63,20.64,20.53,29915.0,614746.0
2026-09-03 10:00:00,20.65,20.85,20.85,20.65,42057.0,871824.0
2026-09-03 10:01:00,20.85,20.77,20.85,20.69,35131.0,730824.0
2026-09-03 10:02:00,20.73,20.73,20.78,20.73,44183.0,917290.0
2026-09-03 10:03:00,20.74,20.65,20.74,20.65,31690.0,655700.0
2026-09-03 10:04:00,20.62,20.66,20.66,20.62,12688.0,262048.0
2026-09-03 10:05:00,20.66,20.68,20.68,20.63,9401.0,194364.0
2026-09-03 10:06:00,20.59,20.59,20.59,20.59,6600.0,136056.0
2026-09-03 10:07:00,20.65,20.59,20.65,20.59,6500.0,134144.0
2026-09-03 10:08:00,20.66,20.65,20.66,20.57,16185.0,333400.0
2026-09-03 10:09:00,20.65,20.59,20.65,20.59,7177.0,147898.0
2026-09-03 10:10:00,20.56,20.58,20.59,20.52,5550.0,114194.0
2026-09-03 10:11:00,20.51,20.58,20.58,20.51,8144.0,167100.0
2026-09-03 10:12:00,20.53,20.5,20.53,20.5,12503.0,256638.0
2026-09-03 10:13:00,20.48,20.45,20.5,20.45,8849.0,181126.0
2026-09-03 10:14:00,20.43,20.46,20.47,20.43,24244.0,495824.0
2026-09-03 10:15:00,20.46,20.46,20.47,20.45,36498.0,746612.0
2026-09-03 10:16:00,20.46,20.37,20.46,20.37,18128.0,370072.0
2026-09-03 10:17:00,20.37,20.45,20.45,20.37,11804.0,241260.0
2026-09-03 10:18:00,20.42,20.4,20.45,20.4,8730.0,178224.0
2026-09-03 10:19:00,20.4,20.4,20.4,20.39,5600.0,114316.0
2026-09-03 10:20:00,20.39,20.48,20.48,20.38,33931.0,692820.0
2026-09-03 10:21:00,20.49,20.48,20.49,20.48,11395.0,233420.0
2026-09-03 10:22:00,20.41,20.46,20.46,20.41,7251.0,148314.0
2026-09-03 10:23:00,20.41,20.59,20.59,20.41,35724.0,733134.0
2026-09-03 10:24:00,20.58,20.43,20.58,20.43,2115.0,43320.0
2026-09-03 10:25:00,20.43,20.4,20.43,20.4,7029.0,143482.0
2026-09-03 10:26:00,20.57,20.57,20.58,20.57,20428.0,420092.0
2026-09-03 10:27:00,20.43,20.43,20.44,20.43,4100.0,83774.0
2026-09-03 10:28:00,20.6,20.57,20.6,20.45,31961.0,657762.0
2026-09-03 10:29:00,20.5,20.51,20.56,20.48,12894.0,264294.0
2026-09-03 10:30:00,20.51,20.46,20.51,20.46,3553.0,72700.0
2026-09-03 10:31:00,20.47,20.46,20.47,20.46,2920.0,59752.0
2026-09-03 10:32:00,20.46,20.44,20.47,20.44,16274.0,332828.0
2026-09-03 10:33:00,20.43,20.44,20.44,20.42,19321.0,394902.0
2026-09-03 10:35:00,20.45,20.45,20.45,20.45,100.0,2046.0
2026-09-03 10:36:00,20.45,20.44,20.45,20.44,5751.0,117566.0
2026-09-03 10:37:00,20.42,20.5,20.5,20.42,18577.0,380154.0
2026-09-03 10:38:00,20.48,20.49,20.49,20.48,9921.0,203216.0
2026-09-03 10:39:00,20.48,20.49,20.49,20.48,3978.0,81496.0
2026-09-03 10:40:00,20.48,20.52,20.52,20.48,11600.0,237592.0
2026-09-03 10:41:00,20.52,20.52,20.52,20.52,7613.0,156220.0
2026-09-03 10:42:00,20.55,20.53,20.56,20.53,4008.0,82348.0
2026-09-03 10:43:00,20.53,20.52,20.53,20.52,4094.0,84032.0
2026-09-03 10:44:00,20.52,20.52,20.52,20.52,5034.0,103300.0
2026-09-03 10:45:00,20.49,20.43,20.49,20.43,19513.0,399216.0
2026-09-03 10:46:00,20.49,20.49,20.49,20.49,100.0,2048.0
2026-09-03 10:47:00,20.46,20.46,20.46,20.46,17354.0,355060.0
2026-09-03 10:48:00,20.47,20.47,20.47,20.47,500.0,10236.0
2026-09-03 10:49:00,20.46,20.45,20.46,20.43,6892.0,138892.0
2026-09-03 10:50:00,20.45,20.43,20.45,20.43,5035.0,102900.0
2026-09-03 10:51:00,20.43,20.43,20.47,20.43,12052.0,246456.0
2026-09-03 10:52:00,20.43,20.43,20.43,20.43,4616.0,94308.0
2026-09-03 10:53:00,20.46,20.41,20.46,20.41,42597.0,870416.0
2026-09-03 10:54:00,20.42,20.42,20.42,20.42,153.0,3124.0
2026-09-03 10:55:00,20.42,20.42,20.42,20.42,20148.0,411472.0
2026-09-03 10:56:00,20.43,20.43,20.43,20.43,5388.0,110072.0
2026-09-03 10:58:00,20.45,20.46,20.46,20.45,661.0,13524.0
2026-09-03 10:59:00,20.44,20.4,20.44,20.4,25400.0,518824.0
2026-09-03 11:00:00,20.41,20.44,20.44,20.41,11581.0,236472.0
2026-09-03 11:01:00,20.41,20.41,20.41,20.41,4826.0,98532.0
2026-09-03 11:02:00,20.42,20.47,20.47,20.41,11415.0,233264.0
2026-09-03 11:03:00,20.48,20.44,20.48,20.44,2074.0,42456.0
2026-09-03 11:04:00,20.47,20.58,20.59,20.47,8800.0,180864.0
2026-09-03 11:05:00,20.55,20.5,20.55,20.5,6407.0,131452.0
2026-09-03 11:06:00,20.45,20.45,20.45,20.45,3887.0,79488.0
2026-09-03 11:07:00,20.45,20.49,20.49,20.45,413.0,8460.0
2026-09-03 11:08:00,20.49,20.5,20.58,20.49,12718.0,260692.0
2026-09-03 11:09:00,20.5,20.55,20.55,20.5,2000.0,41100.0
2026-09-03 11:10:00,20.55,20.56,20.56,20.51,5462.0,112244.0
2026-09-03 11:11:00,20.55,20.55,20.56,20.55,5744.0,118080.0
2026-09-03 11:12:00,20.55,20.55,20.55,20.55,800.0,16440.0
2026-09-03 11:13:00,20.55,20.51,20.55,20.51,1050.0,21548.0
2026-09-03 11:14:00,20.5,20.44,20.5,20.44,11874.0,242920.0
2026-09-03 11:15:00,20.45,20.44,20.45,20.44,6875.0,140592.0
2026-09-03 11:17:00,20.44,20.44,20.44,20.44,918.0,18764.0
2026-09-03 11:18:00,20.45,20.44,20.45,20.44,8862.0,181160.0
2026-09-03 11:19:00,20.45,20.44,20.45,20.43,8677.0,177424.0
2026-09-03 11:20:00,20.44,20.44,20.44,20.44,4022.0,82208.0
2026-09-03 11:21:00,20.5,20.5,20.5,20.5,472.0,9676.0
2026-09-03 11:22:00,20.45,20.49,20.49,20.45,935.0,19148.0
2026-09-03 11:23:00,20.49,20.49,20.5,20.49,25297.0,518468.0
2026-09-03 11:24:00,20.49,20.49,20.49,20.49,405.0,8296.0
2026-09-03 11:25:00,20.49,20.49,20.49,20.49,400.0,8196.0
2026-09-03 11:26:00,20.5,20.49,20.5,20.49,2152.0,44096.0
2026-09-03 11:27:00,20.49,20.49,20.49,20.49,868.0,17784.0
2026-09-03 11:28:00,20.5,20.5,20.52,20.49,3853.0,78996.0
2026-09-03 11:29:00,20.5,20.53,20.53,20.5,6872.0,140920.0
2026-09-03 11:30:00,20.53,20.54,20.54,20.53,1825.0,37464.0
2026-09-03 13:01:00,20.56,20.56,20.56,20.56,200.0,4112.0
2026-09-03 13:02:00,20.58,20.55,20.58,20.55,24771.0,509184.0
2026-09-03 13:03:00,20.54,20.54,20.54,20.54,420.0,8628.0
2026-09-03 13:04:00,20.54,20.52,20.54,20.52,4593.0,94264.0
2026-09-03 13:05:00,20.52,20.46,20.52,20.46,3962.0,81176.0
2026-09-03 13:06:00,20.46,20.45,20.46,20.45,4700.0,96152.0
2026-09-03 13:07:00,20.45,20.42,20.45,20.42,19466.0,397588.0
2026-09-03 13:08:00,20.42,20.44,20.44,20.42,13284.0,271264.0
2026-09-03 13:09:00,20.43,20.43,20.43,20.43,600.0,6128.0
2026-09-03 13:10:00,20.43,20.43,20.43,20.43,450.0,9196.0
2026-09-03 13:11:00,20.42,20.43,20.43,20.42,14294.0,291980.0
2026-09-03 13:13:00,20.43,20.42,20.43,20.42,1904.0,38892.0
2026-09-03 13:14:00,20.42,20.41,20.42,20.41,12494.0,255060.0
2026-09-03 13:15:00,20.4,20.4,20.4,20.39,38700.0,789004.0
2026-09-03 13:16:00,20.36,20.36,20.39,20.36,4800.0,97744.0
2026-09-03 13:17:00,20.36,20.36,20.36,20.36,3267.0,66516.0
2026-09-03 13:18:00,20.38,20.36,20.38,20.36,1120.0,22824.0
2026-09-03 13:19:00,20.36,20.38,20.38,20.36,2050.0,41768.0
2026-09-03 13:20:00,20.38,20.38,20.38,20.38,911.0,18568.0
2026-09-03 13:21:00,20.4,20.4,20.4,20.4,5000.0,101984.0
2026-09-03 13:22:00,20.39,20.34,20.39,20.34,10950.0,223080.0
2026-09-03 13:23:00,20.33,20.33,20.34,20.32,30417.0,618428.0
2026-09-03 13:24:00,20.33,20.28,20.33,20.28,15488.0,314440.0
2026-09-03 13:25:00,20.28,20.29,20.29,20.26,1041.0,21108.0
2026-09-03 13:26:00,20.26,20.26,20.26,20.26,1903.0,38552.0
2026-09-03 13:27:00,20.28,20.29,20.29,20.28,10761.0,218152.0
2026-09-03 13:28:00,20.29,20.29,20.3,20.29,1592.0,32308.0
2026-09-03 13:29:00,20.26,20.24,20.26,20.24,11147.0,224244.0
2026-09-03 13:30:00,20.24,20.24,20.25,20.23,6916.0,139944.0
2026-09-03 13:31:00,20.25,20.24,20.25,20.24,5700.0,115392.0
2026-09-03 13:32:00,20.23,20.25,20.25,20.23,3864.0,78176.0
2026-09-03 13:33:00,20.25,20.29,20.29,20.25,5671.0,114860.0
2026-09-03 13:34:00,20.26,20.28,20.28,20.26,985.0,19964.0
2026-09-03 13:35:00,20.28,20.28,20.28,20.25,2765.0,56036.0
2026-09-03 13:36:00,20.25,20.25,20.25,20.25,2264.0,45844.0
2026-09-03 13:37:00,20.25,20.24,20.25,20.24,6500.0,131568.0
2026-09-03 13:38:00,20.24,20.17,20.24,20.17,50153.0,1013728.0
2026-09-03 13:39:00,20.16,20.19,20.19,20.16,1167.0,23556.0
2026-09-03 13:40:00,20.2,20.2,20.23,20.2,23154.0,467740.0
2026-09-03 13:41:00,20.21,20.24,20.24,20.21,3725.0,75340.0
2026-09-03 13:42:00,20.23,20.24,20.24,20.23,955.0,19328.0
2026-09-03 13:43:00,20.24,20.21,20.26,20.21,6799.0,137480.0
2026-09-03 13:44:00,20.21,20.18,20.21,20.18,10445.0,210988.0
2026-09-03 13:45:00,20.21,20.21,20.21,20.21,3200.0,64664.0
2026-09-03 13:46:00,20.21,20.19,20.21,20.19,15814.0,319456.0
2026-09-03 13:47:00,20.19,20.18,20.22,20.18,38725.0,781952.0
2026-09-03 13:48:00,20.18,20.18,20.18,20.18,3944.0,79596.0
2026-09-03 13:49:00,20.17,20.11,20.17,20.1,38665.0,733084.0
2026-09-03 13:50:00,20.11,20.14,20.14,20.11,19527.0,392744.0
2026-09-03 13:51:00,20.14,20.1,20.14,20.1,18585.0,373776.0
2026-09-03 13:52:00,20.1,20.1,20.1,20.09,12080.0,242792.0
2026-09-03 13:53:00,20.1,20.12,20.17,20.1,5400.0,108616.0
2026-09-03 13:54:00,20.12,20.17,20.17,20.12,1100.0,22168.0
2026-09-03 13:55:00,20.14,20.13,20.14,20.13,6420.0,129268.0
2026-09-03 13:56:00,20.14,20.18,20.18,20.13,45091.0,908104.0
2026-09-03 13:57:00,20.18,20.15,20.18,20.15,2250.0,45360.0
2026-09-03 13:58:00,20.18,20.16,20.18,20.16,1000.0,20172.0
2026-09-03 13:59:00,20.17,20.18,20.19,20.17,5832.0,117680.0
2026-09-03 14:00:00,20.18,20.17,20.18,20.17,180.0,3632.0
2026-09-03 14:01:00,20.19,20.22,20.23,20.19,10365.0,209552.0
2026-09-03 14:02:00,20.23,20.23,20.23,20.22,3255.0,65848.0
2026-09-03 14:03:00,20.23,20.23,20.24,20.23,4561.0,92276.0
2026-09-03 14:04:00,20.23,20.24,20.27,20.23,7670.0,155232.0
2026-09-03 14:05:00,20.25,20.21,20.25,20.21,18966.0,383952.0
2026-09-03 14:06:00,20.2,20.2,20.2,20.2,1262.0,25500.0
2026-09-03 14:07:00,20.21,20.19,20.25,20.19,12715.0,256872.0
2026-09-03 14:08:00,20.18,20.18,20.21,20.18,17304.0,349556.0
2026-09-03 14:09:00,20.18,20.2,20.2,20.18,100.0,2020.0
2026-09-03 14:10:00,20.19,20.2,20.2,20.19,3961.0,80004.0
2026-09-03 14:11:00,20.21,20.19,20.21,20.18,9365.0,189064.0
2026-09-03 14:12:00,20.19,20.17,20.2,20.16,16920.0,341356.0
2026-09-03 14:13:00,20.17,20.17,20.17,20.17,1877.0,37860.0
2026-09-03 14:14:00,20.17,20.17,20.17,20.16,7073.0,142644.0
2026-09-03 14:15:00,20.17,20.19,20.19,20.17,61920.0,1248960.0
2026-09-03 14:16:00,20.21,20.26,20.26,20.21,1900.0,38456.0
2026-09-03 14:17:00,20.25,20.26,20.26,20.25,400.0,8104.0
2026-09-03 14:18:00,20.26,20.26,20.26,20.26,5030.0,101904.0
2026-09-03 14:19:00,20.26,20.28,20.28,20.26,2196.0,44512.0
2026-09-03 14:20:00,20.29,20.33,20.33,20.29,12664.0,256984.0
2026-09-03 14:21:00,20.29,20.3,20.3,20.28,1400.0,28404.0
2026-09-03 14:22:00,20.31,20.3,20.31,20.3,2039.0,41400.0
2026-09-03 14:23:00,20.29,20.22,20.29,20.22,17183.0,348172.0
2026-09-03 14:24:00,20.23,20.29,20.29,20.23,13731.0,278284.0
2026-09-03 14:25:00,20.29,20.29,20.32,20.29,7744.0,157160.0
2026-09-03 14:26:00,20.3,20.3,20.3,20.3,1273.0,25840.0
2026-09-03 14:27:00,20.3,20.29,20.3,20.29,9127.0,185188.0
2026-09-03 14:28:00,20.29,20.29,20.29,20.28,1600.0,32452.0
2026-09-03 14:29:00,20.28,20.27,20.28,20.27,677.0,13728.0
2026-09-03 14:30:00,20.28,20.28,20.28,20.28,423.0,8580.0
2026-09-03 14:31:00,20.28,20.27,20.28,20.27,1454.0,29480.0
2026-09-03 14:32:00,20.28,20.28,20.28,20.27,4450.0,90208.0
2026-09-03 14:33:00,20.28,20.26,20.28,20.26,4956.0,100424.0
2026-09-03 14:34:00,20.26,20.25,20.27,20.25,21436.0,434280.0
2026-09-03 14:35:00,20.24,20.24,20.25,20.24,6345.0,128456.0
2026-09-03 14:36:00,20.24,20.22,20.25,20.22,6478.0,131068.0
2026-09-03 14:37:00,20.22,20.21,20.22,20.21,1463.0,29572.0
2026-09-03 14:38:00,20.21,20.21,20.21,20.2,13634.0,275512.0
2026-09-03 14:39:00,20.21,20.29,20.29,20.21,7010.0,141900.0
2026-09-03 14:40:00,20.21,20.21,20.21,20.21,1060.0,21424.0
2026-09-03 14:41:00,20.21,20.21,20.21,20.21,1582.0,31972.0
2026-09-03 14:42:00,20.22,20.22,20.23,20.22,6236.0,126112.0
2026-09-03 14:43:00,20.22,20.22,20.23,20.22,12207.0,246864.0
2026-09-03 14:44:00,20.26,20.23,20.26,20.23,3791.0,76712.0
2026-09-03 14:45:00,20.23,20.25,20.25,20.22,7129.0,144224.0
2026-09-03 14:46:00,20.23,20.23,20.23,20.22,2640.0,53424.0
2026-09-03 14:47:00,20.23,20.2,20.23,20.2,26568.0,536968.0
2026-09-03 14:48:00,20.21,20.2,20.21,20.2,10394.0,210020.0
2026-09-03 14:49:00,20.18,20.18,20.19,20.17,17504.0,353260.0
2026-09-03 14:50:00,20.19,20.2,20.2,20.19,12625.0,255000.0
2026-09-03 14:51:00,20.2,20.18,20.21,20.18,25327.0,511488.0
2026-09-03 14:52:00,20.18,20.2,20.2,20.18,10650.0,215040.0
2026-09-03 14:53:00,20.2,20.2,20.2,20.19,17757.0,358588.0
2026-09-03 14:54:00,20.19,20.18,20.19,20.18,19630.0,396200.0
2026-09-03 14:55:00,20.17,20.19,20.19,20.17,25489.0,514260.0
2026-09-03 14:56:00,20.2,20.16,20.21,20.15,31347.0,632540.0
2026-09-03 14:57:00,20.17,20.17,20.17,20.15,35153.0,708712.0
2026-09-03 15:00:00,20.2,20.2,20.2,20.2,24122.0,487268.0
2026-09-04 09:31:00,20.23,20.29,20.38,20.23,27584.0,559935.0
2026-09-04 09:32:00,20.3,20.29,20.3,20.24,15323.0,310917.0
2026-09-04 09:33:00,20.3,20.38,20.44,20.29,6350.0,129062.0
2026-09-04 09:34:00,20.38,20.33,20.38,20.29,31039.0,630880.0
2026-09-04 09:35:00,20.34,20.29,20.36,20.28,31130.0,632738.0
2026-09-04 09:36:00,20.28,20.49,20.49,20.28,43382.0,885226.0
2026-09-04 09:37:00,20.32,20.34,20.42,20.32,15908.0,323604.0
2026-09-04 09:38:00,20.4,20.44,20.46,20.34,34936.0,714517.0
2026-09-04 09:39:00,20.46,20.36,20.46,20.35,47669.0,973667.0
2026-09-04 09:40:00,20.37,20.41,20.41,20.37,12504.0,254944.0
2026-09-04 09:41:00,20.41,20.41,20.41,20.41,2460.0,50209.0
2026-09-04 09:42:00,20.41,20.4,20.41,20.38,2006.0,40912.0
2026-09-04 09:43:00,20.4,20.37,20.42,20.35,28675.0,585065.0
2026-09-04 09:44:00,20.37,20.33,20.37,20.33,11461.0,233206.0
2026-09-04 09:45:00,20.34,20.4,20.4,20.34,39602.0,805805.0
2026-09-04 09:46:00,20.4,20.34,20.4,20.33,20606.0,420162.0
2026-09-04 09:47:00,20.34,20.33,20.34,20.33,8028.0,163263.0
2026-09-04 09:48:00,20.33,20.32,20.33,20.32,10877.0,221102.0
2026-09-04 09:49:00,20.32,20.3,20.33,20.3,11051.0,224519.0
2026-09-04 09:50:00,20.3,20.28,20.3,20.28,9099.0,184588.0
2026-09-04 09:51:00,20.28,20.26,20.28,20.25,67267.0,1366577.0
2026-09-04 09:52:00,20.26,20.3,20.3,20.26,10453.0,212197.0
2026-09-04 09:53:00,20.32,20.34,20.34,20.32,1189.0,24167.0
2026-09-04 09:54:00,20.36,20.39,20.39,20.35,19398.0,395385.0
2026-09-04 09:55:00,20.39,20.35,20.41,20.35,14716.0,300113.0
2026-09-04 09:56:00,20.33,20.33,20.33,20.31,15263.0,310129.0
2026-09-04 09:57:00,20.33,20.33,20.33,20.33,200.0,4066.0
2026-09-04 09:58:00,20.33,20.3,20.33,20.3,30394.0,340429.0
2026-09-04 09:59:00,20.29,20.28,20.29,20.27,4077.0,82671.0
2026-09-04 10:00:00,20.27,20.28,20.28,20.27,11846.0,240222.0
2026-09-04 10:01:00,20.28,20.28,20.28,20.28,4590.0,93105.0
2026-09-04 10:02:00,20.3,20.37,20.37,20.3,4137.0,84097.0
2026-09-04 10:03:00,20.38,20.42,20.42,20.38,39524.0,805955.0
2026-09-04 10:04:00,20.42,20.42,20.42,20.4,3600.0,73480.0
2026-09-04 10:05:00,20.42,20.4,20.42,20.4,21289.0,434689.0
2026-09-04 10:06:00,20.41,20.45,20.45,20.41,3405.0,69576.0
2026-09-04 10:07:00,20.45,20.45,20.48,20.45,13132.0,268694.0
2026-09-04 10:08:00,20.45,20.44,20.45,20.43,5115.0,102512.0
2026-09-04 10:09:00,20.41,20.4,20.41,20.4,10127.0,206684.0
2026-09-04 10:10:00,20.37,20.35,20.39,20.34,15705.0,319976.0
2026-09-04 10:11:00,20.36,20.36,20.36,20.36,7354.0,149939.0
2026-09-04 10:12:00,20.36,20.4,20.4,20.36,3067.0,62455.0
2026-09-04 10:13:00,20.4,20.41,20.41,20.37,16840.0,343566.0
2026-09-04 10:14:00,20.44,20.45,20.45,20.44,1133.0,23160.0
2026-09-04 10:15:00,20.45,20.43,20.46,20.43,18262.0,373617.0
2026-09-04 10:16:00,20.42,20.5,20.5,20.41,24628.0,504447.0
2026-09-04 10:17:00,20.55,20.58,20.58,20.5,30434.0,624812.0
2026-09-04 10:18:00,20.57,20.59,20.66,20.57,46359.0,773375.0
2026-09-04 10:19:00,20.65,20.9,20.99,20.65,145832.0,3027378.0
2026-09-04 10:20:00,20.86,20.8,20.86,20.8,70462.0,1467638.0
2026-09-04 10:21:00,20.8,20.78,20.81,20.75,57913.0,1203546.0
2026-09-04 10:22:00,20.7,20.75,20.75,20.7,43926.0,909532.0
2026-09-04 10:23:00,20.71,20.71,20.75,20.71,10481.0,217202.0
2026-09-04 10:24:00,20.72,20.68,20.72,20.68,8110.0,167856.0
2026-09-04 10:25:00,20.67,20.71,20.71,20.67,28493.0,589790.0
2026-09-04 10:26:00,20.75,20.74,20.75,20.69,17819.0,368930.0
2026-09-04 10:27:00,20.67,20.7,20.7,20.66,14711.0,304156.0
2026-09-04 10:28:00,20.7,20.71,20.71,20.7,5479.0,113452.0
2026-09-04 10:29:00,20.73,20.65,20.73,20.65,41894.0,867320.0
2026-09-04 10:30:00,20.67,20.71,20.71,20.67,24898.0,514808.0
2026-09-04 10:31:00,20.69,20.75,20.75,20.63,17208.0,356100.0
2026-09-04 10:32:00,20.65,20.65,20.65,20.65,5812.0,120068.0
2026-09-04 10:33:00,20.65,20.65,20.65,20.65,1788.0,36924.0
2026-09-04 10:34:00,20.65,20.63,20.65,20.63,6507.0,134252.0
2026-09-04 10:35:00,20.62,20.63,20.63,20.62,3751.0,77368.0
2026-09-04 10:36:00,20.63,20.62,20.63,20.62,514.0,10602.0
2026-09-04 10:37:00,20.72,20.74,20.74,20.72,20352.0,421642.0
2026-09-04 10:38:00,20.63,20.74,20.75,20.63,6200.0,128590.0
2026-09-04 10:39:00,20.73,20.66,20.73,20.66,5800.0,119888.0
2026-09-04 10:40:00,20.66,20.72,20.72,20.64,7200.0,148874.0
2026-09-04 10:41:00,20.73,20.63,20.73,20.63,12499.0,258698.0
2026-09-04 10:42:00,20.63,20.67,20.67,20.63,849.0,17532.0
2026-09-04 10:43:00,20.63,20.63,20.63,20.63,1254.0,25870.0
2026-09-04 10:44:00,20.63,20.63,20.63,20.63,2060.0,42498.0
2026-09-04 10:45:00,20.64,20.61,20.64,20.61,4919.0,101444.0
2026-09-04 10:46:00,20.61,20.58,20.61,20.58,7197.0,148242.0
2026-09-04 10:47:00,20.56,20.56,20.56,20.55,3341.0,68676.0
2026-09-04 10:48:00,20.56,20.56,20.59,20.56,4848.0,99690.0
2026-09-04 10:49:00,20.56,20.55,20.56,20.55,5360.0,110190.0
2026-09-04 10:50:00,20.58,20.6,20.6,20.58,7020.0,144486.0
2026-09-04 10:51:00,20.6,20.58,20.6,20.58,1286.0,26474.0
2026-09-04 10:52:00,20.58,20.6,20.6,20.58,4004.0,82356.0
2026-09-04 10:53:00,20.54,20.54,20.54,20.54,8296.0,170454.0
2026-09-04 10:54:00,20.54,20.52,20.54,20.52,19837.0,407012.0
2026-09-04 10:55:00,20.5,20.52,20.52,20.5,14877.0,305122.0
2026-09-04 10:56:00,20.5,20.52,20.52,20.5,4891.0,100300.0
2026-09-04 10:57:00,20.52,20.52,20.52,20.52,1740.0,35704.0
2026-09-04 10:58:00,20.52,20.52,20.52,20.52,6908.0,141652.0
2026-09-04 10:59:00,20.57,20.58,20.58,20.54,6100.0,125452.0
2026-09-04 11:00:00,20.58,20.56,20.59,20.56,6300.0,129622.0
2026-09-04 11:01:00,20.56,20.57,20.57,20.56,1000.0,20568.0
2026-09-04 11:02:00,20.57,20.57,20.57,20.57,312.0,6418.0
2026-09-04 11:03:00,20.56,20.56,20.56,20.56,7766.0,159668.0
2026-09-04 11:04:00,20.6,20.65,20.65,20.6,16510.0,340038.0
2026-09-04 11:05:00,20.63,20.6,20.63,20.6,14178.0,292162.0
2026-09-04 11:06:00,20.56,20.56,20.56,20.56,3100.0,63736.0
2026-09-04 11:07:00,20.56,20.55,20.56,20.55,1131.0,23242.0
2026-09-04 11:08:00,20.51,20.56,20.56,20.51,13600.0,279582.0
2026-09-04 11:09:00,20.55,20.6,20.6,20.52,3464.0,71288.0
2026-09-04 11:10:00,20.59,20.59,20.59,20.59,571.0,11756.0
2026-09-04 11:11:00,20.6,20.53,20.6,20.53,5200.0,107080.0
2026-09-04 11:12:00,20.62,20.54,20.64,20.54,25100.0,517418.0
2026-09-04 11:13:00,20.52,20.52,20.52,20.52,17958.0,368602.0
2026-09-04 11:15:00,20.59,20.59,20.59,20.52,6054.0,124618.0
2026-09-04 11:16:00,20.52,20.52,20.52,20.52,4383.0,89938.0
2026-09-04 11:17:00,20.52,20.53,20.53,20.52,4000.0,82096.0
2026-09-04 11:18:00,20.53,20.53,20.53,20.53,500.0,10264.0
2026-09-04 11:19:00,20.5,20.5,20.5,20.5,31949.0,655088.0
2026-09-04 11:20:00,20.48,20.5,20.5,20.48,31951.0,654992.0
2026-09-04 11:21:00,20.5,20.5,20.5,20.5,500.0,10252.0
2026-09-04 11:23:00,20.52,20.52,20.52,20.52,219.0,4492.0
2026-09-04 11:24:00,20.53,20.53,20.53,20.5,11308.0,232088.0
2026-09-04 11:25:00,20.56,20.53,20.56,20.53,3453.0,70976.0
2026-09-04 11:26:00,20.57,20.53,20.57,20.53,13774.0,282964.0
2026-09-04 11:27:00,20.53,20.53,20.53,20.53,1232.0,25292.0
2026-09-04 11:28:00,20.53,20.53,20.53,20.53,2258.0,46360.0
2026-09-04 11:29:00,20.53,20.6,20.6,20.53,19672.0,404960.0
2026-09-04 11:30:00,20.6,20.62,20.65,20.6,9376.0,193396.0
2026-09-04 13:01:00,20.65,20.65,20.65,20.65,7578.0,156424.0
2026-09-04 13:03:00,20.63,20.63,20.63,20.63,2988.0,61580.0
2026-09-04 13:05:00,20.55,20.55,20.55,20.55,618.0,12704.0
2026-09-04 13:06:00,20.53,20.53,20.53,20.53,300.0,6156.0
2026-09-04 13:08:00,20.52,20.52,20.52,20.52,107.0,2196.0
2026-09-04 13:11:00,20.53,20.5,20.53,20.5,39347.0,806900.0
2026-09-04 13:12:00,20.5,20.5,20.5,20.5,1481.0,30360.0
2026-09-04 13:14:00,20.53,20.53,20.53,20.53,1935.0,39728.0
2026-09-04 13:15:00,20.53,20.53,20.53,20.53,200.0,4104.0
2026-09-04 13:16:00,20.52,20.46,20.52,20.46,900.0,18464.0
2026-09-04 13:17:00,20.53,20.53,20.54,20.53,7347.0,150820.0
2026-09-04 13:18:00,20.53,20.53,20.53,20.53,736.0,15112.0
2026-09-04 13:19:00,20.5,20.5,20.5,20.5,400.0,8200.0
2026-09-04 13:20:00,20.52,20.52,20.52,20.5,461.0,9456.0
2026-09-04 13:21:00,20.55,20.56,20.56,20.55,4198.0,86300.0
2026-09-04 13:23:00,20.57,20.57,20.57,20.57,4190.0,86180.0
2026-09-04 13:24:00,20.55,20.53,20.55,20.53,1702.0,34944.0
2026-09-04 13:25:00,20.53,20.53,20.53,20.53,100.0,2052.0
2026-09-04 13:26:00,20.53,20.53,20.53,20.53,1130.0,23200.0
2026-09-04 13:27:00,20.52,20.51,20.52,20.51,3279.0,67268.0
2026-09-04 13:28:00,20.5,20.49,20.5,20.49,3414.0,69964.0
2026-09-04 13:29:00,20.49,20.46,20.49,20.46,4874.0,99784.0
2026-09-04 13:30:00,20.42,20.42,20.42,20.42,2948.0,60196.0
2026-09-04 13:31:00,20.41,20.4,20.41,20.4,8174.0,166864.0
2026-09-04 13:32:00,20.41,20.4,20.42,20.4,6206.0,126616.0
2026-09-04 13:33:00,20.38,20.39,20.39,20.38,4391.0,89552.0
2026-09-04 13:34:00,20.38,20.37,20.38,20.37,4085.0,83252.0
2026-09-04 13:35:00,20.35,20.35,20.35,20.35,2078.0,42292.0
2026-09-04 13:36:00,20.37,20.35,20.39,20.35,6768.0,137936.0
2026-09-04 13:38:00,20.36,20.32,20.36,20.32,10292.0,209344.0
2026-09-04 13:39:00,20.32,20.32,20.32,20.32,1545.0,31392.0
2026-09-04 13:40:00,20.33,20.33,20.34,20.32,4958.0,100792.0
2026-09-04 13:42:00,20.33,20.34,20.34,20.33,8041.0,163488.0
2026-09-04 13:43:00,20.38,20.41,20.41,20.38,10293.0,210040.0
2026-09-04 13:44:00,20.41,20.41,20.41,20.41,263.0,5368.0
2026-09-04 13:45:00,20.38,20.38,20.38,20.38,400.0,8152.0
2026-09-04 13:46:00,20.38,20.38,20.38,20.38,2201.0,44856.0
2026-09-04 13:47:00,20.36,20.39,20.39,20.36,9090.0,185172.0
2026-09-04 13:48:00,20.39,20.39,20.39,20.39,5000.0,101948.0
2026-09-04 13:49:00,20.36,20.36,20.36,20.36,500.0,10184.0
2026-09-04 13:50:00,20.36,20.36,20.36,20.35,9989.0,203332.0
2026-09-04 13:51:00,20.36,20.34,20.36,20.34,1300.0,26456.0
2026-09-04 13:52:00,20.3,20.31,20.31,20.28,32506.0,660048.0
2026-09-04 13:53:00,20.28,20.26,20.28,20.26,7700.0,156144.0
2026-09-04 13:54:00,20.26,20.24,20.26,20.24,5989.0,121316.0
2026-09-04 13:55:00,20.25,20.24,20.25,20.24,11397.0,230720.0
2026-09-04 13:56:00,20.24,20.28,20.28,20.24,8024.0,162616.0
2026-09-04 13:57:00,20.28,20.29,20.29,20.28,5773.0,117084.0
2026-09-04 13:58:00,20.28,20.28,20.28,20.28,6834.0,138600.0
2026-09-04 13:59:00,20.33,20.28,20.33,20.28,4991.0,101320.0
2026-09-04 14:00:00,20.28,20.25,20.28,20.25,42259.0,856200.0
2026-09-04 14:01:00,20.25,20.22,20.25,20.22,9976.0,201868.0
2026-09-04 14:02:00,20.22,20.16,20.22,20.11,25335.0,511380.0
2026-09-04 14:03:00,20.17,20.22,20.22,20.17,8098.0,163452.0
2026-09-04 14:04:00,20.2,20.2,20.2,20.2,4700.0,95020.0
2026-09-04 14:05:00,20.2,20.2,20.2,20.2,7757.0,156704.0
2026-09-04 14:06:00,20.2,20.21,20.21,20.2,898.0,18140.0
2026-09-04 14:07:00,20.2,20.25,20.25,20.2,12889.0,260832.0
2026-09-04 14:08:00,20.23,20.2,20.23,20.2,5264.0,106344.0
2026-09-04 14:09:00,20.2,20.12,20.2,20.12,45028.0,907764.0
2026-09-04 14:10:00,20.17,20.18,20.18,20.17,3673.0,74084.0
2026-09-04 14:11:00,20.18,20.21,20.21,20.17,7178.0,145008.0
2026-09-04 14:12:00,20.22,20.22,20.22,20.22,3712.0,75040.0
2026-09-04 14:13:00,20.21,20.18,20.21,20.18,10526.0,212512.0
2026-09-04 14:14:00,20.17,20.25,20.25,20.17,13935.0,281432.0
2026-09-04 14:15:00,20.23,20.16,20.23,20.16,24124.0,487064.0
2026-09-04 14:16:00,20.23,20.23,20.23,20.23,274.0,5544.0
2026-09-04 14:17:00,20.21,20.2,20.21,20.2,6382.0,128924.0
2026-09-04 14:18:00,20.17,20.17,20.17,20.17,100.0,2020.0
2026-09-04 14:19:00,20.16,20.15,20.16,20.15,4301.0,86684.0
2026-09-04 14:20:00,20.15,20.18,20.18,20.15,3041.0,61296.0
2026-09-04 14:21:00,20.18,20.16,20.18,20.16,2840.0,57264.0
2026-09-04 14:22:00,20.16,20.14,20.16,20.13,11596.0,233628.0
2026-09-04 14:23:00,20.14,20.13,20.14,20.13,7089.0,142844.0
2026-09-04 14:24:00,20.13,20.12,20.13,20.12,9245.0,186088.0
2026-09-04 14:25:00,20.12,20.12,20.12,20.12,10184.0,204900.0
2026-09-04 14:26:00,20.1,20.15,20.15,20.1,29726.0,598088.0
2026-09-04 14:27:00,20.15,20.19,20.19,20.15,5068.0,102208.0
2026-09-04 14:28:00,20.19,20.19,20.19,20.19,600.0,12112.0
2026-09-04 14:29:00,20.19,20.19,20.19,20.19,200.0,4036.0
2026-09-04 14:30:00,20.16,20.14,20.16,20.14,9900.0,199452.0
2026-09-04 14:31:00,20.13,20.1,20.13,20.1,25182.0,506308.0
2026-09-04 14:32:00,20.1,20.06,20.1,20.06,10609.0,212948.0
2026-09-04 14:33:00,20.05,20.07,20.07,20.05,9539.0,191372.0
2026-09-04 14:34:00,20.07,20.05,20.07,20.05,3222.0,64620.0
2026-09-04 14:35:00,20.05,20.05,20.05,20.05,1974.0,39580.0
2026-09-04 14:36:00,20.05,20.03,20.05,20.01,32376.0,648372.0
2026-09-04 14:37:00,20.03,20.03,20.05,20.01,31959.0,639972.0
2026-09-04 14:38:00,20.01,20.01,20.05,20.0,14378.0,287736.0
2026-09-04 14:39:00,20.01,20.0,20.04,20.0,27692.0,554060.0
2026-09-04 14:40:00,20.0,20.01,20.01,20.0,20506.0,410192.0
2026-09-04 14:41:00,20.01,20.02,20.02,20.01,5000.0,100068.0
2026-09-04 14:42:00,20.02,19.97,20.02,19.96,26100.0,521600.0
2026-09-04 14:43:00,19.91,19.9,19.91,19.88,43916.0,874116.0
2026-09-04 14:44:00,19.93,19.96,19.96,19.93,34403.0,685632.0
2026-09-04 14:45:00,19.93,19.93,19.96,19.92,54912.0,1094472.0
2026-09-04 14:46:00,19.92,19.91,19.92,19.9,25953.0,516684.0
2026-09-04 14:47:00,19.89,19.89,19.91,19.89,16463.0,327564.0
2026-09-04 14:48:00,19.88,19.8,19.89,19.8,42246.0,821640.0
2026-09-04 14:49:00,19.8,19.84,19.84,19.79,48847.0,967368.0
2026-09-04 14:50:00,19.84,19.86,19.86,19.84,18300.0,363424.0
2026-09-04 14:51:00,19.9,19.9,19.92,19.9,50831.0,1011552.0
2026-09-04 14:52:00,19.9,19.9,19.9,19.9,4514.0,89828.0
2026-09-04 14:53:00,19.9,19.86,19.9,19.86,27042.0,537672.0
2026-09-04 14:54:00,19.89,19.86,19.89,19.85,7946.0,157932.0
2026-09-04 14:55:00,19.86,19.99,19.99,19.86,29096.0,579744.0
2026-09-04 14:56:00,19.99,19.9,19.99,19.9,14623.0,291604.0
2026-09-04 14:57:00,19.91,19.96,19.97,19.9,23264.0,463132.0
2026-09-04 15:00:00,19.94,19.94,19.94,19.94,27807.0,554472.0
2026-09-07 09:31:00,19.83,19.99,20.09,19.83,22739.0,452585.0
2026-09-07 09:32:00,20.08,19.94,20.08,19.83,33921.0,671947.0
2026-09-07 09:33:00,19.93,19.87,19.93,19.86,5619.0,111799.0
2026-09-07 09:34:00,19.99,19.94,19.99,19.94,4425.0,88353.0
2026-09-07 09:35:00,19.87,19.88,19.93,19.87,14971.0,297984.0
2026-09-07 09:36:00,19.88,19.91,19.92,19.87,29955.0,595914.0
2026-09-07 09:37:00,19.91,19.91,19.91,19.9,6573.0,130873.0
2026-09-07 09:38:00,19.9,19.84,19.9,19.84,54732.0,1086979.0
2026-09-07 09:39:00,19.83,19.75,19.84,19.75,89364.0,1768847.0
2026-09-07 09:40:00,19.73,19.79,19.81,19.73,33567.0,663886.0
2026-09-07 09:41:00,19.77,19.78,19.81,19.77,23773.0,470601.0
2026-09-07 09:42:00,19.78,19.79,19.8,19.77,58941.0,1066531.0
2026-09-07 09:43:00,19.78,19.74,19.79,19.73,90066.0,1781283.0
2026-09-07 09:44:00,19.74,19.75,19.8,19.74,34750.0,686887.0
2026-09-07 09:45:00,19.75,19.75,19.75,19.72,29210.0,576478.0
2026-09-07 09:46:00,19.8,19.8,19.8,19.75,8284.0,163749.0
2026-09-07 09:47:00,19.85,19.8,19.85,19.8,7231.0,143463.0
2026-09-07 09:48:00,19.8,19.79,19.8,19.77,14024.0,277412.0
2026-09-07 09:49:00,19.79,19.86,19.86,19.79,8300.0,164372.0
2026-09-07 09:50:00,19.86,19.86,19.86,19.86,300.0,5958.0
2026-09-07 09:51:00,19.81,19.81,19.81,19.81,3658.0,72465.0
2026-09-07 09:52:00,19.8,19.79,19.8,19.79,14162.0,199212.0
2026-09-07 09:53:00,19.79,19.76,19.79,19.73,35536.0,702321.0
2026-09-07 09:54:00,19.77,19.8,19.8,19.77,14614.0,289130.0
2026-09-07 09:55:00,19.8,19.81,19.81,19.8,3807.0,75389.0
2026-09-07 09:56:00,19.81,19.8,19.83,19.8,6374.0,126236.0
2026-09-07 09:57:00,19.8,19.8,19.8,19.8,7313.0,144798.0
2026-09-07 09:58:00,19.78,19.79,19.8,19.78,30176.0,597162.0
2026-09-07 09:59:00,19.83,19.81,19.83,19.81,1529.0,30277.0
2026-09-07 10:00:00,19.8,19.8,19.82,19.8,16611.0,329030.0
2026-09-07 10:01:00,19.8,19.8,19.8,19.78,4560.0,90253.0
2026-09-07 10:02:00,19.8,19.78,19.8,19.78,11853.0,187132.0
2026-09-07 10:03:00,19.78,19.77,19.82,19.77,23067.0,456282.0
2026-09-07 10:04:00,19.76,19.75,19.76,19.75,20895.0,412850.0
2026-09-07 10:05:00,19.74,19.7,19.74,19.7,62362.0,1229569.0
2026-09-07 10:06:00,19.68,19.7,19.7,19.68,29614.0,583356.0
2026-09-07 10:07:00,19.69,19.71,19.71,19.69,3923.0,77285.0
2026-09-07 10:08:00,19.78,19.72,19.78,19.71,2300.0,45400.0
2026-09-07 10:09:00,19.72,19.77,19.77,19.72,17200.0,339420.0
2026-09-07 10:10:00,19.73,19.71,19.73,19.7,32412.0,638918.0
2026-09-07 10:11:00,19.71,19.71,19.71,19.71,8966.0,176720.0
2026-09-07 10:12:00,19.7,19.77,19.77,19.7,41309.0,696754.0
2026-09-07 10:13:00,19.77,19.78,19.8,19.77,5685.0,112460.0
2026-09-07 10:14:00,19.82,19.79,19.82,19.78,3280.0,64948.0
2026-09-07 10:15:00,19.79,19.82,19.82,19.79,1601.0,31686.0
2026-09-07 10:16:00,19.79,19.75,19.79,19.75,7456.0,147486.0
2026-09-07 10:17:00,19.71,19.73,19.73,19.71,1600.0,31548.0
2026-09-07 10:18:00,19.8,19.8,19.8,19.8,768.0,15208.0
2026-09-07 10:19:00,19.8,19.8,19.8,19.8,46.0,910.0
2026-09-07 10:20:00,19.76,19.76,19.76,19.76,1135.0,22432.0
2026-09-07 10:21:00,19.77,19.77,19.77,19.77,4500.0,88966.0
2026-09-07 10:22:00,19.77,19.71,19.77,19.71,21989.0,428224.0
2026-09-07 10:24:00,19.73,19.75,19.75,19.73,8850.0,174686.0
2026-09-07 10:25:00,19.74,19.7,19.74,19.7,37122.0,732266.0
2026-09-07 10:26:00,19.71,19.78,19.78,19.71,1400.0,27624.0
2026-09-07 10:28:00,19.78,19.72,19.78,19.72,200.0,3948.0
2026-09-07 10:29:00,19.73,19.73,19.73,19.73,1260.0,24860.0
2026-09-07 10:30:00,19.73,19.73,19.73,19.73,700.0,13812.0
2026-09-07 10:31:00,19.73,19.78,19.78,19.73,7284.0,143868.0
2026-09-07 10:32:00,19.78,19.77,19.78,19.73,5333.0,95548.0
2026-09-07 10:33:00,19.78,19.78,19.78,19.78,458.0,9060.0
2026-09-07 10:34:00,19.77,19.78,19.78,19.77,8600.0,170080.0
2026-09-07 10:35:00,19.78,19.78,19.78,19.78,400.0,7912.0
2026-09-07 10:36:00,19.77,19.78,19.78,19.77,1029.0,20348.0
2026-09-07 10:37:00,19.8,19.78,19.8,19.78,10685.0,211472.0
2026-09-07 10:38:00,19.78,19.81,19.81,19.78,11060.0,218784.0
2026-09-07 10:39:00,19.81,19.81,19.81,19.81,766.0,15176.0
2026-09-07 10:40:00,19.79,19.82,19.82,19.79,23401.0,463212.0
2026-09-07 10:41:00,19.78,19.83,19.83,19.78,83941.0,1655382.0
2026-09-07 10:42:00,19.83,19.81,19.83,19.81,765.0,15166.0
2026-09-07 10:43:00,19.81,19.81,19.81,19.76,3483.0,68936.0
2026-09-07 10:44:00,19.81,19.81,19.81,19.81,100.0,1980.0
2026-09-07 10:45:00,19.76,19.76,19.76,19.76,400.0,7904.0
2026-09-07 10:46:00,19.74,19.74,19.74,19.74,5999.0,118442.0
2026-09-07 10:47:00,19.74,19.74,19.74,19.74,500.0,9870.0
2026-09-07 10:48:00,19.79,19.79,19.79,19.79,100.0,1980.0
2026-09-07 10:49:00,19.75,19.75,19.75,19.75,833.0,16452.0
2026-09-07 10:50:00,19.69,19.69,19.69,19.69,55586.0,1096026.0
2026-09-07 10:51:00,19.69,19.7,19.74,19.69,3523.0,69382.0
2026-09-07 10:52:00,19.7,19.7,19.7,19.69,3500.0,68946.0
2026-09-07 10:53:00,19.72,19.7,19.72,19.7,7754.0,152756.0
2026-09-07 10:54:00,19.7,19.66,19.7,19.66,64130.0,1262030.0
2026-09-07 10:55:00,19.65,19.65,19.65,19.64,9981.0,196116.0
2026-09-07 10:56:00,19.64,19.65,19.65,19.64,23085.0,453494.0
2026-09-07 10:57:00,19.65,19.66,19.66,19.65,13260.0,260684.0
2026-09-07 10:58:00,19.66,19.67,19.67,19.66,2445.0,48080.0
2026-09-07 10:59:00,19.67,19.66,19.67,19.66,35036.0,688806.0
2026-09-07 11:00:00,19.66,19.63,19.66,19.63,12659.0,248624.0
2026-09-07 11:01:00,19.63,19.57,19.63,19.57,57662.0,1130296.0
2026-09-07 11:02:00,19.59,19.58,19.59,19.58,3561.0,69738.0
2026-09-07 11:03:00,19.59,19.61,19.61,19.59,6270.0,122890.0
2026-09-07 11:04:00,19.62,19.64,19.7,19.62,2600.0,51156.0
2026-09-07 11:05:00,19.63,19.63,19.63,19.63,2000.0,39264.0
2026-09-07 11:06:00,19.63,19.63,19.63,19.62,9311.0,182764.0
2026-09-07 11:07:00,19.63,19.63,19.63,19.63,484.0,9500.0
2026-09-07 11:08:00,19.63,19.67,19.67,19.63,13918.0,273714.0
2026-09-07 11:09:00,19.67,19.67,19.67,19.63,3717.0,73106.0
2026-09-07 11:10:00,19.64,19.64,19.64,19.64,4268.0,83948.0
2026-09-07 11:11:00,19.65,19.68,19.68,19.65,3795.0,74662.0
2026-09-07 11:12:00,19.68,19.65,19.68,19.65,1700.0,33426.0
2026-09-07 11:13:00,19.67,19.67,19.67,19.67,300.0,5900.0
2026-09-07 11:14:00,19.65,19.67,19.68,19.65,10409.0,204788.0
2026-09-07 11:15:00,19.67,19.67,19.67,19.67,2282.0,44888.0
2026-09-07 11:16:00,19.67,19.69,19.69,19.67,1000.0,19676.0
2026-09-07 11:17:00,19.69,19.63,19.69,19.63,30768.0,604768.0
2026-09-07 11:18:00,19.62,19.65,19.65,19.62,8199.0,160916.0
2026-09-07 11:19:00,19.65,19.62,19.65,19.62,9267.0,181964.0
2026-09-07 11:20:00,19.63,19.65,19.65,19.63,4354.0,85552.0
2026-09-07 11:21:00,19.66,19.66,19.66,19.66,400.0,7864.0
2026-09-07 11:22:00,19.66,19.69,19.69,19.66,5023.0,98902.0
2026-09-07 11:23:00,19.7,19.72,19.72,19.7,9501.0,187218.0
2026-09-07 11:24:00,19.72,19.72,19.74,19.72,11500.0,226840.0
2026-09-07 11:25:00,19.72,19.72,19.73,19.72,2122.0,41856.0
2026-09-07 11:26:00,19.72,19.72,19.72,19.7,300.0,5914.0
2026-09-07 11:27:00,19.72,19.72,19.73,19.72,1694.0,33406.0
2026-09-07 11:28:00,19.72,19.72,19.72,19.72,19577.0,386058.0
2026-09-07 11:29:00,19.72,19.72,19.72,19.72,500.0,9860.0
2026-09-07 11:30:00,19.72,19.72,19.72,19.72,2000.0,39442.0
2026-09-07 13:01:00,19.76,19.72,19.76,19.72,4822.0,95150.0
2026-09-07 13:02:00,19.72,19.72,19.73,19.72,6368.0,125590.0
2026-09-07 13:03:00,19.71,19.71,19.71,19.71,1554.0,30620.0
2026-09-07 13:04:00,19.71,19.7,19.71,19.7,4522.0,89088.0
2026-09-07 13:05:00,19.7,19.7,19.7,19.7,21984.0,433084.0
2026-09-07 13:06:00,19.69,19.69,19.69,19.69,500.0,9844.0
2026-09-07 13:07:00,19.69,19.66,19.69,19.66,5996.0,117948.0
2026-09-07 13:08:00,19.67,19.66,19.67,19.66,2902.0,57068.0
2026-09-07 13:09:00,19.67,19.67,19.67,19.67,449.0,8832.0
2026-09-07 13:10:00,19.67,19.66,19.67,19.66,300.0,5900.0
2026-09-07 13:11:00,19.66,19.66,19.66,19.66,571.0,11224.0
2026-09-07 13:12:00,19.65,19.65,19.65,19.65,300.0,3932.0
2026-09-07 13:13:00,19.66,19.67,19.67,19.66,5559.0,109332.0
2026-09-07 13:14:00,19.67,19.67,19.67,19.67,983.0,19336.0
2026-09-07 13:15:00,19.67,19.67,19.67,19.67,6344.0,124784.0
2026-09-07 13:16:00,19.67,19.67,19.67,19.67,10681.0,210096.0
2026-09-07 13:17:00,19.68,19.63,19.68,19.63,11562.0,227112.0
2026-09-07 13:18:00,19.63,19.61,19.63,19.61,14007.0,274824.0
2026-09-07 13:19:00,19.62,19.7,19.7,19.62,6233.0,122572.0
2026-09-07 13:20:00,19.67,19.67,19.67,19.67,2200.0,43272.0
2026-09-07 13:21:00,19.69,19.69,19.69,19.69,800.0,15752.0
2026-09-07 13:22:00,19.67,19.67,19.67,19.67,4450.0,58520.0
2026-09-07 13:24:00,19.67,19.7,19.7,19.67,2161.0,42544.0
2026-09-07 13:25:00,19.68,19.68,19.68,19.68,191.0,3760.0
2026-09-07 13:26:00,19.68,19.68,19.68,19.68,509.0,10016.0
2026-09-07 13:27:00,19.68,19.68,19.68,19.68,5182.0,101984.0
2026-09-07 13:28:00,19.68,19.68,19.68,19.68,1900.0,37392.0
2026-09-07 13:30:00,19.69,19.7,19.7,19.69,4281.0,84332.0
2026-09-07 13:31:00,19.75,19.74,19.75,19.74,7911.0,156200.0
2026-09-07 13:32:00,19.74,19.75,19.75,19.74,1600.0,31600.0
2026-09-07 13:33:00,19.74,19.75,19.75,19.74,2405.0,47492.0
2026-09-07 13:34:00,19.75,19.75,19.75,19.75,2268.0,44800.0
2026-09-07 13:35:00,19.75,19.75,19.75,19.75,3600.0,71100.0
2026-09-07 13:36:00,19.75,19.75,19.75,19.75,200.0,3952.0
2026-09-07 13:37:00,19.8,19.8,19.8,19.8,10500.0,207756.0
2026-09-07 13:38:00,19.8,19.8,19.81,19.8,29874.0,591520.0
2026-09-07 13:39:00,19.8,19.78,19.81,19.78,17847.0,353404.0
2026-09-07 13:40:00,19.78,19.75,19.78,19.75,4017.0,79376.0
2026-09-07 13:41:00,19.75,19.81,19.81,19.75,3905.0,77208.0
2026-09-07 13:42:00,19.81,19.8,19.81,19.7,29411.0,579808.0
2026-09-07 13:44:00,19.7,19.73,19.73,19.7,2200.0,43348.0
2026-09-07 13:45:00,19.74,19.74,19.74,19.74,9400.0,186028.0
2026-09-07 13:46:00,19.74,19.7,19.74,19.7,6271.0,123708.0
2026-09-07 13:47:00,19.78,19.79,19.79,19.78,3315.0,65600.0
2026-09-07 13:49:00,19.68,19.68,19.68,19.68,23800.0,468676.0
2026-09-07 13:50:00,19.78,19.78,19.78,19.78,4000.0,79120.0
2026-09-07 13:51:00,19.7,19.71,19.71,19.7,18641.0,367228.0
2026-09-07 13:52:00,19.71,19.71,19.76,19.71,805.0,15872.0
2026-09-07 13:53:00,19.71,19.8,19.8,19.71,18738.0,370756.0
2026-09-07 13:54:00,19.82,19.82,19.82,19.81,8984.0,178048.0
2026-09-07 13:55:00,19.82,19.83,19.83,19.82,3148.0,62408.0
2026-09-07 13:56:00,19.83,19.82,19.83,19.82,16370.0,324488.0
2026-09-07 13:57:00,19.82,19.83,19.83,19.82,3659.0,72532.0
2026-09-07 13:59:00,19.82,19.84,19.84,19.82,8863.0,175764.0
2026-09-07 14:00:00,19.85,19.95,19.96,19.85,38005.0,757500.0
2026-09-07 14:01:00,19.9,19.92,19.93,19.9,8683.0,172968.0
2026-09-07 14:02:00,19.92,19.9,19.92,19.9,16099.0,320396.0
2026-09-07 14:03:00,19.9,19.9,19.91,19.9,10400.0,206960.0
2026-09-07 14:04:00,19.9,19.9,19.9,19.9,6914.0,137592.0
2026-09-07 14:05:00,19.81,19.81,19.81,19.81,10500.0,208336.0
2026-09-07 14:06:00,19.85,19.85,19.85,19.85,1000.0,19852.0
2026-09-07 14:07:00,19.85,19.81,19.85,19.81,7009.0,138928.0
2026-09-07 14:08:00,19.8,19.8,19.8,19.76,7791.0,154212.0
2026-09-07 14:09:00,19.8,19.8,19.8,19.8,494.0,9780.0
2026-09-07 14:10:00,19.8,19.8,19.8,19.8,200.0,3960.0
2026-09-07 14:11:00,19.81,19.81,19.81,19.8,2506.0,49620.0
2026-09-07 14:12:00,19.81,19.84,19.84,19.81,400.0,7936.0
2026-09-07 14:13:00,19.81,19.81,19.81,19.81,200.0,3964.0
2026-09-07 14:14:00,19.84,19.84,19.84,19.84,2100.0,41604.0
2026-09-07 14:15:00,19.85,19.82,19.85,19.82,600.0,11904.0
2026-09-07 14:16:00,19.84,19.82,19.84,19.82,1377.0,27312.0
2026-09-07 14:17:00,19.82,19.84,19.84,19.81,1263.0,25028.0
2026-09-07 14:18:00,19.81,19.81,19.81,19.81,1023.0,20268.0
2026-09-07 14:19:00,19.8,19.8,19.8,19.8,11834.0,234312.0
2026-09-07 14:20:00,19.8,19.8,19.8,19.8,4320.0,85416.0
2026-09-07 14:21:00,19.79,19.81,19.81,19.79,800.0,15836.0
2026-09-07 14:22:00,19.81,19.81,19.81,19.81,500.0,9908.0
2026-09-07 14:23:00,19.78,19.78,19.78,19.78,776.0,15348.0
2026-09-07 14:25:00,19.8,19.81,19.81,19.8,2036.0,40316.0
2026-09-07 14:26:00,19.81,19.81,19.81,19.81,200.0,3964.0
2026-09-07 14:27:00,19.81,19.85,19.85,19.81,3246.0,64380.0
2026-09-07 14:28:00,19.82,19.82,19.82,19.82,2900.0,57464.0
2026-09-07 14:30:00,19.83,19.82,19.83,19.82,4493.0,89088.0
2026-09-07 14:31:00,19.81,19.8,19.82,19.8,3943.0,78088.0
2026-09-07 14:32:00,19.8,19.79,19.8,19.79,3879.0,76780.0
2026-09-07 14:33:00,19.78,19.76,19.78,19.76,6659.0,131632.0
2026-09-07 14:34:00,19.76,19.78,19.78,19.76,20402.0,403468.0
2026-09-07 14:35:00,19.78,19.77,19.78,19.77,4202.0,83084.0
2026-09-07 14:36:00,19.76,19.78,19.78,19.76,2850.0,56348.0
2026-09-07 14:37:00,19.8,19.81,19.81,19.8,705.0,13960.0
2026-09-07 14:38:00,19.8,19.81,19.81,19.8,4400.0,87128.0
2026-09-07 14:39:00,19.8,19.79,19.8,19.79,3636.0,71984.0
2026-09-07 14:40:00,19.79,19.76,19.79,19.76,5447.0,107744.0
2026-09-07 14:42:00,19.77,19.76,19.79,19.76,7992.0,157968.0
2026-09-07 14:43:00,19.76,19.75,19.76,19.75,2400.0,47404.0
2026-09-07 14:44:00,19.76,19.76,19.76,19.76,100.0,1976.0
2026-09-07 14:45:00,19.74,19.73,19.74,19.73,8434.0,166436.0
2026-09-07 14:46:00,19.74,19.72,19.74,19.72,9138.0,180240.0
2026-09-07 14:47:00,19.72,19.73,19.73,19.72,16080.0,317148.0
2026-09-07 14:48:00,19.73,19.74,19.74,19.73,5251.0,103644.0
2026-09-07 14:49:00,19.76,19.79,19.79,19.76,3258.0,64444.0
2026-09-07 14:50:00,19.75,19.79,19.8,19.75,10381.0,205408.0
2026-09-07 14:51:00,19.79,19.76,19.8,19.75,8927.0,176672.0
2026-09-07 14:52:00,19.77,19.75,19.77,19.75,3585.0,70840.0
2026-09-07 14:53:00,19.75,19.78,19.78,19.75,2000.0,39524.0
2026-09-07 14:54:00,19.78,19.76,19.78,19.76,10781.0,213008.0
2026-09-07 14:55:00,19.77,19.8,19.8,19.77,24818.0,490992.0
2026-09-07 14:56:00,19.8,19.8,19.8,19.8,14378.0,284688.0
2026-09-07 14:57:00,19.77,19.8,19.8,19.76,126379.0,2502024.0
2026-09-07 15:00:00,19.8,19.8,19.8,19.8,34487.0,682840.0
2026-09-08 09:31:00,19.8,19.71,19.8,19.71,15792.0,312482.0
2026-09-08 09:32:00,19.75,19.71,19.77,19.71,18426.0,363873.0
2026-09-08 09:33:00,19.71,19.72,19.73,19.71,3200.0,63143.0
2026-09-08 09:34:00,19.72,19.75,19.75,19.72,2798.0,55220.0
2026-09-08 09:35:00,19.75,19.69,19.75,19.68,18905.0,372656.0
2026-09-08 09:36:00,19.67,19.66,19.7,19.65,57003.0,1120759.0
2026-09-08 09:37:00,19.65,19.65,19.66,19.64,26247.0,515658.0
2026-09-08 09:38:00,19.65,19.64,19.65,19.63,27492.0,539940.0
2026-09-08 09:39:00,19.65,19.64,19.65,19.63,25197.0,494758.0
2026-09-08 09:40:00,19.65,19.64,19.65,19.64,15350.0,301523.0
2026-09-08 09:41:00,19.64,19.64,19.64,19.63,7907.0,155273.0
2026-09-08 09:42:00,19.64,19.63,19.64,19.63,36438.0,691739.0
2026-09-08 09:43:00,19.62,19.62,19.63,19.62,28651.0,562152.0
2026-09-08 09:44:00,19.62,19.62,19.62,19.61,31148.0,611175.0
2026-09-08 09:45:00,19.62,19.62,19.62,19.61,32788.0,643216.0
2026-09-08 09:46:00,19.62,19.65,19.65,19.62,28103.0,551708.0
2026-09-08 09:47:00,19.64,19.65,19.66,19.64,2633.0,51740.0
2026-09-08 09:48:00,19.65,19.65,19.7,19.64,10938.0,215229.0
2026-09-08 09:49:00,19.67,19.63,19.69,19.63,28337.0,556779.0
2026-09-08 09:50:00,19.63,19.63,19.63,19.63,13064.0,256621.0
2026-09-08 09:51:00,19.63,19.64,19.64,19.63,7300.0,143348.0
2026-09-08 09:52:00,19.64,19.64,19.64,19.64,25298.0,496854.0
2026-09-08 09:53:00,19.65,19.7,19.7,19.64,5293.0,104013.0
2026-09-08 09:54:00,19.7,19.68,19.71,19.68,7484.0,147458.0
2026-09-08 09:55:00,19.66,19.67,19.67,19.66,3847.0,75641.0
2026-09-08 09:56:00,19.67,19.67,19.67,19.67,110.0,2164.0
2026-09-08 09:57:00,19.67,19.66,19.67,19.66,1385.0,27239.0
2026-09-08 09:58:00,19.66,19.65,19.66,19.65,7912.0,155540.0
2026-09-08 09:59:00,19.65,19.67,19.67,19.65,12176.0,239418.0
2026-09-08 10:00:00,19.67,19.71,19.71,19.67,2000.0,39375.0
2026-09-08 10:01:00,19.71,19.79,19.79,19.71,35200.0,696049.0
2026-09-08 10:02:00,19.7,19.71,19.75,19.7,3223.0,63570.0
2026-09-08 10:03:00,19.71,19.71,19.72,19.71,4347.0,85682.0
2026-09-08 10:04:00,19.71,19.76,19.76,19.7,3858.0,76065.0
2026-09-08 10:05:00,19.74,19.74,19.74,19.74,586.0,11568.0
2026-09-08 10:06:00,19.72,19.71,19.72,19.71,2093.0,41257.0
2026-09-08 10:07:00,19.72,19.72,19.72,19.72,2500.0,49300.0
2026-09-08 10:08:00,19.72,19.72,19.72,19.72,19996.0,394341.0
2026-09-08 10:09:00,19.72,19.71,19.72,19.71,5642.0,111258.0
2026-09-08 10:10:00,19.71,19.71,19.71,19.71,500.0,9855.0
2026-09-08 10:11:00,19.72,19.71,19.72,19.71,2436.0,48030.0
2026-09-08 10:12:00,19.71,19.7,19.71,19.7,6950.0,136964.0
2026-09-08 10:13:00,19.7,19.69,19.71,19.69,20677.0,407327.0
2026-09-08 10:14:00,19.69,19.7,19.7,19.69,17790.0,350324.0
2026-09-08 10:15:00,19.7,19.69,19.7,19.69,17942.0,353354.0
2026-09-08 10:16:00,19.69,19.68,19.69,19.68,17691.0,348228.0
2026-09-08 10:17:00,19.68,19.67,19.68,19.67,13477.0,265123.0
2026-09-08 10:18:00,19.66,19.65,19.66,19.65,34841.0,684894.0
2026-09-08 10:19:00,19.64,19.65,19.65,19.64,3570.0,70150.0
2026-09-08 10:20:00,19.66,19.65,19.66,19.65,70291.0,1381877.0
2026-09-08 10:21:00,19.66,19.65,19.66,19.65,11069.0,217508.0
2026-09-08 10:22:00,19.65,19.65,19.65,19.65,12958.0,254625.0
2026-09-08 10:23:00,19.64,19.65,19.65,19.64,20593.0,404559.0
2026-09-08 10:24:00,19.65,19.64,19.65,19.64,4610.0,90553.0
2026-09-08 10:25:00,19.65,19.65,19.65,19.64,40296.0,791793.0
2026-09-08 10:26:00,19.66,19.68,19.68,19.65,7442.0,146344.0
2026-09-08 10:27:00,19.67,19.65,19.67,19.65,4161.0,81784.0
2026-09-08 10:28:00,19.65,19.64,19.65,19.64,12198.0,239616.0
2026-09-08 10:29:00,19.63,19.63,19.63,19.63,6268.0,123082.0
2026-09-08 10:30:00,19.66,19.68,19.68,19.66,1509.0,29688.0
2026-09-08 10:31:00,19.69,19.69,19.69,19.69,1361.0,26798.0
2026-09-08 10:32:00,19.69,19.69,19.69,19.69,4137.0,81496.0
2026-09-08 10:33:00,19.69,19.69,19.7,19.69,18738.0,368988.0
2026-09-08 10:34:00,19.69,19.69,19.69,19.69,1792.0,35284.0
2026-09-08 10:35:00,19.66,19.67,19.67,19.66,700.0,13764.0
2026-09-08 10:36:00,19.67,19.66,19.67,19.66,5244.0,103148.0
2026-09-08 10:37:00,19.68,19.69,19.69,19.68,5670.0,111628.0
2026-09-08 10:38:00,19.69,19.68,19.69,19.68,700.0,13776.0
2026-09-08 10:39:00,19.68,19.67,19.68,19.67,11948.0,235132.0
2026-09-08 10:40:00,19.66,19.66,19.66,19.66,187.0,3678.0
2026-09-08 10:41:00,19.65,19.65,19.65,19.65,500.0,9826.0
2026-09-08 10:42:00,19.65,19.64,19.65,19.64,3372.0,66244.0
2026-09-08 10:43:00,19.64,19.66,19.66,19.64,3866.0,75952.0
2026-09-08 10:44:00,19.66,19.66,19.66,19.66,9680.0,190310.0
2026-09-08 10:46:00,19.67,19.66,19.67,19.66,1700.0,33434.0
2026-09-08 10:48:00,19.66,19.67,19.67,19.66,5362.0,105460.0
2026-09-08 10:49:00,19.65,19.64,19.65,19.64,23659.0,464976.0
2026-09-08 10:50:00,19.65,19.64,19.65,19.64,16866.0,331276.0
2026-09-08 10:51:00,19.64,19.63,19.64,19.63,17969.0,352768.0
2026-09-08 10:52:00,19.63,19.63,19.63,19.63,3766.0,73928.0
2026-09-08 10:53:00,19.63,19.63,19.63,19.63,2347.0,46070.0
2026-09-08 10:54:00,19.63,19.64,19.64,19.63,1986.0,39002.0
2026-09-08 10:55:00,19.64,19.63,19.64,19.63,2480.0,48700.0
2026-09-08 10:56:00,19.63,19.63,19.63,19.63,7929.0,155646.0
2026-09-08 10:57:00,19.64,19.63,19.64,19.63,2500.0,49096.0
2026-09-08 10:58:00,19.63,19.63,19.63,19.63,904.0,17746.0
2026-09-08 10:59:00,19.64,19.64,19.64,19.64,154.0,3024.0
2026-09-08 11:00:00,19.65,19.64,19.65,19.64,3811.0,74852.0
2026-09-08 11:01:00,19.63,19.64,19.64,19.63,25893.0,508348.0
2026-09-08 11:02:00,19.63,19.63,19.63,19.63,6145.0,120626.0
2026-09-08 11:03:00,19.62,19.62,19.63,19.62,19734.0,387202.0
2026-09-08 11:04:00,19.62,19.62,19.64,19.62,12200.0,239486.0
2026-09-08 11:05:00,19.62,19.61,19.62,19.61,17293.0,339238.0
2026-09-08 11:06:00,19.61,19.59,19.61,19.59,162833.0,3191450.0
2026-09-08 11:07:00,19.58,19.57,19.58,19.55,86798.0,1698218.0
2026-09-08 11:08:00,19.55,19.57,19.57,19.55,7394.0,144656.0
2026-09-08 11:09:00,19.57,19.55,19.57,19.55,45140.0,882742.0
2026-09-08 11:10:00,19.55,19.55,19.56,19.54,27994.0,547264.0
2026-09-08 11:11:00,19.57,19.55,19.57,19.55,19646.0,384156.0
2026-09-08 11:12:00,19.55,19.52,19.56,19.52,28337.0,530342.0
2026-09-08 11:13:00,19.52,19.55,19.55,19.52,6348.0,124020.0
2026-09-08 11:14:00,19.54,19.54,19.55,19.54,13015.0,254360.0
2026-09-08 11:15:00,19.54,19.52,19.54,19.52,31925.0,623764.0
2026-09-08 11:16:00,19.52,19.52,19.54,19.52,22187.0,433280.0
2026-09-08 11:17:00,19.52,19.52,19.52,19.51,22495.0,439002.0
2026-09-08 11:18:00,19.52,19.5,19.53,19.5,30746.0,599774.0
2026-09-08 11:19:00,19.5,19.53,19.53,19.5,2947.0,57496.0
2026-09-08 11:20:00,19.52,19.54,19.54,19.52,400.0,7812.0
2026-09-08 11:21:00,19.54,19.54,19.55,19.54,5900.0,115328.0
2026-09-08 11:22:00,19.55,19.5,19.55,19.5,40836.0,769380.0
2026-09-08 11:23:00,19.5,19.52,19.52,19.5,43722.0,853556.0
2026-09-08 11:24:00,19.51,19.51,19.52,19.51,18818.0,367208.0
2026-09-08 11:25:00,19.52,19.52,19.52,19.51,16935.0,330540.0
2026-09-08 11:26:00,19.52,19.52,19.52,19.52,200.0,3904.0
2026-09-08 11:27:00,19.51,19.51,19.54,19.51,37952.0,741272.0
2026-09-08 11:28:00,19.51,19.54,19.63,19.51,23561.0,461888.0
2026-09-08 11:29:00,19.54,19.64,19.64,19.54,4634.0,90588.0
2026-09-08 11:30:00,19.63,19.59,19.63,19.59,1000.0,19600.0
2026-09-08 13:01:00,19.59,19.6,19.6,19.59,701.0,13724.0
2026-09-08 13:02:00,19.59,19.55,19.59,19.55,4455.0,69564.0
2026-09-08 13:03:00,19.55,19.55,19.55,19.55,372.0,7276.0
2026-09-08 13:04:00,19.57,19.55,19.57,19.55,4213.0,82428.0
2026-09-08 13:05:00,19.55,19.56,19.56,19.55,5685.0,111152.0
2026-09-08 13:06:00,19.56,19.56,19.56,19.56,3889.0,76068.0
2026-09-08 13:07:00,19.55,19.55,19.58,19.55,3911.0,76512.0
2026-09-08 13:08:00,19.56,19.55,19.56,19.55,1403.0,27432.0
2026-09-08 13:09:00,19.56,19.55,19.56,19.55,10129.0,198120.0
2026-09-08 13:10:00,19.55,19.57,19.57,19.55,1857.0,36340.0
2026-09-08 13:11:00,19.59,19.59,19.59,19.59,200.0,3916.0
2026-09-08 13:12:00,19.6,19.63,19.63,19.6,7660.0,150136.0
2026-09-08 13:13:00,19.63,19.6,19.65,19.6,20200.0,396572.0
2026-09-08 13:14:00,19.65,19.61,19.65,19.61,10224.0,200788.0
2026-09-08 13:15:00,19.65,19.69,19.69,19.65,20100.0,395552.0
2026-09-08 13:16:00,19.62,19.62,19.62,19.62,500.0,9808.0
2026-09-08 13:17:00,19.61,19.61,19.61,19.6,4759.0,93320.0
2026-09-08 13:18:00,19.6,19.61,19.61,19.6,5300.0,103884.0
2026-09-08 13:19:00,19.61,19.6,19.62,19.6,3059.0,59964.0
2026-09-08 13:20:00,19.61,19.61,19.61,19.61,3000.0,58828.0
2026-09-08 13:21:00,19.6,19.6,19.6,19.6,1582.0,31008.0
2026-09-08 13:22:00,19.6,19.61,19.61,19.6,684.0,13412.0
2026-09-08 13:23:00,19.62,19.6,19.62,19.6,9896.0,194096.0
2026-09-08 13:24:00,19.67,19.67,19.67,19.67,16514.0,324676.0
2026-09-08 13:25:00,19.69,19.67,19.69,19.67,13277.0,261196.0
2026-09-08 13:26:00,19.67,19.68,19.68,19.67,8353.0,164308.0
2026-09-08 13:27:00,19.67,19.68,19.68,19.67,3131.0,61596.0
2026-09-08 13:28:00,19.67,19.67,19.67,19.67,25.0,492.0
2026-09-08 13:29:00,19.65,19.65,19.65,19.65,100.0,1964.0
2026-09-08 13:30:00,19.65,19.65,19.65,19.65,500.0,9824.0
2026-09-08 13:31:00,19.65,19.65,19.65,19.65,1300.0,25548.0
2026-09-08 13:32:00,19.65,19.66,19.66,19.65,2948.0,57948.0
2026-09-08 13:33:00,19.66,19.66,19.66,19.66,100.0,1964.0
2026-09-08 13:34:00,19.63,19.64,19.64,19.63,12019.0,236076.0
2026-09-08 13:35:00,19.62,19.62,19.62,19.62,4034.0,79148.0
2026-09-08 13:36:00,19.61,19.63,19.63,19.61,15177.0,297668.0
2026-09-08 13:37:00,19.61,19.62,19.62,19.61,2554.0,50092.0
2026-09-08 13:38:00,19.61,19.61,19.61,19.6,3271.0,64152.0
2026-09-08 13:40:00,19.62,19.62,19.62,19.62,2000.0,39240.0
2026-09-08 13:41:00,19.63,19.64,19.64,19.63,5774.0,113348.0
2026-09-08 13:42:00,19.63,19.63,19.63,19.63,6940.0,136232.0
2026-09-08 13:43:00,19.63,19.64,19.64,19.63,800.0,15708.0
2026-09-08 13:44:00,19.64,19.66,19.66,19.64,5313.0,104452.0
2026-09-08 13:45:00,19.64,19.63,19.64,19.63,4614.0,90612.0
2026-09-08 13:46:00,19.63,19.64,19.64,19.63,1991.0,39084.0
2026-09-08 13:47:00,19.64,19.64,19.64,19.64,800.0,15712.0
2026-09-08 13:48:00,19.64,19.64,19.64,19.64,4721.0,92748.0
2026-09-08 13:49:00,19.66,19.67,19.67,19.66,2836.0,55760.0
2026-09-08 13:50:00,19.67,19.67,19.67,19.66,11356.0,223344.0
2026-09-08 13:51:00,19.67,19.68,19.68,19.67,1430.0,28128.0
2026-09-08 13:52:00,19.68,19.68,19.68,19.68,6718.0,132212.0
2026-09-08 13:53:00,19.68,19.68,19.68,19.68,4220.0,83048.0
2026-09-08 13:54:00,19.66,19.67,19.67,19.66,2700.0,53088.0
2026-09-08 13:55:00,19.67,19.67,19.67,19.67,200.0,3932.0
2026-09-08 13:56:00,19.65,19.65,19.65,19.65,700.0,13756.0
2026-09-08 13:57:00,19.65,19.67,19.67,19.65,3164.0,62228.0
2026-09-08 13:58:00,19.7,19.71,19.71,19.7,41537.0,818188.0
2026-09-08 13:59:00,19.71,19.79,19.79,19.71,27116.0,535504.0
2026-09-08 14:00:00,19.75,19.75,19.76,19.75,4270.0,84332.0
2026-09-08 14:01:00,19.74,19.74,19.74,19.74,1700.0,33560.0
2026-09-08 14:02:00,19.74,19.74,19.74,19.74,1000.0,19740.0
2026-09-08 14:03:00,19.74,19.72,19.74,19.72,6600.0,130212.0
2026-09-08 14:04:00,19.72,19.73,19.73,19.72,1700.0,33532.0
2026-09-08 14:05:00,19.73,19.71,19.73,19.71,4345.0,85676.0
2026-09-08 14:06:00,19.68,19.68,19.68,19.68,2000.0,39360.0
2026-09-08 14:07:00,19.69,19.66,19.69,19.66,8033.0,157964.0
2026-09-08 14:08:00,19.65,19.6,19.65,19.6,40100.0,786624.0
2026-09-08 14:09:00,19.65,19.66,19.66,19.65,1967.0,38652.0
2026-09-08 14:10:00,19.67,19.67,19.67,19.66,24382.0,479496.0
2026-09-08 14:11:00,19.67,19.68,19.68,19.67,5190.0,102092.0
2026-09-08 14:12:00,19.69,19.71,19.71,19.69,22948.0,451936.0
2026-09-08 14:13:00,19.71,19.72,19.72,19.69,20105.0,395984.0
2026-09-08 14:14:00,19.73,19.73,19.73,19.73,4600.0,90632.0
2026-09-08 14:15:00,19.7,19.71,19.71,19.7,2500.0,49272.0
2026-09-08 14:16:00,19.72,19.73,19.73,19.72,4018.0,79240.0
2026-09-08 14:17:00,19.73,19.74,19.74,19.72,1478.0,29160.0
2026-09-08 14:18:00,19.73,19.72,19.73,19.7,12331.0,243024.0
2026-09-08 14:19:00,19.7,19.73,19.73,19.7,1648.0,32484.0
2026-09-08 14:21:00,19.7,19.69,19.7,19.69,2915.0,57416.0
2026-09-08 14:22:00,19.73,19.66,19.73,19.66,8500.0,167376.0
2026-09-08 14:23:00,19.66,19.66,19.66,19.66,2000.0,39320.0
2026-09-08 14:24:00,19.66,19.66,19.66,19.66,2300.0,45220.0
2026-09-08 14:25:00,19.66,19.67,19.67,19.66,3700.0,72744.0
2026-09-08 14:26:00,19.66,19.68,19.68,19.66,1350.0,26544.0
2026-09-08 14:28:00,19.68,19.68,19.68,19.68,324.0,6376.0
2026-09-08 14:29:00,19.67,19.67,19.67,19.67,2626.0,51656.0
2026-09-08 14:30:00,19.67,19.68,19.68,19.67,1417.0,27876.0
2026-09-08 14:31:00,19.68,19.68,19.68,19.68,2012.0,39596.0
2026-09-08 14:32:00,19.69,19.69,19.69,19.69,796.0,15672.0
2026-09-08 14:34:00,19.7,19.7,19.7,19.7,200.0,3940.0
2026-09-08 14:35:00,19.71,19.7,19.71,19.7,2743.0,54060.0
2026-09-08 14:36:00,19.7,19.66,19.7,19.66,4988.0,98236.0
2026-09-08 14:37:00,19.66,19.66,19.66,19.66,2000.0,39320.0
2026-09-08 14:38:00,19.71,19.71,19.71,19.71,500.0,9848.0
2026-09-08 14:40:00,19.67,19.67,19.67,19.67,100.0,1968.0
2026-09-08 14:41:00,19.67,19.73,19.73,19.67,4138.0,81540.0
2026-09-08 14:42:00,19.67,19.67,19.67,19.67,1000.0,19668.0
2026-09-08 14:43:00,19.69,19.69,19.69,19.69,248.0,4884.0
2026-09-08 14:44:00,19.7,19.7,19.7,19.7,1200.0,23640.0
2026-09-08 14:45:00,19.69,19.7,19.7,19.69,1200.0,23640.0
2026-09-08 14:47:00,19.68,19.71,19.71,19.68,3615.0,71176.0
2026-09-08 14:48:00,19.71,19.69,19.71,19.69,9848.0,194020.0
2026-09-08 14:49:00,19.68,19.67,19.68,19.67,2190.0,43084.0
2026-09-08 14:50:00,19.67,19.67,19.67,19.67,3088.0,60740.0
2026-09-08 14:51:00,19.69,19.68,19.7,19.68,7246.0,142640.0
2026-09-08 14:52:00,19.69,19.69,19.7,19.69,7784.0,153328.0
2026-09-08 14:53:00,19.69,19.69,19.69,19.68,3765.0,74116.0
2026-09-08 14:54:00,19.69,19.66,19.7,19.66,43900.0,864132.0
2026-09-08 14:55:00,19.63,19.63,19.63,19.63,7927.0,155620.0
2026-09-08 14:56:00,19.64,19.59,19.64,19.59,22643.0,444264.0
2026-09-08 14:57:00,19.6,19.63,19.64,19.6,5105.0,100124.0
2026-09-08 14:58:00,19.62,19.62,19.62,19.62,412.0,8084.0
2026-09-08 15:00:00,19.69,19.69,19.69,19.69,32748.0,644808.0
2026-09-09 09:31:00,19.61,19.71,19.71,19.61,32463.0,637454.0
2026-09-09 09:32:00,19.7,19.65,19.7,19.65,4407.0,86677.0
2026-09-09 09:33:00,19.65,19.66,19.66,19.65,609.0,11973.0
2026-09-09 09:34:00,19.69,19.68,19.7,19.66,9781.0,192415.0
2026-09-09 09:35:00,19.68,19.69,19.69,19.66,10932.0,215014.0
2026-09-09 09:36:00,19.67,19.64,19.67,19.64,10684.0,209903.0
2026-09-09 09:37:00,19.63,19.62,19.63,19.61,52004.0,1020005.0
2026-09-09 09:38:00,19.62,19.63,19.63,19.61,18031.0,353666.0
2026-09-09 09:39:00,19.62,19.63,19.63,19.62,6582.0,129177.0
2026-09-09 09:40:00,19.64,19.63,19.66,19.62,22919.0,449804.0
2026-09-09 09:41:00,19.62,19.62,19.63,19.62,5500.0,107941.0
2026-09-09 09:42:00,19.62,19.66,19.66,19.62,23593.0,463024.0
2026-09-09 09:43:00,19.66,19.63,19.66,19.63,4915.0,96545.0
2026-09-09 09:44:00,19.66,19.66,19.67,19.63,18902.0,371522.0
2026-09-09 09:45:00,19.66,19.73,19.74,19.66,30857.0,607697.0
2026-09-09 09:46:00,19.73,19.63,19.73,19.63,25374.0,498584.0
2026-09-09 09:47:00,19.66,19.63,19.66,19.63,22374.0,439723.0
2026-09-09 09:48:00,19.66,19.63,19.66,19.63,13838.0,271643.0
2026-09-09 09:49:00,19.66,19.62,19.66,19.62,13100.0,257070.0
2026-09-09 09:50:00,19.62,19.67,19.7,19.62,8133.0,159874.0
2026-09-09 09:51:00,19.66,19.66,19.66,19.66,4669.0,91793.0
2026-09-09 09:52:00,19.66,19.66,19.66,19.66,800.0,15728.0
2026-09-09 09:53:00,19.66,19.64,19.66,19.64,867.0,17030.0
2026-09-09 09:54:00,19.65,19.65,19.65,19.65,1708.0,33560.0
2026-09-09 09:56:00,19.64,19.63,19.64,19.63,15646.0,307168.0
2026-09-09 09:57:00,19.63,19.63,19.72,19.62,23900.0,470058.0
2026-09-09 10:01:00,19.65,19.71,19.71,19.65,11000.0,216640.0
2026-09-09 10:02:00,19.7,19.62,19.7,19.62,29000.0,569559.0
2026-09-09 10:03:00,19.62,19.63,19.63,19.62,2000.0,39260.0
2026-09-09 10:04:00,19.69,19.64,19.69,19.64,2700.0,53118.0
2026-09-09 10:05:00,19.64,19.62,19.64,19.62,19962.0,391828.0
2026-09-09 10:06:00,19.63,19.63,19.63,19.62,23400.0,459272.0
2026-09-09 10:07:00,19.63,19.63,19.63,19.63,3911.0,76773.0
2026-09-09 10:08:00,19.61,19.61,19.61,19.61,40943.0,803146.0
2026-09-09 10:09:00,19.67,19.67,19.67,19.67,1888.0,37137.0
2026-09-09 10:10:00,19.67,19.64,19.67,19.64,7905.0,155270.0
2026-09-09 10:11:00,19.65,19.65,19.65,19.65,622.0,12223.0
2026-09-09 10:12:00,19.63,19.63,19.63,19.62,1009.0,19806.0
2026-09-09 10:13:00,19.63,19.63,19.63,19.63,550.0,10796.0
2026-09-09 10:14:00,19.62,19.62,19.62,19.62,10431.0,204681.0
2026-09-09 10:15:00,19.62,19.63,19.63,19.62,10245.0,201048.0
2026-09-09 10:16:00,19.61,19.61,19.61,19.6,118415.0,2321981.0
2026-09-09 10:17:00,19.61,19.61,19.61,19.6,10282.0,201554.0
2026-09-09 10:18:00,19.61,19.61,19.61,19.61,1724.0,33807.0
2026-09-09 10:19:00,19.61,19.61,19.61,19.61,200.0,3922.0
2026-09-09 10:20:00,19.65,19.65,19.65,19.65,485.0,9530.0
2026-09-09 10:21:00,19.63,19.68,19.68,19.63,12688.0,249470.0
2026-09-09 10:22:00,19.68,19.69,19.69,19.68,17918.0,352668.0
2026-09-09 10:23:00,19.69,19.69,19.69,19.64,19967.0,392245.0
2026-09-09 10:24:00,19.68,19.64,19.68,19.64,4452.0,87582.0
2026-09-09 10:25:00,19.68,19.66,19.68,19.66,2074.0,40794.0
2026-09-09 10:26:00,19.68,19.68,19.68,19.68,570.0,11218.0
2026-09-09 10:27:00,19.66,19.66,19.66,19.66,2474.0,48638.0
2026-09-09 10:28:00,19.64,19.64,19.64,19.64,13902.0,273075.0
2026-09-09 10:29:00,19.64,19.64,19.64,19.64,2962.0,58174.0
2026-09-09 10:30:00,19.64,19.64,19.64,19.64,500.0,9820.0
2026-09-09 10:31:00,19.67,19.67,19.67,19.64,8455.0,166119.0
2026-09-09 10:32:00,19.63,19.64,19.64,19.63,460.0,9034.0
2026-09-09 10:33:00,19.64,19.64,19.64,19.64,400.0,7856.0
2026-09-09 10:35:00,19.66,19.66,19.66,19.66,1100.0,21626.0
2026-09-09 10:36:00,19.66,19.66,19.66,19.66,5900.0,115994.0
2026-09-09 10:37:00,19.66,19.66,19.66,19.65,1679.0,32995.0
2026-09-09 10:38:00,19.65,19.65,19.65,19.65,4000.0,78600.0
2026-09-09 10:39:00,19.66,19.66,19.66,19.66,500.0,9830.0
2026-09-09 10:40:00,19.66,19.66,19.66,19.66,694.0,13644.0
2026-09-09 10:41:00,19.66,19.65,19.67,19.65,3621.0,71174.0
2026-09-09 10:42:00,19.64,19.64,19.64,19.63,9444.0,185448.0
2026-09-09 10:43:00,19.64,19.67,19.67,19.64,23023.0,299898.0
2026-09-09 10:44:00,19.67,19.68,19.68,19.67,6300.0,123923.0
2026-09-09 10:45:00,19.67,19.67,19.67,19.65,1892.0,37196.0
2026-09-09 10:46:00,19.67,19.69,19.69,19.67,3776.0,74304.0
2026-09-09 10:47:00,19.69,19.69,19.69,19.69,3072.0,60488.0
2026-09-09 10:48:00,19.69,19.69,19.69,19.69,355.0,6990.0
2026-09-09 10:49:00,19.69,19.69,19.69,19.67,1368.0,26916.0
2026-09-09 10:50:00,19.67,19.68,19.68,19.67,539.0,10603.0
2026-09-09 10:51:00,19.67,19.67,19.67,19.65,1511.0,29709.0
2026-09-09 10:52:00,19.65,19.65,19.65,19.65,100.0,1965.0
2026-09-09 10:53:00,19.65,19.65,19.65,19.65,3277.0,64393.0
2026-09-09 10:54:00,19.64,19.65,19.65,19.64,6569.0,129023.0
2026-09-09 10:57:00,19.64,19.64,19.64,19.64,1000.0,19640.0
2026-09-09 10:58:00,19.64,19.63,19.64,19.63,2482.0,48733.0
2026-09-09 10:59:00,19.62,19.62,19.63,19.62,13755.0,269907.0
2026-09-09 11:00:00,19.61,19.61,19.61,19.61,400.0,7845.0
2026-09-09 11:01:00,19.59,19.59,19.62,19.58,94567.0,1852944.0
2026-09-09 11:02:00,19.59,19.56,19.59,19.56,19753.0,386542.0
2026-09-09 11:03:00,19.55,19.54,19.57,19.53,73898.0,1394682.0
2026-09-09 11:04:00,19.55,19.55,19.55,19.53,15279.0,298658.0
2026-09-09 11:05:00,19.55,19.54,19.56,19.54,6506.0,127210.0
2026-09-09 11:06:00,19.54,19.54,19.56,19.54,18004.0,351816.0
2026-09-09 11:07:00,19.54,19.52,19.54,19.52,29923.0,584622.0
2026-09-09 11:08:00,19.53,19.53,19.53,19.52,14402.0,281218.0
2026-09-09 11:09:00,19.53,19.54,19.55,19.53,1100.0,21492.0
2026-09-09 11:10:00,19.54,19.54,19.54,19.52,13429.0,262322.0
2026-09-09 11:11:00,19.54,19.54,19.54,19.54,1176.0,22978.0
2026-09-09 11:12:00,19.52,19.51,19.52,19.5,69433.0,1354702.0
2026-09-09 11:13:00,19.51,19.51,19.51,19.51,2029.0,39588.0
2026-09-09 11:14:00,19.51,19.51,19.51,19.51,8928.0,174192.0
2026-09-09 11:15:00,19.51,19.51,19.51,19.51,10000.0,195130.0
2026-09-09 11:16:00,19.52,19.52,19.53,19.52,6218.0,121384.0
2026-09-09 11:17:00,19.52,19.52,19.52,19.51,2592.0,50592.0
2026-09-09 11:18:00,19.51,19.52,19.52,19.51,108.0,2106.0
2026-09-09 11:19:00,19.52,19.52,19.52,19.51,6792.0,132578.0
2026-09-09 11:20:00,19.51,19.53,19.53,19.51,5571.0,108736.0
2026-09-09 11:21:00,19.53,19.53,19.53,19.53,1100.0,21484.0
2026-09-09 11:22:00,19.53,19.53,19.53,19.53,300.0,5858.0
2026-09-09 11:23:00,19.53,19.53,19.54,19.53,1024.0,20002.0
2026-09-09 11:24:00,19.52,19.53,19.53,19.52,399.0,7790.0
2026-09-09 11:25:00,19.52,19.52,19.54,19.52,2795.0,54574.0
2026-09-09 11:27:00,19.52,19.52,19.52,19.52,10126.0,197660.0
2026-09-09 11:28:00,19.52,19.51,19.52,19.51,23638.0,461182.0
2026-09-09 11:29:00,19.5,19.46,19.5,19.45,154716.0,3014522.0
2026-09-09 11:30:00,19.45,19.42,19.45,19.42,36799.0,715460.0
2026-09-09 13:01:00,19.43,19.43,19.45,19.43,23930.0,464972.0
2026-09-09 13:02:00,19.45,19.42,19.46,19.41,15062.0,292504.0
2026-09-09 13:03:00,19.42,19.41,19.42,19.41,400.0,7768.0
2026-09-09 13:04:00,19.43,19.42,19.43,19.41,14288.0,277380.0
2026-09-09 13:05:00,19.42,19.42,19.43,19.41,10050.0,195180.0
2026-09-09 13:06:00,19.41,19.41,19.43,19.41,4711.0,91502.0
2026-09-09 13:07:00,19.42,19.42,19.42,19.42,1461.0,28374.0
2026-09-09 13:08:00,19.43,19.43,19.43,19.43,550.0,10684.0
2026-09-09 13:09:00,19.42,19.41,19.43,19.41,8363.0,162384.0
2026-09-09 13:10:00,19.42,19.42,19.42,19.41,8429.0,163680.0
2026-09-09 13:11:00,19.43,19.43,19.43,19.42,3450.0,67008.0
2026-09-09 13:12:00,19.43,19.43,19.45,19.43,20191.0,392308.0
2026-09-09 13:13:00,19.43,19.44,19.44,19.42,4600.0,89344.0
2026-09-09 13:14:00,19.41,19.43,19.43,19.41,33722.0,654774.0
2026-09-09 13:15:00,19.43,19.43,19.43,19.42,3473.0,67472.0
2026-09-09 13:16:00,19.42,19.44,19.44,19.42,1711.0,33250.0
2026-09-09 13:17:00,19.43,19.42,19.43,19.42,5758.0,111848.0
2026-09-09 13:18:00,19.43,19.41,19.43,19.41,2269.0,44068.0
2026-09-09 13:19:00,19.41,19.4,19.41,19.4,38233.0,741914.0
2026-09-09 13:20:00,19.4,19.4,19.41,19.4,12875.0,249832.0
2026-09-09 13:21:00,19.41,19.42,19.42,19.41,5533.0,107402.0
2026-09-09 13:22:00,19.41,19.41,19.41,19.4,5700.0,110616.0
2026-09-09 13:23:00,19.41,19.41,19.41,19.4,12893.0,250232.0
2026-09-09 13:24:00,19.4,19.4,19.41,19.4,6285.0,121972.0
2026-09-09 13:25:00,19.41,19.41,19.42,19.41,6186.0,120068.0
2026-09-09 13:26:00,19.4,19.4,19.4,19.4,2100.0,40744.0
2026-09-09 13:27:00,19.41,19.41,19.41,19.4,2099.0,40736.0
2026-09-09 13:28:00,19.4,19.4,19.4,19.4,6000.0,116432.0
2026-09-09 13:29:00,19.4,19.41,19.41,19.4,2469.0,47900.0
2026-09-09 13:30:00,19.39,19.39,19.41,19.39,35384.0,686300.0
2026-09-09 13:31:00,19.41,19.36,19.41,19.35,59279.0,1149136.0
2026-09-09 13:32:00,19.36,19.35,19.36,19.35,46504.0,900060.0
2026-09-09 13:33:00,19.35,19.35,19.35,19.34,17537.0,339300.0
2026-09-09 13:34:00,19.34,19.34,19.36,19.34,18129.0,350768.0
2026-09-09 13:35:00,19.35,19.35,19.35,19.35,1147.0,22192.0
2026-09-09 13:36:00,19.36,19.35,19.36,19.35,2516.0,48692.0
2026-09-09 13:37:00,19.34,19.35,19.35,19.34,1000.0,19348.0
2026-09-09 13:38:00,19.34,19.35,19.35,19.34,1722.0,33312.0
2026-09-09 13:39:00,19.36,19.36,19.36,19.35,7384.0,142904.0
2026-09-09 13:40:00,19.36,19.36,19.36,19.35,10552.0,204216.0
2026-09-09 13:41:00,19.36,19.35,19.36,19.35,4025.0,77900.0
2026-09-09 13:42:00,19.36,19.36,19.36,19.35,15691.0,303752.0
2026-09-09 13:43:00,19.37,19.36,19.37,19.36,2076.0,40196.0
2026-09-09 13:44:00,19.36,19.36,19.36,19.36,600.0,11616.0
2026-09-09 13:45:00,19.35,19.35,19.36,19.35,8843.0,171124.0
2026-09-09 13:46:00,19.34,19.33,19.34,19.33,17304.0,334648.0
2026-09-09 13:47:00,19.33,19.33,19.33,19.33,9207.0,177972.0
2026-09-09 13:48:00,19.33,19.33,19.33,19.32,6193.0,119708.0
2026-09-09 13:49:00,19.32,19.35,19.35,19.32,33078.0,639468.0
2026-09-09 13:50:00,19.36,19.36,19.36,19.36,1709.0,33084.0
2026-09-09 13:51:00,19.37,19.37,19.37,19.37,615.0,11924.0
2026-09-09 13:52:00,19.37,19.37,19.37,19.37,200.0,3872.0
2026-09-09 13:55:00,19.37,19.37,19.37,19.37,500.0,9688.0
2026-09-09 13:56:00,19.39,19.4,19.4,19.39,2400.0,46556.0
2026-09-09 13:57:00,19.42,19.44,19.44,19.42,5800.0,112652.0
2026-09-09 13:58:00,19.44,19.43,19.44,19.43,5372.0,104416.0
2026-09-09 13:59:00,19.46,19.45,19.46,19.45,5053.0,98280.0
2026-09-09 14:00:00,19.43,19.43,19.43,19.43,367.0,7132.0
2026-09-09 14:01:00,19.42,19.44,19.44,19.42,4038.0,78460.0
2026-09-09 14:02:00,19.43,19.42,19.43,19.42,6253.0,121480.0
2026-09-09 14:03:00,19.42,19.4,19.42,19.4,3000.0,58200.0
2026-09-09 14:04:00,19.41,19.41,19.41,19.41,1850.0,35912.0
2026-09-09 14:05:00,19.42,19.4,19.42,19.4,13064.0,253656.0
2026-09-09 14:06:00,19.43,19.44,19.44,19.43,275.0,5344.0
2026-09-09 14:07:00,19.43,19.43,19.43,19.43,5000.0,97152.0
2026-09-09 14:08:00,19.43,19.43,19.43,19.43,100.0,1940.0
2026-09-09 14:11:00,19.4,19.4,19.4,19.4,320.0,6208.0
2026-09-09 14:12:00,19.39,19.39,19.39,19.39,3200.0,62048.0
2026-09-09 14:13:00,19.38,19.4,19.4,19.38,3815.0,73972.0
2026-09-09 14:15:00,19.39,19.39,19.39,19.39,1200.0,23272.0
2026-09-09 14:17:00,19.4,19.4,19.4,19.4,3262.0,63280.0
2026-09-09 14:18:00,19.4,19.4,19.4,19.4,300.0,5824.0
2026-09-09 14:19:00,19.42,19.43,19.43,19.42,600.0,11652.0
2026-09-09 14:20:00,19.43,19.43,19.43,19.43,1000.0,19428.0
2026-09-09 14:21:00,19.42,19.42,19.42,19.42,7200.0,139824.0
2026-09-09 14:22:00,19.42,19.42,19.42,19.42,600.0,11656.0
2026-09-09 14:23:00,19.42,19.42,19.43,19.42,7946.0,154272.0
2026-09-09 14:24:00,19.43,19.43,19.44,19.43,767.0,14904.0
2026-09-09 14:25:00,19.43,19.43,19.43,19.43,4100.0,79664.0
2026-09-09 14:26:00,19.43,19.43,19.43,19.43,228.0,4432.0
2026-09-09 14:27:00,19.42,19.42,19.42,19.42,1000.0,19420.0
2026-09-09 14:30:00,19.42,19.41,19.42,19.41,1300.0,25232.0
2026-09-09 14:31:00,19.41,19.44,19.44,19.41,9942.0,193176.0
2026-09-09 14:32:00,19.44,19.42,19.44,19.42,775.0,15060.0
2026-09-09 14:33:00,19.42,19.42,19.42,19.42,2531.0,49152.0
2026-09-09 14:34:00,19.47,19.47,19.47,19.47,100.0,1944.0
2026-09-09 14:35:00,19.47,19.47,19.47,19.47,7164.0,139484.0
2026-09-09 14:36:00,19.45,19.45,19.45,19.45,1200.0,23340.0
2026-09-09 14:37:00,19.45,19.44,19.45,19.44,3900.0,75824.0
2026-09-09 14:38:00,19.44,19.47,19.47,19.44,2009.0,39096.0
2026-09-09 14:39:00,19.49,19.5,19.5,19.49,11470.0,223604.0
2026-09-09 14:40:00,19.49,19.49,19.49,19.49,12150.0,236804.0
2026-09-09 14:41:00,19.49,19.46,19.49,19.46,1201.0,23396.0
2026-09-09 14:42:00,19.46,19.44,19.47,19.44,5524.0,107480.0
2026-09-09 14:43:00,19.44,19.48,19.48,19.44,7110.0,138464.0
2026-09-09 14:44:00,19.51,19.51,19.51,19.51,10947.0,213372.0
2026-09-09 14:46:00,19.5,19.5,19.5,19.5,1120.0,21840.0
2026-09-09 14:47:00,19.45,19.45,19.45,19.45,5000.0,97248.0
2026-09-09 14:48:00,19.45,19.48,19.48,19.45,200.0,3896.0
2026-09-09 14:49:00,19.45,19.45,19.45,19.45,10252.0,199576.0
2026-09-09 14:50:00,19.48,19.47,19.48,19.45,1072.0,20856.0
2026-09-09 14:51:00,19.48,19.44,19.48,19.44,16857.0,327960.0
2026-09-09 14:52:00,19.44,19.43,19.44,19.43,6330.0,123016.0
2026-09-09 14:53:00,19.43,19.43,19.43,19.43,5191.0,65636.0
2026-09-09 14:54:00,19.41,19.42,19.42,19.41,13401.0,260156.0
2026-09-09 14:55:00,19.42,19.4,19.42,19.4,3600.0,69872.0
2026-09-09 14:56:00,19.41,19.41,19.42,19.4,10884.0,211232.0
2026-09-09 14:57:00,19.42,19.42,19.43,19.41,5211.0,101192.0
2026-09-09 15:00:00,19.42,19.42,19.42,19.42,16453.0,319520.0
