fund_code,fund_name,stock_code,stock_name,market,report_date,weight_pct,shares_10k,value_10k_reported,industry,concepts,market_tags,holdings_source_id,industry_source_id,concept_source_ids,classification_status
002910,易方达供给改革混合,688200,华峰测控,SH,2026-06-30,9.15,245.15,128727.21,半导体,[],[],d943627cbaca4c97f05b97bd,7a688009aa74ed3cb0bf95d5,[],mapped
002910,易方达供给改革混合,002371,北方华创,SZ,2026-06-30,8.82,140.36,124160.03,,[],[],d943627cbaca4c97f05b97bd,,[],unavailable
002910,易方达供给改革混合,688233,神工股份,SH,2026-06-30,7.21,473.32,101490.0,,[],[],d943627cbaca4c97f05b97bd,,[],unavailable
002910,易方达供给改革混合,688521,芯原股份,SH,2026-06-30,6.56,248.87,92366.65,,[],[],d943627cbaca4c97f05b97bd,,[],unavailable
002910,易方达供给改革混合,688256,寒武纪,SH,2026-06-30,6.42,56.6,90307.17,,[],[],d943627cbaca4c97f05b97bd,,[],unavailable
002910,易方达供给改革混合,688361,中科飞测,SH,2026-06-30,6.37,208.61,89704.11,,[],[],d943627cbaca4c97f05b97bd,,[],unavailable
002910,易方达供给改革混合,688372,伟测科技,SH,2026-06-30,5.31,402.21,74810.65,,[],[],d943627cbaca4c97f05b97bd,,[],unavailable
002910,易方达供给改革混合,688652,京仪装备,SH,2026-06-30,3.69,259.77,51997.76,,[],[],d943627cbaca4c97f05b97bd,,[],unavailable
002910,易方达供给改革混合,688409,富创精密,SH,2026-06-30,3.17,145.79,44647.33,,[],[],d943627cbaca4c97f05b97bd,,[],unavailable
002910,易方达供给改革混合,301018,申菱环境,SZ,2026-06-30,2.7,329.2,38058.34,,[],[],d943627cbaca4c97f05b97bd,,[],unavailable
002910,易方达供给改革混合,603259,药明康德,SH,2026-06-30,2.36,267.17,33265.34,,[],[],d943627cbaca4c97f05b97bd,,[],unavailable
002910,易方达供给改革混合,300604,长川科技,SZ,2026-06-30,2.28,93.9,32059.51,,[],[],d943627cbaca4c97f05b97bd,,[],unavailable
002910,易方达供给改革混合,688596,正帆科技,SH,2026-06-30,2.04,362.93,28693.06,,[],[],d943627cbaca4c97f05b97bd,,[],unavailable
002910,易方达供给改革混合,300820,英杰电气,SZ,2026-06-30,1.88,293.4,26473.06,,[],[],d943627cbaca4c97f05b97bd,,[],unavailable
002910,易方达供给改革混合,300666,江丰电子,SZ,2026-06-30,1.85,70.58,26015.6,,[],[],d943627cbaca4c97f05b97bd,,[],unavailable
002910,易方达供给改革混合,688785,恒运昌,SH,2026-06-30,1.82,53.04,25674.11,,[],[],d943627cbaca4c97f05b97bd,,[],unavailable
002910,易方达供给改革混合,300567,精测电子,SZ,2026-06-30,1.74,76.93,24432.62,,[],[],d943627cbaca4c97f05b97bd,,[],unavailable
002910,易方达供给改革混合,603995,甬金股份,SH,2026-06-30,1.47,893.22,20731.66,,[],[],d943627cbaca4c97f05b97bd,,[],unavailable
002910,易方达供给改革混合,002536,飞龙股份,SZ,2026-06-30,1.42,422.78,19946.59,,[],[],d943627cbaca4c97f05b97bd,,[],unavailable
002910,易方达供给改革混合,688605,先锋精科,SH,2026-06-30,1.26,170.68,17754.51,,[],[],d943627cbaca4c97f05b97bd,,[],unavailable
002910,易方达供给改革混合,600660,福耀玻璃,SH,2026-06-30,0.78,216.36,10913.1,,[],[],d943627cbaca4c97f05b97bd,,[],unavailable
002910,易方达供给改革混合,002444,巨星科技,SZ,2026-06-30,0.76,345.17,10734.79,,[],[],d943627cbaca4c97f05b97bd,,[],unavailable
002910,易方达供给改革混合,688610,埃科光电,SH,2026-06-30,0.5,26.51,6982.08,,[],[],d943627cbaca4c97f05b97bd,,[],unavailable
002910,易方达供给改革混合,300037,新宙邦,SZ,2026-06-30,0.49,74.87,6951.59,,[],[],d943627cbaca4c97f05b97bd,,[],unavailable
002910,易方达供给改革混合,688352,颀中科技,SH,2026-06-30,0.47,275.47,6660.9,,[],[],d943627cbaca4c97f05b97bd,,[],unavailable
002910,易方达供给改革混合,603005,晶方科技,SH,2026-06-30,0.43,111.61,6012.43,,[],[],d943627cbaca4c97f05b97bd,,[],unavailable
002910,易方达供给改革混合,301039,中集车辆,SZ,2026-06-30,0.27,547.37,3858.96,,[],[],d943627cbaca4c97f05b97bd,,[],unavailable
002910,易方达供给改革混合,688170,德龙激光,SH,2026-06-30,0.2,28.98,2782.29,,[],[],d943627cbaca4c97f05b97bd,,[],unavailable
002910,易方达供给改革混合,600348,华阳股份,SH,2026-06-30,0.16,296.53,2268.45,,[],[],d943627cbaca4c97f05b97bd,,[],unavailable
002910,易方达供给改革混合,688809,强一股份,SH,2026-06-30,0.06,1.26,787.35,,[],[],d943627cbaca4c97f05b97bd,,[],unavailable
002910,易方达供给改革混合,688795,摩尔线程,SH,2026-06-30,0.05,1.08,732.99,,[],[],d943627cbaca4c97f05b97bd,,[],unavailable
002910,易方达供给改革混合,301161,唯万密封,SZ,2026-06-30,0.03,10.77,415.83,,[],[],d943627cbaca4c97f05b97bd,,[],unavailable
002910,易方达供给改革混合,688802,沐曦股份,SH,2026-06-30,0.02,0.4,307.09,,[],[],d943627cbaca4c97f05b97bd,,[],unavailable
002910,易方达供给改革混合,688783,西安奕材,SH,2026-06-30,0.02,4.44,254.77,,[],[],d943627cbaca4c97f05b97bd,,[],unavailable
002910,易方达供给改革混合,688797,臻宝科技,SH,2026-06-30,0.01,0.21,138.27,,[],[],d943627cbaca4c97f05b97bd,,[],unavailable
002910,易方达供给改革混合,600276,恒瑞医药,SH,2026-06-30,0.01,1.4,72.94,,[],[],d943627cbaca4c97f05b97bd,,[],unavailable
002910,易方达供给改革混合,301666,大普微,SZ,2026-06-30,0.0,0.12,56.53,,[],[],d943627cbaca4c97f05b97bd,,[],unavailable
002910,易方达供给改革混合,001399,惠科股份,SZ,2026-06-30,0.0,1.62,55.14,,[],[],d943627cbaca4c97f05b97bd,,[],unavailable
002910,易方达供给改革混合,688759,必贝特,SH,2026-06-30,0.0,1.26,38.47,,[],[],d943627cbaca4c97f05b97bd,,[],unavailable
002910,易方达供给改革混合,688820,盛合晶微,SH,2026-06-30,0.0,0.24,33.83,,[],[],d943627cbaca4c97f05b97bd,,[],unavailable
002910,易方达供给改革混合,688790,昂瑞微,SH,2026-06-30,0.0,0.23,29.32,,[],[],d943627cbaca4c97f05b97bd,,[],unavailable
002910,易方达供给改革混合,688781,视涯科技,SH,2026-06-30,0.0,0.63,26.71,,[],[],d943627cbaca4c97f05b97bd,,[],unavailable
002910,易方达供给改革混合,688808,联讯仪器,SH,2026-06-30,0.0,0.02,25.82,,[],[],d943627cbaca4c97f05b97bd,,[],unavailable
002910,易方达供给改革混合,300782,卓胜微,SZ,2026-06-30,0.0,0.17,18.3,,[],[],d943627cbaca4c97f05b97bd,,[],unavailable
002910,易方达供给改革混合,688818,电科蓝天,SH,2026-06-30,0.0,0.17,12.04,,[],[],d943627cbaca4c97f05b97bd,,[],unavailable
002910,易方达供给改革混合,301682,宏明电子,SZ,2026-06-30,0.0,0.07,11.43,,[],[],d943627cbaca4c97f05b97bd,,[],unavailable
002910,易方达供给改革混合,688712,北芯生命,SH,2026-06-30,0.0,0.15,5.39,,[],[],d943627cbaca4c97f05b97bd,,[],unavailable
002910,易方达供给改革混合,688807,优迅股份,SH,2026-06-30,0.0,0.01,5.27,,[],[],d943627cbaca4c97f05b97bd,,[],unavailable
002910,易方达供给改革混合,688813,泰金新能,SH,2026-06-30,0.0,0.02,4.03,,[],[],d943627cbaca4c97f05b97bd,,[],unavailable
002910,易方达供给改革混合,688635,长进光子,SH,2026-06-30,0.0,0.01,3.94,,[],[],d943627cbaca4c97f05b97bd,,[],unavailable
002910,易方达供给改革混合,001257,盛龙股份,SZ,2026-06-30,0.0,0.17,3.61,,[],[],d943627cbaca4c97f05b97bd,,[],unavailable
002910,易方达供给改革混合,603459,红板科技,SH,2026-06-30,0.0,0.03,2.78,,[],[],d943627cbaca4c97f05b97bd,,[],unavailable
002910,易方达供给改革混合,001365,天海电子,SZ,2026-06-30,0.0,0.07,2.25,,[],[],d943627cbaca4c97f05b97bd,,[],unavailable
002910,易方达供给改革混合,688811,有研复材,SH,2026-06-30,0.0,0.08,2.01,,[],[],d943627cbaca4c97f05b97bd,,[],unavailable
002910,易方达供给改革混合,301696,三瑞智能,SZ,2026-06-30,0.0,0.02,1.87,,[],[],d943627cbaca4c97f05b97bd,,[],unavailable
002910,易方达供给改革混合,001237,惠康科技,SZ,2026-06-30,0.0,0.03,1.67,,[],[],d943627cbaca4c97f05b97bd,,[],unavailable
002910,易方达供给改革混合,301669,高特电子,SZ,2026-06-30,0.0,0.05,1.55,,[],[],d943627cbaca4c97f05b97bd,,[],unavailable
002910,易方达供给改革混合,301687,新广益,SZ,2026-06-30,0.0,0.02,1.52,,[],[],d943627cbaca4c97f05b97bd,,[],unavailable
002910,易方达供给改革混合,001393,维通利,SZ,2026-06-30,0.0,0.04,1.51,,[],[],d943627cbaca4c97f05b97bd,,[],unavailable
002910,易方达供给改革混合,301531,春光集团,SZ,2026-06-30,0.0,0.03,1.5,,[],[],d943627cbaca4c97f05b97bd,,[],unavailable
002910,易方达供给改革混合,301599,理奇智能,SZ,2026-06-30,0.0,0.04,1.41,,[],[],d943627cbaca4c97f05b97bd,,[],unavailable
002910,易方达供给改革混合,601112,振石股份,SH,2026-06-30,0.0,0.08,1.36,,[],[],d943627cbaca4c97f05b97bd,,[],unavailable
002910,易方达供给改革混合,301680,固德电材,SZ,2026-06-30,0.0,0.01,1.31,,[],[],d943627cbaca4c97f05b97bd,,[],unavailable
002910,易方达供给改革混合,688805,健信超导,SH,2026-06-30,0.0,0.03,1.24,,[],[],d943627cbaca4c97f05b97bd,,[],unavailable
002910,易方达供给改革混合,001369,双欣材料,SZ,2026-06-30,0.0,0.09,1.21,,[],[],d943627cbaca4c97f05b97bd,,[],unavailable
002910,易方达供给改革混合,301683,慧谷新材,SZ,2026-06-30,0.0,0.01,1.17,,[],[],d943627cbaca4c97f05b97bd,,[],unavailable
002910,易方达供给改革混合,301667,纳百川,SZ,2026-06-30,0.0,0.02,1.09,,[],[],d943627cbaca4c97f05b97bd,,[],unavailable
002910,易方达供给改革混合,001248,华润新能源,SZ,2026-06-30,0.0,0.1,1.01,,[],[],d943627cbaca4c97f05b97bd,,[],unavailable
002910,易方达供给改革混合,688816,易思维,SH,2026-06-30,0.0,0.02,1.01,,[],[],d943627cbaca4c97f05b97bd,,[],unavailable
002910,易方达供给改革混合,301513,尚水智能,SZ,2026-06-30,0.0,0.01,0.7,,[],[],d943627cbaca4c97f05b97bd,,[],unavailable
002910,易方达供给改革混合,603248,锡华科技,SH,2026-06-30,0.0,0.03,0.55,,[],[],d943627cbaca4c97f05b97bd,,[],unavailable
002910,易方达供给改革混合,603435,嘉德利,SH,2026-06-30,0.0,0.01,0.49,,[],[],d943627cbaca4c97f05b97bd,,[],unavailable
002910,易方达供给改革混合,603352,至信股份,SH,2026-06-30,0.0,0.01,0.29,,[],[],d943627cbaca4c97f05b97bd,,[],unavailable
002910,易方达供给改革混合,001396,誉帆科技,SZ,2026-06-30,0.0,0.01,0.24,,[],[],d943627cbaca4c97f05b97bd,,[],unavailable
002910,易方达供给改革混合,603293,埃泰克,SH,2026-06-30,0.0,0.01,0.24,,[],[],d943627cbaca4c97f05b97bd,,[],unavailable
002910,易方达供给改革混合,001312,福恩股份,SZ,2026-06-30,0.0,0.01,0.22,,[],[],d943627cbaca4c97f05b97bd,,[],unavailable
002910,易方达供给改革混合,300772,运达股份,SZ,2026-06-30,0.0,0.02,0.22,,[],[],d943627cbaca4c97f05b97bd,,[],unavailable
002910,易方达供给改革混合,603284,林平发展,SH,2026-06-30,0.0,0.0,0.16,,[],[],d943627cbaca4c97f05b97bd,,[],unavailable
002910,易方达供给改革混合,001220,世盟股份,SZ,2026-06-30,0.0,0.01,0.16,,[],[],d943627cbaca4c97f05b97bd,,[],unavailable
004320,前海开源沪港深乐享生活,300502,新易盛,SZ,2026-06-30,9.44,128.03,77713.97,,[],[],73ce2c22674495f233a353c1,,[],unavailable
004320,前海开源沪港深乐享生活,688048,长光华芯,SH,2026-06-30,9.37,153.74,77178.79,,[],[],73ce2c22674495f233a353c1,,[],unavailable
004320,前海开源沪港深乐享生活,300308,中际旭创,SZ,2026-06-30,9.32,60.42,76727.05,,[],[],73ce2c22674495f233a353c1,,[],unavailable
004320,前海开源沪港深乐享生活,688256,寒武纪,SH,2026-06-30,8.92,46.03,73445.08,,[],[],73ce2c22674495f233a353c1,,[],unavailable
004320,前海开源沪港深乐享生活,002837,英维克,SZ,2026-06-30,8.83,914.23,72736.13,,[],[],73ce2c22674495f233a353c1,,[],unavailable
004320,前海开源沪港深乐享生活,300843,胜蓝股份,SZ,2026-06-30,8.25,434.66,67915.94,,[],[],73ce2c22674495f233a353c1,,[],unavailable
004320,前海开源沪港深乐享生活,603306,华懋科技,SH,2026-06-30,7.89,626.95,65008.45,,[],[],73ce2c22674495f233a353c1,,[],unavailable
004320,前海开源沪港深乐享生活,301629,矽电股份,SZ,2026-06-30,7.09,135.7,58405.71,,[],[],73ce2c22674495f233a353c1,,[],unavailable
004320,前海开源沪港深乐享生活,600330,天通股份,SH,2026-06-30,7.08,1890.78,58311.59,,[],[],73ce2c22674495f233a353c1,,[],unavailable
004320,前海开源沪港深乐享生活,002222,福晶科技,SZ,2026-06-30,5.21,465.03,42912.85,,[],[],73ce2c22674495f233a353c1,,[],unavailable
004320,前海开源沪港深乐享生活,688195,腾景科技,SH,2026-06-30,4.92,210.44,40526.07,,[],[],73ce2c22674495f233a353c1,,[],unavailable
004320,前海开源沪港深乐享生活,06869,长飞光纤光缆,HK,2026-06-30,4.69,174.25,38653.47,,[],[],73ce2c22674495f233a353c1,,[],unmapped_market
004320,前海开源沪港深乐享生活,300548,长芯博创,SZ,2026-06-30,3.12,92.38,25680.69,,[],[],73ce2c22674495f233a353c1,,[],unavailable
021179,易方达产业机遇混合A,688200,华峰测控,SH,2026-06-30,9.21,10.63,5580.92,半导体,[],[],d0b581480092f771ef48868e,7a688009aa74ed3cb0bf95d5,[],mapped
021179,易方达产业机遇混合A,002371,北方华创,SZ,2026-06-30,9.09,6.23,5509.22,,[],[],d0b581480092f771ef48868e,,[],unavailable
021179,易方达产业机遇混合A,688256,寒武纪,SH,2026-06-30,6.44,2.44,3900.32,,[],[],d0b581480092f771ef48868e,,[],unavailable
021179,易方达产业机遇混合A,688521,芯原股份,SH,2026-06-30,6.39,10.44,3873.11,,[],[],d0b581480092f771ef48868e,,[],unavailable
021179,易方达产业机遇混合A,688233,神工股份,SH,2026-06-30,6.23,17.61,3775.59,,[],[],d0b581480092f771ef48868e,,[],unavailable
021179,易方达产业机遇混合A,688361,中科飞测,SH,2026-06-30,5.31,7.48,3218.03,,[],[],d0b581480092f771ef48868e,,[],unavailable
021179,易方达产业机遇混合A,688372,伟测科技,SH,2026-06-30,5.31,17.3,3217.48,,[],[],d0b581480092f771ef48868e,,[],unavailable
021179,易方达产业机遇混合A,688652,京仪装备,SH,2026-06-30,3.71,11.23,2246.99,,[],[],d0b581480092f771ef48868e,,[],unavailable
021179,易方达产业机遇混合A,688409,富创精密,SH,2026-06-30,3.18,6.3,1928.89,,[],[],d0b581480092f771ef48868e,,[],unavailable
021179,易方达产业机遇混合A,301018,申菱环境,SZ,2026-06-30,2.52,13.19,1524.66,,[],[],d0b581480092f771ef48868e,,[],unavailable
021179,易方达产业机遇混合A,603259,药明康德,SH,2026-06-30,2.4,11.66,1451.79,,[],[],d0b581480092f771ef48868e,,[],unavailable
021179,易方达产业机遇混合A,00175,吉利汽车,HK,2026-06-30,2.38,98.3,1439.48,,[],[],d0b581480092f771ef48868e,,[],unmapped_market
021179,易方达产业机遇混合A,300604,长川科技,SZ,2026-06-30,2.21,3.92,1338.37,,[],[],d0b581480092f771ef48868e,,[],unavailable
021179,易方达产业机遇混合A,300820,英杰电气,SZ,2026-06-30,2.1,14.12,1274.05,,[],[],d0b581480092f771ef48868e,,[],unavailable
021179,易方达产业机遇混合A,688596,正帆科技,SH,2026-06-30,2.05,15.74,1244.78,,[],[],d0b581480092f771ef48868e,,[],unavailable
021179,易方达产业机遇混合A,688785,恒运昌,SH,2026-06-30,1.77,2.21,1071.3,,[],[],d0b581480092f771ef48868e,,[],unavailable
021179,易方达产业机遇混合A,300666,江丰电子,SZ,2026-06-30,1.67,2.75,1013.65,,[],[],d0b581480092f771ef48868e,,[],unavailable
021179,易方达产业机遇混合A,300567,精测电子,SZ,2026-06-30,1.42,2.71,860.82,,[],[],d0b581480092f771ef48868e,,[],unavailable
021179,易方达产业机遇混合A,002536,飞龙股份,SZ,2026-06-30,1.29,16.52,779.41,,[],[],d0b581480092f771ef48868e,,[],unavailable
021179,易方达产业机遇混合A,688605,先锋精科,SH,2026-06-30,1.08,6.28,652.94,,[],[],d0b581480092f771ef48868e,,[],unavailable
021179,易方达产业机遇混合A,002444,巨星科技,SZ,2026-06-30,0.77,15.0,466.5,,[],[],d0b581480092f771ef48868e,,[],unavailable
021179,易方达产业机遇混合A,600660,福耀玻璃,SH,2026-06-30,0.73,8.81,444.38,,[],[],d0b581480092f771ef48868e,,[],unavailable
021179,易方达产业机遇混合A,300037,新宙邦,SZ,2026-06-30,0.49,3.22,298.98,,[],[],d0b581480092f771ef48868e,,[],unavailable
021179,易方达产业机遇混合A,688610,埃科光电,SH,2026-06-30,0.48,1.11,292.35,,[],[],d0b581480092f771ef48868e,,[],unavailable
021179,易方达产业机遇混合A,688352,颀中科技,SH,2026-06-30,0.45,11.26,272.17,,[],[],d0b581480092f771ef48868e,,[],unavailable
021179,易方达产业机遇混合A,603005,晶方科技,SH,2026-06-30,0.4,4.45,239.72,,[],[],d0b581480092f771ef48868e,,[],unavailable
021179,易方达产业机遇混合A,301039,中集车辆,SZ,2026-06-30,0.26,22.7,160.04,,[],[],d0b581480092f771ef48868e,,[],unavailable
021179,易方达产业机遇混合A,688170,德龙激光,SH,2026-06-30,0.2,1.25,120.11,,[],[],d0b581480092f771ef48868e,,[],unavailable
021179,易方达产业机遇混合A,688797,臻宝科技,SH,2026-06-30,0.14,0.13,85.55,,[],[],d0b581480092f771ef48868e,,[],unavailable
021179,易方达产业机遇混合A,600348,华阳股份,SH,2026-06-30,0.13,10.58,80.94,,[],[],d0b581480092f771ef48868e,,[],unavailable
021179,易方达产业机遇混合A,301161,唯万密封,SZ,2026-06-30,0.03,0.49,18.92,,[],[],d0b581480092f771ef48868e,,[],unavailable
021179,易方达产业机遇混合A,002463,沪电股份,SZ,2026-06-30,0.02,0.06,9.17,,[],[],d0b581480092f771ef48868e,,[],unavailable
021179,易方达产业机遇混合A,688635,长进光子,SH,2026-06-30,0.0,0.01,2.25,,[],[],d0b581480092f771ef48868e,,[],unavailable
021179,易方达产业机遇混合A,301669,高特电子,SZ,2026-06-30,0.0,0.04,1.03,,[],[],d0b581480092f771ef48868e,,[],unavailable
021179,易方达产业机遇混合A,001248,华润新能源,SZ,2026-06-30,0.0,0.1,1.01,,[],[],d0b581480092f771ef48868e,,[],unavailable
021179,易方达产业机遇混合A,603435,嘉德利,SH,2026-06-30,0.0,0.01,0.25,,[],[],d0b581480092f771ef48868e,,[],unavailable
021180,易方达产业机遇混合C,688200,华峰测控,SH,2026-06-30,9.21,10.63,5580.92,半导体,[],[],e854b76f39a5e207e6ccf56a,7a688009aa74ed3cb0bf95d5,[],mapped
021180,易方达产业机遇混合C,002371,北方华创,SZ,2026-06-30,9.09,6.23,5509.22,,[],[],e854b76f39a5e207e6ccf56a,,[],unavailable
021180,易方达产业机遇混合C,688256,寒武纪,SH,2026-06-30,6.44,2.44,3900.32,,[],[],e854b76f39a5e207e6ccf56a,,[],unavailable
021180,易方达产业机遇混合C,688521,芯原股份,SH,2026-06-30,6.39,10.44,3873.11,,[],[],e854b76f39a5e207e6ccf56a,,[],unavailable
021180,易方达产业机遇混合C,688233,神工股份,SH,2026-06-30,6.23,17.61,3775.59,,[],[],e854b76f39a5e207e6ccf56a,,[],unavailable
021180,易方达产业机遇混合C,688361,中科飞测,SH,2026-06-30,5.31,7.48,3218.03,,[],[],e854b76f39a5e207e6ccf56a,,[],unavailable
021180,易方达产业机遇混合C,688372,伟测科技,SH,2026-06-30,5.31,17.3,3217.48,,[],[],e854b76f39a5e207e6ccf56a,,[],unavailable
021180,易方达产业机遇混合C,688652,京仪装备,SH,2026-06-30,3.71,11.23,2246.99,,[],[],e854b76f39a5e207e6ccf56a,,[],unavailable
021180,易方达产业机遇混合C,688409,富创精密,SH,2026-06-30,3.18,6.3,1928.89,,[],[],e854b76f39a5e207e6ccf56a,,[],unavailable
021180,易方达产业机遇混合C,301018,申菱环境,SZ,2026-06-30,2.52,13.19,1524.66,,[],[],e854b76f39a5e207e6ccf56a,,[],unavailable
021180,易方达产业机遇混合C,603259,药明康德,SH,2026-06-30,2.4,11.66,1451.79,,[],[],e854b76f39a5e207e6ccf56a,,[],unavailable
021180,易方达产业机遇混合C,00175,吉利汽车,HK,2026-06-30,2.38,98.3,1439.48,,[],[],e854b76f39a5e207e6ccf56a,,[],unmapped_market
021180,易方达产业机遇混合C,300604,长川科技,SZ,2026-06-30,2.21,3.92,1338.37,,[],[],e854b76f39a5e207e6ccf56a,,[],unavailable
021180,易方达产业机遇混合C,300820,英杰电气,SZ,2026-06-30,2.1,14.12,1274.05,,[],[],e854b76f39a5e207e6ccf56a,,[],unavailable
021180,易方达产业机遇混合C,688596,正帆科技,SH,2026-06-30,2.05,15.74,1244.78,,[],[],e854b76f39a5e207e6ccf56a,,[],unavailable
021180,易方达产业机遇混合C,688785,恒运昌,SH,2026-06-30,1.77,2.21,1071.3,,[],[],e854b76f39a5e207e6ccf56a,,[],unavailable
021180,易方达产业机遇混合C,300666,江丰电子,SZ,2026-06-30,1.67,2.75,1013.65,,[],[],e854b76f39a5e207e6ccf56a,,[],unavailable
021180,易方达产业机遇混合C,300567,精测电子,SZ,2026-06-30,1.42,2.71,860.82,,[],[],e854b76f39a5e207e6ccf56a,,[],unavailable
021180,易方达产业机遇混合C,002536,飞龙股份,SZ,2026-06-30,1.29,16.52,779.41,,[],[],e854b76f39a5e207e6ccf56a,,[],unavailable
021180,易方达产业机遇混合C,688605,先锋精科,SH,2026-06-30,1.08,6.28,652.94,,[],[],e854b76f39a5e207e6ccf56a,,[],unavailable
021180,易方达产业机遇混合C,002444,巨星科技,SZ,2026-06-30,0.77,15.0,466.5,,[],[],e854b76f39a5e207e6ccf56a,,[],unavailable
021180,易方达产业机遇混合C,600660,福耀玻璃,SH,2026-06-30,0.73,8.81,444.38,,[],[],e854b76f39a5e207e6ccf56a,,[],unavailable
021180,易方达产业机遇混合C,300037,新宙邦,SZ,2026-06-30,0.49,3.22,298.98,,[],[],e854b76f39a5e207e6ccf56a,,[],unavailable
021180,易方达产业机遇混合C,688610,埃科光电,SH,2026-06-30,0.48,1.11,292.35,,[],[],e854b76f39a5e207e6ccf56a,,[],unavailable
021180,易方达产业机遇混合C,688352,颀中科技,SH,2026-06-30,0.45,11.26,272.17,,[],[],e854b76f39a5e207e6ccf56a,,[],unavailable
021180,易方达产业机遇混合C,603005,晶方科技,SH,2026-06-30,0.4,4.45,239.72,,[],[],e854b76f39a5e207e6ccf56a,,[],unavailable
021180,易方达产业机遇混合C,301039,中集车辆,SZ,2026-06-30,0.26,22.7,160.04,,[],[],e854b76f39a5e207e6ccf56a,,[],unavailable
021180,易方达产业机遇混合C,688170,德龙激光,SH,2026-06-30,0.2,1.25,120.11,,[],[],e854b76f39a5e207e6ccf56a,,[],unavailable
021180,易方达产业机遇混合C,688797,臻宝科技,SH,2026-06-30,0.14,0.13,85.55,,[],[],e854b76f39a5e207e6ccf56a,,[],unavailable
021180,易方达产业机遇混合C,600348,华阳股份,SH,2026-06-30,0.13,10.58,80.94,,[],[],e854b76f39a5e207e6ccf56a,,[],unavailable
021180,易方达产业机遇混合C,301161,唯万密封,SZ,2026-06-30,0.03,0.49,18.92,,[],[],e854b76f39a5e207e6ccf56a,,[],unavailable
021180,易方达产业机遇混合C,002463,沪电股份,SZ,2026-06-30,0.02,0.06,9.17,,[],[],e854b76f39a5e207e6ccf56a,,[],unavailable
021180,易方达产业机遇混合C,688635,长进光子,SH,2026-06-30,0.0,0.01,2.25,,[],[],e854b76f39a5e207e6ccf56a,,[],unavailable
021180,易方达产业机遇混合C,301669,高特电子,SZ,2026-06-30,0.0,0.04,1.03,,[],[],e854b76f39a5e207e6ccf56a,,[],unavailable
021180,易方达产业机遇混合C,001248,华润新能源,SZ,2026-06-30,0.0,0.1,1.01,,[],[],e854b76f39a5e207e6ccf56a,,[],unavailable
021180,易方达产业机遇混合C,603435,嘉德利,SH,2026-06-30,0.0,0.01,0.25,,[],[],e854b76f39a5e207e6ccf56a,,[],unavailable
013840,银华集成电路混合A,688361,中科飞测,SH,2026-06-30,10.55,683.1,293731.24,,[],[],e6d864c28eb48e907d114504,,[],unavailable
013840,银华集成电路混合A,688037,芯源微,SH,2026-06-30,10.03,636.09,279274.35,,[],[],e6d864c28eb48e907d114504,,[],unavailable
013840,银华集成电路混合A,688120,华海清科,SH,2026-06-30,9.79,846.28,272654.59,,[],[],e6d864c28eb48e907d114504,,[],unavailable
013840,银华集成电路混合A,300567,精测电子,SZ,2026-06-30,9.56,838.4,266274.73,,[],[],e6d864c28eb48e907d114504,,[],unavailable
013840,银华集成电路混合A,002371,北方华创,SZ,2026-06-30,9.41,296.31,262102.65,,[],[],e6d864c28eb48e907d114504,,[],unavailable
013840,银华集成电路混合A,688012,中微公司,SH,2026-06-30,9.37,556.83,260873.26,,[],[],e6d864c28eb48e907d114504,,[],unavailable
013840,银华集成电路混合A,688072,拓荆科技,SH,2026-06-30,7.45,235.97,207543.93,,[],[],e6d864c28eb48e907d114504,,[],unavailable
013840,银华集成电路混合A,688409,富创精密,SH,2026-06-30,6.05,550.28,168523.28,,[],[],e6d864c28eb48e907d114504,,[],unavailable
013840,银华集成电路混合A,00981,中芯国际,HK,2026-06-30,5.36,1921.55,149205.23,,[],[],e6d864c28eb48e907d114504,,[],unmapped_market
013840,银华集成电路混合A,01347,华虹宏力,HK,2026-06-30,4.88,726.6,135810.23,,[],[],e6d864c28eb48e907d114504,,[],unmapped_market
013840,银华集成电路混合A,688347,华虹宏力,SH,2026-06-30,3.66,303.33,102010.18,,[],[],e6d864c28eb48e907d114504,,[],unavailable
013840,银华集成电路混合A,688172,燕东微,SH,2026-06-30,3.52,1171.75,98028.84,,[],[],e6d864c28eb48e907d114504,,[],unavailable
013840,银华集成电路混合A,688082,盛美上海,SH,2026-06-30,3.18,205.26,88671.63,,[],[],e6d864c28eb48e907d114504,,[],unavailable
013840,银华集成电路混合A,301611,珂玛科技,SZ,2026-06-30,1.01,156.18,28122.88,,[],[],e6d864c28eb48e907d114504,,[],unavailable
013840,银华集成电路混合A,300480,光力科技,SZ,2026-06-30,0.62,402.74,17188.9,,[],[],e6d864c28eb48e907d114504,,[],unavailable
013840,银华集成电路混合A,920186,中科仪,BJ,2026-06-30,0.04,10.9,1251.78,,[],[],e6d864c28eb48e907d114504,,[],unavailable
013840,银华集成电路混合A,688008,澜起科技,SH,2026-06-30,0.04,3.49,1080.56,,[],[],e6d864c28eb48e907d114504,,[],unavailable
013840,银华集成电路混合A,688795,摩尔线程,SH,2026-06-30,0.03,1.08,732.99,,[],[],e6d864c28eb48e907d114504,,[],unavailable
013840,银华集成电路混合A,688797,臻宝科技,SH,2026-06-30,0.0,0.21,138.27,,[],[],e6d864c28eb48e907d114504,,[],unavailable
013840,银华集成电路混合A,688820,盛合晶微,SH,2026-06-30,0.0,0.64,110.87,,[],[],e6d864c28eb48e907d114504,,[],unavailable
013840,银华集成电路混合A,301666,大普微,SZ,2026-06-30,0.0,0.12,56.53,,[],[],e6d864c28eb48e907d114504,,[],unavailable
013840,银华集成电路混合A,001399,惠科股份,SZ,2026-06-30,0.0,0.65,17.99,,[],[],e6d864c28eb48e907d114504,,[],unavailable
013840,银华集成电路混合A,688809,强一股份,SH,2026-06-30,0.0,0.03,16.14,,[],[],e6d864c28eb48e907d114504,,[],unavailable
013840,银华集成电路混合A,001280,中国铀业,SZ,2026-06-30,0.0,0.23,15.19,,[],[],e6d864c28eb48e907d114504,,[],unavailable
013840,银华集成电路混合A,688818,电科蓝天,SH,2026-06-30,0.0,0.17,12.04,,[],[],e6d864c28eb48e907d114504,,[],unavailable
013840,银华集成电路混合A,301682,宏明电子,SZ,2026-06-30,0.0,0.07,11.43,,[],[],e6d864c28eb48e907d114504,,[],unavailable
013840,银华集成电路混合A,688802,沐曦股份,SH,2026-06-30,0.0,0.01,8.45,,[],[],e6d864c28eb48e907d114504,,[],unavailable
013840,银华集成电路混合A,301638,南网数字,SZ,2026-06-30,0.0,0.23,5.58,,[],[],e6d864c28eb48e907d114504,,[],unavailable
013840,银华集成电路混合A,688712,北芯生命,SH,2026-06-30,0.0,0.15,5.39,,[],[],e6d864c28eb48e907d114504,,[],unavailable
013840,银华集成电路混合A,688807,优迅股份,SH,2026-06-30,0.0,0.01,5.27,,[],[],e6d864c28eb48e907d114504,,[],unavailable
013840,银华集成电路混合A,688727,恒坤新材,SH,2026-06-30,0.0,0.06,4.21,,[],[],e6d864c28eb48e907d114504,,[],unavailable
013840,银华集成电路混合A,688813,泰金新能,SH,2026-06-30,0.0,0.02,4.03,,[],[],e6d864c28eb48e907d114504,,[],unavailable
013840,银华集成电路混合A,001257,盛龙股份,SZ,2026-06-30,0.0,0.17,3.61,,[],[],e6d864c28eb48e907d114504,,[],unavailable
013840,银华集成电路混合A,688368,晶丰明源,SH,2026-06-30,0.0,0.01,3.03,,[],[],e6d864c28eb48e907d114504,,[],unavailable
013840,银华集成电路混合A,603459,红板科技,SH,2026-06-30,0.0,0.03,2.78,,[],[],e6d864c28eb48e907d114504,,[],unavailable
013840,银华集成电路混合A,001312,福恩股份,SZ,2026-06-30,0.0,0.13,2.52,,[],[],e6d864c28eb48e907d114504,,[],unavailable
013840,银华集成电路混合A,001365,天海电子,SZ,2026-06-30,0.0,0.07,2.25,,[],[],e6d864c28eb48e907d114504,,[],unavailable
013840,银华集成电路混合A,688811,有研复材,SH,2026-06-30,0.0,0.08,2.01,,[],[],e6d864c28eb48e907d114504,,[],unavailable
013840,银华集成电路混合A,301696,三瑞智能,SZ,2026-06-30,0.0,0.02,1.87,,[],[],e6d864c28eb48e907d114504,,[],unavailable
013840,银华集成电路混合A,001237,惠康科技,SZ,2026-06-30,0.0,0.03,1.67,,[],[],e6d864c28eb48e907d114504,,[],unavailable
013840,银华集成电路混合A,001233,海安集团,SZ,2026-06-30,0.0,0.04,1.65,,[],[],e6d864c28eb48e907d114504,,[],unavailable
013840,银华集成电路混合A,301669,高特电子,SZ,2026-06-30,0.0,0.05,1.55,,[],[],e6d864c28eb48e907d114504,,[],unavailable
013840,银华集成电路混合A,301687,新广益,SZ,2026-06-30,0.0,0.02,1.52,,[],[],e6d864c28eb48e907d114504,,[],unavailable
013840,银华集成电路混合A,001393,维通利,SZ,2026-06-30,0.0,0.04,1.51,,[],[],e6d864c28eb48e907d114504,,[],unavailable
013840,银华集成电路混合A,688759,必贝特,SH,2026-06-30,0.0,0.05,1.49,,[],[],e6d864c28eb48e907d114504,,[],unavailable
013840,银华集成电路混合A,301599,理奇智能,SZ,2026-06-30,0.0,0.04,1.41,,[],[],e6d864c28eb48e907d114504,,[],unavailable
013840,银华集成电路混合A,301680,固德电材,SZ,2026-06-30,0.0,0.01,1.31,,[],[],e6d864c28eb48e907d114504,,[],unavailable
013840,银华集成电路混合A,001369,双欣材料,SZ,2026-06-30,0.0,0.09,1.21,,[],[],e6d864c28eb48e907d114504,,[],unavailable
013840,银华集成电路混合A,301683,慧谷新材,SZ,2026-06-30,0.0,0.01,1.17,,[],[],e6d864c28eb48e907d114504,,[],unavailable
013840,银华集成电路混合A,688790,昂瑞微,SH,2026-06-30,0.0,0.01,1.15,,[],[],e6d864c28eb48e907d114504,,[],unavailable
013840,银华集成电路混合A,688781,视涯科技,SH,2026-06-30,0.0,0.02,1.03,,[],[],e6d864c28eb48e907d114504,,[],unavailable
013840,银华集成电路混合A,688816,易思维,SH,2026-06-30,0.0,0.02,1.01,,[],[],e6d864c28eb48e907d114504,,[],unavailable
013840,银华集成电路混合A,603092,德力佳,SH,2026-06-30,0.0,0.01,0.79,,[],[],e6d864c28eb48e907d114504,,[],unavailable
013840,银华集成电路混合A,603418,友升股份,SH,2026-06-30,0.0,0.01,0.61,,[],[],e6d864c28eb48e907d114504,,[],unavailable
013840,银华集成电路混合A,002338,奥普光电,SZ,2026-06-30,0.0,0.01,0.57,,[],[],e6d864c28eb48e907d114504,,[],unavailable
013840,银华集成电路混合A,603435,嘉德利,SH,2026-06-30,0.0,0.01,0.49,,[],[],e6d864c28eb48e907d114504,,[],unavailable
013840,银华集成电路混合A,603334,丰倍生物,SH,2026-06-30,0.0,0.01,0.31,,[],[],e6d864c28eb48e907d114504,,[],unavailable
013840,银华集成电路混合A,603199,九华旅游,SH,2026-06-30,0.0,0.01,0.31,,[],[],e6d864c28eb48e907d114504,,[],unavailable
013840,银华集成电路混合A,603370,华新精科,SH,2026-06-30,0.0,0.01,0.3,,[],[],e6d864c28eb48e907d114504,,[],unavailable
013840,银华集成电路混合A,603376,大明电子,SH,2026-06-30,0.0,0.01,0.28,,[],[],e6d864c28eb48e907d114504,,[],unavailable
013840,银华集成电路混合A,001396,誉帆科技,SZ,2026-06-30,0.0,0.01,0.24,,[],[],e6d864c28eb48e907d114504,,[],unavailable
013840,银华集成电路混合A,603293,埃泰克,SH,2026-06-30,0.0,0.01,0.24,,[],[],e6d864c28eb48e907d114504,,[],unavailable
013840,银华集成电路混合A,603284,林平发展,SH,2026-06-30,0.0,0.0,0.16,,[],[],e6d864c28eb48e907d114504,,[],unavailable
013840,银华集成电路混合A,001220,世盟股份,SZ,2026-06-30,0.0,0.01,0.16,,[],[],e6d864c28eb48e907d114504,,[],unavailable
005844,东方人工智能主题混合A,688361,中科飞测,SH,2026-06-30,9.55,780.37,335557.72,,[],[],5ff4161435ed47ca39bb946f,,[],unavailable
005844,东方人工智能主题混合A,688037,芯源微,SH,2026-06-30,9.19,735.44,322896.38,,[],[],5ff4161435ed47ca39bb946f,,[],unavailable
005844,东方人工智能主题混合A,688012,中微公司,SH,2026-06-30,9.12,684.0,320455.45,,[],[],5ff4161435ed47ca39bb946f,,[],unavailable
005844,东方人工智能主题混合A,688120,华海清科,SH,2026-06-30,9.08,989.67,318851.72,,[],[],5ff4161435ed47ca39bb946f,,[],unavailable
005844,东方人工智能主题混合A,002371,北方华创,SZ,2026-06-30,8.92,354.33,313424.99,,[],[],5ff4161435ed47ca39bb946f,,[],unavailable
005844,东方人工智能主题混合A,300567,精测电子,SZ,2026-06-30,8.69,961.02,305219.6,,[],[],5ff4161435ed47ca39bb946f,,[],unavailable
005844,东方人工智能主题混合A,688409,富创精密,SH,2026-06-30,7.57,868.18,265881.23,,[],[],5ff4161435ed47ca39bb946f,,[],unavailable
005844,东方人工智能主题混合A,688072,拓荆科技,SH,2026-06-30,7.44,297.12,261322.79,,[],[],5ff4161435ed47ca39bb946f,,[],unavailable
005844,东方人工智能主题混合A,688256,寒武纪,SH,2026-06-30,7.04,155.06,247401.04,,[],[],5ff4161435ed47ca39bb946f,,[],unavailable
005844,东方人工智能主题混合A,688082,盛美上海,SH,2026-06-30,6.87,558.51,241276.75,,[],[],5ff4161435ed47ca39bb946f,,[],unavailable
005844,东方人工智能主题混合A,688652,京仪装备,SH,2026-06-30,4.67,820.0,164138.96,,[],[],5ff4161435ed47ca39bb946f,,[],unavailable
005844,东方人工智能主题混合A,688041,海光信息,SH,2026-06-30,1.38,131.17,48572.81,,[],[],5ff4161435ed47ca39bb946f,,[],unavailable
005844,东方人工智能主题混合A,688200,华峰测控,SH,2026-06-30,0.94,62.72,32935.74,半导体,[],[],5ff4161435ed47ca39bb946f,7a688009aa74ed3cb0bf95d5,[],mapped
005844,东方人工智能主题混合A,603061,金海通,SH,2026-06-30,0.87,60.8,30534.22,,[],[],5ff4161435ed47ca39bb946f,,[],unavailable
005844,东方人工智能主题混合A,603019,中科曙光,SH,2026-06-30,0.78,253.91,27226.61,,[],[],5ff4161435ed47ca39bb946f,,[],unavailable
005844,东方人工智能主题混合A,688521,芯原股份,SH,2026-06-30,0.52,49.23,18272.3,,[],[],5ff4161435ed47ca39bb946f,,[],unavailable
005844,东方人工智能主题混合A,301269,华大九天,SZ,2026-06-30,0.49,143.15,17095.25,,[],[],5ff4161435ed47ca39bb946f,,[],unavailable
005844,东方人工智能主题混合A,300604,长川科技,SZ,2026-06-30,0.46,47.19,16111.61,,[],[],5ff4161435ed47ca39bb946f,,[],unavailable
005844,东方人工智能主题混合A,688347,华虹宏力,SH,2026-06-30,0.39,40.22,13525.65,,[],[],5ff4161435ed47ca39bb946f,,[],unavailable
005844,东方人工智能主题混合A,688981,中芯国际,SH,2026-06-30,0.34,76.14,12092.67,,[],[],5ff4161435ed47ca39bb946f,,[],unavailable
005844,东方人工智能主题混合A,688729,屹唐股份,SH,2026-06-30,0.19,151.99,6535.73,,[],[],5ff4161435ed47ca39bb946f,,[],unavailable
005844,东方人工智能主题混合A,301312,智立方,SZ,2026-06-30,0.12,37.56,4357.34,,[],[],5ff4161435ed47ca39bb946f,,[],unavailable
005844,东方人工智能主题混合A,688019,安集科技,SH,2026-06-30,0.06,6.59,2237.18,,[],[],5ff4161435ed47ca39bb946f,,[],unavailable
005844,东方人工智能主题混合A,920186,中科仪,BJ,2026-06-30,0.02,6.8,780.19,,[],[],5ff4161435ed47ca39bb946f,,[],unavailable
005844,东方人工智能主题混合A,001248,华润新能源,SZ,2026-06-30,0.0,8.41,85.03,,[],[],5ff4161435ed47ca39bb946f,,[],unavailable
005844,东方人工智能主题混合A,688820,盛合晶微,SH,2026-06-30,0.0,0.24,40.84,,[],[],5ff4161435ed47ca39bb946f,,[],unavailable
005844,东方人工智能主题混合A,688808,联讯仪器,SH,2026-06-30,0.0,0.02,34.01,,[],[],5ff4161435ed47ca39bb946f,,[],unavailable
005844,东方人工智能主题混合A,688795,摩尔线程,SH,2026-06-30,0.0,0.03,24.65,,[],[],5ff4161435ed47ca39bb946f,,[],unavailable
005844,东方人工智能主题混合A,001399,惠科股份,SZ,2026-06-30,0.0,0.65,22.86,,[],[],5ff4161435ed47ca39bb946f,,[],unavailable
005844,东方人工智能主题混合A,688809,强一股份,SH,2026-06-30,0.0,0.03,16.14,,[],[],5ff4161435ed47ca39bb946f,,[],unavailable
005844,东方人工智能主题混合A,688797,臻宝科技,SH,2026-06-30,0.0,0.02,13.29,,[],[],5ff4161435ed47ca39bb946f,,[],unavailable
005844,东方人工智能主题混合A,688818,电科蓝天,SH,2026-06-30,0.0,0.17,12.03,,[],[],5ff4161435ed47ca39bb946f,,[],unavailable
005844,东方人工智能主题混合A,301682,宏明电子,SZ,2026-06-30,0.0,0.07,11.42,,[],[],5ff4161435ed47ca39bb946f,,[],unavailable
005844,东方人工智能主题混合A,001257,盛龙股份,SZ,2026-06-30,0.0,0.17,4.41,,[],[],5ff4161435ed47ca39bb946f,,[],unavailable
005844,东方人工智能主题混合A,688813,泰金新能,SH,2026-06-30,0.0,0.02,4.28,,[],[],5ff4161435ed47ca39bb946f,,[],unavailable
005844,东方人工智能主题混合A,688106,金宏气体,SH,2026-06-30,0.0,0.09,3.54,,[],[],5ff4161435ed47ca39bb946f,,[],unavailable
005844,东方人工智能主题混合A,603459,红板科技,SH,2026-06-30,0.0,0.03,3.29,,[],[],5ff4161435ed47ca39bb946f,,[],unavailable
005844,东方人工智能主题混合A,001365,天海电子,SZ,2026-06-30,0.0,0.07,2.65,,[],[],5ff4161435ed47ca39bb946f,,[],unavailable
005844,东方人工智能主题混合A,688811,有研复材,SH,2026-06-30,0.0,0.08,2.31,,[],[],5ff4161435ed47ca39bb946f,,[],unavailable
005844,东方人工智能主题混合A,301696,三瑞智能,SZ,2026-06-30,0.0,0.02,2.26,,[],[],5ff4161435ed47ca39bb946f,,[],unavailable
005844,东方人工智能主题混合A,301669,高特电子,SZ,2026-06-30,0.0,0.05,2.05,,[],[],5ff4161435ed47ca39bb946f,,[],unavailable
005844,东方人工智能主题混合A,301531,春光集团,SZ,2026-06-30,0.0,0.03,1.94,,[],[],5ff4161435ed47ca39bb946f,,[],unavailable
005844,东方人工智能主题混合A,001393,维通利,SZ,2026-06-30,0.0,0.04,1.88,,[],[],5ff4161435ed47ca39bb946f,,[],unavailable
005844,东方人工智能主题混合A,301599,理奇智能,SZ,2026-06-30,0.0,0.04,1.76,,[],[],5ff4161435ed47ca39bb946f,,[],unavailable
005844,东方人工智能主题混合A,301687,新广益,SZ,2026-06-30,0.0,0.02,1.5,,[],[],5ff4161435ed47ca39bb946f,,[],unavailable
005844,东方人工智能主题混合A,601112,振石股份,SH,2026-06-30,0.0,0.08,1.36,,[],[],5ff4161435ed47ca39bb946f,,[],unavailable
005844,东方人工智能主题混合A,301680,固德电材,SZ,2026-06-30,0.0,0.01,1.31,,[],[],5ff4161435ed47ca39bb946f,,[],unavailable
005844,东方人工智能主题混合A,301683,慧谷新材,SZ,2026-06-30,0.0,0.01,1.24,,[],[],5ff4161435ed47ca39bb946f,,[],unavailable
005844,东方人工智能主题混合A,001369,双欣材料,SZ,2026-06-30,0.0,0.09,1.21,,[],[],5ff4161435ed47ca39bb946f,,[],unavailable
005844,东方人工智能主题混合A,688781,视涯科技,SH,2026-06-30,0.0,0.02,1.03,,[],[],5ff4161435ed47ca39bb946f,,[],unavailable
005844,东方人工智能主题混合A,688816,易思维,SH,2026-06-30,0.0,0.02,1.01,,[],[],5ff4161435ed47ca39bb946f,,[],unavailable
005844,东方人工智能主题混合A,301513,尚水智能,SZ,2026-06-30,0.0,0.01,0.88,,[],[],5ff4161435ed47ca39bb946f,,[],unavailable
005844,东方人工智能主题混合A,688712,北芯生命,SH,2026-06-30,0.0,0.02,0.84,,[],[],5ff4161435ed47ca39bb946f,,[],unavailable
005844,东方人工智能主题混合A,603293,埃泰克,SH,2026-06-30,0.0,0.01,0.28,,[],[],5ff4161435ed47ca39bb946f,,[],unavailable
005844,东方人工智能主题混合A,001396,誉帆科技,SZ,2026-06-30,0.0,0.01,0.24,,[],[],5ff4161435ed47ca39bb946f,,[],unavailable
005844,东方人工智能主题混合A,001312,福恩股份,SZ,2026-06-30,0.0,0.01,0.24,,[],[],5ff4161435ed47ca39bb946f,,[],unavailable
005844,东方人工智能主题混合A,603284,林平发展,SH,2026-06-30,0.0,0.0,0.16,,[],[],5ff4161435ed47ca39bb946f,,[],unavailable
005844,东方人工智能主题混合A,001220,世盟股份,SZ,2026-06-30,0.0,0.01,0.16,,[],[],5ff4161435ed47ca39bb946f,,[],unavailable
013841,银华集成电路混合C,688361,中科飞测,SH,2026-06-30,10.55,683.1,293731.24,,[],[],1b7f5befcce3faf8b0d73474,,[],unavailable
013841,银华集成电路混合C,688037,芯源微,SH,2026-06-30,10.03,636.09,279274.35,,[],[],1b7f5befcce3faf8b0d73474,,[],unavailable
013841,银华集成电路混合C,688120,华海清科,SH,2026-06-30,9.79,846.28,272654.59,,[],[],1b7f5befcce3faf8b0d73474,,[],unavailable
013841,银华集成电路混合C,300567,精测电子,SZ,2026-06-30,9.56,838.4,266274.73,,[],[],1b7f5befcce3faf8b0d73474,,[],unavailable
013841,银华集成电路混合C,002371,北方华创,SZ,2026-06-30,9.41,296.31,262102.65,,[],[],1b7f5befcce3faf8b0d73474,,[],unavailable
013841,银华集成电路混合C,688012,中微公司,SH,2026-06-30,9.37,556.83,260873.26,,[],[],1b7f5befcce3faf8b0d73474,,[],unavailable
013841,银华集成电路混合C,688072,拓荆科技,SH,2026-06-30,7.45,235.97,207543.93,,[],[],1b7f5befcce3faf8b0d73474,,[],unavailable
013841,银华集成电路混合C,688409,富创精密,SH,2026-06-30,6.05,550.28,168523.28,,[],[],1b7f5befcce3faf8b0d73474,,[],unavailable
013841,银华集成电路混合C,00981,中芯国际,HK,2026-06-30,5.36,1921.55,149205.23,,[],[],1b7f5befcce3faf8b0d73474,,[],unmapped_market
013841,银华集成电路混合C,01347,华虹宏力,HK,2026-06-30,4.88,726.6,135810.23,,[],[],1b7f5befcce3faf8b0d73474,,[],unmapped_market
013841,银华集成电路混合C,688347,华虹宏力,SH,2026-06-30,3.66,303.33,102010.18,,[],[],1b7f5befcce3faf8b0d73474,,[],unavailable
013841,银华集成电路混合C,688172,燕东微,SH,2026-06-30,3.52,1171.75,98028.84,,[],[],1b7f5befcce3faf8b0d73474,,[],unavailable
013841,银华集成电路混合C,688082,盛美上海,SH,2026-06-30,3.18,205.26,88671.63,,[],[],1b7f5befcce3faf8b0d73474,,[],unavailable
013841,银华集成电路混合C,301611,珂玛科技,SZ,2026-06-30,1.01,156.18,28122.88,,[],[],1b7f5befcce3faf8b0d73474,,[],unavailable
013841,银华集成电路混合C,300480,光力科技,SZ,2026-06-30,0.62,402.74,17188.9,,[],[],1b7f5befcce3faf8b0d73474,,[],unavailable
013841,银华集成电路混合C,920186,中科仪,BJ,2026-06-30,0.04,10.9,1251.78,,[],[],1b7f5befcce3faf8b0d73474,,[],unavailable
013841,银华集成电路混合C,688008,澜起科技,SH,2026-06-30,0.04,3.49,1080.56,,[],[],1b7f5befcce3faf8b0d73474,,[],unavailable
013841,银华集成电路混合C,688795,摩尔线程,SH,2026-06-30,0.03,1.08,732.99,,[],[],1b7f5befcce3faf8b0d73474,,[],unavailable
013841,银华集成电路混合C,688797,臻宝科技,SH,2026-06-30,0.0,0.21,138.27,,[],[],1b7f5befcce3faf8b0d73474,,[],unavailable
013841,银华集成电路混合C,688820,盛合晶微,SH,2026-06-30,0.0,0.64,110.87,,[],[],1b7f5befcce3faf8b0d73474,,[],unavailable
013841,银华集成电路混合C,301666,大普微,SZ,2026-06-30,0.0,0.12,56.53,,[],[],1b7f5befcce3faf8b0d73474,,[],unavailable
013841,银华集成电路混合C,001399,惠科股份,SZ,2026-06-30,0.0,0.65,17.99,,[],[],1b7f5befcce3faf8b0d73474,,[],unavailable
013841,银华集成电路混合C,688809,强一股份,SH,2026-06-30,0.0,0.03,16.14,,[],[],1b7f5befcce3faf8b0d73474,,[],unavailable
013841,银华集成电路混合C,001280,中国铀业,SZ,2026-06-30,0.0,0.23,15.19,,[],[],1b7f5befcce3faf8b0d73474,,[],unavailable
013841,银华集成电路混合C,688818,电科蓝天,SH,2026-06-30,0.0,0.17,12.04,,[],[],1b7f5befcce3faf8b0d73474,,[],unavailable
013841,银华集成电路混合C,301682,宏明电子,SZ,2026-06-30,0.0,0.07,11.43,,[],[],1b7f5befcce3faf8b0d73474,,[],unavailable
013841,银华集成电路混合C,688802,沐曦股份,SH,2026-06-30,0.0,0.01,8.45,,[],[],1b7f5befcce3faf8b0d73474,,[],unavailable
013841,银华集成电路混合C,301638,南网数字,SZ,2026-06-30,0.0,0.23,5.58,,[],[],1b7f5befcce3faf8b0d73474,,[],unavailable
013841,银华集成电路混合C,688712,北芯生命,SH,2026-06-30,0.0,0.15,5.39,,[],[],1b7f5befcce3faf8b0d73474,,[],unavailable
013841,银华集成电路混合C,688807,优迅股份,SH,2026-06-30,0.0,0.01,5.27,,[],[],1b7f5befcce3faf8b0d73474,,[],unavailable
013841,银华集成电路混合C,688727,恒坤新材,SH,2026-06-30,0.0,0.06,4.21,,[],[],1b7f5befcce3faf8b0d73474,,[],unavailable
013841,银华集成电路混合C,688813,泰金新能,SH,2026-06-30,0.0,0.02,4.03,,[],[],1b7f5befcce3faf8b0d73474,,[],unavailable
013841,银华集成电路混合C,001257,盛龙股份,SZ,2026-06-30,0.0,0.17,3.61,,[],[],1b7f5befcce3faf8b0d73474,,[],unavailable
013841,银华集成电路混合C,688368,晶丰明源,SH,2026-06-30,0.0,0.01,3.03,,[],[],1b7f5befcce3faf8b0d73474,,[],unavailable
013841,银华集成电路混合C,603459,红板科技,SH,2026-06-30,0.0,0.03,2.78,,[],[],1b7f5befcce3faf8b0d73474,,[],unavailable
013841,银华集成电路混合C,001312,福恩股份,SZ,2026-06-30,0.0,0.13,2.52,,[],[],1b7f5befcce3faf8b0d73474,,[],unavailable
013841,银华集成电路混合C,001365,天海电子,SZ,2026-06-30,0.0,0.07,2.25,,[],[],1b7f5befcce3faf8b0d73474,,[],unavailable
013841,银华集成电路混合C,688811,有研复材,SH,2026-06-30,0.0,0.08,2.01,,[],[],1b7f5befcce3faf8b0d73474,,[],unavailable
013841,银华集成电路混合C,301696,三瑞智能,SZ,2026-06-30,0.0,0.02,1.87,,[],[],1b7f5befcce3faf8b0d73474,,[],unavailable
013841,银华集成电路混合C,001237,惠康科技,SZ,2026-06-30,0.0,0.03,1.67,,[],[],1b7f5befcce3faf8b0d73474,,[],unavailable
013841,银华集成电路混合C,001233,海安集团,SZ,2026-06-30,0.0,0.04,1.65,,[],[],1b7f5befcce3faf8b0d73474,,[],unavailable
013841,银华集成电路混合C,301669,高特电子,SZ,2026-06-30,0.0,0.05,1.55,,[],[],1b7f5befcce3faf8b0d73474,,[],unavailable
013841,银华集成电路混合C,301687,新广益,SZ,2026-06-30,0.0,0.02,1.52,,[],[],1b7f5befcce3faf8b0d73474,,[],unavailable
013841,银华集成电路混合C,001393,维通利,SZ,2026-06-30,0.0,0.04,1.51,,[],[],1b7f5befcce3faf8b0d73474,,[],unavailable
013841,银华集成电路混合C,688759,必贝特,SH,2026-06-30,0.0,0.05,1.49,,[],[],1b7f5befcce3faf8b0d73474,,[],unavailable
013841,银华集成电路混合C,301599,理奇智能,SZ,2026-06-30,0.0,0.04,1.41,,[],[],1b7f5befcce3faf8b0d73474,,[],unavailable
013841,银华集成电路混合C,301680,固德电材,SZ,2026-06-30,0.0,0.01,1.31,,[],[],1b7f5befcce3faf8b0d73474,,[],unavailable
013841,银华集成电路混合C,001369,双欣材料,SZ,2026-06-30,0.0,0.09,1.21,,[],[],1b7f5befcce3faf8b0d73474,,[],unavailable
013841,银华集成电路混合C,301683,慧谷新材,SZ,2026-06-30,0.0,0.01,1.17,,[],[],1b7f5befcce3faf8b0d73474,,[],unavailable
013841,银华集成电路混合C,688790,昂瑞微,SH,2026-06-30,0.0,0.01,1.15,,[],[],1b7f5befcce3faf8b0d73474,,[],unavailable
013841,银华集成电路混合C,688781,视涯科技,SH,2026-06-30,0.0,0.02,1.03,,[],[],1b7f5befcce3faf8b0d73474,,[],unavailable
013841,银华集成电路混合C,688816,易思维,SH,2026-06-30,0.0,0.02,1.01,,[],[],1b7f5befcce3faf8b0d73474,,[],unavailable
013841,银华集成电路混合C,603092,德力佳,SH,2026-06-30,0.0,0.01,0.79,,[],[],1b7f5befcce3faf8b0d73474,,[],unavailable
013841,银华集成电路混合C,603418,友升股份,SH,2026-06-30,0.0,0.01,0.61,,[],[],1b7f5befcce3faf8b0d73474,,[],unavailable
013841,银华集成电路混合C,002338,奥普光电,SZ,2026-06-30,0.0,0.01,0.57,,[],[],1b7f5befcce3faf8b0d73474,,[],unavailable
013841,银华集成电路混合C,603435,嘉德利,SH,2026-06-30,0.0,0.01,0.49,,[],[],1b7f5befcce3faf8b0d73474,,[],unavailable
013841,银华集成电路混合C,603334,丰倍生物,SH,2026-06-30,0.0,0.01,0.31,,[],[],1b7f5befcce3faf8b0d73474,,[],unavailable
013841,银华集成电路混合C,603199,九华旅游,SH,2026-06-30,0.0,0.01,0.31,,[],[],1b7f5befcce3faf8b0d73474,,[],unavailable
013841,银华集成电路混合C,603370,华新精科,SH,2026-06-30,0.0,0.01,0.3,,[],[],1b7f5befcce3faf8b0d73474,,[],unavailable
013841,银华集成电路混合C,603376,大明电子,SH,2026-06-30,0.0,0.01,0.28,,[],[],1b7f5befcce3faf8b0d73474,,[],unavailable
013841,银华集成电路混合C,001396,誉帆科技,SZ,2026-06-30,0.0,0.01,0.24,,[],[],1b7f5befcce3faf8b0d73474,,[],unavailable
013841,银华集成电路混合C,603293,埃泰克,SH,2026-06-30,0.0,0.01,0.24,,[],[],1b7f5befcce3faf8b0d73474,,[],unavailable
013841,银华集成电路混合C,603284,林平发展,SH,2026-06-30,0.0,0.0,0.16,,[],[],1b7f5befcce3faf8b0d73474,,[],unavailable
013841,银华集成电路混合C,001220,世盟股份,SZ,2026-06-30,0.0,0.01,0.16,,[],[],1b7f5befcce3faf8b0d73474,,[],unavailable
017811,东方人工智能主题混合C,688361,中科飞测,SH,2026-06-30,9.55,780.37,335557.72,,[],[],130cb56c4b32e6e83f17f8e1,,[],unavailable
017811,东方人工智能主题混合C,688037,芯源微,SH,2026-06-30,9.19,735.44,322896.38,,[],[],130cb56c4b32e6e83f17f8e1,,[],unavailable
017811,东方人工智能主题混合C,688012,中微公司,SH,2026-06-30,9.12,684.0,320455.45,,[],[],130cb56c4b32e6e83f17f8e1,,[],unavailable
017811,东方人工智能主题混合C,688120,华海清科,SH,2026-06-30,9.08,989.67,318851.72,,[],[],130cb56c4b32e6e83f17f8e1,,[],unavailable
017811,东方人工智能主题混合C,002371,北方华创,SZ,2026-06-30,8.92,354.33,313424.99,,[],[],130cb56c4b32e6e83f17f8e1,,[],unavailable
017811,东方人工智能主题混合C,300567,精测电子,SZ,2026-06-30,8.69,961.02,305219.6,,[],[],130cb56c4b32e6e83f17f8e1,,[],unavailable
017811,东方人工智能主题混合C,688409,富创精密,SH,2026-06-30,7.57,868.18,265881.23,,[],[],130cb56c4b32e6e83f17f8e1,,[],unavailable
017811,东方人工智能主题混合C,688072,拓荆科技,SH,2026-06-30,7.44,297.12,261322.79,,[],[],130cb56c4b32e6e83f17f8e1,,[],unavailable
017811,东方人工智能主题混合C,688256,寒武纪,SH,2026-06-30,7.04,155.06,247401.04,,[],[],130cb56c4b32e6e83f17f8e1,,[],unavailable
017811,东方人工智能主题混合C,688082,盛美上海,SH,2026-06-30,6.87,558.51,241276.75,,[],[],130cb56c4b32e6e83f17f8e1,,[],unavailable
017811,东方人工智能主题混合C,688652,京仪装备,SH,2026-06-30,4.67,820.0,164138.96,,[],[],130cb56c4b32e6e83f17f8e1,,[],unavailable
017811,东方人工智能主题混合C,688041,海光信息,SH,2026-06-30,1.38,131.17,48572.81,,[],[],130cb56c4b32e6e83f17f8e1,,[],unavailable
017811,东方人工智能主题混合C,688200,华峰测控,SH,2026-06-30,0.94,62.72,32935.74,半导体,[],[],130cb56c4b32e6e83f17f8e1,7a688009aa74ed3cb0bf95d5,[],mapped
017811,东方人工智能主题混合C,603061,金海通,SH,2026-06-30,0.87,60.8,30534.22,,[],[],130cb56c4b32e6e83f17f8e1,,[],unavailable
017811,东方人工智能主题混合C,603019,中科曙光,SH,2026-06-30,0.78,253.91,27226.61,,[],[],130cb56c4b32e6e83f17f8e1,,[],unavailable
017811,东方人工智能主题混合C,688521,芯原股份,SH,2026-06-30,0.52,49.23,18272.3,,[],[],130cb56c4b32e6e83f17f8e1,,[],unavailable
017811,东方人工智能主题混合C,301269,华大九天,SZ,2026-06-30,0.49,143.15,17095.25,,[],[],130cb56c4b32e6e83f17f8e1,,[],unavailable
017811,东方人工智能主题混合C,300604,长川科技,SZ,2026-06-30,0.46,47.19,16111.61,,[],[],130cb56c4b32e6e83f17f8e1,,[],unavailable
017811,东方人工智能主题混合C,688347,华虹宏力,SH,2026-06-30,0.39,40.22,13525.65,,[],[],130cb56c4b32e6e83f17f8e1,,[],unavailable
017811,东方人工智能主题混合C,688981,中芯国际,SH,2026-06-30,0.34,76.14,12092.67,,[],[],130cb56c4b32e6e83f17f8e1,,[],unavailable
017811,东方人工智能主题混合C,688729,屹唐股份,SH,2026-06-30,0.19,151.99,6535.73,,[],[],130cb56c4b32e6e83f17f8e1,,[],unavailable
017811,东方人工智能主题混合C,301312,智立方,SZ,2026-06-30,0.12,37.56,4357.34,,[],[],130cb56c4b32e6e83f17f8e1,,[],unavailable
017811,东方人工智能主题混合C,688019,安集科技,SH,2026-06-30,0.06,6.59,2237.18,,[],[],130cb56c4b32e6e83f17f8e1,,[],unavailable
017811,东方人工智能主题混合C,920186,中科仪,BJ,2026-06-30,0.02,6.8,780.19,,[],[],130cb56c4b32e6e83f17f8e1,,[],unavailable
017811,东方人工智能主题混合C,001248,华润新能源,SZ,2026-06-30,0.0,8.41,85.03,,[],[],130cb56c4b32e6e83f17f8e1,,[],unavailable
017811,东方人工智能主题混合C,688820,盛合晶微,SH,2026-06-30,0.0,0.24,40.84,,[],[],130cb56c4b32e6e83f17f8e1,,[],unavailable
017811,东方人工智能主题混合C,688808,联讯仪器,SH,2026-06-30,0.0,0.02,34.01,,[],[],130cb56c4b32e6e83f17f8e1,,[],unavailable
017811,东方人工智能主题混合C,688795,摩尔线程,SH,2026-06-30,0.0,0.03,24.65,,[],[],130cb56c4b32e6e83f17f8e1,,[],unavailable
017811,东方人工智能主题混合C,001399,惠科股份,SZ,2026-06-30,0.0,0.65,22.86,,[],[],130cb56c4b32e6e83f17f8e1,,[],unavailable
017811,东方人工智能主题混合C,688809,强一股份,SH,2026-06-30,0.0,0.03,16.14,,[],[],130cb56c4b32e6e83f17f8e1,,[],unavailable
017811,东方人工智能主题混合C,688797,臻宝科技,SH,2026-06-30,0.0,0.02,13.29,,[],[],130cb56c4b32e6e83f17f8e1,,[],unavailable
017811,东方人工智能主题混合C,688818,电科蓝天,SH,2026-06-30,0.0,0.17,12.03,,[],[],130cb56c4b32e6e83f17f8e1,,[],unavailable
017811,东方人工智能主题混合C,301682,宏明电子,SZ,2026-06-30,0.0,0.07,11.42,,[],[],130cb56c4b32e6e83f17f8e1,,[],unavailable
017811,东方人工智能主题混合C,001257,盛龙股份,SZ,2026-06-30,0.0,0.17,4.41,,[],[],130cb56c4b32e6e83f17f8e1,,[],unavailable
017811,东方人工智能主题混合C,688813,泰金新能,SH,2026-06-30,0.0,0.02,4.28,,[],[],130cb56c4b32e6e83f17f8e1,,[],unavailable
017811,东方人工智能主题混合C,688106,金宏气体,SH,2026-06-30,0.0,0.09,3.54,,[],[],130cb56c4b32e6e83f17f8e1,,[],unavailable
017811,东方人工智能主题混合C,603459,红板科技,SH,2026-06-30,0.0,0.03,3.29,,[],[],130cb56c4b32e6e83f17f8e1,,[],unavailable
017811,东方人工智能主题混合C,001365,天海电子,SZ,2026-06-30,0.0,0.07,2.65,,[],[],130cb56c4b32e6e83f17f8e1,,[],unavailable
017811,东方人工智能主题混合C,688811,有研复材,SH,2026-06-30,0.0,0.08,2.31,,[],[],130cb56c4b32e6e83f17f8e1,,[],unavailable
017811,东方人工智能主题混合C,301696,三瑞智能,SZ,2026-06-30,0.0,0.02,2.26,,[],[],130cb56c4b32e6e83f17f8e1,,[],unavailable
017811,东方人工智能主题混合C,301669,高特电子,SZ,2026-06-30,0.0,0.05,2.05,,[],[],130cb56c4b32e6e83f17f8e1,,[],unavailable
017811,东方人工智能主题混合C,301531,春光集团,SZ,2026-06-30,0.0,0.03,1.94,,[],[],130cb56c4b32e6e83f17f8e1,,[],unavailable
017811,东方人工智能主题混合C,001393,维通利,SZ,2026-06-30,0.0,0.04,1.88,,[],[],130cb56c4b32e6e83f17f8e1,,[],unavailable
017811,东方人工智能主题混合C,301599,理奇智能,SZ,2026-06-30,0.0,0.04,1.76,,[],[],130cb56c4b32e6e83f17f8e1,,[],unavailable
017811,东方人工智能主题混合C,301687,新广益,SZ,2026-06-30,0.0,0.02,1.5,,[],[],130cb56c4b32e6e83f17f8e1,,[],unavailable
017811,东方人工智能主题混合C,601112,振石股份,SH,2026-06-30,0.0,0.08,1.36,,[],[],130cb56c4b32e6e83f17f8e1,,[],unavailable
017811,东方人工智能主题混合C,301680,固德电材,SZ,2026-06-30,0.0,0.01,1.31,,[],[],130cb56c4b32e6e83f17f8e1,,[],unavailable
017811,东方人工智能主题混合C,301683,慧谷新材,SZ,2026-06-30,0.0,0.01,1.24,,[],[],130cb56c4b32e6e83f17f8e1,,[],unavailable
017811,东方人工智能主题混合C,001369,双欣材料,SZ,2026-06-30,0.0,0.09,1.21,,[],[],130cb56c4b32e6e83f17f8e1,,[],unavailable
017811,东方人工智能主题混合C,688781,视涯科技,SH,2026-06-30,0.0,0.02,1.03,,[],[],130cb56c4b32e6e83f17f8e1,,[],unavailable
017811,东方人工智能主题混合C,688816,易思维,SH,2026-06-30,0.0,0.02,1.01,,[],[],130cb56c4b32e6e83f17f8e1,,[],unavailable
017811,东方人工智能主题混合C,301513,尚水智能,SZ,2026-06-30,0.0,0.01,0.88,,[],[],130cb56c4b32e6e83f17f8e1,,[],unavailable
017811,东方人工智能主题混合C,688712,北芯生命,SH,2026-06-30,0.0,0.02,0.84,,[],[],130cb56c4b32e6e83f17f8e1,,[],unavailable
017811,东方人工智能主题混合C,603293,埃泰克,SH,2026-06-30,0.0,0.01,0.28,,[],[],130cb56c4b32e6e83f17f8e1,,[],unavailable
017811,东方人工智能主题混合C,001396,誉帆科技,SZ,2026-06-30,0.0,0.01,0.24,,[],[],130cb56c4b32e6e83f17f8e1,,[],unavailable
017811,东方人工智能主题混合C,001312,福恩股份,SZ,2026-06-30,0.0,0.01,0.24,,[],[],130cb56c4b32e6e83f17f8e1,,[],unavailable
017811,东方人工智能主题混合C,603284,林平发展,SH,2026-06-30,0.0,0.0,0.16,,[],[],130cb56c4b32e6e83f17f8e1,,[],unavailable
017811,东方人工智能主题混合C,001220,世盟股份,SZ,2026-06-30,0.0,0.01,0.16,,[],[],130cb56c4b32e6e83f17f8e1,,[],unavailable
011369,华商均衡成长混合A,300308,中际旭创,SZ,2026-06-30,7.13,139.55,177223.17,,[],[],24b3db58455c0334145c6824,,[],unavailable
011369,华商均衡成长混合A,300502,新易盛,SZ,2026-06-30,6.64,271.64,164882.51,,[],[],24b3db58455c0334145c6824,,[],unavailable
011369,华商均衡成长混合A,000636,风华高科,SZ,2026-06-30,5.95,2046.99,147874.43,,[],[],24b3db58455c0334145c6824,,[],unavailable
011369,华商均衡成长混合A,300408,三环集团,SZ,2026-06-30,5.6,833.27,139072.66,,[],[],24b3db58455c0334145c6824,,[],unavailable
011369,华商均衡成长混合A,688498,源杰科技,SH,2026-06-30,3.84,50.53,95297.51,,[],[],24b3db58455c0334145c6824,,[],unavailable
011369,华商均衡成长混合A,605376,博迁新材,SH,2026-06-30,3.6,329.99,89525.64,,[],[],24b3db58455c0334145c6824,,[],unavailable
011369,华商均衡成长混合A,600105,永鼎股份,SH,2026-06-30,3.6,1326.37,89503.25,,[],[],24b3db58455c0334145c6824,,[],unavailable
011369,华商均衡成长混合A,688048,长光华芯,SH,2026-06-30,3.35,165.66,83162.73,,[],[],24b3db58455c0334145c6824,,[],unavailable
011369,华商均衡成长混合A,002428,云南锗业,SZ,2026-06-30,2.88,594.86,71489.72,,[],[],24b3db58455c0334145c6824,,[],unavailable
011369,华商均衡成长混合A,600183,生益科技,SH,2026-06-30,2.68,383.51,66500.63,,[],[],24b3db58455c0334145c6824,,[],unavailable
011369,华商均衡成长混合A,603678,火炬电子,SH,2026-06-30,2.66,796.99,66150.49,,[],[],24b3db58455c0334145c6824,,[],unavailable
011369,华商均衡成长混合A,601869,长飞光纤,SH,2026-06-30,2.45,111.45,60841.21,,[],[],24b3db58455c0334145c6824,,[],unavailable
011369,华商均衡成长混合A,002384,东山精密,SZ,2026-06-30,2.34,221.49,58107.67,,[],[],24b3db58455c0334145c6824,,[],unavailable
011369,华商均衡成长混合A,600487,亨通光电,SH,2026-06-30,1.97,447.04,48878.84,,[],[],24b3db58455c0334145c6824,,[],unavailable
011369,华商均衡成长混合A,300285,国瓷材料,SZ,2026-06-30,1.88,452.84,46724.3,,[],[],24b3db58455c0334145c6824,,[],unavailable
011369,华商均衡成长混合A,688313,仕佳光子,SH,2026-06-30,1.78,240.05,44324.31,,[],[],24b3db58455c0334145c6824,,[],unavailable
011369,华商均衡成长混合A,002916,深南电路,SZ,2026-06-30,1.58,85.81,39293.77,,[],[],24b3db58455c0334145c6824,,[],unavailable
011369,华商均衡成长混合A,002080,中材科技,SZ,2026-06-30,1.55,427.96,38516.76,,[],[],24b3db58455c0334145c6824,,[],unavailable
011369,华商均衡成长混合A,603256,宏和科技,SH,2026-06-30,1.52,142.06,37693.66,,[],[],24b3db58455c0334145c6824,,[],unavailable
011369,华商均衡成长混合A,002859,洁美科技,SZ,2026-06-30,1.48,334.83,36667.75,,[],[],24b3db58455c0334145c6824,,[],unavailable
011369,华商均衡成长混合A,688183,生益电子,SH,2026-06-30,1.2,225.86,29904.18,,[],[],24b3db58455c0334145c6824,,[],unavailable
011369,华商均衡成长混合A,300476,胜宏科技,SZ,2026-06-30,1.15,82.45,28563.33,,[],[],24b3db58455c0334145c6824,,[],unavailable
011369,华商均衡成长混合A,003031,中瓷电子,SZ,2026-06-30,1.13,155.91,28110.92,,[],[],24b3db58455c0334145c6824,,[],unavailable
011369,华商均衡成长混合A,688603,天承科技,SH,2026-06-30,1.08,128.76,26775.35,,[],[],24b3db58455c0334145c6824,,[],unavailable
011369,华商均衡成长混合A,603986,兆易创新,SH,2026-06-30,1.07,32.77,26705.35,,[],[],24b3db58455c0334145c6824,,[],unavailable
011369,华商均衡成长混合A,301377,鼎泰高科,SZ,2026-06-30,1.07,48.3,26608.47,,[],[],24b3db58455c0334145c6824,,[],unavailable
011369,华商均衡成长混合A,688300,联瑞新材,SH,2026-06-30,1.06,107.97,26388.55,,[],[],24b3db58455c0334145c6824,,[],unavailable
011369,华商均衡成长混合A,301526,国际复材,SZ,2026-06-30,1.05,558.41,26060.99,,[],[],24b3db58455c0334145c6824,,[],unavailable
011369,华商均衡成长混合A,002484,江海股份,SZ,2026-06-30,1.04,246.04,25834.2,,[],[],24b3db58455c0334145c6824,,[],unavailable
011369,华商均衡成长混合A,002222,福晶科技,SZ,2026-06-30,1.04,279.44,25787.02,,[],[],24b3db58455c0334145c6824,,[],unavailable
011369,华商均衡成长混合A,688260,昀冢科技,SH,2026-06-30,0.98,168.58,24276.1,,[],[],24b3db58455c0334145c6824,,[],unavailable
011369,华商均衡成长混合A,002463,沪电股份,SZ,2026-06-30,0.89,144.06,22012.37,,[],[],24b3db58455c0334145c6824,,[],unavailable
011369,华商均衡成长混合A,301511,德福科技,SZ,2026-06-30,0.88,151.87,21846.79,,[],[],24b3db58455c0334145c6824,,[],unavailable
011369,华商均衡成长混合A,301150,中一科技,SZ,2026-06-30,0.73,286.4,18074.84,,[],[],24b3db58455c0334145c6824,,[],unavailable
011369,华商均衡成长混合A,002436,兴森科技,SZ,2026-06-30,0.7,343.01,17476.36,,[],[],24b3db58455c0334145c6824,,[],unavailable
011369,华商均衡成长混合A,002741,光华科技,SZ,2026-06-30,0.67,465.35,16631.61,,[],[],24b3db58455c0334145c6824,,[],unavailable
011369,华商均衡成长混合A,688158,优刻得,SH,2026-06-30,0.61,411.94,15142.8,,[],[],24b3db58455c0334145c6824,,[],unavailable
011369,华商均衡成长混合A,300394,天孚通信,SZ,2026-06-30,0.61,49.76,15060.45,,[],[],24b3db58455c0334145c6824,,[],unavailable
011369,华商均衡成长混合A,688766,普冉股份,SH,2026-06-30,0.6,19.48,14930.22,,[],[],24b3db58455c0334145c6824,,[],unavailable
011369,华商均衡成长混合A,301486,致尚科技,SZ,2026-06-30,0.59,69.97,14576.4,,[],[],24b3db58455c0334145c6824,,[],unavailable
011369,华商均衡成长混合A,300548,长芯博创,SZ,2026-06-30,0.55,49.06,13637.35,,[],[],24b3db58455c0334145c6824,,[],unavailable
011369,华商均衡成长混合A,688625,呈和科技,SH,2026-06-30,0.54,159.5,13463.46,,[],[],24b3db58455c0334145c6824,,[],unavailable
011369,华商均衡成长混合A,688545,兴福电子,SH,2026-06-30,0.54,100.41,13360.69,,[],[],24b3db58455c0334145c6824,,[],unavailable
011369,华商均衡成长混合A,605589,圣泉集团,SH,2026-06-30,0.54,209.32,13306.64,,[],[],24b3db58455c0334145c6824,,[],unavailable
011369,华商均衡成长混合A,300620,光库科技,SZ,2026-06-30,0.52,34.48,13040.22,,[],[],24b3db58455c0334145c6824,,[],unavailable
011369,华商均衡成长混合A,688233,神工股份,SH,2026-06-30,0.5,58.52,12547.97,,[],[],24b3db58455c0334145c6824,,[],unavailable
011369,华商均衡成长混合A,600673,东阳光,SH,2026-06-30,0.5,372.66,12513.83,,[],[],24b3db58455c0334145c6824,,[],unavailable
011369,华商均衡成长混合A,688041,海光信息,SH,2026-06-30,0.5,33.67,12466.3,,[],[],24b3db58455c0334145c6824,,[],unavailable
011369,华商均衡成长混合A,601208,东材科技,SH,2026-06-30,0.45,159.44,11286.48,,[],[],24b3db58455c0334145c6824,,[],unavailable
011369,华商均衡成长混合A,688020,方邦股份,SH,2026-06-30,0.45,44.96,11220.94,,[],[],24b3db58455c0334145c6824,,[],unavailable
011369,华商均衡成长混合A,688205,德科立,SH,2026-06-30,0.45,53.49,11136.71,,[],[],24b3db58455c0334145c6824,,[],unavailable
011369,华商均衡成长混合A,600330,天通股份,SH,2026-06-30,0.44,355.42,10961.15,,[],[],24b3db58455c0334145c6824,,[],unavailable
011369,华商均衡成长混合A,300814,中富电路,SZ,2026-06-30,0.41,50.28,10281.54,,[],[],24b3db58455c0334145c6824,,[],unavailable
011369,华商均衡成长混合A,603989,艾华集团,SH,2026-06-30,0.29,139.4,7318.5,,[],[],24b3db58455c0334145c6824,,[],unavailable
011369,华商均衡成长混合A,688167,炬光科技,SH,2026-06-30,0.29,20.17,7145.27,,[],[],24b3db58455c0334145c6824,,[],unavailable
011369,华商均衡成长混合A,301217,铜冠铜箔,SZ,2026-06-30,0.27,40.23,6640.78,,[],[],24b3db58455c0334145c6824,,[],unavailable
011369,华商均衡成长混合A,300868,杰美特,SZ,2026-06-30,0.2,33.51,4916.25,,[],[],24b3db58455c0334145c6824,,[],unavailable
011369,华商均衡成长混合A,688256,寒武纪,SH,2026-06-30,0.1,1.57,2508.84,,[],[],24b3db58455c0334145c6824,,[],unavailable
001480,财通成长优选混合A,300502,新易盛,SZ,2026-06-30,9.47,325.2,197399.01,,[],[],ccfb66fd6614312d8d050d4a,,[],unavailable
001480,财通成长优选混合A,688519,南亚新材,SH,2026-06-30,8.75,480.25,182514.25,,[],[],ccfb66fd6614312d8d050d4a,,[],unavailable
001480,财通成长优选混合A,688498,源杰科技,SH,2026-06-30,8.63,95.42,179966.27,,[],[],ccfb66fd6614312d8d050d4a,,[],unavailable
001480,财通成长优选混合A,300408,三环集团,SZ,2026-06-30,7.93,990.63,165335.58,,[],[],ccfb66fd6614312d8d050d4a,,[],unavailable
001480,财通成长优选混合A,301511,德福科技,SZ,2026-06-30,7.92,1147.79,165109.58,,[],[],ccfb66fd6614312d8d050d4a,,[],unavailable
001480,财通成长优选混合A,301377,鼎泰高科,SZ,2026-06-30,7.82,295.88,163000.29,,[],[],ccfb66fd6614312d8d050d4a,,[],unavailable
001480,财通成长优选混合A,301200,大族数控,SZ,2026-06-30,7.1,410.69,148115.31,,[],[],ccfb66fd6614312d8d050d4a,,[],unavailable
001480,财通成长优选混合A,000636,风华高科,SZ,2026-06-30,6.8,1962.09,141741.63,,[],[],ccfb66fd6614312d8d050d4a,,[],unavailable
001480,财通成长优选混合A,605376,博迁新材,SH,2026-06-30,4.28,329.25,89325.53,,[],[],ccfb66fd6614312d8d050d4a,,[],unavailable
001480,财通成长优选混合A,603186,华正新材,SH,2026-06-30,3.61,334.02,75254.71,,[],[],ccfb66fd6614312d8d050d4a,,[],unavailable
001480,财通成长优选混合A,300308,中际旭创,SZ,2026-06-30,3.09,50.74,64435.74,,[],[],ccfb66fd6614312d8d050d4a,,[],unavailable
001480,财通成长优选混合A,300570,太辰光,SZ,2026-06-30,1.38,116.79,28813.26,,[],[],ccfb66fd6614312d8d050d4a,,[],unavailable
001480,财通成长优选混合A,300661,圣邦股份,SZ,2026-06-30,1.19,172.55,24757.16,,[],[],ccfb66fd6614312d8d050d4a,,[],unavailable
001480,财通成长优选混合A,688256,寒武纪,SH,2026-06-30,1.11,14.49,23123.51,,[],[],ccfb66fd6614312d8d050d4a,,[],unavailable
001480,财通成长优选混合A,001389,广合科技,SZ,2026-06-30,1.1,96.77,22958.68,,[],[],ccfb66fd6614312d8d050d4a,,[],unavailable
001480,财通成长优选混合A,600183,生益科技,SH,2026-06-30,1.0,120.37,20872.12,,[],[],ccfb66fd6614312d8d050d4a,,[],unavailable
001480,财通成长优选混合A,688020,方邦股份,SH,2026-06-30,1.0,83.28,20787.89,,[],[],ccfb66fd6614312d8d050d4a,,[],unavailable
001480,财通成长优选混合A,301217,铜冠铜箔,SZ,2026-06-30,0.98,123.51,20387.8,,[],[],ccfb66fd6614312d8d050d4a,,[],unavailable
001480,财通成长优选混合A,301362,民爆光电,SZ,2026-06-30,0.94,107.1,19698.2,,[],[],ccfb66fd6614312d8d050d4a,,[],unavailable
001480,财通成长优选混合A,688700,东威科技,SH,2026-06-30,0.08,18.03,1611.74,,[],[],ccfb66fd6614312d8d050d4a,,[],unavailable
001480,财通成长优选混合A,688795,摩尔线程,SH,2026-06-30,0.04,1.08,732.99,,[],[],ccfb66fd6614312d8d050d4a,,[],unavailable
001480,财通成长优选混合A,688802,沐曦股份,SH,2026-06-30,0.01,0.4,307.09,,[],[],ccfb66fd6614312d8d050d4a,,[],unavailable
001480,财通成长优选混合A,301666,大普微,SZ,2026-06-30,0.0,0.12,56.53,,[],[],ccfb66fd6614312d8d050d4a,,[],unavailable
001480,财通成长优选混合A,001399,惠科股份,SZ,2026-06-30,0.0,1.62,55.14,,[],[],ccfb66fd6614312d8d050d4a,,[],unavailable
001480,财通成长优选混合A,688820,盛合晶微,SH,2026-06-30,0.0,0.24,33.83,,[],[],ccfb66fd6614312d8d050d4a,,[],unavailable
001480,财通成长优选混合A,688781,视涯科技,SH,2026-06-30,0.0,0.63,26.71,,[],[],ccfb66fd6614312d8d050d4a,,[],unavailable
001480,财通成长优选混合A,688808,联讯仪器,SH,2026-06-30,0.0,0.02,25.82,,[],[],ccfb66fd6614312d8d050d4a,,[],unavailable
001480,财通成长优选混合A,688809,强一股份,SH,2026-06-30,0.0,0.03,16.14,,[],[],ccfb66fd6614312d8d050d4a,,[],unavailable
001480,财通成长优选混合A,688818,电科蓝天,SH,2026-06-30,0.0,0.17,12.04,,[],[],ccfb66fd6614312d8d050d4a,,[],unavailable
001480,财通成长优选混合A,301682,宏明电子,SZ,2026-06-30,0.0,0.07,11.43,,[],[],ccfb66fd6614312d8d050d4a,,[],unavailable
001480,财通成长优选混合A,688797,臻宝科技,SH,2026-06-30,0.0,0.02,9.7,,[],[],ccfb66fd6614312d8d050d4a,,[],unavailable
001480,财通成长优选混合A,688712,北芯生命,SH,2026-06-30,0.0,0.15,5.39,,[],[],ccfb66fd6614312d8d050d4a,,[],unavailable
001480,财通成长优选混合A,688785,恒运昌,SH,2026-06-30,0.0,0.01,5.37,,[],[],ccfb66fd6614312d8d050d4a,,[],unavailable
001480,财通成长优选混合A,688807,优迅股份,SH,2026-06-30,0.0,0.01,5.27,,[],[],ccfb66fd6614312d8d050d4a,,[],unavailable
001480,财通成长优选混合A,688813,泰金新能,SH,2026-06-30,0.0,0.02,4.03,,[],[],ccfb66fd6614312d8d050d4a,,[],unavailable
001480,财通成长优选混合A,001257,盛龙股份,SZ,2026-06-30,0.0,0.17,3.61,,[],[],ccfb66fd6614312d8d050d4a,,[],unavailable
001480,财通成长优选混合A,603459,红板科技,SH,2026-06-30,0.0,0.03,2.78,,[],[],ccfb66fd6614312d8d050d4a,,[],unavailable
001480,财通成长优选混合A,001365,天海电子,SZ,2026-06-30,0.0,0.07,2.25,,[],[],ccfb66fd6614312d8d050d4a,,[],unavailable
001480,财通成长优选混合A,688811,有研复材,SH,2026-06-30,0.0,0.08,2.01,,[],[],ccfb66fd6614312d8d050d4a,,[],unavailable
001480,财通成长优选混合A,301696,三瑞智能,SZ,2026-06-30,0.0,0.02,1.87,,[],[],ccfb66fd6614312d8d050d4a,,[],unavailable
001480,财通成长优选混合A,301669,高特电子,SZ,2026-06-30,0.0,0.05,1.55,,[],[],ccfb66fd6614312d8d050d4a,,[],unavailable
001480,财通成长优选混合A,001393,维通利,SZ,2026-06-30,0.0,0.04,1.51,,[],[],ccfb66fd6614312d8d050d4a,,[],unavailable
001480,财通成长优选混合A,603175,超颖电子,SH,2026-06-30,0.0,0.02,1.51,,[],[],ccfb66fd6614312d8d050d4a,,[],unavailable
001480,财通成长优选混合A,301531,春光集团,SZ,2026-06-30,0.0,0.03,1.5,,[],[],ccfb66fd6614312d8d050d4a,,[],unavailable
001480,财通成长优选混合A,301599,理奇智能,SZ,2026-06-30,0.0,0.04,1.41,,[],[],ccfb66fd6614312d8d050d4a,,[],unavailable
001480,财通成长优选混合A,601112,振石股份,SH,2026-06-30,0.0,0.08,1.36,,[],[],ccfb66fd6614312d8d050d4a,,[],unavailable
001480,财通成长优选混合A,301680,固德电材,SZ,2026-06-30,0.0,0.01,1.31,,[],[],ccfb66fd6614312d8d050d4a,,[],unavailable
001480,财通成长优选混合A,688805,健信超导,SH,2026-06-30,0.0,0.03,1.24,,[],[],ccfb66fd6614312d8d050d4a,,[],unavailable
001480,财通成长优选混合A,301683,慧谷新材,SZ,2026-06-30,0.0,0.01,1.17,,[],[],ccfb66fd6614312d8d050d4a,,[],unavailable
001480,财通成长优选混合A,301667,纳百川,SZ,2026-06-30,0.0,0.02,1.09,,[],[],ccfb66fd6614312d8d050d4a,,[],unavailable
001480,财通成长优选混合A,301513,尚水智能,SZ,2026-06-30,0.0,0.01,0.7,,[],[],ccfb66fd6614312d8d050d4a,,[],unavailable
001480,财通成长优选混合A,301449,天溯计量,SZ,2026-06-30,0.0,0.02,0.61,,[],[],ccfb66fd6614312d8d050d4a,,[],unavailable
001480,财通成长优选混合A,603248,锡华科技,SH,2026-06-30,0.0,0.03,0.55,,[],[],ccfb66fd6614312d8d050d4a,,[],unavailable
001480,财通成长优选混合A,603435,嘉德利,SH,2026-06-30,0.0,0.01,0.49,,[],[],ccfb66fd6614312d8d050d4a,,[],unavailable
001480,财通成长优选混合A,603352,至信股份,SH,2026-06-30,0.0,0.01,0.29,,[],[],ccfb66fd6614312d8d050d4a,,[],unavailable
001480,财通成长优选混合A,001396,誉帆科技,SZ,2026-06-30,0.0,0.01,0.24,,[],[],ccfb66fd6614312d8d050d4a,,[],unavailable
001480,财通成长优选混合A,603293,埃泰克,SH,2026-06-30,0.0,0.01,0.24,,[],[],ccfb66fd6614312d8d050d4a,,[],unavailable
001480,财通成长优选混合A,001312,福恩股份,SZ,2026-06-30,0.0,0.01,0.22,,[],[],ccfb66fd6614312d8d050d4a,,[],unavailable
001480,财通成长优选混合A,603284,林平发展,SH,2026-06-30,0.0,0.0,0.16,,[],[],ccfb66fd6614312d8d050d4a,,[],unavailable
001480,财通成长优选混合A,001220,世盟股份,SZ,2026-06-30,0.0,0.01,0.16,,[],[],ccfb66fd6614312d8d050d4a,,[],unavailable
011370,华商均衡成长混合C,300308,中际旭创,SZ,2026-06-30,7.13,139.55,177223.17,,[],[],c91102da800d1698cc075d8f,,[],unavailable
011370,华商均衡成长混合C,300502,新易盛,SZ,2026-06-30,6.64,271.64,164882.51,,[],[],c91102da800d1698cc075d8f,,[],unavailable
011370,华商均衡成长混合C,000636,风华高科,SZ,2026-06-30,5.95,2046.99,147874.43,,[],[],c91102da800d1698cc075d8f,,[],unavailable
011370,华商均衡成长混合C,300408,三环集团,SZ,2026-06-30,5.6,833.27,139072.66,,[],[],c91102da800d1698cc075d8f,,[],unavailable
011370,华商均衡成长混合C,688498,源杰科技,SH,2026-06-30,3.84,50.53,95297.51,,[],[],c91102da800d1698cc075d8f,,[],unavailable
011370,华商均衡成长混合C,605376,博迁新材,SH,2026-06-30,3.6,329.99,89525.64,,[],[],c91102da800d1698cc075d8f,,[],unavailable
011370,华商均衡成长混合C,600105,永鼎股份,SH,2026-06-30,3.6,1326.37,89503.25,,[],[],c91102da800d1698cc075d8f,,[],unavailable
011370,华商均衡成长混合C,688048,长光华芯,SH,2026-06-30,3.35,165.66,83162.73,,[],[],c91102da800d1698cc075d8f,,[],unavailable
011370,华商均衡成长混合C,002428,云南锗业,SZ,2026-06-30,2.88,594.86,71489.72,,[],[],c91102da800d1698cc075d8f,,[],unavailable
011370,华商均衡成长混合C,600183,生益科技,SH,2026-06-30,2.68,383.51,66500.63,,[],[],c91102da800d1698cc075d8f,,[],unavailable
011370,华商均衡成长混合C,603678,火炬电子,SH,2026-06-30,2.66,796.99,66150.49,,[],[],c91102da800d1698cc075d8f,,[],unavailable
011370,华商均衡成长混合C,601869,长飞光纤,SH,2026-06-30,2.45,111.45,60841.21,,[],[],c91102da800d1698cc075d8f,,[],unavailable
011370,华商均衡成长混合C,002384,东山精密,SZ,2026-06-30,2.34,221.49,58107.67,,[],[],c91102da800d1698cc075d8f,,[],unavailable
011370,华商均衡成长混合C,600487,亨通光电,SH,2026-06-30,1.97,447.04,48878.84,,[],[],c91102da800d1698cc075d8f,,[],unavailable
011370,华商均衡成长混合C,300285,国瓷材料,SZ,2026-06-30,1.88,452.84,46724.3,,[],[],c91102da800d1698cc075d8f,,[],unavailable
011370,华商均衡成长混合C,688313,仕佳光子,SH,2026-06-30,1.78,240.05,44324.31,,[],[],c91102da800d1698cc075d8f,,[],unavailable
011370,华商均衡成长混合C,002916,深南电路,SZ,2026-06-30,1.58,85.81,39293.77,,[],[],c91102da800d1698cc075d8f,,[],unavailable
011370,华商均衡成长混合C,002080,中材科技,SZ,2026-06-30,1.55,427.96,38516.76,,[],[],c91102da800d1698cc075d8f,,[],unavailable
011370,华商均衡成长混合C,603256,宏和科技,SH,2026-06-30,1.52,142.06,37693.66,,[],[],c91102da800d1698cc075d8f,,[],unavailable
011370,华商均衡成长混合C,002859,洁美科技,SZ,2026-06-30,1.48,334.83,36667.75,,[],[],c91102da800d1698cc075d8f,,[],unavailable
011370,华商均衡成长混合C,688183,生益电子,SH,2026-06-30,1.2,225.86,29904.18,,[],[],c91102da800d1698cc075d8f,,[],unavailable
011370,华商均衡成长混合C,300476,胜宏科技,SZ,2026-06-30,1.15,82.45,28563.33,,[],[],c91102da800d1698cc075d8f,,[],unavailable
011370,华商均衡成长混合C,003031,中瓷电子,SZ,2026-06-30,1.13,155.91,28110.92,,[],[],c91102da800d1698cc075d8f,,[],unavailable
011370,华商均衡成长混合C,688603,天承科技,SH,2026-06-30,1.08,128.76,26775.35,,[],[],c91102da800d1698cc075d8f,,[],unavailable
011370,华商均衡成长混合C,603986,兆易创新,SH,2026-06-30,1.07,32.77,26705.35,,[],[],c91102da800d1698cc075d8f,,[],unavailable
011370,华商均衡成长混合C,301377,鼎泰高科,SZ,2026-06-30,1.07,48.3,26608.47,,[],[],c91102da800d1698cc075d8f,,[],unavailable
011370,华商均衡成长混合C,688300,联瑞新材,SH,2026-06-30,1.06,107.97,26388.55,,[],[],c91102da800d1698cc075d8f,,[],unavailable
011370,华商均衡成长混合C,301526,国际复材,SZ,2026-06-30,1.05,558.41,26060.99,,[],[],c91102da800d1698cc075d8f,,[],unavailable
011370,华商均衡成长混合C,002484,江海股份,SZ,2026-06-30,1.04,246.04,25834.2,,[],[],c91102da800d1698cc075d8f,,[],unavailable
011370,华商均衡成长混合C,002222,福晶科技,SZ,2026-06-30,1.04,279.44,25787.02,,[],[],c91102da800d1698cc075d8f,,[],unavailable
011370,华商均衡成长混合C,688260,昀冢科技,SH,2026-06-30,0.98,168.58,24276.1,,[],[],c91102da800d1698cc075d8f,,[],unavailable
011370,华商均衡成长混合C,002463,沪电股份,SZ,2026-06-30,0.89,144.06,22012.37,,[],[],c91102da800d1698cc075d8f,,[],unavailable
011370,华商均衡成长混合C,301511,德福科技,SZ,2026-06-30,0.88,151.87,21846.79,,[],[],c91102da800d1698cc075d8f,,[],unavailable
011370,华商均衡成长混合C,301150,中一科技,SZ,2026-06-30,0.73,286.4,18074.84,,[],[],c91102da800d1698cc075d8f,,[],unavailable
011370,华商均衡成长混合C,002436,兴森科技,SZ,2026-06-30,0.7,343.01,17476.36,,[],[],c91102da800d1698cc075d8f,,[],unavailable
011370,华商均衡成长混合C,002741,光华科技,SZ,2026-06-30,0.67,465.35,16631.61,,[],[],c91102da800d1698cc075d8f,,[],unavailable
011370,华商均衡成长混合C,688158,优刻得,SH,2026-06-30,0.61,411.94,15142.8,,[],[],c91102da800d1698cc075d8f,,[],unavailable
011370,华商均衡成长混合C,300394,天孚通信,SZ,2026-06-30,0.61,49.76,15060.45,,[],[],c91102da800d1698cc075d8f,,[],unavailable
011370,华商均衡成长混合C,688766,普冉股份,SH,2026-06-30,0.6,19.48,14930.22,,[],[],c91102da800d1698cc075d8f,,[],unavailable
011370,华商均衡成长混合C,301486,致尚科技,SZ,2026-06-30,0.59,69.97,14576.4,,[],[],c91102da800d1698cc075d8f,,[],unavailable
011370,华商均衡成长混合C,300548,长芯博创,SZ,2026-06-30,0.55,49.06,13637.35,,[],[],c91102da800d1698cc075d8f,,[],unavailable
011370,华商均衡成长混合C,688625,呈和科技,SH,2026-06-30,0.54,159.5,13463.46,,[],[],c91102da800d1698cc075d8f,,[],unavailable
011370,华商均衡成长混合C,688545,兴福电子,SH,2026-06-30,0.54,100.41,13360.69,,[],[],c91102da800d1698cc075d8f,,[],unavailable
011370,华商均衡成长混合C,605589,圣泉集团,SH,2026-06-30,0.54,209.32,13306.64,,[],[],c91102da800d1698cc075d8f,,[],unavailable
011370,华商均衡成长混合C,300620,光库科技,SZ,2026-06-30,0.52,34.48,13040.22,,[],[],c91102da800d1698cc075d8f,,[],unavailable
011370,华商均衡成长混合C,688233,神工股份,SH,2026-06-30,0.5,58.52,12547.97,,[],[],c91102da800d1698cc075d8f,,[],unavailable
011370,华商均衡成长混合C,600673,东阳光,SH,2026-06-30,0.5,372.66,12513.83,,[],[],c91102da800d1698cc075d8f,,[],unavailable
011370,华商均衡成长混合C,688041,海光信息,SH,2026-06-30,0.5,33.67,12466.3,,[],[],c91102da800d1698cc075d8f,,[],unavailable
011370,华商均衡成长混合C,601208,东材科技,SH,2026-06-30,0.45,159.44,11286.48,,[],[],c91102da800d1698cc075d8f,,[],unavailable
011370,华商均衡成长混合C,688020,方邦股份,SH,2026-06-30,0.45,44.96,11220.94,,[],[],c91102da800d1698cc075d8f,,[],unavailable
011370,华商均衡成长混合C,688205,德科立,SH,2026-06-30,0.45,53.49,11136.71,,[],[],c91102da800d1698cc075d8f,,[],unavailable
011370,华商均衡成长混合C,600330,天通股份,SH,2026-06-30,0.44,355.42,10961.15,,[],[],c91102da800d1698cc075d8f,,[],unavailable
011370,华商均衡成长混合C,300814,中富电路,SZ,2026-06-30,0.41,50.28,10281.54,,[],[],c91102da800d1698cc075d8f,,[],unavailable
011370,华商均衡成长混合C,603989,艾华集团,SH,2026-06-30,0.29,139.4,7318.5,,[],[],c91102da800d1698cc075d8f,,[],unavailable
011370,华商均衡成长混合C,688167,炬光科技,SH,2026-06-30,0.29,20.17,7145.27,,[],[],c91102da800d1698cc075d8f,,[],unavailable
011370,华商均衡成长混合C,301217,铜冠铜箔,SZ,2026-06-30,0.27,40.23,6640.78,,[],[],c91102da800d1698cc075d8f,,[],unavailable
011370,华商均衡成长混合C,300868,杰美特,SZ,2026-06-30,0.2,33.51,4916.25,,[],[],c91102da800d1698cc075d8f,,[],unavailable
011370,华商均衡成长混合C,688256,寒武纪,SH,2026-06-30,0.1,1.57,2508.84,,[],[],c91102da800d1698cc075d8f,,[],unavailable
021528,财通成长优选混合C,300502,新易盛,SZ,2026-06-30,9.47,325.2,197399.01,,[],[],184a4129c53ba37f6e400c34,,[],unavailable
021528,财通成长优选混合C,688519,南亚新材,SH,2026-06-30,8.75,480.25,182514.25,,[],[],184a4129c53ba37f6e400c34,,[],unavailable
021528,财通成长优选混合C,688498,源杰科技,SH,2026-06-30,8.63,95.42,179966.27,,[],[],184a4129c53ba37f6e400c34,,[],unavailable
021528,财通成长优选混合C,300408,三环集团,SZ,2026-06-30,7.93,990.63,165335.58,,[],[],184a4129c53ba37f6e400c34,,[],unavailable
021528,财通成长优选混合C,301511,德福科技,SZ,2026-06-30,7.92,1147.79,165109.58,,[],[],184a4129c53ba37f6e400c34,,[],unavailable
021528,财通成长优选混合C,301377,鼎泰高科,SZ,2026-06-30,7.82,295.88,163000.29,,[],[],184a4129c53ba37f6e400c34,,[],unavailable
021528,财通成长优选混合C,301200,大族数控,SZ,2026-06-30,7.1,410.69,148115.31,,[],[],184a4129c53ba37f6e400c34,,[],unavailable
021528,财通成长优选混合C,000636,风华高科,SZ,2026-06-30,6.8,1962.09,141741.63,,[],[],184a4129c53ba37f6e400c34,,[],unavailable
021528,财通成长优选混合C,605376,博迁新材,SH,2026-06-30,4.28,329.25,89325.53,,[],[],184a4129c53ba37f6e400c34,,[],unavailable
021528,财通成长优选混合C,603186,华正新材,SH,2026-06-30,3.61,334.02,75254.71,,[],[],184a4129c53ba37f6e400c34,,[],unavailable
021528,财通成长优选混合C,300308,中际旭创,SZ,2026-06-30,3.09,50.74,64435.74,,[],[],184a4129c53ba37f6e400c34,,[],unavailable
021528,财通成长优选混合C,300570,太辰光,SZ,2026-06-30,1.38,116.79,28813.26,,[],[],184a4129c53ba37f6e400c34,,[],unavailable
021528,财通成长优选混合C,300661,圣邦股份,SZ,2026-06-30,1.19,172.55,24757.16,,[],[],184a4129c53ba37f6e400c34,,[],unavailable
021528,财通成长优选混合C,688256,寒武纪,SH,2026-06-30,1.11,14.49,23123.51,,[],[],184a4129c53ba37f6e400c34,,[],unavailable
021528,财通成长优选混合C,001389,广合科技,SZ,2026-06-30,1.1,96.77,22958.68,,[],[],184a4129c53ba37f6e400c34,,[],unavailable
021528,财通成长优选混合C,600183,生益科技,SH,2026-06-30,1.0,120.37,20872.12,,[],[],184a4129c53ba37f6e400c34,,[],unavailable
021528,财通成长优选混合C,688020,方邦股份,SH,2026-06-30,1.0,83.28,20787.89,,[],[],184a4129c53ba37f6e400c34,,[],unavailable
021528,财通成长优选混合C,301217,铜冠铜箔,SZ,2026-06-30,0.98,123.51,20387.8,,[],[],184a4129c53ba37f6e400c34,,[],unavailable
021528,财通成长优选混合C,301362,民爆光电,SZ,2026-06-30,0.94,107.1,19698.2,,[],[],184a4129c53ba37f6e400c34,,[],unavailable
021528,财通成长优选混合C,688700,东威科技,SH,2026-06-30,0.08,18.03,1611.74,,[],[],184a4129c53ba37f6e400c34,,[],unavailable
021528,财通成长优选混合C,688795,摩尔线程,SH,2026-06-30,0.04,1.08,732.99,,[],[],184a4129c53ba37f6e400c34,,[],unavailable
021528,财通成长优选混合C,688802,沐曦股份,SH,2026-06-30,0.01,0.4,307.09,,[],[],184a4129c53ba37f6e400c34,,[],unavailable
021528,财通成长优选混合C,301666,大普微,SZ,2026-06-30,0.0,0.12,56.53,,[],[],184a4129c53ba37f6e400c34,,[],unavailable
021528,财通成长优选混合C,001399,惠科股份,SZ,2026-06-30,0.0,1.62,55.14,,[],[],184a4129c53ba37f6e400c34,,[],unavailable
021528,财通成长优选混合C,688820,盛合晶微,SH,2026-06-30,0.0,0.24,33.83,,[],[],184a4129c53ba37f6e400c34,,[],unavailable
021528,财通成长优选混合C,688781,视涯科技,SH,2026-06-30,0.0,0.63,26.71,,[],[],184a4129c53ba37f6e400c34,,[],unavailable
021528,财通成长优选混合C,688808,联讯仪器,SH,2026-06-30,0.0,0.02,25.82,,[],[],184a4129c53ba37f6e400c34,,[],unavailable
021528,财通成长优选混合C,688809,强一股份,SH,2026-06-30,0.0,0.03,16.14,,[],[],184a4129c53ba37f6e400c34,,[],unavailable
021528,财通成长优选混合C,688818,电科蓝天,SH,2026-06-30,0.0,0.17,12.04,,[],[],184a4129c53ba37f6e400c34,,[],unavailable
021528,财通成长优选混合C,301682,宏明电子,SZ,2026-06-30,0.0,0.07,11.43,,[],[],184a4129c53ba37f6e400c34,,[],unavailable
021528,财通成长优选混合C,688797,臻宝科技,SH,2026-06-30,0.0,0.02,9.7,,[],[],184a4129c53ba37f6e400c34,,[],unavailable
021528,财通成长优选混合C,688712,北芯生命,SH,2026-06-30,0.0,0.15,5.39,,[],[],184a4129c53ba37f6e400c34,,[],unavailable
021528,财通成长优选混合C,688785,恒运昌,SH,2026-06-30,0.0,0.01,5.37,,[],[],184a4129c53ba37f6e400c34,,[],unavailable
021528,财通成长优选混合C,688807,优迅股份,SH,2026-06-30,0.0,0.01,5.27,,[],[],184a4129c53ba37f6e400c34,,[],unavailable
021528,财通成长优选混合C,688813,泰金新能,SH,2026-06-30,0.0,0.02,4.03,,[],[],184a4129c53ba37f6e400c34,,[],unavailable
021528,财通成长优选混合C,001257,盛龙股份,SZ,2026-06-30,0.0,0.17,3.61,,[],[],184a4129c53ba37f6e400c34,,[],unavailable
021528,财通成长优选混合C,603459,红板科技,SH,2026-06-30,0.0,0.03,2.78,,[],[],184a4129c53ba37f6e400c34,,[],unavailable
021528,财通成长优选混合C,001365,天海电子,SZ,2026-06-30,0.0,0.07,2.25,,[],[],184a4129c53ba37f6e400c34,,[],unavailable
021528,财通成长优选混合C,688811,有研复材,SH,2026-06-30,0.0,0.08,2.01,,[],[],184a4129c53ba37f6e400c34,,[],unavailable
021528,财通成长优选混合C,301696,三瑞智能,SZ,2026-06-30,0.0,0.02,1.87,,[],[],184a4129c53ba37f6e400c34,,[],unavailable
021528,财通成长优选混合C,301669,高特电子,SZ,2026-06-30,0.0,0.05,1.55,,[],[],184a4129c53ba37f6e400c34,,[],unavailable
021528,财通成长优选混合C,001393,维通利,SZ,2026-06-30,0.0,0.04,1.51,,[],[],184a4129c53ba37f6e400c34,,[],unavailable
021528,财通成长优选混合C,603175,超颖电子,SH,2026-06-30,0.0,0.02,1.51,,[],[],184a4129c53ba37f6e400c34,,[],unavailable
021528,财通成长优选混合C,301531,春光集团,SZ,2026-06-30,0.0,0.03,1.5,,[],[],184a4129c53ba37f6e400c34,,[],unavailable
021528,财通成长优选混合C,301599,理奇智能,SZ,2026-06-30,0.0,0.04,1.41,,[],[],184a4129c53ba37f6e400c34,,[],unavailable
021528,财通成长优选混合C,601112,振石股份,SH,2026-06-30,0.0,0.08,1.36,,[],[],184a4129c53ba37f6e400c34,,[],unavailable
021528,财通成长优选混合C,301680,固德电材,SZ,2026-06-30,0.0,0.01,1.31,,[],[],184a4129c53ba37f6e400c34,,[],unavailable
021528,财通成长优选混合C,688805,健信超导,SH,2026-06-30,0.0,0.03,1.24,,[],[],184a4129c53ba37f6e400c34,,[],unavailable
021528,财通成长优选混合C,301683,慧谷新材,SZ,2026-06-30,0.0,0.01,1.17,,[],[],184a4129c53ba37f6e400c34,,[],unavailable
021528,财通成长优选混合C,301667,纳百川,SZ,2026-06-30,0.0,0.02,1.09,,[],[],184a4129c53ba37f6e400c34,,[],unavailable
021528,财通成长优选混合C,301513,尚水智能,SZ,2026-06-30,0.0,0.01,0.7,,[],[],184a4129c53ba37f6e400c34,,[],unavailable
021528,财通成长优选混合C,301449,天溯计量,SZ,2026-06-30,0.0,0.02,0.61,,[],[],184a4129c53ba37f6e400c34,,[],unavailable
021528,财通成长优选混合C,603248,锡华科技,SH,2026-06-30,0.0,0.03,0.55,,[],[],184a4129c53ba37f6e400c34,,[],unavailable
021528,财通成长优选混合C,603435,嘉德利,SH,2026-06-30,0.0,0.01,0.49,,[],[],184a4129c53ba37f6e400c34,,[],unavailable
021528,财通成长优选混合C,603352,至信股份,SH,2026-06-30,0.0,0.01,0.29,,[],[],184a4129c53ba37f6e400c34,,[],unavailable
021528,财通成长优选混合C,001396,誉帆科技,SZ,2026-06-30,0.0,0.01,0.24,,[],[],184a4129c53ba37f6e400c34,,[],unavailable
021528,财通成长优选混合C,603293,埃泰克,SH,2026-06-30,0.0,0.01,0.24,,[],[],184a4129c53ba37f6e400c34,,[],unavailable
021528,财通成长优选混合C,001312,福恩股份,SZ,2026-06-30,0.0,0.01,0.22,,[],[],184a4129c53ba37f6e400c34,,[],unavailable
021528,财通成长优选混合C,603284,林平发展,SH,2026-06-30,0.0,0.0,0.16,,[],[],184a4129c53ba37f6e400c34,,[],unavailable
021528,财通成长优选混合C,001220,世盟股份,SZ,2026-06-30,0.0,0.01,0.16,,[],[],184a4129c53ba37f6e400c34,,[],unavailable
005825,申万菱信智能驱动股票A,688120,华海清科,SH,2026-06-30,8.29,114.77,36976.08,,[],[],4488295659773d5db2ccd9e4,,[],unavailable
005825,申万菱信智能驱动股票A,300308,中际旭创,SZ,2026-06-30,7.82,27.45,34861.5,,[],[],4488295659773d5db2ccd9e4,,[],unavailable
005825,申万菱信智能驱动股票A,688627,精智达,SH,2026-06-30,7.64,47.65,34068.82,,[],[],4488295659773d5db2ccd9e4,,[],unavailable
005825,申万菱信智能驱动股票A,300567,精测电子,SZ,2026-06-30,7.44,104.49,33186.02,,[],[],4488295659773d5db2ccd9e4,,[],unavailable
005825,申万菱信智能驱动股票A,300666,江丰电子,SZ,2026-06-30,7.19,86.97,32057.14,,[],[],4488295659773d5db2ccd9e4,,[],unavailable
005825,申万菱信智能驱动股票A,300661,圣邦股份,SZ,2026-06-30,6.61,205.36,29465.05,,[],[],4488295659773d5db2ccd9e4,,[],unavailable
005825,申万菱信智能驱动股票A,688025,杰普特,SH,2026-06-30,6.41,60.81,28579.62,,[],[],4488295659773d5db2ccd9e4,,[],unavailable
005825,申万菱信智能驱动股票A,002371,北方华创,SZ,2026-06-30,6.31,31.81,28140.95,,[],[],4488295659773d5db2ccd9e4,,[],unavailable
005825,申万菱信智能驱动股票A,688361,中科飞测,SH,2026-06-30,5.22,54.18,23296.2,,[],[],4488295659773d5db2ccd9e4,,[],unavailable
005825,申万菱信智能驱动股票A,688082,盛美上海,SH,2026-06-30,4.92,50.8,21943.79,,[],[],4488295659773d5db2ccd9e4,,[],unavailable
005825,申万菱信智能驱动股票A,688052,纳芯微,SH,2026-06-30,4.44,68.71,19810.3,,[],[],4488295659773d5db2ccd9e4,,[],unavailable
005825,申万菱信智能驱动股票A,688536,思瑞浦,SH,2026-06-30,3.84,47.09,17144.09,,[],[],4488295659773d5db2ccd9e4,,[],unavailable
005825,申万菱信智能驱动股票A,688531,日联科技,SH,2026-06-30,2.94,73.8,13124.36,,[],[],4488295659773d5db2ccd9e4,,[],unavailable
005825,申万菱信智能驱动股票A,688359,三孚新科,SH,2026-06-30,2.94,66.03,13103.31,,[],[],4488295659773d5db2ccd9e4,,[],unavailable
005825,申万菱信智能驱动股票A,300604,长川科技,SZ,2026-06-30,2.2,28.68,9791.93,,[],[],4488295659773d5db2ccd9e4,,[],unavailable
005825,申万菱信智能驱动股票A,688548,广钢气体,SH,2026-06-30,2.08,178.43,9296.2,,[],[],4488295659773d5db2ccd9e4,,[],unavailable
005825,申万菱信智能驱动股票A,301307,美利信,SZ,2026-06-30,1.89,111.89,8424.2,,[],[],4488295659773d5db2ccd9e4,,[],unavailable
005825,申万菱信智能驱动股票A,688797,臻宝科技,SH,2026-06-30,0.03,0.21,141.86,,[],[],4488295659773d5db2ccd9e4,,[],unavailable
005825,申万菱信智能驱动股票A,301666,大普微,SZ,2026-06-30,0.02,0.17,102.72,,[],[],4488295659773d5db2ccd9e4,,[],unavailable
005825,申万菱信智能驱动股票A,688172,燕东微,SH,2026-06-30,0.02,1.22,102.25,,[],[],4488295659773d5db2ccd9e4,,[],unavailable
005825,申万菱信智能驱动股票A,300054,鼎龙股份,SZ,2026-06-30,0.02,0.75,79.48,,[],[],4488295659773d5db2ccd9e4,,[],unavailable
005825,申万菱信智能驱动股票A,688337,普源精电,SH,2026-06-30,0.02,1.0,74.93,,[],[],4488295659773d5db2ccd9e4,,[],unavailable
005825,申万菱信智能驱动股票A,001399,惠科股份,SZ,2026-06-30,0.01,1.62,60.01,,[],[],4488295659773d5db2ccd9e4,,[],unavailable
005825,申万菱信智能驱动股票A,688635,长进光子,SH,2026-06-30,0.01,0.13,57.14,,[],[],4488295659773d5db2ccd9e4,,[],unavailable
005825,申万菱信智能驱动股票A,688813,泰金新能,SH,2026-06-30,0.01,0.23,48.44,,[],[],4488295659773d5db2ccd9e4,,[],unavailable
005825,申万菱信智能驱动股票A,300394,天孚通信,SZ,2026-06-30,0.01,0.14,42.38,,[],[],4488295659773d5db2ccd9e4,,[],unavailable
005825,申万菱信智能驱动股票A,688820,盛合晶微,SH,2026-06-30,0.01,0.24,40.84,,[],[],4488295659773d5db2ccd9e4,,[],unavailable
005825,申万菱信智能驱动股票A,688802,沐曦股份,SH,2026-06-30,0.01,0.04,34.04,,[],[],4488295659773d5db2ccd9e4,,[],unavailable
005825,申万菱信智能驱动股票A,688808,联讯仪器,SH,2026-06-30,0.01,0.02,34.01,,[],[],4488295659773d5db2ccd9e4,,[],unavailable
005825,申万菱信智能驱动股票A,300223,君正股份,SZ,2026-06-30,0.01,0.13,32.36,,[],[],4488295659773d5db2ccd9e4,,[],unavailable
005825,申万菱信智能驱动股票A,301669,高特电子,SZ,2026-06-30,0.0,0.55,22.24,,[],[],4488295659773d5db2ccd9e4,,[],unavailable
005825,申万菱信智能驱动股票A,301531,春光集团,SZ,2026-06-30,0.0,0.29,21.5,,[],[],4488295659773d5db2ccd9e4,,[],unavailable
005825,申万菱信智能驱动股票A,301599,理奇智能,SZ,2026-06-30,0.0,0.43,19.34,,[],[],4488295659773d5db2ccd9e4,,[],unavailable
005825,申万菱信智能驱动股票A,688790,昂瑞微,SH,2026-06-30,0.0,0.12,16.15,,[],[],4488295659773d5db2ccd9e4,,[],unavailable
005825,申万菱信智能驱动股票A,688781,视涯科技,SH,2026-06-30,0.0,0.32,16.13,,[],[],4488295659773d5db2ccd9e4,,[],unavailable
005825,申万菱信智能驱动股票A,001280,中国铀业,SZ,2026-06-30,0.0,0.24,15.93,,[],[],4488295659773d5db2ccd9e4,,[],unavailable
005825,申万菱信智能驱动股票A,300609,汇纳科技,SZ,2026-06-30,0.0,0.5,15.71,,[],[],4488295659773d5db2ccd9e4,,[],unavailable
005825,申万菱信智能驱动股票A,001257,盛龙股份,SZ,2026-06-30,0.0,0.58,15.7,,[],[],4488295659773d5db2ccd9e4,,[],unavailable
005825,申万菱信智能驱动股票A,301611,珂玛科技,SZ,2026-06-30,0.0,0.08,14.41,,[],[],4488295659773d5db2ccd9e4,,[],unavailable
005825,申万菱信智能驱动股票A,301683,慧谷新材,SZ,2026-06-30,0.0,0.1,13.21,,[],[],4488295659773d5db2ccd9e4,,[],unavailable
005825,申万菱信智能驱动股票A,688008,澜起科技,SH,2026-06-30,0.0,0.04,11.44,,[],[],4488295659773d5db2ccd9e4,,[],unavailable
005825,申万菱信智能驱动股票A,301667,纳百川,SZ,2026-06-30,0.0,0.15,10.86,,[],[],4488295659773d5db2ccd9e4,,[],unavailable
005825,申万菱信智能驱动股票A,301513,尚水智能,SZ,2026-06-30,0.0,0.14,9.5,,[],[],4488295659773d5db2ccd9e4,,[],unavailable
005825,申万菱信智能驱动股票A,001365,天海电子,SZ,2026-06-30,0.0,0.24,9.23,,[],[],4488295659773d5db2ccd9e4,,[],unavailable
005825,申万菱信智能驱动股票A,603986,兆易创新,SH,2026-06-30,0.0,0.01,8.15,,[],[],4488295659773d5db2ccd9e4,,[],unavailable
005825,申万菱信智能驱动股票A,601138,工业富联,SH,2026-06-30,0.0,0.1,7.22,,[],[],4488295659773d5db2ccd9e4,,[],unavailable
005825,申万菱信智能驱动股票A,603435,嘉德利,SH,2026-06-30,0.0,0.1,6.96,,[],[],4488295659773d5db2ccd9e4,,[],unavailable
005825,申万菱信智能驱动股票A,001393,维通利,SZ,2026-06-30,0.0,0.13,6.71,,[],[],4488295659773d5db2ccd9e4,,[],unavailable
005825,申万菱信智能驱动股票A,001237,惠康科技,SZ,2026-06-30,0.0,0.09,6.62,,[],[],4488295659773d5db2ccd9e4,,[],unavailable
005825,申万菱信智能驱动股票A,002463,沪电股份,SZ,2026-06-30,0.0,0.04,6.11,,[],[],4488295659773d5db2ccd9e4,,[],unavailable
005825,申万菱信智能驱动股票A,301606,绿联科技,SZ,2026-06-30,0.0,0.1,6.1,,[],[],4488295659773d5db2ccd9e4,,[],unavailable
005825,申万菱信智能驱动股票A,301449,天溯计量,SZ,2026-06-30,0.0,0.16,6.06,,[],[],4488295659773d5db2ccd9e4,,[],unavailable
005825,申万菱信智能驱动股票A,688727,恒坤新材,SH,2026-06-30,0.0,0.08,5.9,,[],[],4488295659773d5db2ccd9e4,,[],unavailable
005825,申万菱信智能驱动股票A,301638,南网数字,SZ,2026-06-30,0.0,0.23,5.58,,[],[],4488295659773d5db2ccd9e4,,[],unavailable
005825,申万菱信智能驱动股票A,603248,锡华科技,SH,2026-06-30,0.0,0.26,5.47,,[],[],4488295659773d5db2ccd9e4,,[],unavailable
005825,申万菱信智能驱动股票A,688807,优迅股份,SH,2026-06-30,0.0,0.01,5.27,,[],[],4488295659773d5db2ccd9e4,,[],unavailable
005825,申万菱信智能驱动股票A,688796,百奥赛图,SH,2026-06-30,0.0,0.04,4.63,,[],[],4488295659773d5db2ccd9e4,,[],unavailable
005825,申万菱信智能驱动股票A,001396,誉帆科技,SZ,2026-06-30,0.0,0.07,2.44,,[],[],4488295659773d5db2ccd9e4,,[],unavailable
005825,申万菱信智能驱动股票A,002241,歌尔股份,SZ,2026-06-30,0.0,0.1,2.25,,[],[],4488295659773d5db2ccd9e4,,[],unavailable
005825,申万菱信智能驱动股票A,688772,珠海冠宇,SH,2026-06-30,0.0,0.1,1.96,,[],[],4488295659773d5db2ccd9e4,,[],unavailable
005825,申万菱信智能驱动股票A,603284,林平发展,SH,2026-06-30,0.0,0.05,1.62,,[],[],4488295659773d5db2ccd9e4,,[],unavailable
005825,申万菱信智能驱动股票A,001220,世盟股份,SZ,2026-06-30,0.0,0.06,1.61,,[],[],4488295659773d5db2ccd9e4,,[],unavailable
005825,申万菱信智能驱动股票A,688256,寒武纪,SH,2026-06-30,0.0,0.0,1.6,,[],[],4488295659773d5db2ccd9e4,,[],unavailable
005825,申万菱信智能驱动股票A,688775,影石创新,SH,2026-06-30,0.0,0.01,1.39,,[],[],4488295659773d5db2ccd9e4,,[],unavailable
005825,申万菱信智能驱动股票A,688409,富创精密,SH,2026-06-30,0.0,0.0,1.16,,[],[],4488295659773d5db2ccd9e4,,[],unavailable
005825,申万菱信智能驱动股票A,300002,神州泰岳,SZ,2026-06-30,0.0,0.1,0.78,,[],[],4488295659773d5db2ccd9e4,,[],unavailable
005825,申万菱信智能驱动股票A,603293,埃泰克,SH,2026-06-30,0.0,0.01,0.28,,[],[],4488295659773d5db2ccd9e4,,[],unavailable
005825,申万菱信智能驱动股票A,001312,福恩股份,SZ,2026-06-30,0.0,0.01,0.24,,[],[],4488295659773d5db2ccd9e4,,[],unavailable
015159,申万菱信智能驱动股票C,688120,华海清科,SH,2026-06-30,8.29,114.77,36976.08,,[],[],fa213923d350f7f040fb023d,,[],unavailable
015159,申万菱信智能驱动股票C,300308,中际旭创,SZ,2026-06-30,7.82,27.45,34861.5,,[],[],fa213923d350f7f040fb023d,,[],unavailable
015159,申万菱信智能驱动股票C,688627,精智达,SH,2026-06-30,7.64,47.65,34068.82,,[],[],fa213923d350f7f040fb023d,,[],unavailable
015159,申万菱信智能驱动股票C,300567,精测电子,SZ,2026-06-30,7.44,104.49,33186.02,,[],[],fa213923d350f7f040fb023d,,[],unavailable
015159,申万菱信智能驱动股票C,300666,江丰电子,SZ,2026-06-30,7.19,86.97,32057.14,,[],[],fa213923d350f7f040fb023d,,[],unavailable
015159,申万菱信智能驱动股票C,300661,圣邦股份,SZ,2026-06-30,6.61,205.36,29465.05,,[],[],fa213923d350f7f040fb023d,,[],unavailable
015159,申万菱信智能驱动股票C,688025,杰普特,SH,2026-06-30,6.41,60.81,28579.62,,[],[],fa213923d350f7f040fb023d,,[],unavailable
015159,申万菱信智能驱动股票C,002371,北方华创,SZ,2026-06-30,6.31,31.81,28140.95,,[],[],fa213923d350f7f040fb023d,,[],unavailable
015159,申万菱信智能驱动股票C,688361,中科飞测,SH,2026-06-30,5.22,54.18,23296.2,,[],[],fa213923d350f7f040fb023d,,[],unavailable
015159,申万菱信智能驱动股票C,688082,盛美上海,SH,2026-06-30,4.92,50.8,21943.79,,[],[],fa213923d350f7f040fb023d,,[],unavailable
015159,申万菱信智能驱动股票C,688052,纳芯微,SH,2026-06-30,4.44,68.71,19810.3,,[],[],fa213923d350f7f040fb023d,,[],unavailable
015159,申万菱信智能驱动股票C,688536,思瑞浦,SH,2026-06-30,3.84,47.09,17144.09,,[],[],fa213923d350f7f040fb023d,,[],unavailable
015159,申万菱信智能驱动股票C,688531,日联科技,SH,2026-06-30,2.94,73.8,13124.36,,[],[],fa213923d350f7f040fb023d,,[],unavailable
015159,申万菱信智能驱动股票C,688359,三孚新科,SH,2026-06-30,2.94,66.03,13103.31,,[],[],fa213923d350f7f040fb023d,,[],unavailable
015159,申万菱信智能驱动股票C,300604,长川科技,SZ,2026-06-30,2.2,28.68,9791.93,,[],[],fa213923d350f7f040fb023d,,[],unavailable
015159,申万菱信智能驱动股票C,688548,广钢气体,SH,2026-06-30,2.08,178.43,9296.2,,[],[],fa213923d350f7f040fb023d,,[],unavailable
015159,申万菱信智能驱动股票C,301307,美利信,SZ,2026-06-30,1.89,111.89,8424.2,,[],[],fa213923d350f7f040fb023d,,[],unavailable
015159,申万菱信智能驱动股票C,688797,臻宝科技,SH,2026-06-30,0.03,0.21,141.86,,[],[],fa213923d350f7f040fb023d,,[],unavailable
015159,申万菱信智能驱动股票C,301666,大普微,SZ,2026-06-30,0.02,0.17,102.72,,[],[],fa213923d350f7f040fb023d,,[],unavailable
015159,申万菱信智能驱动股票C,688172,燕东微,SH,2026-06-30,0.02,1.22,102.25,,[],[],fa213923d350f7f040fb023d,,[],unavailable
015159,申万菱信智能驱动股票C,300054,鼎龙股份,SZ,2026-06-30,0.02,0.75,79.48,,[],[],fa213923d350f7f040fb023d,,[],unavailable
015159,申万菱信智能驱动股票C,688337,普源精电,SH,2026-06-30,0.02,1.0,74.93,,[],[],fa213923d350f7f040fb023d,,[],unavailable
015159,申万菱信智能驱动股票C,001399,惠科股份,SZ,2026-06-30,0.01,1.62,60.01,,[],[],fa213923d350f7f040fb023d,,[],unavailable
015159,申万菱信智能驱动股票C,688635,长进光子,SH,2026-06-30,0.01,0.13,57.14,,[],[],fa213923d350f7f040fb023d,,[],unavailable
015159,申万菱信智能驱动股票C,688813,泰金新能,SH,2026-06-30,0.01,0.23,48.44,,[],[],fa213923d350f7f040fb023d,,[],unavailable
015159,申万菱信智能驱动股票C,300394,天孚通信,SZ,2026-06-30,0.01,0.14,42.38,,[],[],fa213923d350f7f040fb023d,,[],unavailable
015159,申万菱信智能驱动股票C,688820,盛合晶微,SH,2026-06-30,0.01,0.24,40.84,,[],[],fa213923d350f7f040fb023d,,[],unavailable
015159,申万菱信智能驱动股票C,688802,沐曦股份,SH,2026-06-30,0.01,0.04,34.04,,[],[],fa213923d350f7f040fb023d,,[],unavailable
015159,申万菱信智能驱动股票C,688808,联讯仪器,SH,2026-06-30,0.01,0.02,34.01,,[],[],fa213923d350f7f040fb023d,,[],unavailable
015159,申万菱信智能驱动股票C,300223,君正股份,SZ,2026-06-30,0.01,0.13,32.36,,[],[],fa213923d350f7f040fb023d,,[],unavailable
015159,申万菱信智能驱动股票C,301669,高特电子,SZ,2026-06-30,0.0,0.55,22.24,,[],[],fa213923d350f7f040fb023d,,[],unavailable
015159,申万菱信智能驱动股票C,301531,春光集团,SZ,2026-06-30,0.0,0.29,21.5,,[],[],fa213923d350f7f040fb023d,,[],unavailable
015159,申万菱信智能驱动股票C,301599,理奇智能,SZ,2026-06-30,0.0,0.43,19.34,,[],[],fa213923d350f7f040fb023d,,[],unavailable
015159,申万菱信智能驱动股票C,688790,昂瑞微,SH,2026-06-30,0.0,0.12,16.15,,[],[],fa213923d350f7f040fb023d,,[],unavailable
015159,申万菱信智能驱动股票C,688781,视涯科技,SH,2026-06-30,0.0,0.32,16.13,,[],[],fa213923d350f7f040fb023d,,[],unavailable
015159,申万菱信智能驱动股票C,001280,中国铀业,SZ,2026-06-30,0.0,0.24,15.93,,[],[],fa213923d350f7f040fb023d,,[],unavailable
015159,申万菱信智能驱动股票C,300609,汇纳科技,SZ,2026-06-30,0.0,0.5,15.71,,[],[],fa213923d350f7f040fb023d,,[],unavailable
015159,申万菱信智能驱动股票C,001257,盛龙股份,SZ,2026-06-30,0.0,0.58,15.7,,[],[],fa213923d350f7f040fb023d,,[],unavailable
015159,申万菱信智能驱动股票C,301611,珂玛科技,SZ,2026-06-30,0.0,0.08,14.41,,[],[],fa213923d350f7f040fb023d,,[],unavailable
015159,申万菱信智能驱动股票C,301683,慧谷新材,SZ,2026-06-30,0.0,0.1,13.21,,[],[],fa213923d350f7f040fb023d,,[],unavailable
015159,申万菱信智能驱动股票C,688008,澜起科技,SH,2026-06-30,0.0,0.04,11.44,,[],[],fa213923d350f7f040fb023d,,[],unavailable
015159,申万菱信智能驱动股票C,301667,纳百川,SZ,2026-06-30,0.0,0.15,10.86,,[],[],fa213923d350f7f040fb023d,,[],unavailable
015159,申万菱信智能驱动股票C,301513,尚水智能,SZ,2026-06-30,0.0,0.14,9.5,,[],[],fa213923d350f7f040fb023d,,[],unavailable
015159,申万菱信智能驱动股票C,001365,天海电子,SZ,2026-06-30,0.0,0.24,9.23,,[],[],fa213923d350f7f040fb023d,,[],unavailable
015159,申万菱信智能驱动股票C,603986,兆易创新,SH,2026-06-30,0.0,0.01,8.15,,[],[],fa213923d350f7f040fb023d,,[],unavailable
015159,申万菱信智能驱动股票C,601138,工业富联,SH,2026-06-30,0.0,0.1,7.22,,[],[],fa213923d350f7f040fb023d,,[],unavailable
015159,申万菱信智能驱动股票C,603435,嘉德利,SH,2026-06-30,0.0,0.1,6.96,,[],[],fa213923d350f7f040fb023d,,[],unavailable
015159,申万菱信智能驱动股票C,001393,维通利,SZ,2026-06-30,0.0,0.13,6.71,,[],[],fa213923d350f7f040fb023d,,[],unavailable
015159,申万菱信智能驱动股票C,001237,惠康科技,SZ,2026-06-30,0.0,0.09,6.62,,[],[],fa213923d350f7f040fb023d,,[],unavailable
015159,申万菱信智能驱动股票C,002463,沪电股份,SZ,2026-06-30,0.0,0.04,6.11,,[],[],fa213923d350f7f040fb023d,,[],unavailable
015159,申万菱信智能驱动股票C,301606,绿联科技,SZ,2026-06-30,0.0,0.1,6.1,,[],[],fa213923d350f7f040fb023d,,[],unavailable
015159,申万菱信智能驱动股票C,301449,天溯计量,SZ,2026-06-30,0.0,0.16,6.06,,[],[],fa213923d350f7f040fb023d,,[],unavailable
015159,申万菱信智能驱动股票C,688727,恒坤新材,SH,2026-06-30,0.0,0.08,5.9,,[],[],fa213923d350f7f040fb023d,,[],unavailable
015159,申万菱信智能驱动股票C,301638,南网数字,SZ,2026-06-30,0.0,0.23,5.58,,[],[],fa213923d350f7f040fb023d,,[],unavailable
015159,申万菱信智能驱动股票C,603248,锡华科技,SH,2026-06-30,0.0,0.26,5.47,,[],[],fa213923d350f7f040fb023d,,[],unavailable
015159,申万菱信智能驱动股票C,688807,优迅股份,SH,2026-06-30,0.0,0.01,5.27,,[],[],fa213923d350f7f040fb023d,,[],unavailable
015159,申万菱信智能驱动股票C,688796,百奥赛图,SH,2026-06-30,0.0,0.04,4.63,,[],[],fa213923d350f7f040fb023d,,[],unavailable
015159,申万菱信智能驱动股票C,001396,誉帆科技,SZ,2026-06-30,0.0,0.07,2.44,,[],[],fa213923d350f7f040fb023d,,[],unavailable
015159,申万菱信智能驱动股票C,002241,歌尔股份,SZ,2026-06-30,0.0,0.1,2.25,,[],[],fa213923d350f7f040fb023d,,[],unavailable
015159,申万菱信智能驱动股票C,688772,珠海冠宇,SH,2026-06-30,0.0,0.1,1.96,,[],[],fa213923d350f7f040fb023d,,[],unavailable
015159,申万菱信智能驱动股票C,603284,林平发展,SH,2026-06-30,0.0,0.05,1.62,,[],[],fa213923d350f7f040fb023d,,[],unavailable
015159,申万菱信智能驱动股票C,001220,世盟股份,SZ,2026-06-30,0.0,0.06,1.61,,[],[],fa213923d350f7f040fb023d,,[],unavailable
015159,申万菱信智能驱动股票C,688256,寒武纪,SH,2026-06-30,0.0,0.0,1.6,,[],[],fa213923d350f7f040fb023d,,[],unavailable
015159,申万菱信智能驱动股票C,688775,影石创新,SH,2026-06-30,0.0,0.01,1.39,,[],[],fa213923d350f7f040fb023d,,[],unavailable
015159,申万菱信智能驱动股票C,688409,富创精密,SH,2026-06-30,0.0,0.0,1.16,,[],[],fa213923d350f7f040fb023d,,[],unavailable
015159,申万菱信智能驱动股票C,300002,神州泰岳,SZ,2026-06-30,0.0,0.1,0.78,,[],[],fa213923d350f7f040fb023d,,[],unavailable
015159,申万菱信智能驱动股票C,603293,埃泰克,SH,2026-06-30,0.0,0.01,0.28,,[],[],fa213923d350f7f040fb023d,,[],unavailable
015159,申万菱信智能驱动股票C,001312,福恩股份,SZ,2026-06-30,0.0,0.01,0.24,,[],[],fa213923d350f7f040fb023d,,[],unavailable
006502,财通集成电路产业股票A,300502,新易盛,SZ,2026-06-30,9.47,128.37,77919.92,,[],[],b655a73e1adc91232cc79723,,[],unavailable
006502,财通集成电路产业股票A,688498,源杰科技,SH,2026-06-30,8.69,37.94,71560.5,,[],[],b655a73e1adc91232cc79723,,[],unavailable
006502,财通集成电路产业股票A,688519,南亚新材,SH,2026-06-30,8.27,179.12,68073.07,,[],[],b655a73e1adc91232cc79723,,[],unavailable
006502,财通集成电路产业股票A,301511,德福科技,SZ,2026-06-30,7.95,455.03,65455.59,,[],[],b655a73e1adc91232cc79723,,[],unavailable
006502,财通集成电路产业股票A,301377,鼎泰高科,SZ,2026-06-30,7.87,117.59,64777.58,,[],[],b655a73e1adc91232cc79723,,[],unavailable
006502,财通集成电路产业股票A,300408,三环集团,SZ,2026-06-30,7.84,386.51,64508.35,,[],[],b655a73e1adc91232cc79723,,[],unavailable
006502,财通集成电路产业股票A,000636,风华高科,SZ,2026-06-30,6.29,717.06,51800.63,,[],[],b655a73e1adc91232cc79723,,[],unavailable
006502,财通集成电路产业股票A,605376,博迁新材,SH,2026-06-30,4.73,143.37,38896.28,,[],[],b655a73e1adc91232cc79723,,[],unavailable
006502,财通集成电路产业股票A,688020,方邦股份,SH,2026-06-30,4.6,151.66,37855.53,,[],[],b655a73e1adc91232cc79723,,[],unavailable
006502,财通集成电路产业股票A,688260,昀冢科技,SH,2026-06-30,3.75,214.53,30891.76,,[],[],b655a73e1adc91232cc79723,,[],unavailable
006502,财通集成电路产业股票A,603186,华正新材,SH,2026-06-30,3.6,131.34,29591.47,,[],[],b655a73e1adc91232cc79723,,[],unavailable
006502,财通集成电路产业股票A,300308,中际旭创,SZ,2026-06-30,3.12,20.2,25649.94,,[],[],b655a73e1adc91232cc79723,,[],unavailable
006502,财通集成电路产业股票A,301200,大族数控,SZ,2026-06-30,2.96,67.58,24372.33,,[],[],b655a73e1adc91232cc79723,,[],unavailable
006502,财通集成电路产业股票A,301362,民爆光电,SZ,2026-06-30,2.09,93.66,17225.95,,[],[],b655a73e1adc91232cc79723,,[],unavailable
006502,财通集成电路产业股票A,300570,太辰光,SZ,2026-06-30,1.08,36.09,8903.76,,[],[],b655a73e1adc91232cc79723,,[],unavailable
006502,财通集成电路产业股票A,300661,圣邦股份,SZ,2026-06-30,1.08,61.8,8866.42,,[],[],b655a73e1adc91232cc79723,,[],unavailable
006502,财通集成电路产业股票A,301217,铜冠铜箔,SZ,2026-06-30,0.96,47.94,7913.34,,[],[],b655a73e1adc91232cc79723,,[],unavailable
006502,财通集成电路产业股票A,688795,摩尔线程,SH,2026-06-30,0.04,0.44,299.88,,[],[],b655a73e1adc91232cc79723,,[],unavailable
006502,财通集成电路产业股票A,688802,沐曦股份,SH,2026-06-30,0.03,0.29,225.21,,[],[],b655a73e1adc91232cc79723,,[],unavailable
006502,财通集成电路产业股票A,688700,东威科技,SH,2026-06-30,0.02,2.2,197.01,,[],[],b655a73e1adc91232cc79723,,[],unavailable
006502,财通集成电路产业股票A,301666,大普微,SZ,2026-06-30,0.01,0.12,56.53,,[],[],b655a73e1adc91232cc79723,,[],unavailable
006502,财通集成电路产业股票A,001399,惠科股份,SZ,2026-06-30,0.01,1.62,55.14,,[],[],b655a73e1adc91232cc79723,,[],unavailable
006502,财通集成电路产业股票A,688820,盛合晶微,SH,2026-06-30,0.0,0.2,28.47,,[],[],b655a73e1adc91232cc79723,,[],unavailable
006502,财通集成电路产业股票A,688781,视涯科技,SH,2026-06-30,0.0,0.63,26.71,,[],[],b655a73e1adc91232cc79723,,[],unavailable
006502,财通集成电路产业股票A,688808,联讯仪器,SH,2026-06-30,0.0,0.02,25.82,,[],[],b655a73e1adc91232cc79723,,[],unavailable
006502,财通集成电路产业股票A,688809,强一股份,SH,2026-06-30,0.0,0.03,16.14,,[],[],b655a73e1adc91232cc79723,,[],unavailable
006502,财通集成电路产业股票A,688818,电科蓝天,SH,2026-06-30,0.0,0.17,12.04,,[],[],b655a73e1adc91232cc79723,,[],unavailable
006502,财通集成电路产业股票A,301682,宏明电子,SZ,2026-06-30,0.0,0.07,11.43,,[],[],b655a73e1adc91232cc79723,,[],unavailable
006502,财通集成电路产业股票A,688797,臻宝科技,SH,2026-06-30,0.0,0.02,9.7,,[],[],b655a73e1adc91232cc79723,,[],unavailable
006502,财通集成电路产业股票A,688712,北芯生命,SH,2026-06-30,0.0,0.15,5.39,,[],[],b655a73e1adc91232cc79723,,[],unavailable
006502,财通集成电路产业股票A,688785,恒运昌,SH,2026-06-30,0.0,0.01,5.37,,[],[],b655a73e1adc91232cc79723,,[],unavailable
006502,财通集成电路产业股票A,688807,优迅股份,SH,2026-06-30,0.0,0.01,5.27,,[],[],b655a73e1adc91232cc79723,,[],unavailable
006502,财通集成电路产业股票A,688813,泰金新能,SH,2026-06-30,0.0,0.02,4.03,,[],[],b655a73e1adc91232cc79723,,[],unavailable
006502,财通集成电路产业股票A,001257,盛龙股份,SZ,2026-06-30,0.0,0.17,3.61,,[],[],b655a73e1adc91232cc79723,,[],unavailable
006502,财通集成电路产业股票A,603459,红板科技,SH,2026-06-30,0.0,0.03,2.78,,[],[],b655a73e1adc91232cc79723,,[],unavailable
006502,财通集成电路产业股票A,001365,天海电子,SZ,2026-06-30,0.0,0.07,2.25,,[],[],b655a73e1adc91232cc79723,,[],unavailable
006502,财通集成电路产业股票A,688811,有研复材,SH,2026-06-30,0.0,0.08,2.01,,[],[],b655a73e1adc91232cc79723,,[],unavailable
006502,财通集成电路产业股票A,301696,三瑞智能,SZ,2026-06-30,0.0,0.02,1.87,,[],[],b655a73e1adc91232cc79723,,[],unavailable
006502,财通集成电路产业股票A,301669,高特电子,SZ,2026-06-30,0.0,0.05,1.55,,[],[],b655a73e1adc91232cc79723,,[],unavailable
006502,财通集成电路产业股票A,001393,维通利,SZ,2026-06-30,0.0,0.04,1.51,,[],[],b655a73e1adc91232cc79723,,[],unavailable
006502,财通集成电路产业股票A,603175,超颖电子,SH,2026-06-30,0.0,0.02,1.51,,[],[],b655a73e1adc91232cc79723,,[],unavailable
006502,财通集成电路产业股票A,301531,春光集团,SZ,2026-06-30,0.0,0.03,1.5,,[],[],b655a73e1adc91232cc79723,,[],unavailable
006502,财通集成电路产业股票A,301599,理奇智能,SZ,2026-06-30,0.0,0.04,1.41,,[],[],b655a73e1adc91232cc79723,,[],unavailable
006502,财通集成电路产业股票A,601112,振石股份,SH,2026-06-30,0.0,0.08,1.36,,[],[],b655a73e1adc91232cc79723,,[],unavailable
006502,财通集成电路产业股票A,301680,固德电材,SZ,2026-06-30,0.0,0.01,1.31,,[],[],b655a73e1adc91232cc79723,,[],unavailable
006502,财通集成电路产业股票A,301683,慧谷新材,SZ,2026-06-30,0.0,0.01,1.17,,[],[],b655a73e1adc91232cc79723,,[],unavailable
006502,财通集成电路产业股票A,301667,纳百川,SZ,2026-06-30,0.0,0.02,1.09,,[],[],b655a73e1adc91232cc79723,,[],unavailable
006502,财通集成电路产业股票A,301513,尚水智能,SZ,2026-06-30,0.0,0.01,0.7,,[],[],b655a73e1adc91232cc79723,,[],unavailable
006502,财通集成电路产业股票A,603248,锡华科技,SH,2026-06-30,0.0,0.03,0.55,,[],[],b655a73e1adc91232cc79723,,[],unavailable
006502,财通集成电路产业股票A,601138,工业富联,SH,2026-06-30,0.0,0.01,0.51,,[],[],b655a73e1adc91232cc79723,,[],unavailable
006502,财通集成电路产业股票A,603435,嘉德利,SH,2026-06-30,0.0,0.01,0.49,,[],[],b655a73e1adc91232cc79723,,[],unavailable
006502,财通集成电路产业股票A,001396,誉帆科技,SZ,2026-06-30,0.0,0.01,0.24,,[],[],b655a73e1adc91232cc79723,,[],unavailable
006502,财通集成电路产业股票A,603293,埃泰克,SH,2026-06-30,0.0,0.01,0.24,,[],[],b655a73e1adc91232cc79723,,[],unavailable
006502,财通集成电路产业股票A,001312,福恩股份,SZ,2026-06-30,0.0,0.01,0.22,,[],[],b655a73e1adc91232cc79723,,[],unavailable
006502,财通集成电路产业股票A,603284,林平发展,SH,2026-06-30,0.0,0.0,0.16,,[],[],b655a73e1adc91232cc79723,,[],unavailable
006502,财通集成电路产业股票A,001220,世盟股份,SZ,2026-06-30,0.0,0.01,0.16,,[],[],b655a73e1adc91232cc79723,,[],unavailable
006502,财通集成电路产业股票A,01810,小米集团-W,HK,2026-06-30,0.0,0.0,0.09,,[],[],b655a73e1adc91232cc79723,,[],unmapped_market
006502,财通集成电路产业股票A,603352,至信股份,SH,2026-06-30,0.0,0.0,0.08,,[],[],b655a73e1adc91232cc79723,,[],unavailable
001411,诺安创新驱动混合A,688361,中科飞测,SH,2026-06-30,8.91,19.25,8275.61,,[],[],6a5eb08422eb3125346d0db9,,[],unavailable
001411,诺安创新驱动混合A,688147,微导纳米,SH,2026-06-30,8.13,46.68,7555.91,,[],[],6a5eb08422eb3125346d0db9,,[],unavailable
001411,诺安创新驱动混合A,688362,甬矽电子,SH,2026-06-30,7.27,70.07,6754.55,,[],[],6a5eb08422eb3125346d0db9,,[],unavailable
001411,诺安创新驱动混合A,688347,华虹宏力,SH,2026-06-30,7.07,19.52,6564.31,,[],[],6a5eb08422eb3125346d0db9,,[],unavailable
001411,诺安创新驱动混合A,002938,鹏鼎控股,SZ,2026-06-30,6.99,61.66,6497.73,,[],[],6a5eb08422eb3125346d0db9,,[],unavailable
001411,诺安创新驱动混合A,603986,兆易创新,SH,2026-06-30,6.74,7.69,6264.5,,[],[],6a5eb08422eb3125346d0db9,,[],unavailable
001411,诺安创新驱动混合A,688249,晶合集成,SH,2026-06-30,6.5,102.26,6036.47,,[],[],6a5eb08422eb3125346d0db9,,[],unavailable
001411,诺安创新驱动混合A,688037,芯源微,SH,2026-06-30,6.48,13.71,6020.56,,[],[],6a5eb08422eb3125346d0db9,,[],unavailable
001411,诺安创新驱动混合A,300843,胜蓝股份,SZ,2026-06-30,5.16,30.68,4793.75,,[],[],6a5eb08422eb3125346d0db9,,[],unavailable
001411,诺安创新驱动混合A,300602,飞荣达,SZ,2026-06-30,4.71,85.54,4379.72,,[],[],6a5eb08422eb3125346d0db9,,[],unavailable
001411,诺安创新驱动混合A,688720,艾森股份,SH,2026-06-30,4.12,37.87,3825.16,,[],[],6a5eb08422eb3125346d0db9,,[],unavailable
001411,诺安创新驱动混合A,300223,君正股份,SZ,2026-06-30,4.0,14.92,3713.59,,[],[],6a5eb08422eb3125346d0db9,,[],unavailable
001411,诺安创新驱动混合A,688256,寒武纪,SH,2026-06-30,3.19,1.86,2961.18,,[],[],6a5eb08422eb3125346d0db9,,[],unavailable
001411,诺安创新驱动混合A,688686,奥普特,SH,2026-06-30,1.76,9.71,1635.34,,[],[],6a5eb08422eb3125346d0db9,,[],unavailable
001411,诺安创新驱动混合A,603011,合锻智能,SH,2026-06-30,1.66,46.62,1542.19,,[],[],6a5eb08422eb3125346d0db9,,[],unavailable
001411,诺安创新驱动混合A,002180,奔图科技,SZ,2026-06-30,1.48,83.99,1374.08,,[],[],6a5eb08422eb3125346d0db9,,[],unavailable
001411,诺安创新驱动混合A,603228,景旺电子,SH,2026-06-30,0.92,11.78,853.23,,[],[],6a5eb08422eb3125346d0db9,,[],unavailable
001411,诺安创新驱动混合A,688012,中微公司,SH,2026-06-30,0.46,0.92,430.69,,[],[],6a5eb08422eb3125346d0db9,,[],unavailable
001411,诺安创新驱动混合A,688072,拓荆科技,SH,2026-06-30,0.22,0.24,207.74,,[],[],6a5eb08422eb3125346d0db9,,[],unavailable
001411,诺安创新驱动混合A,688608,恒玄科技,SH,2026-06-30,0.03,0.19,31.08,,[],[],6a5eb08422eb3125346d0db9,,[],unavailable
001411,诺安创新驱动混合A,001248,华润新能源,SZ,2026-06-30,0.03,2.43,24.6,,[],[],6a5eb08422eb3125346d0db9,,[],unavailable
001411,诺安创新驱动混合A,688797,臻宝科技,SH,2026-06-30,0.01,0.02,9.7,,[],[],6a5eb08422eb3125346d0db9,,[],unavailable
001411,诺安创新驱动混合A,688809,强一股份,SH,2026-06-30,0.01,0.01,9.16,,[],[],6a5eb08422eb3125346d0db9,,[],unavailable
001411,诺安创新驱动混合A,688818,电科蓝天,SH,2026-06-30,0.01,0.13,9.12,,[],[],6a5eb08422eb3125346d0db9,,[],unavailable
001411,诺安创新驱动混合A,001399,惠科股份,SZ,2026-06-30,0.01,0.32,8.8,,[],[],6a5eb08422eb3125346d0db9,,[],unavailable
001411,诺安创新驱动混合A,688820,盛合晶微,SH,2026-06-30,0.01,0.06,8.42,,[],[],6a5eb08422eb3125346d0db9,,[],unavailable
001411,诺安创新驱动混合A,688652,京仪装备,SH,2026-06-30,0.01,0.04,8.33,,[],[],6a5eb08422eb3125346d0db9,,[],unavailable
001411,诺安创新驱动混合A,688785,恒运昌,SH,2026-06-30,0.01,0.01,5.14,,[],[],6a5eb08422eb3125346d0db9,,[],unavailable
001411,诺安创新驱动混合A,688813,泰金新能,SH,2026-06-30,0.0,0.02,4.03,,[],[],6a5eb08422eb3125346d0db9,,[],unavailable
001411,诺安创新驱动混合A,688635,长进光子,SH,2026-06-30,0.0,0.01,3.94,,[],[],6a5eb08422eb3125346d0db9,,[],unavailable
001411,诺安创新驱动混合A,688781,视涯科技,SH,2026-06-30,0.0,0.08,3.85,,[],[],6a5eb08422eb3125346d0db9,,[],unavailable
001411,诺安创新驱动混合A,603459,红板科技,SH,2026-06-30,0.0,0.03,2.33,,[],[],6a5eb08422eb3125346d0db9,,[],unavailable
001411,诺安创新驱动混合A,688811,有研复材,SH,2026-06-30,0.0,0.08,2.01,,[],[],6a5eb08422eb3125346d0db9,,[],unavailable
001411,诺安创新驱动混合A,001229,魅视科技,SZ,2026-06-30,0.0,0.05,1.77,,[],[],6a5eb08422eb3125346d0db9,,[],unavailable
001411,诺安创新驱动混合A,301393,昊帆生物,SZ,2026-06-30,0.0,0.03,1.68,,[],[],6a5eb08422eb3125346d0db9,,[],unavailable
001411,诺安创新驱动混合A,688721,龙图光罩,SH,2026-06-30,0.0,0.03,1.63,,[],[],6a5eb08422eb3125346d0db9,,[],unavailable
001411,诺安创新驱动混合A,301556,托普云农,SZ,2026-06-30,0.0,0.03,1.56,,[],[],6a5eb08422eb3125346d0db9,,[],unavailable
001411,诺安创新驱动混合A,301687,新广益,SZ,2026-06-30,0.0,0.02,1.52,,[],[],6a5eb08422eb3125346d0db9,,[],unavailable
001411,诺安创新驱动混合A,603175,超颖电子,SH,2026-06-30,0.0,0.02,1.51,,[],[],6a5eb08422eb3125346d0db9,,[],unavailable
001411,诺安创新驱动混合A,001268,联合精密,SZ,2026-06-30,0.0,0.04,1.45,,[],[],6a5eb08422eb3125346d0db9,,[],unavailable
001411,诺安创新驱动混合A,300932,三友联众,SZ,2026-06-30,0.0,0.14,1.43,,[],[],6a5eb08422eb3125346d0db9,,[],unavailable
001411,诺安创新驱动混合A,301608,博实结,SZ,2026-06-30,0.0,0.03,1.38,,[],[],6a5eb08422eb3125346d0db9,,[],unavailable
001411,诺安创新驱动混合A,301591,肯特股份,SZ,2026-06-30,0.0,0.03,1.35,,[],[],6a5eb08422eb3125346d0db9,,[],unavailable
001411,诺安创新驱动混合A,301168,通灵股份,SZ,2026-06-30,0.0,0.03,1.34,,[],[],6a5eb08422eb3125346d0db9,,[],unavailable
001411,诺安创新驱动混合A,300963,中洲特材,SZ,2026-06-30,0.0,0.1,1.34,,[],[],6a5eb08422eb3125346d0db9,,[],unavailable
001411,诺安创新驱动混合A,603049,中策橡胶,SH,2026-06-30,0.0,0.03,1.33,,[],[],6a5eb08422eb3125346d0db9,,[],unavailable
001411,诺安创新驱动混合A,601033,永兴股份,SH,2026-06-30,0.0,0.1,1.31,,[],[],6a5eb08422eb3125346d0db9,,[],unavailable
001411,诺安创新驱动混合A,605069,正和生态,SH,2026-06-30,0.0,0.08,1.3,,[],[],6a5eb08422eb3125346d0db9,,[],unavailable
001411,诺安创新驱动混合A,001256,炜冈科技,SZ,2026-06-30,0.0,0.05,1.29,,[],[],6a5eb08422eb3125346d0db9,,[],unavailable
001411,诺安创新驱动混合A,688458,美芯晟,SH,2026-06-30,0.0,0.03,1.29,,[],[],6a5eb08422eb3125346d0db9,,[],unavailable
001411,诺安创新驱动混合A,301517,陕西华达,SZ,2026-06-30,0.0,0.03,1.29,,[],[],6a5eb08422eb3125346d0db9,,[],unavailable
001411,诺安创新驱动混合A,603235,天新药业,SH,2026-06-30,0.0,0.06,1.27,,[],[],6a5eb08422eb3125346d0db9,,[],unavailable
001411,诺安创新驱动混合A,301295,美硕科技,SZ,2026-06-30,0.0,0.03,1.27,,[],[],6a5eb08422eb3125346d0db9,,[],unavailable
001411,诺安创新驱动混合A,688805,健信超导,SH,2026-06-30,0.0,0.03,1.24,,[],[],6a5eb08422eb3125346d0db9,,[],unavailable
001411,诺安创新驱动混合A,300834,星辉环材,SZ,2026-06-30,0.0,0.03,1.24,,[],[],6a5eb08422eb3125346d0db9,,[],unavailable
001411,诺安创新驱动混合A,301149,隆华新材,SZ,2026-06-30,0.0,0.12,1.24,,[],[],6a5eb08422eb3125346d0db9,,[],unavailable
001411,诺安创新驱动混合A,603057,紫燕食品,SH,2026-06-30,0.0,0.05,1.22,,[],[],6a5eb08422eb3125346d0db9,,[],unavailable
001411,诺安创新驱动混合A,605319,无锡振华,SH,2026-06-30,0.0,0.05,1.21,,[],[],6a5eb08422eb3125346d0db9,,[],unavailable
001411,诺安创新驱动混合A,301658,首航新能,SZ,2026-06-30,0.0,0.04,1.18,,[],[],6a5eb08422eb3125346d0db9,,[],unavailable
001411,诺安创新驱动混合A,603065,宿迁联盛,SH,2026-06-30,0.0,0.06,1.18,,[],[],6a5eb08422eb3125346d0db9,,[],unavailable
001411,诺安创新驱动混合A,603219,富佳股份,SH,2026-06-30,0.0,0.07,1.15,,[],[],6a5eb08422eb3125346d0db9,,[],unavailable
001411,诺安创新驱动混合A,603135,中重科技,SH,2026-06-30,0.0,0.09,1.14,,[],[],6a5eb08422eb3125346d0db9,,[],unavailable
001411,诺安创新驱动混合A,603082,北自科技,SH,2026-06-30,0.0,0.03,1.14,,[],[],6a5eb08422eb3125346d0db9,,[],unavailable
001411,诺安创新驱动混合A,001318,阳光乳业,SZ,2026-06-30,0.0,0.11,1.13,,[],[],6a5eb08422eb3125346d0db9,,[],unavailable
001411,诺安创新驱动混合A,688653,康希通信,SH,2026-06-30,0.0,0.06,1.13,,[],[],6a5eb08422eb3125346d0db9,,[],unavailable
001411,诺安创新驱动混合A,688450,光格科技,SH,2026-06-30,0.0,0.02,1.12,,[],[],6a5eb08422eb3125346d0db9,,[],unavailable
001411,诺安创新驱动混合A,688648,中邮科技,SH,2026-06-30,0.0,0.03,1.11,,[],[],6a5eb08422eb3125346d0db9,,[],unavailable
001411,诺安创新驱动混合A,603213,镇洋发展,SH,2026-06-30,0.0,0.08,1.11,,[],[],6a5eb08422eb3125346d0db9,,[],unavailable
001411,诺安创新驱动混合A,301133,金钟股份,SZ,2026-06-30,0.0,0.03,1.09,,[],[],6a5eb08422eb3125346d0db9,,[],unavailable
001411,诺安创新驱动混合A,301667,纳百川,SZ,2026-06-30,0.0,0.02,1.09,,[],[],6a5eb08422eb3125346d0db9,,[],unavailable
001411,诺安创新驱动混合A,301499,维科精密,SZ,2026-06-30,0.0,0.04,1.08,,[],[],6a5eb08422eb3125346d0db9,,[],unavailable
001411,诺安创新驱动混合A,001296,长江材料,SZ,2026-06-30,0.0,0.06,1.08,,[],[],6a5eb08422eb3125346d0db9,,[],unavailable
001411,诺安创新驱动混合A,001218,丽臣实业,SZ,2026-06-30,0.0,0.05,1.08,,[],[],6a5eb08422eb3125346d0db9,,[],unavailable
001411,诺安创新驱动混合A,301069,凯盛新材,SZ,2026-06-30,0.0,0.05,1.08,,[],[],6a5eb08422eb3125346d0db9,,[],unavailable
001411,诺安创新驱动混合A,001369,双欣材料,SZ,2026-06-30,0.0,0.08,1.07,,[],[],6a5eb08422eb3125346d0db9,,[],unavailable
001411,诺安创新驱动混合A,301555,惠柏新材,SZ,2026-06-30,0.0,0.02,1.07,,[],[],6a5eb08422eb3125346d0db9,,[],unavailable
001411,诺安创新驱动混合A,603194,中力股份,SH,2026-06-30,0.0,0.03,1.06,,[],[],6a5eb08422eb3125346d0db9,,[],unavailable
001411,诺安创新驱动混合A,603190,亚通精工,SH,2026-06-30,0.0,0.05,1.06,,[],[],6a5eb08422eb3125346d0db9,,[],unavailable
001411,诺安创新驱动混合A,301418,协昌科技,SZ,2026-06-30,0.0,0.02,1.06,,[],[],6a5eb08422eb3125346d0db9,,[],unavailable
001411,诺安创新驱动混合A,301155,海力风电,SZ,2026-06-30,0.0,0.02,1.06,,[],[],6a5eb08422eb3125346d0db9,,[],unavailable
001411,诺安创新驱动混合A,001319,铭科精技,SZ,2026-06-30,0.0,0.05,1.05,,[],[],6a5eb08422eb3125346d0db9,,[],unavailable
001411,诺安创新驱动混合A,603209,兴通股份,SH,2026-06-30,0.0,0.08,1.04,,[],[],6a5eb08422eb3125346d0db9,,[],unavailable
001411,诺安创新驱动混合A,301507,民生健康,SZ,2026-06-30,0.0,0.09,1.02,,[],[],6a5eb08422eb3125346d0db9,,[],unavailable
001411,诺安创新驱动混合A,301632,广东建科,SZ,2026-06-30,0.0,0.07,1.02,,[],[],6a5eb08422eb3125346d0db9,,[],unavailable
001411,诺安创新驱动混合A,301399,英特科技,SZ,2026-06-30,0.0,0.06,1.02,,[],[],6a5eb08422eb3125346d0db9,,[],unavailable
001411,诺安创新驱动混合A,688816,易思维,SH,2026-06-30,0.0,0.02,1.01,,[],[],6a5eb08422eb3125346d0db9,,[],unavailable
001411,诺安创新驱动混合A,603407,长裕集团,SH,2026-06-30,0.0,0.01,1.01,,[],[],6a5eb08422eb3125346d0db9,,[],unavailable
001411,诺安创新驱动混合A,603207,小方制药,SH,2026-06-30,0.0,0.04,1.0,,[],[],6a5eb08422eb3125346d0db9,,[],unavailable
001411,诺安创新驱动混合A,300931,通用电梯,SZ,2026-06-30,0.0,0.07,0.99,,[],[],6a5eb08422eb3125346d0db9,,[],unavailable
001411,诺安创新驱动混合A,300918,南山智尚,SZ,2026-06-30,0.0,0.09,0.99,,[],[],6a5eb08422eb3125346d0db9,,[],unavailable
001411,诺安创新驱动混合A,301111,粤万年青,SZ,2026-06-30,0.0,0.04,0.98,,[],[],6a5eb08422eb3125346d0db9,,[],unavailable
001411,诺安创新驱动混合A,001299,美能能源,SZ,2026-06-30,0.0,0.1,0.98,,[],[],6a5eb08422eb3125346d0db9,,[],unavailable
001411,诺安创新驱动混合A,001228,永泰运,SZ,2026-06-30,0.0,0.04,0.98,,[],[],6a5eb08422eb3125346d0db9,,[],unavailable
001411,诺安创新驱动混合A,603070,万控智造,SH,2026-06-30,0.0,0.08,0.97,,[],[],6a5eb08422eb3125346d0db9,,[],unavailable
001411,诺安创新驱动混合A,301127,武汉天源,SZ,2026-06-30,0.0,0.05,0.97,,[],[],6a5eb08422eb3125346d0db9,,[],unavailable
001411,诺安创新驱动混合A,301508,中机认检,SZ,2026-06-30,0.0,0.04,0.97,,[],[],6a5eb08422eb3125346d0db9,,[],unavailable
001411,诺安创新驱动混合A,001230,劲旅环境,SZ,2026-06-30,0.0,0.06,0.97,,[],[],6a5eb08422eb3125346d0db9,,[],unavailable
001411,诺安创新驱动混合A,301491,汉桑科技,SZ,2026-06-30,0.0,0.02,0.96,,[],[],6a5eb08422eb3125346d0db9,,[],unavailable
001411,诺安创新驱动混合A,301590,优优绿能,SZ,2026-06-30,0.0,0.01,0.96,,[],[],6a5eb08422eb3125346d0db9,,[],unavailable
001411,诺安创新驱动混合A,301502,华阳智能,SZ,2026-06-30,0.0,0.01,0.96,,[],[],6a5eb08422eb3125346d0db9,,[],unavailable
002051,诺安创新驱动混合C,688361,中科飞测,SH,2026-06-30,8.91,19.25,8275.61,,[],[],1aab95fb0da918f23a6eb666,,[],unavailable
002051,诺安创新驱动混合C,688147,微导纳米,SH,2026-06-30,8.13,46.68,7555.91,,[],[],1aab95fb0da918f23a6eb666,,[],unavailable
002051,诺安创新驱动混合C,688362,甬矽电子,SH,2026-06-30,7.27,70.07,6754.55,,[],[],1aab95fb0da918f23a6eb666,,[],unavailable
002051,诺安创新驱动混合C,688347,华虹宏力,SH,2026-06-30,7.07,19.52,6564.31,,[],[],1aab95fb0da918f23a6eb666,,[],unavailable
002051,诺安创新驱动混合C,002938,鹏鼎控股,SZ,2026-06-30,6.99,61.66,6497.73,,[],[],1aab95fb0da918f23a6eb666,,[],unavailable
002051,诺安创新驱动混合C,603986,兆易创新,SH,2026-06-30,6.74,7.69,6264.5,,[],[],1aab95fb0da918f23a6eb666,,[],unavailable
002051,诺安创新驱动混合C,688249,晶合集成,SH,2026-06-30,6.5,102.26,6036.47,,[],[],1aab95fb0da918f23a6eb666,,[],unavailable
002051,诺安创新驱动混合C,688037,芯源微,SH,2026-06-30,6.48,13.71,6020.56,,[],[],1aab95fb0da918f23a6eb666,,[],unavailable
002051,诺安创新驱动混合C,300843,胜蓝股份,SZ,2026-06-30,5.16,30.68,4793.75,,[],[],1aab95fb0da918f23a6eb666,,[],unavailable
002051,诺安创新驱动混合C,300602,飞荣达,SZ,2026-06-30,4.71,85.54,4379.72,,[],[],1aab95fb0da918f23a6eb666,,[],unavailable
002051,诺安创新驱动混合C,688720,艾森股份,SH,2026-06-30,4.12,37.87,3825.16,,[],[],1aab95fb0da918f23a6eb666,,[],unavailable
002051,诺安创新驱动混合C,300223,君正股份,SZ,2026-06-30,4.0,14.92,3713.59,,[],[],1aab95fb0da918f23a6eb666,,[],unavailable
002051,诺安创新驱动混合C,688256,寒武纪,SH,2026-06-30,3.19,1.86,2961.18,,[],[],1aab95fb0da918f23a6eb666,,[],unavailable
002051,诺安创新驱动混合C,688686,奥普特,SH,2026-06-30,1.76,9.71,1635.34,,[],[],1aab95fb0da918f23a6eb666,,[],unavailable
002051,诺安创新驱动混合C,603011,合锻智能,SH,2026-06-30,1.66,46.62,1542.19,,[],[],1aab95fb0da918f23a6eb666,,[],unavailable
002051,诺安创新驱动混合C,002180,奔图科技,SZ,2026-06-30,1.48,83.99,1374.08,,[],[],1aab95fb0da918f23a6eb666,,[],unavailable
002051,诺安创新驱动混合C,603228,景旺电子,SH,2026-06-30,0.92,11.78,853.23,,[],[],1aab95fb0da918f23a6eb666,,[],unavailable
002051,诺安创新驱动混合C,688012,中微公司,SH,2026-06-30,0.46,0.92,430.69,,[],[],1aab95fb0da918f23a6eb666,,[],unavailable
002051,诺安创新驱动混合C,688072,拓荆科技,SH,2026-06-30,0.22,0.24,207.74,,[],[],1aab95fb0da918f23a6eb666,,[],unavailable
002051,诺安创新驱动混合C,688608,恒玄科技,SH,2026-06-30,0.03,0.19,31.08,,[],[],1aab95fb0da918f23a6eb666,,[],unavailable
002051,诺安创新驱动混合C,001248,华润新能源,SZ,2026-06-30,0.03,2.43,24.6,,[],[],1aab95fb0da918f23a6eb666,,[],unavailable
002051,诺安创新驱动混合C,688797,臻宝科技,SH,2026-06-30,0.01,0.02,9.7,,[],[],1aab95fb0da918f23a6eb666,,[],unavailable
002051,诺安创新驱动混合C,688809,强一股份,SH,2026-06-30,0.01,0.01,9.16,,[],[],1aab95fb0da918f23a6eb666,,[],unavailable
002051,诺安创新驱动混合C,688818,电科蓝天,SH,2026-06-30,0.01,0.13,9.12,,[],[],1aab95fb0da918f23a6eb666,,[],unavailable
002051,诺安创新驱动混合C,001399,惠科股份,SZ,2026-06-30,0.01,0.32,8.8,,[],[],1aab95fb0da918f23a6eb666,,[],unavailable
002051,诺安创新驱动混合C,688820,盛合晶微,SH,2026-06-30,0.01,0.06,8.42,,[],[],1aab95fb0da918f23a6eb666,,[],unavailable
002051,诺安创新驱动混合C,688652,京仪装备,SH,2026-06-30,0.01,0.04,8.33,,[],[],1aab95fb0da918f23a6eb666,,[],unavailable
002051,诺安创新驱动混合C,688785,恒运昌,SH,2026-06-30,0.01,0.01,5.14,,[],[],1aab95fb0da918f23a6eb666,,[],unavailable
002051,诺安创新驱动混合C,688813,泰金新能,SH,2026-06-30,0.0,0.02,4.03,,[],[],1aab95fb0da918f23a6eb666,,[],unavailable
002051,诺安创新驱动混合C,688635,长进光子,SH,2026-06-30,0.0,0.01,3.94,,[],[],1aab95fb0da918f23a6eb666,,[],unavailable
002051,诺安创新驱动混合C,688781,视涯科技,SH,2026-06-30,0.0,0.08,3.85,,[],[],1aab95fb0da918f23a6eb666,,[],unavailable
002051,诺安创新驱动混合C,603459,红板科技,SH,2026-06-30,0.0,0.03,2.33,,[],[],1aab95fb0da918f23a6eb666,,[],unavailable
002051,诺安创新驱动混合C,688811,有研复材,SH,2026-06-30,0.0,0.08,2.01,,[],[],1aab95fb0da918f23a6eb666,,[],unavailable
002051,诺安创新驱动混合C,001229,魅视科技,SZ,2026-06-30,0.0,0.05,1.77,,[],[],1aab95fb0da918f23a6eb666,,[],unavailable
002051,诺安创新驱动混合C,301393,昊帆生物,SZ,2026-06-30,0.0,0.03,1.68,,[],[],1aab95fb0da918f23a6eb666,,[],unavailable
002051,诺安创新驱动混合C,688721,龙图光罩,SH,2026-06-30,0.0,0.03,1.63,,[],[],1aab95fb0da918f23a6eb666,,[],unavailable
002051,诺安创新驱动混合C,301556,托普云农,SZ,2026-06-30,0.0,0.03,1.56,,[],[],1aab95fb0da918f23a6eb666,,[],unavailable
002051,诺安创新驱动混合C,301687,新广益,SZ,2026-06-30,0.0,0.02,1.52,,[],[],1aab95fb0da918f23a6eb666,,[],unavailable
002051,诺安创新驱动混合C,603175,超颖电子,SH,2026-06-30,0.0,0.02,1.51,,[],[],1aab95fb0da918f23a6eb666,,[],unavailable
002051,诺安创新驱动混合C,001268,联合精密,SZ,2026-06-30,0.0,0.04,1.45,,[],[],1aab95fb0da918f23a6eb666,,[],unavailable
002051,诺安创新驱动混合C,300932,三友联众,SZ,2026-06-30,0.0,0.14,1.43,,[],[],1aab95fb0da918f23a6eb666,,[],unavailable
002051,诺安创新驱动混合C,301608,博实结,SZ,2026-06-30,0.0,0.03,1.38,,[],[],1aab95fb0da918f23a6eb666,,[],unavailable
002051,诺安创新驱动混合C,301591,肯特股份,SZ,2026-06-30,0.0,0.03,1.35,,[],[],1aab95fb0da918f23a6eb666,,[],unavailable
002051,诺安创新驱动混合C,301168,通灵股份,SZ,2026-06-30,0.0,0.03,1.34,,[],[],1aab95fb0da918f23a6eb666,,[],unavailable
002051,诺安创新驱动混合C,300963,中洲特材,SZ,2026-06-30,0.0,0.1,1.34,,[],[],1aab95fb0da918f23a6eb666,,[],unavailable
002051,诺安创新驱动混合C,603049,中策橡胶,SH,2026-06-30,0.0,0.03,1.33,,[],[],1aab95fb0da918f23a6eb666,,[],unavailable
002051,诺安创新驱动混合C,601033,永兴股份,SH,2026-06-30,0.0,0.1,1.31,,[],[],1aab95fb0da918f23a6eb666,,[],unavailable
002051,诺安创新驱动混合C,605069,正和生态,SH,2026-06-30,0.0,0.08,1.3,,[],[],1aab95fb0da918f23a6eb666,,[],unavailable
002051,诺安创新驱动混合C,001256,炜冈科技,SZ,2026-06-30,0.0,0.05,1.29,,[],[],1aab95fb0da918f23a6eb666,,[],unavailable
002051,诺安创新驱动混合C,688458,美芯晟,SH,2026-06-30,0.0,0.03,1.29,,[],[],1aab95fb0da918f23a6eb666,,[],unavailable
002051,诺安创新驱动混合C,301517,陕西华达,SZ,2026-06-30,0.0,0.03,1.29,,[],[],1aab95fb0da918f23a6eb666,,[],unavailable
002051,诺安创新驱动混合C,603235,天新药业,SH,2026-06-30,0.0,0.06,1.27,,[],[],1aab95fb0da918f23a6eb666,,[],unavailable
002051,诺安创新驱动混合C,301295,美硕科技,SZ,2026-06-30,0.0,0.03,1.27,,[],[],1aab95fb0da918f23a6eb666,,[],unavailable
002051,诺安创新驱动混合C,688805,健信超导,SH,2026-06-30,0.0,0.03,1.24,,[],[],1aab95fb0da918f23a6eb666,,[],unavailable
002051,诺安创新驱动混合C,300834,星辉环材,SZ,2026-06-30,0.0,0.03,1.24,,[],[],1aab95fb0da918f23a6eb666,,[],unavailable
002051,诺安创新驱动混合C,301149,隆华新材,SZ,2026-06-30,0.0,0.12,1.24,,[],[],1aab95fb0da918f23a6eb666,,[],unavailable
002051,诺安创新驱动混合C,603057,紫燕食品,SH,2026-06-30,0.0,0.05,1.22,,[],[],1aab95fb0da918f23a6eb666,,[],unavailable
002051,诺安创新驱动混合C,605319,无锡振华,SH,2026-06-30,0.0,0.05,1.21,,[],[],1aab95fb0da918f23a6eb666,,[],unavailable
002051,诺安创新驱动混合C,301658,首航新能,SZ,2026-06-30,0.0,0.04,1.18,,[],[],1aab95fb0da918f23a6eb666,,[],unavailable
002051,诺安创新驱动混合C,603065,宿迁联盛,SH,2026-06-30,0.0,0.06,1.18,,[],[],1aab95fb0da918f23a6eb666,,[],unavailable
002051,诺安创新驱动混合C,603219,富佳股份,SH,2026-06-30,0.0,0.07,1.15,,[],[],1aab95fb0da918f23a6eb666,,[],unavailable
002051,诺安创新驱动混合C,603135,中重科技,SH,2026-06-30,0.0,0.09,1.14,,[],[],1aab95fb0da918f23a6eb666,,[],unavailable
002051,诺安创新驱动混合C,603082,北自科技,SH,2026-06-30,0.0,0.03,1.14,,[],[],1aab95fb0da918f23a6eb666,,[],unavailable
002051,诺安创新驱动混合C,001318,阳光乳业,SZ,2026-06-30,0.0,0.11,1.13,,[],[],1aab95fb0da918f23a6eb666,,[],unavailable
002051,诺安创新驱动混合C,688653,康希通信,SH,2026-06-30,0.0,0.06,1.13,,[],[],1aab95fb0da918f23a6eb666,,[],unavailable
002051,诺安创新驱动混合C,688450,光格科技,SH,2026-06-30,0.0,0.02,1.12,,[],[],1aab95fb0da918f23a6eb666,,[],unavailable
002051,诺安创新驱动混合C,688648,中邮科技,SH,2026-06-30,0.0,0.03,1.11,,[],[],1aab95fb0da918f23a6eb666,,[],unavailable
002051,诺安创新驱动混合C,603213,镇洋发展,SH,2026-06-30,0.0,0.08,1.11,,[],[],1aab95fb0da918f23a6eb666,,[],unavailable
002051,诺安创新驱动混合C,301133,金钟股份,SZ,2026-06-30,0.0,0.03,1.09,,[],[],1aab95fb0da918f23a6eb666,,[],unavailable
002051,诺安创新驱动混合C,301667,纳百川,SZ,2026-06-30,0.0,0.02,1.09,,[],[],1aab95fb0da918f23a6eb666,,[],unavailable
002051,诺安创新驱动混合C,301499,维科精密,SZ,2026-06-30,0.0,0.04,1.08,,[],[],1aab95fb0da918f23a6eb666,,[],unavailable
002051,诺安创新驱动混合C,001296,长江材料,SZ,2026-06-30,0.0,0.06,1.08,,[],[],1aab95fb0da918f23a6eb666,,[],unavailable
002051,诺安创新驱动混合C,001218,丽臣实业,SZ,2026-06-30,0.0,0.05,1.08,,[],[],1aab95fb0da918f23a6eb666,,[],unavailable
002051,诺安创新驱动混合C,301069,凯盛新材,SZ,2026-06-30,0.0,0.05,1.08,,[],[],1aab95fb0da918f23a6eb666,,[],unavailable
002051,诺安创新驱动混合C,001369,双欣材料,SZ,2026-06-30,0.0,0.08,1.07,,[],[],1aab95fb0da918f23a6eb666,,[],unavailable
002051,诺安创新驱动混合C,301555,惠柏新材,SZ,2026-06-30,0.0,0.02,1.07,,[],[],1aab95fb0da918f23a6eb666,,[],unavailable
002051,诺安创新驱动混合C,603194,中力股份,SH,2026-06-30,0.0,0.03,1.06,,[],[],1aab95fb0da918f23a6eb666,,[],unavailable
002051,诺安创新驱动混合C,603190,亚通精工,SH,2026-06-30,0.0,0.05,1.06,,[],[],1aab95fb0da918f23a6eb666,,[],unavailable
002051,诺安创新驱动混合C,301418,协昌科技,SZ,2026-06-30,0.0,0.02,1.06,,[],[],1aab95fb0da918f23a6eb666,,[],unavailable
002051,诺安创新驱动混合C,301155,海力风电,SZ,2026-06-30,0.0,0.02,1.06,,[],[],1aab95fb0da918f23a6eb666,,[],unavailable
002051,诺安创新驱动混合C,001319,铭科精技,SZ,2026-06-30,0.0,0.05,1.05,,[],[],1aab95fb0da918f23a6eb666,,[],unavailable
002051,诺安创新驱动混合C,603209,兴通股份,SH,2026-06-30,0.0,0.08,1.04,,[],[],1aab95fb0da918f23a6eb666,,[],unavailable
002051,诺安创新驱动混合C,301507,民生健康,SZ,2026-06-30,0.0,0.09,1.02,,[],[],1aab95fb0da918f23a6eb666,,[],unavailable
002051,诺安创新驱动混合C,301632,广东建科,SZ,2026-06-30,0.0,0.07,1.02,,[],[],1aab95fb0da918f23a6eb666,,[],unavailable
002051,诺安创新驱动混合C,301399,英特科技,SZ,2026-06-30,0.0,0.06,1.02,,[],[],1aab95fb0da918f23a6eb666,,[],unavailable
002051,诺安创新驱动混合C,688816,易思维,SH,2026-06-30,0.0,0.02,1.01,,[],[],1aab95fb0da918f23a6eb666,,[],unavailable
002051,诺安创新驱动混合C,603407,长裕集团,SH,2026-06-30,0.0,0.01,1.01,,[],[],1aab95fb0da918f23a6eb666,,[],unavailable
002051,诺安创新驱动混合C,603207,小方制药,SH,2026-06-30,0.0,0.04,1.0,,[],[],1aab95fb0da918f23a6eb666,,[],unavailable
002051,诺安创新驱动混合C,300931,通用电梯,SZ,2026-06-30,0.0,0.07,0.99,,[],[],1aab95fb0da918f23a6eb666,,[],unavailable
002051,诺安创新驱动混合C,300918,南山智尚,SZ,2026-06-30,0.0,0.09,0.99,,[],[],1aab95fb0da918f23a6eb666,,[],unavailable
002051,诺安创新驱动混合C,301111,粤万年青,SZ,2026-06-30,0.0,0.04,0.98,,[],[],1aab95fb0da918f23a6eb666,,[],unavailable
002051,诺安创新驱动混合C,001299,美能能源,SZ,2026-06-30,0.0,0.1,0.98,,[],[],1aab95fb0da918f23a6eb666,,[],unavailable
002051,诺安创新驱动混合C,001228,永泰运,SZ,2026-06-30,0.0,0.04,0.98,,[],[],1aab95fb0da918f23a6eb666,,[],unavailable
002051,诺安创新驱动混合C,603070,万控智造,SH,2026-06-30,0.0,0.08,0.97,,[],[],1aab95fb0da918f23a6eb666,,[],unavailable
002051,诺安创新驱动混合C,301127,武汉天源,SZ,2026-06-30,0.0,0.05,0.97,,[],[],1aab95fb0da918f23a6eb666,,[],unavailable
002051,诺安创新驱动混合C,301508,中机认检,SZ,2026-06-30,0.0,0.04,0.97,,[],[],1aab95fb0da918f23a6eb666,,[],unavailable
002051,诺安创新驱动混合C,001230,劲旅环境,SZ,2026-06-30,0.0,0.06,0.97,,[],[],1aab95fb0da918f23a6eb666,,[],unavailable
002051,诺安创新驱动混合C,301491,汉桑科技,SZ,2026-06-30,0.0,0.02,0.96,,[],[],1aab95fb0da918f23a6eb666,,[],unavailable
002051,诺安创新驱动混合C,301590,优优绿能,SZ,2026-06-30,0.0,0.01,0.96,,[],[],1aab95fb0da918f23a6eb666,,[],unavailable
002051,诺安创新驱动混合C,301502,华阳智能,SZ,2026-06-30,0.0,0.01,0.96,,[],[],1aab95fb0da918f23a6eb666,,[],unavailable
005119,银华智荟内在价值灵活配置混合发起A,688361,中科飞测,SH,2026-06-30,10.35,9.0,3870.0,,[],[],ba12e68fdec220a7c355e9db,,[],unavailable
005119,银华智荟内在价值灵活配置混合发起A,688037,芯源微,SH,2026-06-30,9.45,8.05,3534.35,,[],[],ba12e68fdec220a7c355e9db,,[],unavailable
005119,银华智荟内在价值灵活配置混合发起A,688120,华海清科,SH,2026-06-30,9.41,10.92,3518.21,,[],[],ba12e68fdec220a7c355e9db,,[],unavailable
005119,银华智荟内在价值灵活配置混合发起A,688012,中微公司,SH,2026-06-30,9.02,7.2,3373.67,,[],[],ba12e68fdec220a7c355e9db,,[],unavailable
005119,银华智荟内在价值灵活配置混合发起A,688072,拓荆科技,SH,2026-06-30,8.63,3.67,3226.82,,[],[],ba12e68fdec220a7c355e9db,,[],unavailable
005119,银华智荟内在价值灵活配置混合发起A,002371,北方华创,SZ,2026-06-30,8.47,3.58,3166.72,,[],[],ba12e68fdec220a7c355e9db,,[],unavailable
005119,银华智荟内在价值灵活配置混合发起A,300567,精测电子,SZ,2026-06-30,6.73,7.93,2518.57,,[],[],ba12e68fdec220a7c355e9db,,[],unavailable
005119,银华智荟内在价值灵活配置混合发起A,688409,富创精密,SH,2026-06-30,5.9,7.2,2205.0,,[],[],ba12e68fdec220a7c355e9db,,[],unavailable
005119,银华智荟内在价值灵活配置混合发起A,688347,华虹宏力,SH,2026-06-30,4.86,5.4,1816.02,,[],[],ba12e68fdec220a7c355e9db,,[],unavailable
005119,银华智荟内在价值灵活配置混合发起A,01347,华虹宏力,HK,2026-06-30,4.0,8.0,1495.3,,[],[],ba12e68fdec220a7c355e9db,,[],unmapped_market
005119,银华智荟内在价值灵活配置混合发起A,688082,盛美上海,SH,2026-06-30,2.77,2.4,1035.24,,[],[],ba12e68fdec220a7c355e9db,,[],unavailable
005119,银华智荟内在价值灵活配置混合发起A,688172,燕东微,SH,2026-06-30,2.38,10.62,888.37,,[],[],ba12e68fdec220a7c355e9db,,[],unavailable
005119,银华智荟内在价值灵活配置混合发起A,688766,普冉股份,SH,2026-06-30,1.66,0.81,621.48,,[],[],ba12e68fdec220a7c355e9db,,[],unavailable
005119,银华智荟内在价值灵活配置混合发起A,603986,兆易创新,SH,2026-06-30,1.66,0.76,619.4,,[],[],ba12e68fdec220a7c355e9db,,[],unavailable
005119,银华智荟内在价值灵活配置混合发起A,688041,海光信息,SH,2026-06-30,1.46,1.47,544.34,,[],[],ba12e68fdec220a7c355e9db,,[],unavailable
005119,银华智荟内在价值灵活配置混合发起A,300480,光力科技,SZ,2026-06-30,1.28,11.2,478.02,,[],[],ba12e68fdec220a7c355e9db,,[],unavailable
005119,银华智荟内在价值灵活配置混合发起A,00981,中芯国际,HK,2026-06-30,1.04,5.0,388.24,,[],[],ba12e68fdec220a7c355e9db,,[],unmapped_market
005119,银华智荟内在价值灵活配置混合发起A,600418,江淮汽车,SH,2026-06-30,1.01,14.63,377.89,,[],[],ba12e68fdec220a7c355e9db,,[],unavailable
005119,银华智荟内在价值灵活配置混合发起A,301269,华大九天,SZ,2026-06-30,0.96,3.0,358.26,,[],[],ba12e68fdec220a7c355e9db,,[],unavailable
005119,银华智荟内在价值灵活配置混合发起A,688256,寒武纪,SH,2026-06-30,0.89,0.21,334.11,,[],[],ba12e68fdec220a7c355e9db,,[],unavailable
005119,银华智荟内在价值灵活配置混合发起A,688981,中芯国际,SH,2026-06-30,0.85,2.0,317.64,,[],[],ba12e68fdec220a7c355e9db,,[],unavailable
005119,银华智荟内在价值灵活配置混合发起A,688795,摩尔线程,SH,2026-06-30,0.12,0.06,43.32,,[],[],ba12e68fdec220a7c355e9db,,[],unavailable
005119,银华智荟内在价值灵活配置混合发起A,600246,万通发展,SH,2026-06-30,0.08,1.66,31.54,,[],[],ba12e68fdec220a7c355e9db,,[],unavailable
005119,银华智荟内在价值灵活配置混合发起A,688797,臻宝科技,SH,2026-06-30,0.01,0.01,4.64,,[],[],ba12e68fdec220a7c355e9db,,[],unavailable
005119,银华智荟内在价值灵活配置混合发起A,688820,盛合晶微,SH,2026-06-30,0.01,0.03,4.46,,[],[],ba12e68fdec220a7c355e9db,,[],unavailable
005119,银华智荟内在价值灵活配置混合发起A,688818,电科蓝天,SH,2026-06-30,0.01,0.06,3.87,,[],[],ba12e68fdec220a7c355e9db,,[],unavailable
005119,银华智荟内在价值灵活配置混合发起A,688809,强一股份,SH,2026-06-30,0.01,0.01,3.24,,[],[],ba12e68fdec220a7c355e9db,,[],unavailable
005119,银华智荟内在价值灵活配置混合发起A,688813,泰金新能,SH,2026-06-30,0.01,0.02,2.98,,[],[],ba12e68fdec220a7c355e9db,,[],unavailable
005119,银华智荟内在价值灵活配置混合发起A,688635,长进光子,SH,2026-06-30,0.01,0.01,2.9,,[],[],ba12e68fdec220a7c355e9db,,[],unavailable
005119,银华智荟内在价值灵活配置混合发起A,688783,西安奕材,SH,2026-06-30,0.01,0.05,2.79,,[],[],ba12e68fdec220a7c355e9db,,[],unavailable
005119,银华智荟内在价值灵活配置混合发起A,688807,优迅股份,SH,2026-06-30,0.01,0.01,2.7,,[],[],ba12e68fdec220a7c355e9db,,[],unavailable
005119,银华智荟内在价值灵活配置混合发起A,688712,北芯生命,SH,2026-06-30,0.01,0.07,2.54,,[],[],ba12e68fdec220a7c355e9db,,[],unavailable
005119,银华智荟内在价值灵活配置混合发起A,688727,恒坤新材,SH,2026-06-30,0.01,0.03,2.17,,[],[],ba12e68fdec220a7c355e9db,,[],unavailable
005119,银华智荟内在价值灵活配置混合发起A,688811,有研复材,SH,2026-06-30,0.0,0.07,1.73,,[],[],ba12e68fdec220a7c355e9db,,[],unavailable
005119,银华智荟内在价值灵活配置混合发起A,601012,隆基绿能,SH,2026-06-30,0.0,0.1,1.31,,[],[],ba12e68fdec220a7c355e9db,,[],unavailable
005119,银华智荟内在价值灵活配置混合发起A,603459,红板科技,SH,2026-06-30,0.0,0.01,1.17,,[],[],ba12e68fdec220a7c355e9db,,[],unavailable
005119,银华智荟内在价值灵活配置混合发起A,688802,沐曦股份,SH,2026-06-30,0.0,0.0,0.99,,[],[],ba12e68fdec220a7c355e9db,,[],unavailable
005119,银华智荟内在价值灵活配置混合发起A,603199,九华旅游,SH,2026-06-30,0.0,0.02,0.62,,[],[],ba12e68fdec220a7c355e9db,,[],unavailable
005119,银华智荟内在价值灵活配置混合发起A,601026,道生天合,SH,2026-06-30,0.0,0.04,0.6,,[],[],ba12e68fdec220a7c355e9db,,[],unavailable
005119,银华智荟内在价值灵活配置混合发起A,688759,必贝特,SH,2026-06-30,0.0,0.02,0.58,,[],[],ba12e68fdec220a7c355e9db,,[],unavailable
005119,银华智荟内在价值灵活配置混合发起A,603435,嘉德利,SH,2026-06-30,0.0,0.01,0.48,,[],[],ba12e68fdec220a7c355e9db,,[],unavailable
005119,银华智荟内在价值灵活配置混合发起A,688816,易思维,SH,2026-06-30,0.0,0.01,0.43,,[],[],ba12e68fdec220a7c355e9db,,[],unavailable
005119,银华智荟内在价值灵活配置混合发起A,688781,视涯科技,SH,2026-06-30,0.0,0.01,0.34,,[],[],ba12e68fdec220a7c355e9db,,[],unavailable
005119,银华智荟内在价值灵活配置混合发起A,603370,华新精科,SH,2026-06-30,0.0,0.01,0.3,,[],[],ba12e68fdec220a7c355e9db,,[],unavailable
005119,银华智荟内在价值灵活配置混合发起A,603376,大明电子,SH,2026-06-30,0.0,0.01,0.28,,[],[],ba12e68fdec220a7c355e9db,,[],unavailable
005119,银华智荟内在价值灵活配置混合发起A,688790,昂瑞微,SH,2026-06-30,0.0,0.0,0.27,,[],[],ba12e68fdec220a7c355e9db,,[],unavailable
005119,银华智荟内在价值灵活配置混合发起A,603334,丰倍生物,SH,2026-06-30,0.0,0.01,0.26,,[],[],ba12e68fdec220a7c355e9db,,[],unavailable
005119,银华智荟内在价值灵活配置混合发起A,603092,德力佳,SH,2026-06-30,0.0,0.0,0.25,,[],[],ba12e68fdec220a7c355e9db,,[],unavailable
005119,银华智荟内在价值灵活配置混合发起A,603418,友升股份,SH,2026-06-30,0.0,0.0,0.19,,[],[],ba12e68fdec220a7c355e9db,,[],unavailable
005119,银华智荟内在价值灵活配置混合发起A,603293,埃泰克,SH,2026-06-30,0.0,0.0,0.14,,[],[],ba12e68fdec220a7c355e9db,,[],unavailable
005119,银华智荟内在价值灵活配置混合发起A,603284,林平发展,SH,2026-06-30,0.0,0.0,0.13,,[],[],ba12e68fdec220a7c355e9db,,[],unavailable
006503,财通集成电路产业股票C,300502,新易盛,SZ,2026-06-30,9.47,128.37,77919.92,,[],[],cb5a2ea73e7daf96fb0bf442,,[],unavailable
006503,财通集成电路产业股票C,688498,源杰科技,SH,2026-06-30,8.69,37.94,71560.5,,[],[],cb5a2ea73e7daf96fb0bf442,,[],unavailable
006503,财通集成电路产业股票C,688519,南亚新材,SH,2026-06-30,8.27,179.12,68073.07,,[],[],cb5a2ea73e7daf96fb0bf442,,[],unavailable
006503,财通集成电路产业股票C,301511,德福科技,SZ,2026-06-30,7.95,455.03,65455.59,,[],[],cb5a2ea73e7daf96fb0bf442,,[],unavailable
006503,财通集成电路产业股票C,301377,鼎泰高科,SZ,2026-06-30,7.87,117.59,64777.58,,[],[],cb5a2ea73e7daf96fb0bf442,,[],unavailable
006503,财通集成电路产业股票C,300408,三环集团,SZ,2026-06-30,7.84,386.51,64508.35,,[],[],cb5a2ea73e7daf96fb0bf442,,[],unavailable
006503,财通集成电路产业股票C,000636,风华高科,SZ,2026-06-30,6.29,717.06,51800.63,,[],[],cb5a2ea73e7daf96fb0bf442,,[],unavailable
006503,财通集成电路产业股票C,605376,博迁新材,SH,2026-06-30,4.73,143.37,38896.28,,[],[],cb5a2ea73e7daf96fb0bf442,,[],unavailable
006503,财通集成电路产业股票C,688020,方邦股份,SH,2026-06-30,4.6,151.66,37855.53,,[],[],cb5a2ea73e7daf96fb0bf442,,[],unavailable
006503,财通集成电路产业股票C,688260,昀冢科技,SH,2026-06-30,3.75,214.53,30891.76,,[],[],cb5a2ea73e7daf96fb0bf442,,[],unavailable
006503,财通集成电路产业股票C,603186,华正新材,SH,2026-06-30,3.6,131.34,29591.47,,[],[],cb5a2ea73e7daf96fb0bf442,,[],unavailable
006503,财通集成电路产业股票C,300308,中际旭创,SZ,2026-06-30,3.12,20.2,25649.94,,[],[],cb5a2ea73e7daf96fb0bf442,,[],unavailable
006503,财通集成电路产业股票C,301200,大族数控,SZ,2026-06-30,2.96,67.58,24372.33,,[],[],cb5a2ea73e7daf96fb0bf442,,[],unavailable
006503,财通集成电路产业股票C,301362,民爆光电,SZ,2026-06-30,2.09,93.66,17225.95,,[],[],cb5a2ea73e7daf96fb0bf442,,[],unavailable
006503,财通集成电路产业股票C,300570,太辰光,SZ,2026-06-30,1.08,36.09,8903.76,,[],[],cb5a2ea73e7daf96fb0bf442,,[],unavailable
006503,财通集成电路产业股票C,300661,圣邦股份,SZ,2026-06-30,1.08,61.8,8866.42,,[],[],cb5a2ea73e7daf96fb0bf442,,[],unavailable
006503,财通集成电路产业股票C,301217,铜冠铜箔,SZ,2026-06-30,0.96,47.94,7913.34,,[],[],cb5a2ea73e7daf96fb0bf442,,[],unavailable
006503,财通集成电路产业股票C,688795,摩尔线程,SH,2026-06-30,0.04,0.44,299.88,,[],[],cb5a2ea73e7daf96fb0bf442,,[],unavailable
006503,财通集成电路产业股票C,688802,沐曦股份,SH,2026-06-30,0.03,0.29,225.21,,[],[],cb5a2ea73e7daf96fb0bf442,,[],unavailable
006503,财通集成电路产业股票C,688700,东威科技,SH,2026-06-30,0.02,2.2,197.01,,[],[],cb5a2ea73e7daf96fb0bf442,,[],unavailable
006503,财通集成电路产业股票C,301666,大普微,SZ,2026-06-30,0.01,0.12,56.53,,[],[],cb5a2ea73e7daf96fb0bf442,,[],unavailable
006503,财通集成电路产业股票C,001399,惠科股份,SZ,2026-06-30,0.01,1.62,55.14,,[],[],cb5a2ea73e7daf96fb0bf442,,[],unavailable
006503,财通集成电路产业股票C,688820,盛合晶微,SH,2026-06-30,0.0,0.2,28.47,,[],[],cb5a2ea73e7daf96fb0bf442,,[],unavailable
006503,财通集成电路产业股票C,688781,视涯科技,SH,2026-06-30,0.0,0.63,26.71,,[],[],cb5a2ea73e7daf96fb0bf442,,[],unavailable
006503,财通集成电路产业股票C,688808,联讯仪器,SH,2026-06-30,0.0,0.02,25.82,,[],[],cb5a2ea73e7daf96fb0bf442,,[],unavailable
006503,财通集成电路产业股票C,688809,强一股份,SH,2026-06-30,0.0,0.03,16.14,,[],[],cb5a2ea73e7daf96fb0bf442,,[],unavailable
006503,财通集成电路产业股票C,688818,电科蓝天,SH,2026-06-30,0.0,0.17,12.04,,[],[],cb5a2ea73e7daf96fb0bf442,,[],unavailable
006503,财通集成电路产业股票C,301682,宏明电子,SZ,2026-06-30,0.0,0.07,11.43,,[],[],cb5a2ea73e7daf96fb0bf442,,[],unavailable
006503,财通集成电路产业股票C,688797,臻宝科技,SH,2026-06-30,0.0,0.02,9.7,,[],[],cb5a2ea73e7daf96fb0bf442,,[],unavailable
006503,财通集成电路产业股票C,688712,北芯生命,SH,2026-06-30,0.0,0.15,5.39,,[],[],cb5a2ea73e7daf96fb0bf442,,[],unavailable
006503,财通集成电路产业股票C,688785,恒运昌,SH,2026-06-30,0.0,0.01,5.37,,[],[],cb5a2ea73e7daf96fb0bf442,,[],unavailable
006503,财通集成电路产业股票C,688807,优迅股份,SH,2026-06-30,0.0,0.01,5.27,,[],[],cb5a2ea73e7daf96fb0bf442,,[],unavailable
006503,财通集成电路产业股票C,688813,泰金新能,SH,2026-06-30,0.0,0.02,4.03,,[],[],cb5a2ea73e7daf96fb0bf442,,[],unavailable
006503,财通集成电路产业股票C,001257,盛龙股份,SZ,2026-06-30,0.0,0.17,3.61,,[],[],cb5a2ea73e7daf96fb0bf442,,[],unavailable
006503,财通集成电路产业股票C,603459,红板科技,SH,2026-06-30,0.0,0.03,2.78,,[],[],cb5a2ea73e7daf96fb0bf442,,[],unavailable
006503,财通集成电路产业股票C,001365,天海电子,SZ,2026-06-30,0.0,0.07,2.25,,[],[],cb5a2ea73e7daf96fb0bf442,,[],unavailable
006503,财通集成电路产业股票C,688811,有研复材,SH,2026-06-30,0.0,0.08,2.01,,[],[],cb5a2ea73e7daf96fb0bf442,,[],unavailable
006503,财通集成电路产业股票C,301696,三瑞智能,SZ,2026-06-30,0.0,0.02,1.87,,[],[],cb5a2ea73e7daf96fb0bf442,,[],unavailable
006503,财通集成电路产业股票C,301669,高特电子,SZ,2026-06-30,0.0,0.05,1.55,,[],[],cb5a2ea73e7daf96fb0bf442,,[],unavailable
006503,财通集成电路产业股票C,001393,维通利,SZ,2026-06-30,0.0,0.04,1.51,,[],[],cb5a2ea73e7daf96fb0bf442,,[],unavailable
006503,财通集成电路产业股票C,603175,超颖电子,SH,2026-06-30,0.0,0.02,1.51,,[],[],cb5a2ea73e7daf96fb0bf442,,[],unavailable
006503,财通集成电路产业股票C,301531,春光集团,SZ,2026-06-30,0.0,0.03,1.5,,[],[],cb5a2ea73e7daf96fb0bf442,,[],unavailable
006503,财通集成电路产业股票C,301599,理奇智能,SZ,2026-06-30,0.0,0.04,1.41,,[],[],cb5a2ea73e7daf96fb0bf442,,[],unavailable
006503,财通集成电路产业股票C,601112,振石股份,SH,2026-06-30,0.0,0.08,1.36,,[],[],cb5a2ea73e7daf96fb0bf442,,[],unavailable
006503,财通集成电路产业股票C,301680,固德电材,SZ,2026-06-30,0.0,0.01,1.31,,[],[],cb5a2ea73e7daf96fb0bf442,,[],unavailable
006503,财通集成电路产业股票C,301683,慧谷新材,SZ,2026-06-30,0.0,0.01,1.17,,[],[],cb5a2ea73e7daf96fb0bf442,,[],unavailable
006503,财通集成电路产业股票C,301667,纳百川,SZ,2026-06-30,0.0,0.02,1.09,,[],[],cb5a2ea73e7daf96fb0bf442,,[],unavailable
006503,财通集成电路产业股票C,301513,尚水智能,SZ,2026-06-30,0.0,0.01,0.7,,[],[],cb5a2ea73e7daf96fb0bf442,,[],unavailable
006503,财通集成电路产业股票C,603248,锡华科技,SH,2026-06-30,0.0,0.03,0.55,,[],[],cb5a2ea73e7daf96fb0bf442,,[],unavailable
006503,财通集成电路产业股票C,601138,工业富联,SH,2026-06-30,0.0,0.01,0.51,,[],[],cb5a2ea73e7daf96fb0bf442,,[],unavailable
006503,财通集成电路产业股票C,603435,嘉德利,SH,2026-06-30,0.0,0.01,0.49,,[],[],cb5a2ea73e7daf96fb0bf442,,[],unavailable
006503,财通集成电路产业股票C,001396,誉帆科技,SZ,2026-06-30,0.0,0.01,0.24,,[],[],cb5a2ea73e7daf96fb0bf442,,[],unavailable
006503,财通集成电路产业股票C,603293,埃泰克,SH,2026-06-30,0.0,0.01,0.24,,[],[],cb5a2ea73e7daf96fb0bf442,,[],unavailable
006503,财通集成电路产业股票C,001312,福恩股份,SZ,2026-06-30,0.0,0.01,0.22,,[],[],cb5a2ea73e7daf96fb0bf442,,[],unavailable
006503,财通集成电路产业股票C,603284,林平发展,SH,2026-06-30,0.0,0.0,0.16,,[],[],cb5a2ea73e7daf96fb0bf442,,[],unavailable
006503,财通集成电路产业股票C,001220,世盟股份,SZ,2026-06-30,0.0,0.01,0.16,,[],[],cb5a2ea73e7daf96fb0bf442,,[],unavailable
006503,财通集成电路产业股票C,01810,小米集团-W,HK,2026-06-30,0.0,0.0,0.09,,[],[],cb5a2ea73e7daf96fb0bf442,,[],unmapped_market
006503,财通集成电路产业股票C,603352,至信股份,SH,2026-06-30,0.0,0.0,0.08,,[],[],cb5a2ea73e7daf96fb0bf442,,[],unavailable
016262,银华智荟内在价值灵活配置混合发起C,688361,中科飞测,SH,2026-06-30,10.35,9.0,3870.0,,[],[],550a933e410fb0d173a18554,,[],unavailable
016262,银华智荟内在价值灵活配置混合发起C,688037,芯源微,SH,2026-06-30,9.45,8.05,3534.35,,[],[],550a933e410fb0d173a18554,,[],unavailable
016262,银华智荟内在价值灵活配置混合发起C,688120,华海清科,SH,2026-06-30,9.41,10.92,3518.21,,[],[],550a933e410fb0d173a18554,,[],unavailable
016262,银华智荟内在价值灵活配置混合发起C,688012,中微公司,SH,2026-06-30,9.02,7.2,3373.67,,[],[],550a933e410fb0d173a18554,,[],unavailable
016262,银华智荟内在价值灵活配置混合发起C,688072,拓荆科技,SH,2026-06-30,8.63,3.67,3226.82,,[],[],550a933e410fb0d173a18554,,[],unavailable
016262,银华智荟内在价值灵活配置混合发起C,002371,北方华创,SZ,2026-06-30,8.47,3.58,3166.72,,[],[],550a933e410fb0d173a18554,,[],unavailable
016262,银华智荟内在价值灵活配置混合发起C,300567,精测电子,SZ,2026-06-30,6.73,7.93,2518.57,,[],[],550a933e410fb0d173a18554,,[],unavailable
016262,银华智荟内在价值灵活配置混合发起C,688409,富创精密,SH,2026-06-30,5.9,7.2,2205.0,,[],[],550a933e410fb0d173a18554,,[],unavailable
016262,银华智荟内在价值灵活配置混合发起C,688347,华虹宏力,SH,2026-06-30,4.86,5.4,1816.02,,[],[],550a933e410fb0d173a18554,,[],unavailable
016262,银华智荟内在价值灵活配置混合发起C,01347,华虹宏力,HK,2026-06-30,4.0,8.0,1495.3,,[],[],550a933e410fb0d173a18554,,[],unmapped_market
016262,银华智荟内在价值灵活配置混合发起C,688082,盛美上海,SH,2026-06-30,2.77,2.4,1035.24,,[],[],550a933e410fb0d173a18554,,[],unavailable
016262,银华智荟内在价值灵活配置混合发起C,688172,燕东微,SH,2026-06-30,2.38,10.62,888.37,,[],[],550a933e410fb0d173a18554,,[],unavailable
016262,银华智荟内在价值灵活配置混合发起C,688766,普冉股份,SH,2026-06-30,1.66,0.81,621.48,,[],[],550a933e410fb0d173a18554,,[],unavailable
016262,银华智荟内在价值灵活配置混合发起C,603986,兆易创新,SH,2026-06-30,1.66,0.76,619.4,,[],[],550a933e410fb0d173a18554,,[],unavailable
016262,银华智荟内在价值灵活配置混合发起C,688041,海光信息,SH,2026-06-30,1.46,1.47,544.34,,[],[],550a933e410fb0d173a18554,,[],unavailable
016262,银华智荟内在价值灵活配置混合发起C,300480,光力科技,SZ,2026-06-30,1.28,11.2,478.02,,[],[],550a933e410fb0d173a18554,,[],unavailable
016262,银华智荟内在价值灵活配置混合发起C,00981,中芯国际,HK,2026-06-30,1.04,5.0,388.24,,[],[],550a933e410fb0d173a18554,,[],unmapped_market
016262,银华智荟内在价值灵活配置混合发起C,600418,江淮汽车,SH,2026-06-30,1.01,14.63,377.89,,[],[],550a933e410fb0d173a18554,,[],unavailable
016262,银华智荟内在价值灵活配置混合发起C,301269,华大九天,SZ,2026-06-30,0.96,3.0,358.26,,[],[],550a933e410fb0d173a18554,,[],unavailable
016262,银华智荟内在价值灵活配置混合发起C,688256,寒武纪,SH,2026-06-30,0.89,0.21,334.11,,[],[],550a933e410fb0d173a18554,,[],unavailable
016262,银华智荟内在价值灵活配置混合发起C,688981,中芯国际,SH,2026-06-30,0.85,2.0,317.64,,[],[],550a933e410fb0d173a18554,,[],unavailable
016262,银华智荟内在价值灵活配置混合发起C,688795,摩尔线程,SH,2026-06-30,0.12,0.06,43.32,,[],[],550a933e410fb0d173a18554,,[],unavailable
016262,银华智荟内在价值灵活配置混合发起C,600246,万通发展,SH,2026-06-30,0.08,1.66,31.54,,[],[],550a933e410fb0d173a18554,,[],unavailable
016262,银华智荟内在价值灵活配置混合发起C,688797,臻宝科技,SH,2026-06-30,0.01,0.01,4.64,,[],[],550a933e410fb0d173a18554,,[],unavailable
016262,银华智荟内在价值灵活配置混合发起C,688820,盛合晶微,SH,2026-06-30,0.01,0.03,4.46,,[],[],550a933e410fb0d173a18554,,[],unavailable
016262,银华智荟内在价值灵活配置混合发起C,688818,电科蓝天,SH,2026-06-30,0.01,0.06,3.87,,[],[],550a933e410fb0d173a18554,,[],unavailable
016262,银华智荟内在价值灵活配置混合发起C,688809,强一股份,SH,2026-06-30,0.01,0.01,3.24,,[],[],550a933e410fb0d173a18554,,[],unavailable
016262,银华智荟内在价值灵活配置混合发起C,688813,泰金新能,SH,2026-06-30,0.01,0.02,2.98,,[],[],550a933e410fb0d173a18554,,[],unavailable
016262,银华智荟内在价值灵活配置混合发起C,688635,长进光子,SH,2026-06-30,0.01,0.01,2.9,,[],[],550a933e410fb0d173a18554,,[],unavailable
016262,银华智荟内在价值灵活配置混合发起C,688783,西安奕材,SH,2026-06-30,0.01,0.05,2.79,,[],[],550a933e410fb0d173a18554,,[],unavailable
016262,银华智荟内在价值灵活配置混合发起C,688807,优迅股份,SH,2026-06-30,0.01,0.01,2.7,,[],[],550a933e410fb0d173a18554,,[],unavailable
016262,银华智荟内在价值灵活配置混合发起C,688712,北芯生命,SH,2026-06-30,0.01,0.07,2.54,,[],[],550a933e410fb0d173a18554,,[],unavailable
016262,银华智荟内在价值灵活配置混合发起C,688727,恒坤新材,SH,2026-06-30,0.01,0.03,2.17,,[],[],550a933e410fb0d173a18554,,[],unavailable
016262,银华智荟内在价值灵活配置混合发起C,688811,有研复材,SH,2026-06-30,0.0,0.07,1.73,,[],[],550a933e410fb0d173a18554,,[],unavailable
016262,银华智荟内在价值灵活配置混合发起C,601012,隆基绿能,SH,2026-06-30,0.0,0.1,1.31,,[],[],550a933e410fb0d173a18554,,[],unavailable
016262,银华智荟内在价值灵活配置混合发起C,603459,红板科技,SH,2026-06-30,0.0,0.01,1.17,,[],[],550a933e410fb0d173a18554,,[],unavailable
016262,银华智荟内在价值灵活配置混合发起C,688802,沐曦股份,SH,2026-06-30,0.0,0.0,0.99,,[],[],550a933e410fb0d173a18554,,[],unavailable
016262,银华智荟内在价值灵活配置混合发起C,603199,九华旅游,SH,2026-06-30,0.0,0.02,0.62,,[],[],550a933e410fb0d173a18554,,[],unavailable
016262,银华智荟内在价值灵活配置混合发起C,601026,道生天合,SH,2026-06-30,0.0,0.04,0.6,,[],[],550a933e410fb0d173a18554,,[],unavailable
016262,银华智荟内在价值灵活配置混合发起C,688759,必贝特,SH,2026-06-30,0.0,0.02,0.58,,[],[],550a933e410fb0d173a18554,,[],unavailable
016262,银华智荟内在价值灵活配置混合发起C,603435,嘉德利,SH,2026-06-30,0.0,0.01,0.48,,[],[],550a933e410fb0d173a18554,,[],unavailable
016262,银华智荟内在价值灵活配置混合发起C,688816,易思维,SH,2026-06-30,0.0,0.01,0.43,,[],[],550a933e410fb0d173a18554,,[],unavailable
016262,银华智荟内在价值灵活配置混合发起C,688781,视涯科技,SH,2026-06-30,0.0,0.01,0.34,,[],[],550a933e410fb0d173a18554,,[],unavailable
016262,银华智荟内在价值灵活配置混合发起C,603370,华新精科,SH,2026-06-30,0.0,0.01,0.3,,[],[],550a933e410fb0d173a18554,,[],unavailable
016262,银华智荟内在价值灵活配置混合发起C,603376,大明电子,SH,2026-06-30,0.0,0.01,0.28,,[],[],550a933e410fb0d173a18554,,[],unavailable
016262,银华智荟内在价值灵活配置混合发起C,688790,昂瑞微,SH,2026-06-30,0.0,0.0,0.27,,[],[],550a933e410fb0d173a18554,,[],unavailable
016262,银华智荟内在价值灵活配置混合发起C,603334,丰倍生物,SH,2026-06-30,0.0,0.01,0.26,,[],[],550a933e410fb0d173a18554,,[],unavailable
016262,银华智荟内在价值灵活配置混合发起C,603092,德力佳,SH,2026-06-30,0.0,0.0,0.25,,[],[],550a933e410fb0d173a18554,,[],unavailable
016262,银华智荟内在价值灵活配置混合发起C,603418,友升股份,SH,2026-06-30,0.0,0.0,0.19,,[],[],550a933e410fb0d173a18554,,[],unavailable
016262,银华智荟内在价值灵活配置混合发起C,603293,埃泰克,SH,2026-06-30,0.0,0.0,0.14,,[],[],550a933e410fb0d173a18554,,[],unavailable
016262,银华智荟内在价值灵活配置混合发起C,603284,林平发展,SH,2026-06-30,0.0,0.0,0.13,,[],[],550a933e410fb0d173a18554,,[],unavailable
018358,华富数字经济混合A,300502,新易盛,SZ,2026-06-30,4.76,4.69,2846.83,,[],[],1459d505569b9f98938f037b,,[],unavailable
018358,华富数字经济混合A,300308,中际旭创,SZ,2026-06-30,4.65,2.19,2781.3,,[],[],1459d505569b9f98938f037b,,[],unavailable
018358,华富数字经济混合A,688037,芯源微,SH,2026-06-30,4.32,5.89,2584.25,,[],[],1459d505569b9f98938f037b,,[],unavailable
018358,华富数字经济混合A,603986,兆易创新,SH,2026-06-30,4.25,3.12,2542.8,,[],[],1459d505569b9f98938f037b,,[],unavailable
018358,华富数字经济混合A,688256,寒武纪,SH,2026-06-30,4.23,1.59,2533.25,,[],[],1459d505569b9f98938f037b,,[],unavailable
018358,华富数字经济混合A,688072,拓荆科技,SH,2026-06-30,4.04,2.75,2419.06,,[],[],1459d505569b9f98938f037b,,[],unavailable
018358,华富数字经济混合A,688200,华峰测控,SH,2026-06-30,3.83,4.36,2291.54,半导体,[],[],1459d505569b9f98938f037b,7a688009aa74ed3cb0bf95d5,[],mapped
018358,华富数字经济混合A,301095,广立微,SZ,2026-06-30,3.78,19.18,2264.2,,[],[],1459d505569b9f98938f037b,,[],unavailable
018358,华富数字经济混合A,688041,海光信息,SH,2026-06-30,3.74,6.05,2241.35,,[],[],1459d505569b9f98938f037b,,[],unavailable
018358,华富数字经济混合A,603005,晶方科技,SH,2026-06-30,3.51,39.02,2102.01,,[],[],1459d505569b9f98938f037b,,[],unavailable
018358,华富数字经济混合A,688981,中芯国际,SH,2026-06-30,3.48,13.13,2085.94,,[],[],1459d505569b9f98938f037b,,[],unavailable
018358,华富数字经济混合A,002371,北方华创,SZ,2026-06-30,3.44,2.33,2061.02,,[],[],1459d505569b9f98938f037b,,[],unavailable
018358,华富数字经济混合A,688012,中微公司,SH,2026-06-30,3.41,4.35,2039.61,,[],[],1459d505569b9f98938f037b,,[],unavailable
018358,华富数字经济混合A,688403,汇成股份,SH,2026-06-30,3.29,49.65,1971.26,,[],[],1459d505569b9f98938f037b,,[],unavailable
018358,华富数字经济混合A,688347,华虹宏力,SH,2026-06-30,2.63,4.67,1572.17,,[],[],1459d505569b9f98938f037b,,[],unavailable
018358,华富数字经济混合A,301123,奕东电子,SZ,2026-06-30,2.57,12.75,1539.18,,[],[],1459d505569b9f98938f037b,,[],unavailable
018358,华富数字经济混合A,301217,铜冠铜箔,SZ,2026-06-30,2.45,8.88,1465.82,,[],[],1459d505569b9f98938f037b,,[],unavailable
018358,华富数字经济混合A,301307,美利信,SZ,2026-06-30,2.13,16.95,1276.17,,[],[],1459d505569b9f98938f037b,,[],unavailable
018358,华富数字经济混合A,688702,盛科通信,SH,2026-06-30,2.04,3.14,1223.36,,[],[],1459d505569b9f98938f037b,,[],unavailable
018358,华富数字经济混合A,300548,长芯博创,SZ,2026-06-30,2.03,4.37,1214.86,,[],[],1459d505569b9f98938f037b,,[],unavailable
018358,华富数字经济混合A,688123,聚辰股份,SH,2026-06-30,1.98,5.56,1182.54,,[],[],1459d505569b9f98938f037b,,[],unavailable
018358,华富数字经济混合A,688313,仕佳光子,SH,2026-06-30,1.93,6.26,1156.76,,[],[],1459d505569b9f98938f037b,,[],unavailable
018358,华富数字经济混合A,300666,江丰电子,SZ,2026-06-30,1.88,3.06,1127.92,,[],[],1459d505569b9f98938f037b,,[],unavailable
018358,华富数字经济混合A,000725,京东方A,SZ,2026-06-30,1.88,129.76,1126.32,,[],[],1459d505569b9f98938f037b,,[],unavailable
018358,华富数字经济混合A,002463,沪电股份,SZ,2026-06-30,1.87,7.33,1120.02,,[],[],1459d505569b9f98938f037b,,[],unavailable
018358,华富数字经济混合A,688172,燕东微,SH,2026-06-30,1.84,13.13,1098.74,,[],[],1459d505569b9f98938f037b,,[],unavailable
018358,华富数字经济混合A,300236,上海新阳,SZ,2026-06-30,1.81,8.22,1080.93,,[],[],1459d505569b9f98938f037b,,[],unavailable
018358,华富数字经济混合A,002837,英维克,SZ,2026-06-30,1.76,13.27,1056.0,,[],[],1459d505569b9f98938f037b,,[],unavailable
018358,华富数字经济混合A,300776,帝尔激光,SZ,2026-06-30,1.75,4.86,1044.71,,[],[],1459d505569b9f98938f037b,,[],unavailable
018358,华富数字经济混合A,600487,亨通光电,SH,2026-06-30,1.5,8.22,898.77,,[],[],1459d505569b9f98938f037b,,[],unavailable
018358,华富数字经济混合A,002080,中材科技,SZ,2026-06-30,1.32,8.75,787.5,,[],[],1459d505569b9f98938f037b,,[],unavailable
018358,华富数字经济混合A,001267,汇绿生态,SZ,2026-06-30,1.17,13.14,702.99,,[],[],1459d505569b9f98938f037b,,[],unavailable
018358,华富数字经济混合A,001248,华润新能源,SZ,2026-06-30,0.03,1.78,18.03,,[],[],1459d505569b9f98938f037b,,[],unavailable
018358,华富数字经济混合A,688797,臻宝科技,SH,2026-06-30,0.01,0.01,6.66,,[],[],1459d505569b9f98938f037b,,[],unavailable
018358,华富数字经济混合A,001399,惠科股份,SZ,2026-06-30,0.01,0.19,5.32,,[],[],1459d505569b9f98938f037b,,[],unavailable
720001,财通价值动量混合A,300502,新易盛,SZ,2026-06-30,9.48,169.91,103135.98,,[],[],f125351b81803baac0fd1311,,[],unavailable
720001,财通价值动量混合A,688519,南亚新材,SH,2026-06-30,8.89,254.75,96813.29,,[],[],f125351b81803baac0fd1311,,[],unavailable
720001,财通价值动量混合A,688498,源杰科技,SH,2026-06-30,8.13,46.95,88539.02,,[],[],f125351b81803baac0fd1311,,[],unavailable
720001,财通价值动量混合A,300408,三环集团,SZ,2026-06-30,7.86,512.54,85542.36,,[],[],f125351b81803baac0fd1311,,[],unavailable
720001,财通价值动量混合A,301377,鼎泰高科,SZ,2026-06-30,7.84,154.98,85377.82,,[],[],f125351b81803baac0fd1311,,[],unavailable
720001,财通价值动量混合A,301200,大族数控,SZ,2026-06-30,7.68,231.79,83596.36,,[],[],f125351b81803baac0fd1311,,[],unavailable
720001,财通价值动量混合A,301511,德福科技,SZ,2026-06-30,7.52,568.91,81837.73,,[],[],f125351b81803baac0fd1311,,[],unavailable
720001,财通价值动量混合A,000636,风华高科,SZ,2026-06-30,5.66,852.04,61551.01,,[],[],f125351b81803baac0fd1311,,[],unavailable
720001,财通价值动量混合A,605376,博迁新材,SH,2026-06-30,5.39,216.08,58621.74,,[],[],f125351b81803baac0fd1311,,[],unavailable
720001,财通价值动量混合A,300308,中际旭创,SZ,2026-06-30,3.09,26.51,33665.16,,[],[],f125351b81803baac0fd1311,,[],unavailable
720001,财通价值动量混合A,301362,民爆光电,SZ,2026-06-30,2.23,132.1,24296.57,,[],[],f125351b81803baac0fd1311,,[],unavailable
720001,财通价值动量混合A,301217,铜冠铜箔,SZ,2026-06-30,1.71,112.86,18629.12,,[],[],f125351b81803baac0fd1311,,[],unavailable
720001,财通价值动量混合A,300570,太辰光,SZ,2026-06-30,1.02,45.06,11116.75,,[],[],f125351b81803baac0fd1311,,[],unavailable
720001,财通价值动量混合A,688795,摩尔线程,SH,2026-06-30,0.06,0.98,666.38,,[],[],f125351b81803baac0fd1311,,[],unavailable
720001,财通价值动量混合A,688802,沐曦股份,SH,2026-06-30,0.03,0.4,307.09,,[],[],f125351b81803baac0fd1311,,[],unavailable
720001,财通价值动量混合A,301666,大普微,SZ,2026-06-30,0.01,0.12,56.53,,[],[],f125351b81803baac0fd1311,,[],unavailable
720001,财通价值动量混合A,001399,惠科股份,SZ,2026-06-30,0.01,1.62,55.14,,[],[],f125351b81803baac0fd1311,,[],unavailable
720001,财通价值动量混合A,688820,盛合晶微,SH,2026-06-30,0.0,0.24,33.83,,[],[],f125351b81803baac0fd1311,,[],unavailable
720001,财通价值动量混合A,688781,视涯科技,SH,2026-06-30,0.0,0.63,26.71,,[],[],f125351b81803baac0fd1311,,[],unavailable
720001,财通价值动量混合A,688808,联讯仪器,SH,2026-06-30,0.0,0.02,25.82,,[],[],f125351b81803baac0fd1311,,[],unavailable
720001,财通价值动量混合A,688809,强一股份,SH,2026-06-30,0.0,0.03,16.14,,[],[],f125351b81803baac0fd1311,,[],unavailable
720001,财通价值动量混合A,688818,电科蓝天,SH,2026-06-30,0.0,0.17,12.04,,[],[],f125351b81803baac0fd1311,,[],unavailable
720001,财通价值动量混合A,301682,宏明电子,SZ,2026-06-30,0.0,0.07,11.43,,[],[],f125351b81803baac0fd1311,,[],unavailable
720001,财通价值动量混合A,688797,臻宝科技,SH,2026-06-30,0.0,0.02,9.7,,[],[],f125351b81803baac0fd1311,,[],unavailable
720001,财通价值动量混合A,688712,北芯生命,SH,2026-06-30,0.0,0.15,5.39,,[],[],f125351b81803baac0fd1311,,[],unavailable
720001,财通价值动量混合A,688785,恒运昌,SH,2026-06-30,0.0,0.01,5.37,,[],[],f125351b81803baac0fd1311,,[],unavailable
720001,财通价值动量混合A,688807,优迅股份,SH,2026-06-30,0.0,0.01,5.27,,[],[],f125351b81803baac0fd1311,,[],unavailable
720001,财通价值动量混合A,688813,泰金新能,SH,2026-06-30,0.0,0.02,4.03,,[],[],f125351b81803baac0fd1311,,[],unavailable
720001,财通价值动量混合A,001257,盛龙股份,SZ,2026-06-30,0.0,0.17,3.61,,[],[],f125351b81803baac0fd1311,,[],unavailable
720001,财通价值动量混合A,603459,红板科技,SH,2026-06-30,0.0,0.03,2.78,,[],[],f125351b81803baac0fd1311,,[],unavailable
720001,财通价值动量混合A,001365,天海电子,SZ,2026-06-30,0.0,0.07,2.25,,[],[],f125351b81803baac0fd1311,,[],unavailable
720001,财通价值动量混合A,688811,有研复材,SH,2026-06-30,0.0,0.08,2.01,,[],[],f125351b81803baac0fd1311,,[],unavailable
720001,财通价值动量混合A,301696,三瑞智能,SZ,2026-06-30,0.0,0.02,1.87,,[],[],f125351b81803baac0fd1311,,[],unavailable
720001,财通价值动量混合A,301669,高特电子,SZ,2026-06-30,0.0,0.05,1.55,,[],[],f125351b81803baac0fd1311,,[],unavailable
720001,财通价值动量混合A,001393,维通利,SZ,2026-06-30,0.0,0.04,1.51,,[],[],f125351b81803baac0fd1311,,[],unavailable
720001,财通价值动量混合A,603175,超颖电子,SH,2026-06-30,0.0,0.02,1.51,,[],[],f125351b81803baac0fd1311,,[],unavailable
720001,财通价值动量混合A,301531,春光集团,SZ,2026-06-30,0.0,0.03,1.5,,[],[],f125351b81803baac0fd1311,,[],unavailable
720001,财通价值动量混合A,301599,理奇智能,SZ,2026-06-30,0.0,0.04,1.41,,[],[],f125351b81803baac0fd1311,,[],unavailable
720001,财通价值动量混合A,601112,振石股份,SH,2026-06-30,0.0,0.08,1.36,,[],[],f125351b81803baac0fd1311,,[],unavailable
720001,财通价值动量混合A,301680,固德电材,SZ,2026-06-30,0.0,0.01,1.31,,[],[],f125351b81803baac0fd1311,,[],unavailable
720001,财通价值动量混合A,688805,健信超导,SH,2026-06-30,0.0,0.03,1.24,,[],[],f125351b81803baac0fd1311,,[],unavailable
720001,财通价值动量混合A,301683,慧谷新材,SZ,2026-06-30,0.0,0.01,1.17,,[],[],f125351b81803baac0fd1311,,[],unavailable
720001,财通价值动量混合A,301667,纳百川,SZ,2026-06-30,0.0,0.02,1.09,,[],[],f125351b81803baac0fd1311,,[],unavailable
720001,财通价值动量混合A,301513,尚水智能,SZ,2026-06-30,0.0,0.01,0.7,,[],[],f125351b81803baac0fd1311,,[],unavailable
720001,财通价值动量混合A,301449,天溯计量,SZ,2026-06-30,0.0,0.02,0.61,,[],[],f125351b81803baac0fd1311,,[],unavailable
720001,财通价值动量混合A,603248,锡华科技,SH,2026-06-30,0.0,0.03,0.55,,[],[],f125351b81803baac0fd1311,,[],unavailable
720001,财通价值动量混合A,603435,嘉德利,SH,2026-06-30,0.0,0.01,0.49,,[],[],f125351b81803baac0fd1311,,[],unavailable
720001,财通价值动量混合A,603352,至信股份,SH,2026-06-30,0.0,0.01,0.29,,[],[],f125351b81803baac0fd1311,,[],unavailable
720001,财通价值动量混合A,001396,誉帆科技,SZ,2026-06-30,0.0,0.01,0.24,,[],[],f125351b81803baac0fd1311,,[],unavailable
720001,财通价值动量混合A,603293,埃泰克,SH,2026-06-30,0.0,0.01,0.24,,[],[],f125351b81803baac0fd1311,,[],unavailable
720001,财通价值动量混合A,001312,福恩股份,SZ,2026-06-30,0.0,0.01,0.22,,[],[],f125351b81803baac0fd1311,,[],unavailable
720001,财通价值动量混合A,603284,林平发展,SH,2026-06-30,0.0,0.0,0.16,,[],[],f125351b81803baac0fd1311,,[],unavailable
720001,财通价值动量混合A,001220,世盟股份,SZ,2026-06-30,0.0,0.01,0.16,,[],[],f125351b81803baac0fd1311,,[],unavailable
481015,工银主题策略混合A,688037,芯源微,SH,2026-06-30,9.67,108.78,47758.54,,[],[],70b03b4f35eccc713bb4a99f,,[],unavailable
481015,工银主题策略混合A,688361,中科飞测,SH,2026-06-30,8.38,96.24,41382.43,,[],[],70b03b4f35eccc713bb4a99f,,[],unavailable
481015,工银主题策略混合A,688409,富创精密,SH,2026-06-30,7.69,123.98,37969.09,,[],[],70b03b4f35eccc713bb4a99f,,[],unavailable
481015,工银主题策略混合A,688347,华虹宏力,SH,2026-06-30,7.34,107.78,36246.08,,[],[],70b03b4f35eccc713bb4a99f,,[],unavailable
481015,工银主题策略混合A,002371,北方华创,SZ,2026-06-30,7.06,39.38,34835.74,,[],[],70b03b4f35eccc713bb4a99f,,[],unavailable
481015,工银主题策略混合A,688172,燕东微,SH,2026-06-30,6.8,401.52,33591.25,,[],[],70b03b4f35eccc713bb4a99f,,[],unavailable
481015,工银主题策略混合A,688120,华海清科,SH,2026-06-30,6.79,104.02,33512.04,,[],[],70b03b4f35eccc713bb4a99f,,[],unavailable
481015,工银主题策略混合A,688012,中微公司,SH,2026-06-30,6.77,71.38,33439.37,,[],[],70b03b4f35eccc713bb4a99f,,[],unavailable
481015,工银主题策略混合A,300567,精测电子,SZ,2026-06-30,6.32,98.29,31216.9,,[],[],70b03b4f35eccc713bb4a99f,,[],unavailable
481015,工银主题策略混合A,688072,拓荆科技,SH,2026-06-30,6.32,35.48,31209.59,,[],[],70b03b4f35eccc713bb4a99f,,[],unavailable
481015,工银主题策略混合A,688256,寒武纪,SH,2026-06-30,2.87,8.88,14168.32,,[],[],70b03b4f35eccc713bb4a99f,,[],unavailable
481015,工银主题策略混合A,300604,长川科技,SZ,2026-06-30,2.72,39.38,13445.12,,[],[],70b03b4f35eccc713bb4a99f,,[],unavailable
481015,工银主题策略混合A,688200,华峰测控,SH,2026-06-30,2.37,22.27,11695.18,半导体,[],[],70b03b4f35eccc713bb4a99f,7a688009aa74ed3cb0bf95d5,[],mapped
481015,工银主题策略混合A,688536,思瑞浦,SH,2026-06-30,2.33,31.6,11506.59,,[],[],70b03b4f35eccc713bb4a99f,,[],unavailable
481015,工银主题策略混合A,688652,京仪装备,SH,2026-06-30,2.16,53.18,10644.82,,[],[],70b03b4f35eccc713bb4a99f,,[],unavailable
481015,工银主题策略混合A,688702,盛科通信,SH,2026-06-30,2.0,25.38,9897.4,,[],[],70b03b4f35eccc713bb4a99f,,[],unavailable
481015,工银主题策略混合A,688257,新锐股份,SH,2026-06-30,1.7,82.23,8379.37,,[],[],70b03b4f35eccc713bb4a99f,,[],unavailable
481015,工银主题策略混合A,688048,长光华芯,SH,2026-06-30,1.56,15.31,7683.71,,[],[],70b03b4f35eccc713bb4a99f,,[],unavailable
481015,工银主题策略混合A,688795,摩尔线程,SH,2026-06-30,0.04,0.32,213.24,,[],[],70b03b4f35eccc713bb4a99f,,[],unavailable
481015,工银主题策略混合A,688783,西安奕材,SH,2026-06-30,0.04,3.41,195.57,,[],[],70b03b4f35eccc713bb4a99f,,[],unavailable
481015,工银主题策略混合A,688802,沐曦股份,SH,2026-06-30,0.04,0.23,179.15,,[],[],70b03b4f35eccc713bb4a99f,,[],unavailable
481015,工银主题策略混合A,001248,华润新能源,SZ,2026-06-30,0.02,8.41,85.03,,[],[],70b03b4f35eccc713bb4a99f,,[],unavailable
481015,工银主题策略混合A,688765,禾元生物,SH,2026-06-30,0.01,1.37,66.74,,[],[],70b03b4f35eccc713bb4a99f,,[],unavailable
481015,工银主题策略混合A,301666,大普微,SZ,2026-06-30,0.01,0.12,56.53,,[],[],70b03b4f35eccc713bb4a99f,,[],unavailable
481015,工银主题策略混合A,688759,必贝特,SH,2026-06-30,0.01,1.26,38.47,,[],[],70b03b4f35eccc713bb4a99f,,[],unavailable
481015,工银主题策略混合A,688790,昂瑞微,SH,2026-06-30,0.01,0.23,29.32,,[],[],70b03b4f35eccc713bb4a99f,,[],unavailable
481015,工银主题策略混合A,688781,视涯科技,SH,2026-06-30,0.01,0.63,26.71,,[],[],70b03b4f35eccc713bb4a99f,,[],unavailable
481015,工银主题策略混合A,688808,联讯仪器,SH,2026-06-30,0.01,0.02,25.82,,[],[],70b03b4f35eccc713bb4a99f,,[],unavailable
481015,工银主题策略混合A,688820,盛合晶微,SH,2026-06-30,0.0,0.16,23.25,,[],[],70b03b4f35eccc713bb4a99f,,[],unavailable
481015,工银主题策略混合A,001399,惠科股份,SZ,2026-06-30,0.0,0.65,17.99,,[],[],70b03b4f35eccc713bb4a99f,,[],unavailable
481015,工银主题策略混合A,688809,强一股份,SH,2026-06-30,0.0,0.03,16.14,,[],[],70b03b4f35eccc713bb4a99f,,[],unavailable
481015,工银主题策略混合A,688818,电科蓝天,SH,2026-06-30,0.0,0.17,12.04,,[],[],70b03b4f35eccc713bb4a99f,,[],unavailable
481015,工银主题策略混合A,301682,宏明电子,SZ,2026-06-30,0.0,0.07,11.43,,[],[],70b03b4f35eccc713bb4a99f,,[],unavailable
481015,工银主题策略混合A,688797,臻宝科技,SH,2026-06-30,0.0,0.02,9.7,,[],[],70b03b4f35eccc713bb4a99f,,[],unavailable
481015,工银主题策略混合A,688712,北芯生命,SH,2026-06-30,0.0,0.15,5.39,,[],[],70b03b4f35eccc713bb4a99f,,[],unavailable
481015,工银主题策略混合A,688785,恒运昌,SH,2026-06-30,0.0,0.01,5.37,,[],[],70b03b4f35eccc713bb4a99f,,[],unavailable
481015,工银主题策略混合A,688813,泰金新能,SH,2026-06-30,0.0,0.02,4.03,,[],[],70b03b4f35eccc713bb4a99f,,[],unavailable
481015,工银主题策略混合A,688635,长进光子,SH,2026-06-30,0.0,0.01,3.94,,[],[],70b03b4f35eccc713bb4a99f,,[],unavailable
481015,工银主题策略混合A,001257,盛龙股份,SZ,2026-06-30,0.0,0.17,3.61,,[],[],70b03b4f35eccc713bb4a99f,,[],unavailable
481015,工银主题策略混合A,603459,红板科技,SH,2026-06-30,0.0,0.03,2.78,,[],[],70b03b4f35eccc713bb4a99f,,[],unavailable
481015,工银主题策略混合A,001365,天海电子,SZ,2026-06-30,0.0,0.07,2.25,,[],[],70b03b4f35eccc713bb4a99f,,[],unavailable
481015,工银主题策略混合A,688811,有研复材,SH,2026-06-30,0.0,0.08,2.01,,[],[],70b03b4f35eccc713bb4a99f,,[],unavailable
481015,工银主题策略混合A,301696,三瑞智能,SZ,2026-06-30,0.0,0.02,1.87,,[],[],70b03b4f35eccc713bb4a99f,,[],unavailable
481015,工银主题策略混合A,001237,惠康科技,SZ,2026-06-30,0.0,0.03,1.67,,[],[],70b03b4f35eccc713bb4a99f,,[],unavailable
481015,工银主题策略混合A,301669,高特电子,SZ,2026-06-30,0.0,0.05,1.55,,[],[],70b03b4f35eccc713bb4a99f,,[],unavailable
481015,工银主题策略混合A,301687,新广益,SZ,2026-06-30,0.0,0.02,1.52,,[],[],70b03b4f35eccc713bb4a99f,,[],unavailable
481015,工银主题策略混合A,001393,维通利,SZ,2026-06-30,0.0,0.04,1.51,,[],[],70b03b4f35eccc713bb4a99f,,[],unavailable
481015,工银主题策略混合A,301531,春光集团,SZ,2026-06-30,0.0,0.03,1.5,,[],[],70b03b4f35eccc713bb4a99f,,[],unavailable
481015,工银主题策略混合A,301599,理奇智能,SZ,2026-06-30,0.0,0.04,1.41,,[],[],70b03b4f35eccc713bb4a99f,,[],unavailable
481015,工银主题策略混合A,601112,振石股份,SH,2026-06-30,0.0,0.08,1.36,,[],[],70b03b4f35eccc713bb4a99f,,[],unavailable
481015,工银主题策略混合A,301683,慧谷新材,SZ,2026-06-30,0.0,0.01,1.17,,[],[],70b03b4f35eccc713bb4a99f,,[],unavailable
481015,工银主题策略混合A,688816,易思维,SH,2026-06-30,0.0,0.02,1.01,,[],[],70b03b4f35eccc713bb4a99f,,[],unavailable
481015,工银主题策略混合A,603407,长裕集团,SH,2026-06-30,0.0,0.01,1.01,,[],[],70b03b4f35eccc713bb4a99f,,[],unavailable
481015,工银主题策略混合A,301513,尚水智能,SZ,2026-06-30,0.0,0.01,0.7,,[],[],70b03b4f35eccc713bb4a99f,,[],unavailable
481015,工银主题策略混合A,603435,嘉德利,SH,2026-06-30,0.0,0.01,0.49,,[],[],70b03b4f35eccc713bb4a99f,,[],unavailable
481015,工银主题策略混合A,603352,至信股份,SH,2026-06-30,0.0,0.01,0.29,,[],[],70b03b4f35eccc713bb4a99f,,[],unavailable
481015,工银主题策略混合A,001396,誉帆科技,SZ,2026-06-30,0.0,0.01,0.24,,[],[],70b03b4f35eccc713bb4a99f,,[],unavailable
481015,工银主题策略混合A,603293,埃泰克,SH,2026-06-30,0.0,0.01,0.24,,[],[],70b03b4f35eccc713bb4a99f,,[],unavailable
481015,工银主题策略混合A,001312,福恩股份,SZ,2026-06-30,0.0,0.01,0.22,,[],[],70b03b4f35eccc713bb4a99f,,[],unavailable
481015,工银主题策略混合A,603284,林平发展,SH,2026-06-30,0.0,0.0,0.16,,[],[],70b03b4f35eccc713bb4a99f,,[],unavailable
481015,工银主题策略混合A,001220,世盟股份,SZ,2026-06-30,0.0,0.01,0.16,,[],[],70b03b4f35eccc713bb4a99f,,[],unavailable
018359,华富数字经济混合C,300502,新易盛,SZ,2026-06-30,4.76,4.69,2846.83,,[],[],5334509cbb2fb36e858d2e64,,[],unavailable
018359,华富数字经济混合C,300308,中际旭创,SZ,2026-06-30,4.65,2.19,2781.3,,[],[],5334509cbb2fb36e858d2e64,,[],unavailable
018359,华富数字经济混合C,688037,芯源微,SH,2026-06-30,4.32,5.89,2584.25,,[],[],5334509cbb2fb36e858d2e64,,[],unavailable
018359,华富数字经济混合C,603986,兆易创新,SH,2026-06-30,4.25,3.12,2542.8,,[],[],5334509cbb2fb36e858d2e64,,[],unavailable
018359,华富数字经济混合C,688256,寒武纪,SH,2026-06-30,4.23,1.59,2533.25,,[],[],5334509cbb2fb36e858d2e64,,[],unavailable
018359,华富数字经济混合C,688072,拓荆科技,SH,2026-06-30,4.04,2.75,2419.06,,[],[],5334509cbb2fb36e858d2e64,,[],unavailable
018359,华富数字经济混合C,688200,华峰测控,SH,2026-06-30,3.83,4.36,2291.54,半导体,[],[],5334509cbb2fb36e858d2e64,7a688009aa74ed3cb0bf95d5,[],mapped
018359,华富数字经济混合C,301095,广立微,SZ,2026-06-30,3.78,19.18,2264.2,,[],[],5334509cbb2fb36e858d2e64,,[],unavailable
018359,华富数字经济混合C,688041,海光信息,SH,2026-06-30,3.74,6.05,2241.35,,[],[],5334509cbb2fb36e858d2e64,,[],unavailable
018359,华富数字经济混合C,603005,晶方科技,SH,2026-06-30,3.51,39.02,2102.01,,[],[],5334509cbb2fb36e858d2e64,,[],unavailable
018359,华富数字经济混合C,688981,中芯国际,SH,2026-06-30,3.48,13.13,2085.94,,[],[],5334509cbb2fb36e858d2e64,,[],unavailable
018359,华富数字经济混合C,002371,北方华创,SZ,2026-06-30,3.44,2.33,2061.02,,[],[],5334509cbb2fb36e858d2e64,,[],unavailable
018359,华富数字经济混合C,688012,中微公司,SH,2026-06-30,3.41,4.35,2039.61,,[],[],5334509cbb2fb36e858d2e64,,[],unavailable
018359,华富数字经济混合C,688403,汇成股份,SH,2026-06-30,3.29,49.65,1971.26,,[],[],5334509cbb2fb36e858d2e64,,[],unavailable
018359,华富数字经济混合C,688347,华虹宏力,SH,2026-06-30,2.63,4.67,1572.17,,[],[],5334509cbb2fb36e858d2e64,,[],unavailable
018359,华富数字经济混合C,301123,奕东电子,SZ,2026-06-30,2.57,12.75,1539.18,,[],[],5334509cbb2fb36e858d2e64,,[],unavailable
018359,华富数字经济混合C,301217,铜冠铜箔,SZ,2026-06-30,2.45,8.88,1465.82,,[],[],5334509cbb2fb36e858d2e64,,[],unavailable
018359,华富数字经济混合C,301307,美利信,SZ,2026-06-30,2.13,16.95,1276.17,,[],[],5334509cbb2fb36e858d2e64,,[],unavailable
018359,华富数字经济混合C,688702,盛科通信,SH,2026-06-30,2.04,3.14,1223.36,,[],[],5334509cbb2fb36e858d2e64,,[],unavailable
018359,华富数字经济混合C,300548,长芯博创,SZ,2026-06-30,2.03,4.37,1214.86,,[],[],5334509cbb2fb36e858d2e64,,[],unavailable
018359,华富数字经济混合C,688123,聚辰股份,SH,2026-06-30,1.98,5.56,1182.54,,[],[],5334509cbb2fb36e858d2e64,,[],unavailable
018359,华富数字经济混合C,688313,仕佳光子,SH,2026-06-30,1.93,6.26,1156.76,,[],[],5334509cbb2fb36e858d2e64,,[],unavailable
018359,华富数字经济混合C,300666,江丰电子,SZ,2026-06-30,1.88,3.06,1127.92,,[],[],5334509cbb2fb36e858d2e64,,[],unavailable
018359,华富数字经济混合C,000725,京东方A,SZ,2026-06-30,1.88,129.76,1126.32,,[],[],5334509cbb2fb36e858d2e64,,[],unavailable
018359,华富数字经济混合C,002463,沪电股份,SZ,2026-06-30,1.87,7.33,1120.02,,[],[],5334509cbb2fb36e858d2e64,,[],unavailable
018359,华富数字经济混合C,688172,燕东微,SH,2026-06-30,1.84,13.13,1098.74,,[],[],5334509cbb2fb36e858d2e64,,[],unavailable
018359,华富数字经济混合C,300236,上海新阳,SZ,2026-06-30,1.81,8.22,1080.93,,[],[],5334509cbb2fb36e858d2e64,,[],unavailable
018359,华富数字经济混合C,002837,英维克,SZ,2026-06-30,1.76,13.27,1056.0,,[],[],5334509cbb2fb36e858d2e64,,[],unavailable
018359,华富数字经济混合C,300776,帝尔激光,SZ,2026-06-30,1.75,4.86,1044.71,,[],[],5334509cbb2fb36e858d2e64,,[],unavailable
018359,华富数字经济混合C,600487,亨通光电,SH,2026-06-30,1.5,8.22,898.77,,[],[],5334509cbb2fb36e858d2e64,,[],unavailable
018359,华富数字经济混合C,002080,中材科技,SZ,2026-06-30,1.32,8.75,787.5,,[],[],5334509cbb2fb36e858d2e64,,[],unavailable
018359,华富数字经济混合C,001267,汇绿生态,SZ,2026-06-30,1.17,13.14,702.99,,[],[],5334509cbb2fb36e858d2e64,,[],unavailable
018359,华富数字经济混合C,001248,华润新能源,SZ,2026-06-30,0.03,1.78,18.03,,[],[],5334509cbb2fb36e858d2e64,,[],unavailable
018359,华富数字经济混合C,688797,臻宝科技,SH,2026-06-30,0.01,0.01,6.66,,[],[],5334509cbb2fb36e858d2e64,,[],unavailable
018359,华富数字经济混合C,001399,惠科股份,SZ,2026-06-30,0.01,0.19,5.32,,[],[],5334509cbb2fb36e858d2e64,,[],unavailable
021523,财通价值动量混合C,300502,新易盛,SZ,2026-06-30,9.48,169.91,103135.98,,[],[],93433cb883135faca9732947,,[],unavailable
021523,财通价值动量混合C,688519,南亚新材,SH,2026-06-30,8.89,254.75,96813.29,,[],[],93433cb883135faca9732947,,[],unavailable
021523,财通价值动量混合C,688498,源杰科技,SH,2026-06-30,8.13,46.95,88539.02,,[],[],93433cb883135faca9732947,,[],unavailable
021523,财通价值动量混合C,300408,三环集团,SZ,2026-06-30,7.86,512.54,85542.36,,[],[],93433cb883135faca9732947,,[],unavailable
021523,财通价值动量混合C,301377,鼎泰高科,SZ,2026-06-30,7.84,154.98,85377.82,,[],[],93433cb883135faca9732947,,[],unavailable
021523,财通价值动量混合C,301200,大族数控,SZ,2026-06-30,7.68,231.79,83596.36,,[],[],93433cb883135faca9732947,,[],unavailable
021523,财通价值动量混合C,301511,德福科技,SZ,2026-06-30,7.52,568.91,81837.73,,[],[],93433cb883135faca9732947,,[],unavailable
021523,财通价值动量混合C,000636,风华高科,SZ,2026-06-30,5.66,852.04,61551.01,,[],[],93433cb883135faca9732947,,[],unavailable
021523,财通价值动量混合C,605376,博迁新材,SH,2026-06-30,5.39,216.08,58621.74,,[],[],93433cb883135faca9732947,,[],unavailable
021523,财通价值动量混合C,300308,中际旭创,SZ,2026-06-30,3.09,26.51,33665.16,,[],[],93433cb883135faca9732947,,[],unavailable
021523,财通价值动量混合C,301362,民爆光电,SZ,2026-06-30,2.23,132.1,24296.57,,[],[],93433cb883135faca9732947,,[],unavailable
021523,财通价值动量混合C,301217,铜冠铜箔,SZ,2026-06-30,1.71,112.86,18629.12,,[],[],93433cb883135faca9732947,,[],unavailable
021523,财通价值动量混合C,300570,太辰光,SZ,2026-06-30,1.02,45.06,11116.75,,[],[],93433cb883135faca9732947,,[],unavailable
021523,财通价值动量混合C,688795,摩尔线程,SH,2026-06-30,0.06,0.98,666.38,,[],[],93433cb883135faca9732947,,[],unavailable
021523,财通价值动量混合C,688802,沐曦股份,SH,2026-06-30,0.03,0.4,307.09,,[],[],93433cb883135faca9732947,,[],unavailable
021523,财通价值动量混合C,301666,大普微,SZ,2026-06-30,0.01,0.12,56.53,,[],[],93433cb883135faca9732947,,[],unavailable
021523,财通价值动量混合C,001399,惠科股份,SZ,2026-06-30,0.01,1.62,55.14,,[],[],93433cb883135faca9732947,,[],unavailable
021523,财通价值动量混合C,688820,盛合晶微,SH,2026-06-30,0.0,0.24,33.83,,[],[],93433cb883135faca9732947,,[],unavailable
021523,财通价值动量混合C,688781,视涯科技,SH,2026-06-30,0.0,0.63,26.71,,[],[],93433cb883135faca9732947,,[],unavailable
021523,财通价值动量混合C,688808,联讯仪器,SH,2026-06-30,0.0,0.02,25.82,,[],[],93433cb883135faca9732947,,[],unavailable
021523,财通价值动量混合C,688809,强一股份,SH,2026-06-30,0.0,0.03,16.14,,[],[],93433cb883135faca9732947,,[],unavailable
021523,财通价值动量混合C,688818,电科蓝天,SH,2026-06-30,0.0,0.17,12.04,,[],[],93433cb883135faca9732947,,[],unavailable
021523,财通价值动量混合C,301682,宏明电子,SZ,2026-06-30,0.0,0.07,11.43,,[],[],93433cb883135faca9732947,,[],unavailable
021523,财通价值动量混合C,688797,臻宝科技,SH,2026-06-30,0.0,0.02,9.7,,[],[],93433cb883135faca9732947,,[],unavailable
021523,财通价值动量混合C,688712,北芯生命,SH,2026-06-30,0.0,0.15,5.39,,[],[],93433cb883135faca9732947,,[],unavailable
021523,财通价值动量混合C,688785,恒运昌,SH,2026-06-30,0.0,0.01,5.37,,[],[],93433cb883135faca9732947,,[],unavailable
021523,财通价值动量混合C,688807,优迅股份,SH,2026-06-30,0.0,0.01,5.27,,[],[],93433cb883135faca9732947,,[],unavailable
021523,财通价值动量混合C,688813,泰金新能,SH,2026-06-30,0.0,0.02,4.03,,[],[],93433cb883135faca9732947,,[],unavailable
021523,财通价值动量混合C,001257,盛龙股份,SZ,2026-06-30,0.0,0.17,3.61,,[],[],93433cb883135faca9732947,,[],unavailable
021523,财通价值动量混合C,603459,红板科技,SH,2026-06-30,0.0,0.03,2.78,,[],[],93433cb883135faca9732947,,[],unavailable
021523,财通价值动量混合C,001365,天海电子,SZ,2026-06-30,0.0,0.07,2.25,,[],[],93433cb883135faca9732947,,[],unavailable
021523,财通价值动量混合C,688811,有研复材,SH,2026-06-30,0.0,0.08,2.01,,[],[],93433cb883135faca9732947,,[],unavailable
021523,财通价值动量混合C,301696,三瑞智能,SZ,2026-06-30,0.0,0.02,1.87,,[],[],93433cb883135faca9732947,,[],unavailable
021523,财通价值动量混合C,301669,高特电子,SZ,2026-06-30,0.0,0.05,1.55,,[],[],93433cb883135faca9732947,,[],unavailable
021523,财通价值动量混合C,001393,维通利,SZ,2026-06-30,0.0,0.04,1.51,,[],[],93433cb883135faca9732947,,[],unavailable
021523,财通价值动量混合C,603175,超颖电子,SH,2026-06-30,0.0,0.02,1.51,,[],[],93433cb883135faca9732947,,[],unavailable
021523,财通价值动量混合C,301531,春光集团,SZ,2026-06-30,0.0,0.03,1.5,,[],[],93433cb883135faca9732947,,[],unavailable
021523,财通价值动量混合C,301599,理奇智能,SZ,2026-06-30,0.0,0.04,1.41,,[],[],93433cb883135faca9732947,,[],unavailable
021523,财通价值动量混合C,601112,振石股份,SH,2026-06-30,0.0,0.08,1.36,,[],[],93433cb883135faca9732947,,[],unavailable
021523,财通价值动量混合C,301680,固德电材,SZ,2026-06-30,0.0,0.01,1.31,,[],[],93433cb883135faca9732947,,[],unavailable
021523,财通价值动量混合C,688805,健信超导,SH,2026-06-30,0.0,0.03,1.24,,[],[],93433cb883135faca9732947,,[],unavailable
021523,财通价值动量混合C,301683,慧谷新材,SZ,2026-06-30,0.0,0.01,1.17,,[],[],93433cb883135faca9732947,,[],unavailable
021523,财通价值动量混合C,301667,纳百川,SZ,2026-06-30,0.0,0.02,1.09,,[],[],93433cb883135faca9732947,,[],unavailable
021523,财通价值动量混合C,301513,尚水智能,SZ,2026-06-30,0.0,0.01,0.7,,[],[],93433cb883135faca9732947,,[],unavailable
021523,财通价值动量混合C,301449,天溯计量,SZ,2026-06-30,0.0,0.02,0.61,,[],[],93433cb883135faca9732947,,[],unavailable
021523,财通价值动量混合C,603248,锡华科技,SH,2026-06-30,0.0,0.03,0.55,,[],[],93433cb883135faca9732947,,[],unavailable
021523,财通价值动量混合C,603435,嘉德利,SH,2026-06-30,0.0,0.01,0.49,,[],[],93433cb883135faca9732947,,[],unavailable
021523,财通价值动量混合C,603352,至信股份,SH,2026-06-30,0.0,0.01,0.29,,[],[],93433cb883135faca9732947,,[],unavailable
021523,财通价值动量混合C,001396,誉帆科技,SZ,2026-06-30,0.0,0.01,0.24,,[],[],93433cb883135faca9732947,,[],unavailable
021523,财通价值动量混合C,603293,埃泰克,SH,2026-06-30,0.0,0.01,0.24,,[],[],93433cb883135faca9732947,,[],unavailable
021523,财通价值动量混合C,001312,福恩股份,SZ,2026-06-30,0.0,0.01,0.22,,[],[],93433cb883135faca9732947,,[],unavailable
021523,财通价值动量混合C,603284,林平发展,SH,2026-06-30,0.0,0.0,0.16,,[],[],93433cb883135faca9732947,,[],unavailable
021523,财通价值动量混合C,001220,世盟股份,SZ,2026-06-30,0.0,0.01,0.16,,[],[],93433cb883135faca9732947,,[],unavailable
013312,工银主题策略混合C,688037,芯源微,SH,2026-06-30,9.67,108.78,47758.54,,[],[],9f006e181ada42fb12e86a2f,,[],unavailable
013312,工银主题策略混合C,688361,中科飞测,SH,2026-06-30,8.38,96.24,41382.43,,[],[],9f006e181ada42fb12e86a2f,,[],unavailable
013312,工银主题策略混合C,688409,富创精密,SH,2026-06-30,7.69,123.98,37969.09,,[],[],9f006e181ada42fb12e86a2f,,[],unavailable
013312,工银主题策略混合C,688347,华虹宏力,SH,2026-06-30,7.34,107.78,36246.08,,[],[],9f006e181ada42fb12e86a2f,,[],unavailable
013312,工银主题策略混合C,002371,北方华创,SZ,2026-06-30,7.06,39.38,34835.74,,[],[],9f006e181ada42fb12e86a2f,,[],unavailable
013312,工银主题策略混合C,688172,燕东微,SH,2026-06-30,6.8,401.52,33591.25,,[],[],9f006e181ada42fb12e86a2f,,[],unavailable
013312,工银主题策略混合C,688120,华海清科,SH,2026-06-30,6.79,104.02,33512.04,,[],[],9f006e181ada42fb12e86a2f,,[],unavailable
013312,工银主题策略混合C,688012,中微公司,SH,2026-06-30,6.77,71.38,33439.37,,[],[],9f006e181ada42fb12e86a2f,,[],unavailable
013312,工银主题策略混合C,300567,精测电子,SZ,2026-06-30,6.32,98.29,31216.9,,[],[],9f006e181ada42fb12e86a2f,,[],unavailable
013312,工银主题策略混合C,688072,拓荆科技,SH,2026-06-30,6.32,35.48,31209.59,,[],[],9f006e181ada42fb12e86a2f,,[],unavailable
013312,工银主题策略混合C,688256,寒武纪,SH,2026-06-30,2.87,8.88,14168.32,,[],[],9f006e181ada42fb12e86a2f,,[],unavailable
013312,工银主题策略混合C,300604,长川科技,SZ,2026-06-30,2.72,39.38,13445.12,,[],[],9f006e181ada42fb12e86a2f,,[],unavailable
013312,工银主题策略混合C,688200,华峰测控,SH,2026-06-30,2.37,22.27,11695.18,半导体,[],[],9f006e181ada42fb12e86a2f,7a688009aa74ed3cb0bf95d5,[],mapped
013312,工银主题策略混合C,688536,思瑞浦,SH,2026-06-30,2.33,31.6,11506.59,,[],[],9f006e181ada42fb12e86a2f,,[],unavailable
013312,工银主题策略混合C,688652,京仪装备,SH,2026-06-30,2.16,53.18,10644.82,,[],[],9f006e181ada42fb12e86a2f,,[],unavailable
013312,工银主题策略混合C,688702,盛科通信,SH,2026-06-30,2.0,25.38,9897.4,,[],[],9f006e181ada42fb12e86a2f,,[],unavailable
013312,工银主题策略混合C,688257,新锐股份,SH,2026-06-30,1.7,82.23,8379.37,,[],[],9f006e181ada42fb12e86a2f,,[],unavailable
013312,工银主题策略混合C,688048,长光华芯,SH,2026-06-30,1.56,15.31,7683.71,,[],[],9f006e181ada42fb12e86a2f,,[],unavailable
013312,工银主题策略混合C,688795,摩尔线程,SH,2026-06-30,0.04,0.32,213.24,,[],[],9f006e181ada42fb12e86a2f,,[],unavailable
013312,工银主题策略混合C,688783,西安奕材,SH,2026-06-30,0.04,3.41,195.57,,[],[],9f006e181ada42fb12e86a2f,,[],unavailable
013312,工银主题策略混合C,688802,沐曦股份,SH,2026-06-30,0.04,0.23,179.15,,[],[],9f006e181ada42fb12e86a2f,,[],unavailable
013312,工银主题策略混合C,001248,华润新能源,SZ,2026-06-30,0.02,8.41,85.03,,[],[],9f006e181ada42fb12e86a2f,,[],unavailable
013312,工银主题策略混合C,688765,禾元生物,SH,2026-06-30,0.01,1.37,66.74,,[],[],9f006e181ada42fb12e86a2f,,[],unavailable
013312,工银主题策略混合C,301666,大普微,SZ,2026-06-30,0.01,0.12,56.53,,[],[],9f006e181ada42fb12e86a2f,,[],unavailable
013312,工银主题策略混合C,688759,必贝特,SH,2026-06-30,0.01,1.26,38.47,,[],[],9f006e181ada42fb12e86a2f,,[],unavailable
013312,工银主题策略混合C,688790,昂瑞微,SH,2026-06-30,0.01,0.23,29.32,,[],[],9f006e181ada42fb12e86a2f,,[],unavailable
013312,工银主题策略混合C,688781,视涯科技,SH,2026-06-30,0.01,0.63,26.71,,[],[],9f006e181ada42fb12e86a2f,,[],unavailable
013312,工银主题策略混合C,688808,联讯仪器,SH,2026-06-30,0.01,0.02,25.82,,[],[],9f006e181ada42fb12e86a2f,,[],unavailable
013312,工银主题策略混合C,688820,盛合晶微,SH,2026-06-30,0.0,0.16,23.25,,[],[],9f006e181ada42fb12e86a2f,,[],unavailable
013312,工银主题策略混合C,001399,惠科股份,SZ,2026-06-30,0.0,0.65,17.99,,[],[],9f006e181ada42fb12e86a2f,,[],unavailable
013312,工银主题策略混合C,688809,强一股份,SH,2026-06-30,0.0,0.03,16.14,,[],[],9f006e181ada42fb12e86a2f,,[],unavailable
013312,工银主题策略混合C,688818,电科蓝天,SH,2026-06-30,0.0,0.17,12.04,,[],[],9f006e181ada42fb12e86a2f,,[],unavailable
013312,工银主题策略混合C,301682,宏明电子,SZ,2026-06-30,0.0,0.07,11.43,,[],[],9f006e181ada42fb12e86a2f,,[],unavailable
013312,工银主题策略混合C,688797,臻宝科技,SH,2026-06-30,0.0,0.02,9.7,,[],[],9f006e181ada42fb12e86a2f,,[],unavailable
013312,工银主题策略混合C,688712,北芯生命,SH,2026-06-30,0.0,0.15,5.39,,[],[],9f006e181ada42fb12e86a2f,,[],unavailable
013312,工银主题策略混合C,688785,恒运昌,SH,2026-06-30,0.0,0.01,5.37,,[],[],9f006e181ada42fb12e86a2f,,[],unavailable
013312,工银主题策略混合C,688813,泰金新能,SH,2026-06-30,0.0,0.02,4.03,,[],[],9f006e181ada42fb12e86a2f,,[],unavailable
013312,工银主题策略混合C,688635,长进光子,SH,2026-06-30,0.0,0.01,3.94,,[],[],9f006e181ada42fb12e86a2f,,[],unavailable
013312,工银主题策略混合C,001257,盛龙股份,SZ,2026-06-30,0.0,0.17,3.61,,[],[],9f006e181ada42fb12e86a2f,,[],unavailable
013312,工银主题策略混合C,603459,红板科技,SH,2026-06-30,0.0,0.03,2.78,,[],[],9f006e181ada42fb12e86a2f,,[],unavailable
013312,工银主题策略混合C,001365,天海电子,SZ,2026-06-30,0.0,0.07,2.25,,[],[],9f006e181ada42fb12e86a2f,,[],unavailable
013312,工银主题策略混合C,688811,有研复材,SH,2026-06-30,0.0,0.08,2.01,,[],[],9f006e181ada42fb12e86a2f,,[],unavailable
013312,工银主题策略混合C,301696,三瑞智能,SZ,2026-06-30,0.0,0.02,1.87,,[],[],9f006e181ada42fb12e86a2f,,[],unavailable
013312,工银主题策略混合C,001237,惠康科技,SZ,2026-06-30,0.0,0.03,1.67,,[],[],9f006e181ada42fb12e86a2f,,[],unavailable
013312,工银主题策略混合C,301669,高特电子,SZ,2026-06-30,0.0,0.05,1.55,,[],[],9f006e181ada42fb12e86a2f,,[],unavailable
013312,工银主题策略混合C,301687,新广益,SZ,2026-06-30,0.0,0.02,1.52,,[],[],9f006e181ada42fb12e86a2f,,[],unavailable
013312,工银主题策略混合C,001393,维通利,SZ,2026-06-30,0.0,0.04,1.51,,[],[],9f006e181ada42fb12e86a2f,,[],unavailable
013312,工银主题策略混合C,301531,春光集团,SZ,2026-06-30,0.0,0.03,1.5,,[],[],9f006e181ada42fb12e86a2f,,[],unavailable
013312,工银主题策略混合C,301599,理奇智能,SZ,2026-06-30,0.0,0.04,1.41,,[],[],9f006e181ada42fb12e86a2f,,[],unavailable
013312,工银主题策略混合C,601112,振石股份,SH,2026-06-30,0.0,0.08,1.36,,[],[],9f006e181ada42fb12e86a2f,,[],unavailable
013312,工银主题策略混合C,301683,慧谷新材,SZ,2026-06-30,0.0,0.01,1.17,,[],[],9f006e181ada42fb12e86a2f,,[],unavailable
013312,工银主题策略混合C,688816,易思维,SH,2026-06-30,0.0,0.02,1.01,,[],[],9f006e181ada42fb12e86a2f,,[],unavailable
013312,工银主题策略混合C,603407,长裕集团,SH,2026-06-30,0.0,0.01,1.01,,[],[],9f006e181ada42fb12e86a2f,,[],unavailable
013312,工银主题策略混合C,301513,尚水智能,SZ,2026-06-30,0.0,0.01,0.7,,[],[],9f006e181ada42fb12e86a2f,,[],unavailable
013312,工银主题策略混合C,603435,嘉德利,SH,2026-06-30,0.0,0.01,0.49,,[],[],9f006e181ada42fb12e86a2f,,[],unavailable
013312,工银主题策略混合C,603352,至信股份,SH,2026-06-30,0.0,0.01,0.29,,[],[],9f006e181ada42fb12e86a2f,,[],unavailable
013312,工银主题策略混合C,001396,誉帆科技,SZ,2026-06-30,0.0,0.01,0.24,,[],[],9f006e181ada42fb12e86a2f,,[],unavailable
013312,工银主题策略混合C,603293,埃泰克,SH,2026-06-30,0.0,0.01,0.24,,[],[],9f006e181ada42fb12e86a2f,,[],unavailable
013312,工银主题策略混合C,001312,福恩股份,SZ,2026-06-30,0.0,0.01,0.22,,[],[],9f006e181ada42fb12e86a2f,,[],unavailable
013312,工银主题策略混合C,603284,林平发展,SH,2026-06-30,0.0,0.0,0.16,,[],[],9f006e181ada42fb12e86a2f,,[],unavailable
013312,工银主题策略混合C,001220,世盟股份,SZ,2026-06-30,0.0,0.01,0.16,,[],[],9f006e181ada42fb12e86a2f,,[],unavailable
001198,东方惠新灵活配置混合A,300567,精测电子,SZ,2026-06-30,9.29,133.73,42473.31,,[],[],bc230878c4b1bd326e0e9007,,[],unavailable
001198,东方惠新灵活配置混合A,688012,中微公司,SH,2026-06-30,8.93,87.15,40830.01,,[],[],bc230878c4b1bd326e0e9007,,[],unavailable
001198,东方惠新灵活配置混合A,002371,北方华创,SZ,2026-06-30,8.85,45.73,40450.49,,[],[],bc230878c4b1bd326e0e9007,,[],unavailable
001198,东方惠新灵活配置混合A,688037,芯源微,SH,2026-06-30,8.76,91.19,40038.11,,[],[],bc230878c4b1bd326e0e9007,,[],unavailable
001198,东方惠新灵活配置混合A,688766,普冉股份,SH,2026-06-30,7.86,46.86,35920.42,,[],[],bc230878c4b1bd326e0e9007,,[],unavailable
001198,东方惠新灵活配置混合A,688072,拓荆科技,SH,2026-06-30,6.92,35.98,31641.18,,[],[],bc230878c4b1bd326e0e9007,,[],unavailable
001198,东方惠新灵活配置混合A,688256,寒武纪,SH,2026-06-30,6.88,19.71,31452.6,,[],[],bc230878c4b1bd326e0e9007,,[],unavailable
001198,东方惠新灵活配置混合A,688347,华虹宏力,SH,2026-06-30,6.82,92.7,31174.34,,[],[],bc230878c4b1bd326e0e9007,,[],unavailable
001198,东方惠新灵活配置混合A,603986,兆易创新,SH,2026-06-30,6.82,38.23,31159.57,,[],[],bc230878c4b1bd326e0e9007,,[],unavailable
001198,东方惠新灵活配置混合A,688172,燕东微,SH,2026-06-30,4.54,248.18,20762.94,,[],[],bc230878c4b1bd326e0e9007,,[],unavailable
007490,南方信息创新混合A,300567,精测电子,SZ,2026-06-30,9.82,485.01,154037.84,,[],[],bfc6402b535c1822865ec74f,,[],unavailable
007490,南方信息创新混合A,688120,华海清科,SH,2026-06-30,9.73,473.32,152494.75,,[],[],bfc6402b535c1822865ec74f,,[],unavailable
007490,南方信息创新混合A,688037,芯源微,SH,2026-06-30,9.72,347.02,152358.87,,[],[],bfc6402b535c1822865ec74f,,[],unavailable
007490,南方信息创新混合A,688409,富创精密,SH,2026-06-30,9.01,461.19,141238.52,,[],[],bfc6402b535c1822865ec74f,,[],unavailable
007490,南方信息创新混合A,002371,北方华创,SZ,2026-06-30,8.94,158.4,140110.5,,[],[],bfc6402b535c1822865ec74f,,[],unavailable
007490,南方信息创新混合A,688012,中微公司,SH,2026-06-30,8.89,297.6,139426.21,,[],[],bfc6402b535c1822865ec74f,,[],unavailable
007490,南方信息创新混合A,688172,燕东微,SH,2026-06-30,8.58,1607.31,134467.63,,[],[],bfc6402b535c1822865ec74f,,[],unavailable
007490,南方信息创新混合A,688072,拓荆科技,SH,2026-06-30,8.22,146.49,128839.1,,[],[],bfc6402b535c1822865ec74f,,[],unavailable
007490,南方信息创新混合A,01347,华虹宏力,HK,2026-06-30,5.01,420.0,78503.02,,[],[],bfc6402b535c1822865ec74f,,[],unmapped_market
007490,南方信息创新混合A,688785,恒运昌,SH,2026-06-30,4.41,143.0,69216.05,,[],[],bfc6402b535c1822865ec74f,,[],unavailable
002163,东方惠新灵活配置混合C,300567,精测电子,SZ,2026-06-30,9.29,133.73,42473.31,,[],[],2d6da52c68cf3ea5f8412183,,[],unavailable
002163,东方惠新灵活配置混合C,688012,中微公司,SH,2026-06-30,8.93,87.15,40830.01,,[],[],2d6da52c68cf3ea5f8412183,,[],unavailable
002163,东方惠新灵活配置混合C,002371,北方华创,SZ,2026-06-30,8.85,45.73,40450.49,,[],[],2d6da52c68cf3ea5f8412183,,[],unavailable
002163,东方惠新灵活配置混合C,688037,芯源微,SH,2026-06-30,8.76,91.19,40038.11,,[],[],2d6da52c68cf3ea5f8412183,,[],unavailable
002163,东方惠新灵活配置混合C,688766,普冉股份,SH,2026-06-30,7.86,46.86,35920.42,,[],[],2d6da52c68cf3ea5f8412183,,[],unavailable
002163,东方惠新灵活配置混合C,688072,拓荆科技,SH,2026-06-30,6.92,35.98,31641.18,,[],[],2d6da52c68cf3ea5f8412183,,[],unavailable
002163,东方惠新灵活配置混合C,688256,寒武纪,SH,2026-06-30,6.88,19.71,31452.6,,[],[],2d6da52c68cf3ea5f8412183,,[],unavailable
002163,东方惠新灵活配置混合C,688347,华虹宏力,SH,2026-06-30,6.82,92.7,31174.34,,[],[],2d6da52c68cf3ea5f8412183,,[],unavailable
002163,东方惠新灵活配置混合C,603986,兆易创新,SH,2026-06-30,6.82,38.23,31159.57,,[],[],2d6da52c68cf3ea5f8412183,,[],unavailable
002163,东方惠新灵活配置混合C,688172,燕东微,SH,2026-06-30,4.54,248.18,20762.94,,[],[],2d6da52c68cf3ea5f8412183,,[],unavailable
007491,南方信息创新混合C,300567,精测电子,SZ,2026-06-30,9.82,485.01,154037.84,,[],[],e37d16819dd945e3d24f0776,,[],unavailable
007491,南方信息创新混合C,688120,华海清科,SH,2026-06-30,9.73,473.32,152494.75,,[],[],e37d16819dd945e3d24f0776,,[],unavailable
007491,南方信息创新混合C,688037,芯源微,SH,2026-06-30,9.72,347.02,152358.87,,[],[],e37d16819dd945e3d24f0776,,[],unavailable
007491,南方信息创新混合C,688409,富创精密,SH,2026-06-30,9.01,461.19,141238.52,,[],[],e37d16819dd945e3d24f0776,,[],unavailable
007491,南方信息创新混合C,002371,北方华创,SZ,2026-06-30,8.94,158.4,140110.5,,[],[],e37d16819dd945e3d24f0776,,[],unavailable
007491,南方信息创新混合C,688012,中微公司,SH,2026-06-30,8.89,297.6,139426.21,,[],[],e37d16819dd945e3d24f0776,,[],unavailable
007491,南方信息创新混合C,688172,燕东微,SH,2026-06-30,8.58,1607.31,134467.63,,[],[],e37d16819dd945e3d24f0776,,[],unavailable
007491,南方信息创新混合C,688072,拓荆科技,SH,2026-06-30,8.22,146.49,128839.1,,[],[],e37d16819dd945e3d24f0776,,[],unavailable
007491,南方信息创新混合C,01347,华虹宏力,HK,2026-06-30,5.01,420.0,78503.02,,[],[],e37d16819dd945e3d24f0776,,[],unmapped_market
007491,南方信息创新混合C,688785,恒运昌,SH,2026-06-30,4.41,143.0,69216.05,,[],[],e37d16819dd945e3d24f0776,,[],unavailable
024459,华商致远回报混合A,300502,新易盛,SZ,2026-06-30,8.94,161.85,98243.62,,[],[],bc51be94f7aac50056d24b2a,,[],unavailable
024459,华商致远回报混合A,300308,中际旭创,SZ,2026-06-30,8.11,70.16,89108.41,,[],[],bc51be94f7aac50056d24b2a,,[],unavailable
024459,华商致远回报混合A,000636,风华高科,SZ,2026-06-30,6.15,935.29,67565.35,,[],[],bc51be94f7aac50056d24b2a,,[],unavailable
024459,华商致远回报混合A,300408,三环集团,SZ,2026-06-30,5.12,337.3,56295.14,,[],[],bc51be94f7aac50056d24b2a,,[],unavailable
024459,华商致远回报混合A,605376,博迁新材,SH,2026-06-30,4.97,201.11,54561.25,,[],[],bc51be94f7aac50056d24b2a,,[],unavailable
024459,华商致远回报混合A,688498,源杰科技,SH,2026-06-30,4.69,27.34,51558.71,,[],[],bc51be94f7aac50056d24b2a,,[],unavailable
024459,华商致远回报混合A,06869,长飞光纤光缆,HK,2026-06-30,4.33,214.46,47572.63,,[],[],bc51be94f7aac50056d24b2a,,[],unmapped_market
024459,华商致远回报混合A,688048,长光华芯,SH,2026-06-30,4.03,88.15,44251.1,,[],[],bc51be94f7aac50056d24b2a,,[],unavailable
024459,华商致远回报混合A,600105,永鼎股份,SH,2026-06-30,3.09,502.85,33932.27,,[],[],bc51be94f7aac50056d24b2a,,[],unavailable
024459,华商致远回报混合A,600183,生益科技,SH,2026-06-30,2.36,149.79,25973.59,,[],[],bc51be94f7aac50056d24b2a,,[],unavailable
001170,宏利复兴混合A,300502,新易盛,SZ,2026-06-30,10.66,210.62,127843.73,,[],[],023e99758f16928a391ceeac,,[],unavailable
001170,宏利复兴混合A,300308,中际旭创,SZ,2026-06-30,9.98,94.21,119646.7,,[],[],023e99758f16928a391ceeac,,[],unavailable
001170,宏利复兴混合A,688498,源杰科技,SH,2026-06-30,9.87,62.73,118308.59,,[],[],023e99758f16928a391ceeac,,[],unavailable
001170,宏利复兴混合A,600183,生益科技,SH,2026-06-30,8.79,607.93,105415.01,,[],[],023e99758f16928a391ceeac,,[],unavailable
001170,宏利复兴混合A,603256,宏和科技,SH,2026-06-30,5.28,238.59,63305.08,,[],[],023e99758f16928a391ceeac,,[],unavailable
001170,宏利复兴混合A,301377,鼎泰高科,SZ,2026-06-30,5.0,108.81,59943.43,,[],[],023e99758f16928a391ceeac,,[],unavailable
001170,宏利复兴混合A,600487,亨通光电,SH,2026-06-30,4.63,508.13,55558.56,,[],[],023e99758f16928a391ceeac,,[],unavailable
001170,宏利复兴混合A,002384,东山精密,SZ,2026-06-30,4.08,186.24,48860.06,,[],[],023e99758f16928a391ceeac,,[],unavailable
001170,宏利复兴混合A,600105,永鼎股份,SH,2026-06-30,3.96,704.3,47526.16,,[],[],023e99758f16928a391ceeac,,[],unavailable
001170,宏利复兴混合A,300570,太辰光,SZ,2026-06-30,3.24,157.54,38865.85,,[],[],023e99758f16928a391ceeac,,[],unavailable
017612,宏利复兴混合C,300502,新易盛,SZ,2026-06-30,10.66,210.62,127843.73,,[],[],a0f84734e8afddec3ce46cae,,[],unavailable
017612,宏利复兴混合C,300308,中际旭创,SZ,2026-06-30,9.98,94.21,119646.7,,[],[],a0f84734e8afddec3ce46cae,,[],unavailable
017612,宏利复兴混合C,688498,源杰科技,SH,2026-06-30,9.87,62.73,118308.59,,[],[],a0f84734e8afddec3ce46cae,,[],unavailable
017612,宏利复兴混合C,600183,生益科技,SH,2026-06-30,8.79,607.93,105415.01,,[],[],a0f84734e8afddec3ce46cae,,[],unavailable
017612,宏利复兴混合C,603256,宏和科技,SH,2026-06-30,5.28,238.59,63305.08,,[],[],a0f84734e8afddec3ce46cae,,[],unavailable
017612,宏利复兴混合C,301377,鼎泰高科,SZ,2026-06-30,5.0,108.81,59943.43,,[],[],a0f84734e8afddec3ce46cae,,[],unavailable
017612,宏利复兴混合C,600487,亨通光电,SH,2026-06-30,4.63,508.13,55558.56,,[],[],a0f84734e8afddec3ce46cae,,[],unavailable
017612,宏利复兴混合C,002384,东山精密,SZ,2026-06-30,4.08,186.24,48860.06,,[],[],a0f84734e8afddec3ce46cae,,[],unavailable
017612,宏利复兴混合C,600105,永鼎股份,SH,2026-06-30,3.96,704.3,47526.16,,[],[],a0f84734e8afddec3ce46cae,,[],unavailable
017612,宏利复兴混合C,300570,太辰光,SZ,2026-06-30,3.24,157.54,38865.85,,[],[],a0f84734e8afddec3ce46cae,,[],unavailable
001184,易方达新常态混合A,300502,新易盛,SZ,2026-06-30,7.24,132.06,80158.11,,[],[],1fe6697baed041535d002973,,[],unavailable
001184,易方达新常态混合A,002384,东山精密,SZ,2026-06-30,6.21,262.09,68759.31,,[],[],1fe6697baed041535d002973,,[],unavailable
001184,易方达新常态混合A,002371,北方华创,SZ,2026-06-30,5.6,70.12,62027.38,,[],[],1fe6697baed041535d002973,,[],unavailable
001184,易方达新常态混合A,300308,中际旭创,SZ,2026-06-30,5.35,46.69,59296.3,,[],[],1fe6697baed041535d002973,,[],unavailable
001184,易方达新常态混合A,688521,芯原股份,SH,2026-06-30,4.69,140.06,51981.65,,[],[],1fe6697baed041535d002973,,[],unavailable
001184,易方达新常态混合A,688256,寒武纪,SH,2026-06-30,4.2,29.14,46487.94,,[],[],1fe6697baed041535d002973,,[],unavailable
001184,易方达新常态混合A,300433,蓝思科技,SZ,2026-06-30,3.93,811.18,43527.82,,[],[],1fe6697baed041535d002973,,[],unavailable
001184,易方达新常态混合A,300475,香农芯创,SZ,2026-06-30,3.18,117.35,35205.36,,[],[],1fe6697baed041535d002973,,[],unavailable
001184,易方达新常态混合A,600176,中国巨石,SH,2026-06-30,3.13,476.31,34713.47,,[],[],1fe6697baed041535d002973,,[],unavailable
001184,易方达新常态混合A,300666,江丰电子,SZ,2026-06-30,3.13,95.51,34636.53,,[],[],1fe6697baed041535d002973,,[],unavailable
024460,华商致远回报混合C,300502,新易盛,SZ,2026-06-30,8.94,161.85,98243.62,,[],[],ab9850c359596b3c3043608d,,[],unavailable
024460,华商致远回报混合C,300308,中际旭创,SZ,2026-06-30,8.11,70.16,89108.41,,[],[],ab9850c359596b3c3043608d,,[],unavailable
024460,华商致远回报混合C,000636,风华高科,SZ,2026-06-30,6.15,935.29,67565.35,,[],[],ab9850c359596b3c3043608d,,[],unavailable
024460,华商致远回报混合C,300408,三环集团,SZ,2026-06-30,5.12,337.3,56295.14,,[],[],ab9850c359596b3c3043608d,,[],unavailable
024460,华商致远回报混合C,605376,博迁新材,SH,2026-06-30,4.97,201.11,54561.25,,[],[],ab9850c359596b3c3043608d,,[],unavailable
024460,华商致远回报混合C,688498,源杰科技,SH,2026-06-30,4.69,27.34,51558.71,,[],[],ab9850c359596b3c3043608d,,[],unavailable
024460,华商致远回报混合C,06869,长飞光纤光缆,HK,2026-06-30,4.33,214.46,47572.63,,[],[],ab9850c359596b3c3043608d,,[],unmapped_market
024460,华商致远回报混合C,688048,长光华芯,SH,2026-06-30,4.03,88.15,44251.1,,[],[],ab9850c359596b3c3043608d,,[],unavailable
024460,华商致远回报混合C,600105,永鼎股份,SH,2026-06-30,3.09,502.85,33932.27,,[],[],ab9850c359596b3c3043608d,,[],unavailable
024460,华商致远回报混合C,600183,生益科技,SH,2026-06-30,2.36,149.79,25973.59,,[],[],ab9850c359596b3c3043608d,,[],unavailable
162214,宏利领先中小盘混合,300604,长川科技,SZ,2026-06-30,8.03,6.8,2321.66,,[],[],28f5f93a69a9fb19b34fe551,,[],unavailable
162214,宏利领先中小盘混合,688012,中微公司,SH,2026-06-30,7.67,4.74,2218.91,,[],[],28f5f93a69a9fb19b34fe551,,[],unavailable
162214,宏利领先中小盘混合,688361,中科飞测,SH,2026-06-30,6.9,4.64,1994.38,,[],[],28f5f93a69a9fb19b34fe551,,[],unavailable
162214,宏利领先中小盘混合,688120,华海清科,SH,2026-06-30,6.88,6.18,1989.94,,[],[],28f5f93a69a9fb19b34fe551,,[],unavailable
162214,宏利领先中小盘混合,688072,拓荆科技,SH,2026-06-30,6.32,2.08,1826.96,,[],[],28f5f93a69a9fb19b34fe551,,[],unavailable
162214,宏利领先中小盘混合,688082,盛美上海,SH,2026-06-30,5.73,3.84,1657.89,,[],[],28f5f93a69a9fb19b34fe551,,[],unavailable
162214,宏利领先中小盘混合,688037,芯源微,SH,2026-06-30,5.51,3.63,1592.74,,[],[],28f5f93a69a9fb19b34fe551,,[],unavailable
162214,宏利领先中小盘混合,688147,微导纳米,SH,2026-06-30,5.45,9.74,1576.74,,[],[],28f5f93a69a9fb19b34fe551,,[],unavailable
162214,宏利领先中小盘混合,688019,安集科技,SH,2026-06-30,4.8,4.09,1387.27,,[],[],28f5f93a69a9fb19b34fe551,,[],unavailable
162214,宏利领先中小盘混合,300567,精测电子,SZ,2026-06-30,4.65,4.23,1343.45,,[],[],28f5f93a69a9fb19b34fe551,,[],unavailable
013107,华夏先进制造龙头混合A,688361,中科飞测,SH,2026-06-30,8.6,32.49,13968.81,,[],[],92e15fb31eb4cc2bef6e333a,,[],unavailable
013107,华夏先进制造龙头混合A,688019,安集科技,SH,2026-06-30,8.53,40.82,13857.71,,[],[],92e15fb31eb4cc2bef6e333a,,[],unavailable
013107,华夏先进制造龙头混合A,300502,新易盛,SZ,2026-06-30,8.05,21.54,13077.21,,[],[],92e15fb31eb4cc2bef6e333a,,[],unavailable
013107,华夏先进制造龙头混合A,300308,中际旭创,SZ,2026-06-30,7.85,10.04,12750.8,,[],[],92e15fb31eb4cc2bef6e333a,,[],unavailable
013107,华夏先进制造龙头混合A,002371,北方华创,SZ,2026-06-30,7.78,14.29,12640.36,,[],[],92e15fb31eb4cc2bef6e333a,,[],unavailable
013107,华夏先进制造龙头混合A,688498,源杰科技,SH,2026-06-30,7.55,6.51,12268.62,,[],[],92e15fb31eb4cc2bef6e333a,,[],unavailable
013107,华夏先进制造龙头混合A,300223,君正股份,SZ,2026-06-30,7.38,48.17,11989.51,,[],[],92e15fb31eb4cc2bef6e333a,,[],unavailable
013107,华夏先进制造龙头混合A,603986,兆易创新,SH,2026-06-30,7.28,14.51,11825.65,,[],[],92e15fb31eb4cc2bef6e333a,,[],unavailable
013107,华夏先进制造龙头混合A,002916,深南电路,SZ,2026-06-30,6.71,23.82,10907.18,,[],[],92e15fb31eb4cc2bef6e333a,,[],unavailable
013107,华夏先进制造龙头混合A,002463,沪电股份,SZ,2026-06-30,5.37,57.07,8720.14,,[],[],92e15fb31eb4cc2bef6e333a,,[],unavailable
011891,易方达先锋成长混合A,300502,新易盛,SZ,2026-06-30,8.45,183.16,111180.49,,[],[],3a5aed2a327dfceaeb59a665,,[],unavailable
011891,易方达先锋成长混合A,300548,长芯博创,SZ,2026-06-30,8.43,399.08,110944.8,,[],[],3a5aed2a327dfceaeb59a665,,[],unavailable
011891,易方达先锋成长混合A,300308,中际旭创,SZ,2026-06-30,8.22,85.16,108151.3,,[],[],3a5aed2a327dfceaeb59a665,,[],unavailable
011891,易方达先锋成长混合A,688498,源杰科技,SH,2026-06-30,8.2,57.23,107933.52,,[],[],3a5aed2a327dfceaeb59a665,,[],unavailable
011891,易方达先锋成长混合A,300475,香农芯创,SZ,2026-06-30,5.77,253.05,75916.32,,[],[],3a5aed2a327dfceaeb59a665,,[],unavailable
011891,易方达先锋成长混合A,300408,三环集团,SZ,2026-06-30,5.75,453.67,75717.52,,[],[],3a5aed2a327dfceaeb59a665,,[],unavailable
011891,易方达先锋成长混合A,06869,长飞光纤光缆,HK,2026-06-30,5.68,337.15,74789.2,,[],[],3a5aed2a327dfceaeb59a665,,[],unmapped_market
011891,易方达先锋成长混合A,688256,寒武纪,SH,2026-06-30,5.07,41.83,66746.48,,[],[],3a5aed2a327dfceaeb59a665,,[],unavailable
011891,易方达先锋成长混合A,002384,东山精密,SZ,2026-06-30,5.04,252.87,66339.53,,[],[],3a5aed2a327dfceaeb59a665,,[],unavailable
011891,易方达先锋成长混合A,301377,鼎泰高科,SZ,2026-06-30,3.95,106.4,51941.29,,[],[],3a5aed2a327dfceaeb59a665,,[],unavailable
001437,易方达瑞享混合I,300502,新易盛,SZ,2026-06-30,8.5,271.05,164528.75,,[],[],bc0057352b780aeb348e4f47,,[],unavailable
001437,易方达瑞享混合I,300548,长芯博创,SZ,2026-06-30,8.47,589.37,163846.22,,[],[],bc0057352b780aeb348e4f47,,[],unavailable
001437,易方达瑞享混合I,300308,中际旭创,SZ,2026-06-30,8.26,125.92,159918.02,,[],[],bc0057352b780aeb348e4f47,,[],unavailable
001437,易方达瑞享混合I,688498,源杰科技,SH,2026-06-30,8.26,84.74,159811.91,,[],[],bc0057352b780aeb348e4f47,,[],unavailable
001437,易方达瑞享混合I,300475,香农芯创,SZ,2026-06-30,5.77,372.06,111617.4,,[],[],bc0057352b780aeb348e4f47,,[],unavailable
001437,易方达瑞享混合I,601869,长飞光纤,SH,2026-06-30,5.77,204.4,111581.63,,[],[],bc0057352b780aeb348e4f47,,[],unavailable
001437,易方达瑞享混合I,300408,三环集团,SZ,2026-06-30,5.75,666.6,111255.99,,[],[],bc0057352b780aeb348e4f47,,[],unavailable
001437,易方达瑞享混合I,688256,寒武纪,SH,2026-06-30,5.07,61.46,98060.27,,[],[],bc0057352b780aeb348e4f47,,[],unavailable
001437,易方达瑞享混合I,002384,东山精密,SZ,2026-06-30,5.04,371.51,97465.02,,[],[],bc0057352b780aeb348e4f47,,[],unavailable
001437,易方达瑞享混合I,301377,鼎泰高科,SZ,2026-06-30,3.76,149.0,72737.33,,[],[],bc0057352b780aeb348e4f47,,[],unavailable
001438,易方达瑞享混合E,300502,新易盛,SZ,2026-06-30,8.5,271.05,164528.75,,[],[],fa80020fcf6d12f20e7b3c19,,[],unavailable
001438,易方达瑞享混合E,300548,长芯博创,SZ,2026-06-30,8.47,589.37,163846.22,,[],[],fa80020fcf6d12f20e7b3c19,,[],unavailable
001438,易方达瑞享混合E,300308,中际旭创,SZ,2026-06-30,8.26,125.92,159918.02,,[],[],fa80020fcf6d12f20e7b3c19,,[],unavailable
001438,易方达瑞享混合E,688498,源杰科技,SH,2026-06-30,8.26,84.74,159811.91,,[],[],fa80020fcf6d12f20e7b3c19,,[],unavailable
001438,易方达瑞享混合E,300475,香农芯创,SZ,2026-06-30,5.77,372.06,111617.4,,[],[],fa80020fcf6d12f20e7b3c19,,[],unavailable
001438,易方达瑞享混合E,601869,长飞光纤,SH,2026-06-30,5.77,204.4,111581.63,,[],[],fa80020fcf6d12f20e7b3c19,,[],unavailable
001438,易方达瑞享混合E,300408,三环集团,SZ,2026-06-30,5.75,666.6,111255.99,,[],[],fa80020fcf6d12f20e7b3c19,,[],unavailable
001438,易方达瑞享混合E,688256,寒武纪,SH,2026-06-30,5.07,61.46,98060.27,,[],[],fa80020fcf6d12f20e7b3c19,,[],unavailable
001438,易方达瑞享混合E,002384,东山精密,SZ,2026-06-30,5.04,371.51,97465.02,,[],[],fa80020fcf6d12f20e7b3c19,,[],unavailable
001438,易方达瑞享混合E,301377,鼎泰高科,SZ,2026-06-30,3.76,149.0,72737.33,,[],[],fa80020fcf6d12f20e7b3c19,,[],unavailable
011892,易方达先锋成长混合C,300308,中际旭创,SZ,2025-12-31,9.71,35.58,21702.89,,[],[],0eeb58f657dfec0f91565471,,[],unavailable
011892,易方达先锋成长混合C,300502,新易盛,SZ,2025-12-31,9.32,48.35,20834.0,,[],[],0eeb58f657dfec0f91565471,,[],unavailable
011892,易方达先锋成长混合C,002837,英维克,SZ,2025-12-31,8.63,180.4,19283.18,,[],[],0eeb58f657dfec0f91565471,,[],unavailable
011892,易方达先锋成长混合C,300394,天孚通信,SZ,2025-12-31,6.83,75.21,15270.19,,[],[],0eeb58f657dfec0f91565471,,[],unavailable
011892,易方达先锋成长混合C,688313,仕佳光子,SH,2025-12-31,6.11,153.84,13658.0,,[],[],0eeb58f657dfec0f91565471,,[],unavailable
011892,易方达先锋成长混合C,300548,长芯博创,SZ,2025-12-31,4.92,77.35,10984.23,,[],[],0eeb58f657dfec0f91565471,,[],unavailable
011892,易方达先锋成长混合C,688498,源杰科技,SH,2025-12-31,4.01,13.95,8958.2,,[],[],0eeb58f657dfec0f91565471,,[],unavailable
011892,易方达先锋成长混合C,002463,沪电股份,SZ,2025-12-31,3.91,119.66,8743.63,,[],[],0eeb58f657dfec0f91565471,,[],unavailable
011892,易方达先锋成长混合C,06869,长飞光纤光缆,HK,2025-12-31,3.63,173.65,8108.84,,[],[],0eeb58f657dfec0f91565471,,[],unmapped_market
011892,易方达先锋成长混合C,688183,生益电子,SH,2025-12-31,3.47,81.05,7755.29,,[],[],0eeb58f657dfec0f91565471,,[],unavailable
008528,华泰柏瑞质量成长A,300308,中际旭创,SZ,2026-06-30,9.99,225.64,286561.02,,[],[],a4912358315207cb8798c45b,,[],unavailable
008528,华泰柏瑞质量成长A,300502,新易盛,SZ,2026-06-30,7.62,359.95,218490.32,,[],[],a4912358315207cb8798c45b,,[],unavailable
008528,华泰柏瑞质量成长A,600487,亨通光电,SH,2026-06-30,7.47,1960.56,214367.11,,[],[],a4912358315207cb8798c45b,,[],unavailable
008528,华泰柏瑞质量成长A,002384,东山精密,SZ,2026-06-30,6.29,687.26,180302.77,,[],[],a4912358315207cb8798c45b,,[],unavailable
008528,华泰柏瑞质量成长A,688498,源杰科技,SH,2026-06-30,6.25,95.08,179319.56,,[],[],a4912358315207cb8798c45b,,[],unavailable
008528,华泰柏瑞质量成长A,06869,长飞光纤光缆,HK,2026-06-30,5.91,763.83,169438.41,,[],[],a4912358315207cb8798c45b,,[],unmapped_market
008528,华泰柏瑞质量成长A,603256,宏和科技,SH,2026-06-30,5.59,604.73,160452.29,,[],[],a4912358315207cb8798c45b,,[],unavailable
008528,华泰柏瑞质量成长A,600183,生益科技,SH,2026-06-30,5.53,915.38,158726.2,,[],[],a4912358315207cb8798c45b,,[],unavailable
008528,华泰柏瑞质量成长A,600176,中国巨石,SH,2026-06-30,5.07,1994.34,145347.46,,[],[],a4912358315207cb8798c45b,,[],unavailable
008528,华泰柏瑞质量成长A,688808,联讯仪器,SH,2026-06-30,4.64,57.34,133140.62,,[],[],a4912358315207cb8798c45b,,[],unavailable
110005,易方达积极成长混合,688120,华海清科,SH,2026-06-30,9.58,216.65,69799.78,,[],[],3e1d3aaea5142821d3efb802,,[],unavailable
110005,易方达积极成长混合,002371,北方华创,SZ,2026-06-30,9.52,78.4,69349.42,,[],[],3e1d3aaea5142821d3efb802,,[],unavailable
110005,易方达积极成长混合,688200,华峰测控,SH,2026-06-30,9.42,130.7,68629.52,半导体,[],[],3e1d3aaea5142821d3efb802,7a688009aa74ed3cb0bf95d5,[],mapped
110005,易方达积极成长混合,688521,芯原股份,SH,2026-06-30,9.39,184.38,68429.12,,[],[],3e1d3aaea5142821d3efb802,,[],unavailable
110005,易方达积极成长混合,300604,长川科技,SZ,2026-06-30,8.22,175.4,59884.97,,[],[],3e1d3aaea5142821d3efb802,,[],unavailable
110005,易方达积极成长混合,688072,拓荆科技,SH,2026-06-30,7.86,65.67,57220.64,,[],[],3e1d3aaea5142821d3efb802,,[],unavailable
110005,易方达积极成长混合,300661,圣邦股份,SZ,2026-06-30,7.53,382.31,54854.46,,[],[],3e1d3aaea5142821d3efb802,,[],unavailable
110005,易方达积极成长混合,300750,宁德时代,SZ,2026-06-30,5.36,99.37,39053.01,,[],[],3e1d3aaea5142821d3efb802,,[],unavailable
110005,易方达积极成长混合,688002,睿创微纳,SH,2026-06-30,4.09,192.5,29778.03,,[],[],3e1d3aaea5142821d3efb802,,[],unavailable
110005,易方达积极成长混合,688610,埃科光电,SH,2026-06-30,3.87,107.08,28205.95,,[],[],3e1d3aaea5142821d3efb802,,[],unavailable
013108,华夏先进制造龙头混合C,688361,中科飞测,SH,2026-06-30,8.6,32.49,13968.81,,[],[],08760eceae51e5775add230d,,[],unavailable
013108,华夏先进制造龙头混合C,688019,安集科技,SH,2026-06-30,8.53,40.82,13857.71,,[],[],08760eceae51e5775add230d,,[],unavailable
013108,华夏先进制造龙头混合C,300502,新易盛,SZ,2026-06-30,8.05,21.54,13077.21,,[],[],08760eceae51e5775add230d,,[],unavailable
013108,华夏先进制造龙头混合C,300308,中际旭创,SZ,2026-06-30,7.85,10.04,12750.8,,[],[],08760eceae51e5775add230d,,[],unavailable
013108,华夏先进制造龙头混合C,002371,北方华创,SZ,2026-06-30,7.78,14.29,12640.36,,[],[],08760eceae51e5775add230d,,[],unavailable
013108,华夏先进制造龙头混合C,688498,源杰科技,SH,2026-06-30,7.55,6.51,12268.62,,[],[],08760eceae51e5775add230d,,[],unavailable
013108,华夏先进制造龙头混合C,300223,君正股份,SZ,2026-06-30,7.38,48.17,11989.51,,[],[],08760eceae51e5775add230d,,[],unavailable
013108,华夏先进制造龙头混合C,603986,兆易创新,SH,2026-06-30,7.28,14.51,11825.65,,[],[],08760eceae51e5775add230d,,[],unavailable
013108,华夏先进制造龙头混合C,002916,深南电路,SZ,2026-06-30,6.71,23.82,10907.18,,[],[],08760eceae51e5775add230d,,[],unavailable
013108,华夏先进制造龙头混合C,002463,沪电股份,SZ,2026-06-30,5.37,57.07,8720.14,,[],[],08760eceae51e5775add230d,,[],unavailable
014736,创金合信专精特新股票发起A,688652,京仪装备,SH,2026-06-30,9.08,32.09,6422.81,,[],[],860a40a291142094ae8ba976,,[],unavailable
014736,创金合信专精特新股票发起A,688630,芯碁微装,SH,2026-06-30,8.9,11.46,6296.89,,[],[],860a40a291142094ae8ba976,,[],unavailable
014736,创金合信专精特新股票发起A,688037,芯源微,SH,2026-06-30,8.73,14.07,6178.75,,[],[],860a40a291142094ae8ba976,,[],unavailable
014736,创金合信专精特新股票发起A,688536,思瑞浦,SH,2026-06-30,8.1,15.75,5734.24,,[],[],860a40a291142094ae8ba976,,[],unavailable
014736,创金合信专精特新股票发起A,300604,长川科技,SZ,2026-06-30,7.86,16.29,5561.73,,[],[],860a40a291142094ae8ba976,,[],unavailable
014736,创金合信专精特新股票发起A,688141,杰华特,SH,2026-06-30,7.34,33.81,5190.3,,[],[],860a40a291142094ae8ba976,,[],unavailable
014736,创金合信专精特新股票发起A,688072,拓荆科技,SH,2026-06-30,7.24,5.83,5123.35,,[],[],860a40a291142094ae8ba976,,[],unavailable
014736,创金合信专精特新股票发起A,688120,华海清科,SH,2026-06-30,6.34,13.92,4483.26,,[],[],860a40a291142094ae8ba976,,[],unavailable
014736,创金合信专精特新股票发起A,688361,中科飞测,SH,2026-06-30,6.05,9.95,4278.67,,[],[],860a40a291142094ae8ba976,,[],unavailable
014736,创金合信专精特新股票发起A,688627,精智达,SH,2026-06-30,5.56,5.5,3932.21,,[],[],860a40a291142094ae8ba976,,[],unavailable
021532,天弘半导体设备指数A,688012,中微公司,SH,2026-06-30,13.62,121.81,57066.67,,[],[],5675efe333fb458efa01db32,,[],unavailable
021532,天弘半导体设备指数A,002371,北方华创,SZ,2026-06-30,12.08,57.19,50589.31,,[],[],5675efe333fb458efa01db32,,[],unavailable
021532,天弘半导体设备指数A,688072,拓荆科技,SH,2026-06-30,5.89,28.07,24686.82,,[],[],5675efe333fb458efa01db32,,[],unavailable
021532,天弘半导体设备指数A,300604,长川科技,SZ,2026-06-30,5.88,72.2,24650.52,,[],[],5675efe333fb458efa01db32,,[],unavailable
021532,天弘半导体设备指数A,688120,华海清科,SH,2026-06-30,4.94,64.29,20713.63,,[],[],5675efe333fb458efa01db32,,[],unavailable
021532,天弘半导体设备指数A,688361,中科飞测,SH,2026-06-30,4.09,39.81,17119.29,,[],[],5675efe333fb458efa01db32,,[],unavailable
021532,天弘半导体设备指数A,300666,江丰电子,SZ,2026-06-30,3.03,34.49,12713.01,,[],[],5675efe333fb458efa01db32,,[],unavailable
021532,天弘半导体设备指数A,688200,华峰测控,SH,2026-06-30,2.86,22.78,11961.99,半导体,[],[],5675efe333fb458efa01db32,7a688009aa74ed3cb0bf95d5,[],mapped
021532,天弘半导体设备指数A,688037,芯源微,SH,2026-06-30,2.75,26.19,11500.7,,[],[],5675efe333fb458efa01db32,,[],unavailable
021532,天弘半导体设备指数A,688126,沪硅产业,SH,2026-06-30,2.56,268.43,10707.8,,[],[],5675efe333fb458efa01db32,,[],unavailable
011452,华泰柏瑞质量成长C,300308,中际旭创,SZ,2026-06-30,9.99,225.64,286561.02,,[],[],252d3d411910d1d1856c9340,,[],unavailable
011452,华泰柏瑞质量成长C,300502,新易盛,SZ,2026-06-30,7.62,359.95,218490.32,,[],[],252d3d411910d1d1856c9340,,[],unavailable
011452,华泰柏瑞质量成长C,600487,亨通光电,SH,2026-06-30,7.47,1960.56,214367.11,,[],[],252d3d411910d1d1856c9340,,[],unavailable
011452,华泰柏瑞质量成长C,002384,东山精密,SZ,2026-06-30,6.29,687.26,180302.77,,[],[],252d3d411910d1d1856c9340,,[],unavailable
011452,华泰柏瑞质量成长C,688498,源杰科技,SH,2026-06-30,6.25,95.08,179319.56,,[],[],252d3d411910d1d1856c9340,,[],unavailable
011452,华泰柏瑞质量成长C,06869,长飞光纤光缆,HK,2026-06-30,5.91,763.83,169438.41,,[],[],252d3d411910d1d1856c9340,,[],unmapped_market
011452,华泰柏瑞质量成长C,603256,宏和科技,SH,2026-06-30,5.59,604.73,160452.29,,[],[],252d3d411910d1d1856c9340,,[],unavailable
011452,华泰柏瑞质量成长C,600183,生益科技,SH,2026-06-30,5.53,915.38,158726.2,,[],[],252d3d411910d1d1856c9340,,[],unavailable
011452,华泰柏瑞质量成长C,600176,中国巨石,SH,2026-06-30,5.07,1994.34,145347.46,,[],[],252d3d411910d1d1856c9340,,[],unavailable
011452,华泰柏瑞质量成长C,688808,联讯仪器,SH,2026-06-30,4.64,57.34,133140.62,,[],[],252d3d411910d1d1856c9340,,[],unavailable
