time,open,close,high,low,volume,amount
2026-09-01 09:31:00,38.5,39.04,40.0,38.01,5185438.0,200800602.343
2026-09-01 09:32:00,39.37,43.32,43.63,39.02,1306127.0,53985197.2129
2026-09-01 09:33:00,43.5,39.18,43.9,39.18,963205.0,40224825.8025
2026-09-01 09:34:00,39.37,41.0,41.16,39.0,1110676.0,44388749.9387
2026-09-01 09:35:00,41.0,40.4,41.29,40.0,744026.0,30145658.4767
2026-09-01 09:36:00,40.39,39.98,40.4,39.48,553166.0,22064832.3412
2026-09-01 09:37:00,39.98,40.01,40.23,39.92,647736.0,25942738.9121
2026-09-01 09:38:00,40.01,39.82,40.19,39.82,307492.0,12298024.3023
2026-09-01 09:39:00,39.82,40.0,40.0,39.65,458386.0,18264563.5808
2026-09-01 09:40:00,40.0,39.8,40.0,39.65,365874.0,14588773.8781
2026-09-01 09:41:00,39.81,39.79,39.98,39.72,326784.0,13004880.1801
2026-09-01 09:42:00,39.79,39.98,40.0,39.77,452509.0,18073386.3362
2026-09-01 09:43:00,39.98,40.69,40.77,39.9,774862.0,31082019.2895
2026-09-01 09:44:00,40.69,41.0,41.3,40.64,535035.0,21950507.7784
2026-09-01 09:45:00,40.99,39.8,41.0,39.75,208698.0,8400347.5006
2026-09-01 09:46:00,39.76,40.0,40.01,39.68,292314.0,11631240.328
2026-09-01 09:47:00,40.01,40.26,40.26,40.0,331772.0,13299715.506
2026-09-01 09:48:00,40.26,39.82,40.3,39.82,157303.0,6301381.8694
2026-09-01 09:49:00,39.82,39.29,39.82,39.28,219634.0,8703472.1133
2026-09-01 09:50:00,39.29,39.13,39.29,39.0,335065.0,13088045.4908
2026-09-01 09:51:00,39.13,39.03,39.2,39.02,304635.0,11902652.9041
2026-09-01 09:52:00,39.03,38.92,39.04,38.88,281622.0,10975467.8942
2026-09-01 09:53:00,38.92,39.1,39.1,38.88,262035.0,10218572.169
2026-09-01 09:54:00,39.11,39.68,39.7,39.08,168673.0,6638744.7432
2026-09-01 09:55:00,39.69,39.38,39.8,39.38,160881.0,6377818.3996
2026-09-01 09:56:00,39.38,38.9,39.5,38.9,140182.0,5474842.22
2026-09-01 09:57:00,38.9,38.9,38.93,38.8,210756.0,8190835.0847
2026-09-01 09:58:00,38.9,39.0,39.03,38.9,189040.0,7368578.8756
2026-09-01 09:59:00,39.0,38.9,39.05,38.9,165066.0,6436522.6649
2026-09-01 10:00:00,38.96,38.82,38.97,38.81,146338.0,5686390.2121
2026-09-01 10:01:00,38.81,38.71,38.83,38.71,150715.0,5848192.534
2026-09-01 10:02:00,38.73,38.86,38.87,38.66,214521.0,8316214.3453
2026-09-01 10:03:00,38.86,38.7,38.9,38.7,160025.0,6212898.5272
2026-09-01 10:04:00,38.72,38.51,38.73,38.5,245519.0,9473419.313
2026-09-01 10:05:00,38.5,38.76,38.8,38.49,166005.0,6417815.7694
2026-09-01 10:06:00,38.76,39.01,39.01,38.73,226916.0,8833021.3818
2026-09-01 10:07:00,39.01,39.71,39.72,39.01,173898.0,6832011.1018
2026-09-01 10:08:00,39.71,39.98,40.0,39.7,324906.0,12981603.2391
2026-09-01 10:09:00,39.96,39.31,40.0,39.28,138399.0,5494284.1565
2026-09-01 10:10:00,39.51,39.89,39.9,39.31,152444.0,6061927.5747
2026-09-01 10:11:00,39.89,39.5,39.89,39.4,102156.0,4054817.1833
2026-09-01 10:12:00,39.5,39.61,39.88,39.43,178369.0,7078487.4802
2026-09-01 10:13:00,39.7,39.52,39.8,39.3,135088.0,5347295.2317
2026-09-01 10:14:00,39.6,39.54,39.75,39.5,183002.0,7243399.2678
2026-09-01 10:15:00,39.54,39.23,39.68,39.2,102910.0,4066062.9457
2026-09-01 10:16:00,39.2,39.01,39.2,38.84,89823.0,3502206.4822
2026-09-01 10:17:00,39.01,39.5,39.55,38.98,218229.0,8577701.2899
2026-09-01 10:18:00,39.4,39.51,39.54,39.03,280797.0,11008402.584
2026-09-01 10:19:00,39.53,40.01,40.01,39.41,435445.0,17369949.6538
2026-09-01 10:20:00,40.01,40.98,40.98,40.0,273394.0,11049026.2636
2026-09-01 10:21:00,40.98,40.94,41.16,40.71,524746.0,21509107.8872
2026-09-01 10:22:00,40.94,42.49,42.5,40.88,765805.0,31982270.691
2026-09-01 10:23:00,42.49,43.24,43.27,42.37,456118.0,19588775.7834
2026-09-01 10:24:00,43.27,41.01,43.28,41.0,146728.0,6186157.8283
2026-09-01 10:25:00,41.02,42.49,42.5,41.0,163691.0,6852328.5801
2026-09-01 10:26:00,42.48,41.99,42.6,41.85,126425.0,5335782.3614
2026-09-01 10:27:00,41.98,41.86,42.01,41.71,103597.0,4341993.8088
2026-09-01 10:28:00,41.85,41.2,41.88,41.11,77800.0,3239622.368
2026-09-01 10:29:00,41.2,41.6,41.6,40.65,98766.0,4054606.2897
2026-09-01 10:30:00,41.52,41.88,41.99,41.38,88930.0,3711913.2731
2026-09-01 10:31:00,41.86,41.73,41.9,41.7,52570.0,2199613.9729
2026-09-01 10:32:00,41.73,41.22,41.76,41.22,67800.0,2818153.998
2026-09-01 10:33:00,41.22,40.29,41.3,40.29,61953.0,2526565.2864
2026-09-01 10:34:00,40.32,41.07,41.1,40.2,109656.0,4454218.6855
2026-09-01 10:35:00,41.1,41.62,41.69,41.08,69192.0,2859903.2361
2026-09-01 10:36:00,41.62,40.94,41.69,40.6,65374.0,2695617.5489
2026-09-01 10:37:00,40.95,40.7,41.16,40.52,41536.0,1688951.1125
2026-09-01 10:38:00,40.56,40.9,40.99,40.53,57334.0,2338103.5246
2026-09-01 10:39:00,40.9,40.81,40.96,40.8,46750.0,1908277.2737
2026-09-01 10:40:00,40.8,40.5,40.81,40.5,58959.0,2401180.4476
2026-09-01 10:41:00,40.5,40.18,40.52,40.18,51689.0,2088787.5609
2026-09-01 10:42:00,40.18,40.2,40.2,40.0,50822.0,2036029.9432
2026-09-01 10:43:00,40.11,40.28,40.34,40.11,67283.0,2708385.9072
2026-09-01 10:44:00,40.28,40.21,40.5,40.21,35175.0,1418655.5666
2026-09-01 10:45:00,40.21,40.04,40.22,40.01,36658.0,1468302.3982
2026-09-01 10:46:00,40.03,40.02,40.05,40.0,63740.0,2550714.9565
2026-09-01 10:47:00,40.02,39.85,40.05,39.85,60098.0,2403060.4001
2026-09-01 10:48:00,39.85,39.74,39.92,39.7,58290.0,2321242.2173
2026-09-01 10:49:00,39.74,39.75,39.79,39.7,42975.0,1707907.3524
2026-09-01 10:50:00,39.75,39.81,39.82,39.72,58682.0,2333928.5941
2026-09-01 10:51:00,39.81,39.83,39.95,39.8,64848.0,2584004.1725
2026-09-01 10:52:00,39.94,39.82,39.94,39.82,37682.0,1502401.8953
2026-09-01 10:53:00,39.85,39.69,39.88,39.69,70061.0,2785131.107
2026-09-01 10:54:00,39.69,39.22,39.69,39.17,46957.0,1854631.5599
2026-09-01 10:55:00,39.18,39.1,39.22,39.0,52370.0,2045445.2517
2026-09-01 10:56:00,39.1,39.1,39.22,39.0,88901.0,3475552.3468
2026-09-01 10:57:00,39.1,39.11,39.15,39.1,42550.0,1664618.0017
2026-09-01 10:58:00,39.11,39.13,39.13,39.11,78704.0,3078655.1801
2026-09-01 10:59:00,39.12,39.5,39.5,39.12,81593.0,3203840.594
2026-09-01 11:00:00,39.49,39.65,39.69,39.49,57262.0,2266335.2478
2026-09-01 11:01:00,39.62,39.63,39.65,39.61,28227.0,1118419.9635
2026-09-01 11:02:00,39.64,39.62,39.65,39.62,26075.0,1033469.5031
2026-09-01 11:03:00,39.62,39.6,39.63,39.6,45498.0,1802334.0669
2026-09-01 11:04:00,39.61,39.53,39.63,39.5,30062.0,1189031.9934
2026-09-01 11:05:00,39.5,39.39,39.5,39.36,29472.0,1162000.3933
2026-09-01 11:06:00,39.39,39.36,39.39,39.32,39300.0,1546384.9636
2026-09-01 11:07:00,39.36,39.34,39.36,39.34,18000.0,708321.9849
2026-09-01 11:08:00,39.34,39.32,39.35,39.25,86457.0,3398532.5633
2026-09-01 11:09:00,39.32,39.11,39.34,39.11,36509.0,1430809.2599
2026-09-01 11:10:00,39.11,39.0,39.13,39.0,90469.0,3531019.712
2026-09-01 11:11:00,39.0,38.91,39.0,38.88,53700.0,2090516.6926
2026-09-01 11:12:00,38.91,38.89,38.94,38.88,80466.0,3131046.3482
2026-09-01 11:13:00,38.88,38.86,38.89,38.82,45798.0,1779222.7767
2026-09-01 11:14:00,38.86,38.96,38.96,38.86,21394.0,832491.6299
2026-09-01 11:15:00,38.96,38.97,38.99,38.96,58100.0,2264667.2946
2026-09-01 11:16:00,38.97,38.89,38.98,38.89,78804.0,3067644.6047
2026-09-01 11:17:00,38.89,38.84,38.89,38.82,49228.0,1912218.1693
2026-09-01 11:18:00,38.84,38.91,38.91,38.83,37414.0,1453945.0201
2026-09-01 11:19:00,38.91,38.98,38.98,38.9,26731.0,1040964.0034
2026-09-01 11:20:00,38.98,38.96,38.98,38.94,26325.0,1025802.249
2026-09-01 11:21:00,38.95,39.0,39.0,38.95,44168.0,1721724.754
2026-09-01 11:22:00,38.99,38.99,39.0,38.99,53409.0,2082728.9368
2026-09-01 11:23:00,38.99,38.89,39.0,38.88,34351.0,1337706.4672
2026-09-01 11:24:00,38.89,38.89,38.94,38.88,27019.0,1050842.2009
2026-09-01 11:25:00,38.89,38.9,38.93,38.89,31239.0,1215218.3326
2026-09-01 11:26:00,38.9,38.92,38.92,38.89,20889.0,812680.2222
2026-09-01 11:27:00,38.92,38.96,38.96,38.92,24075.0,937555.9802
2026-09-01 11:28:00,38.96,38.9,38.96,38.9,29325.0,1141666.237
2026-09-01 11:29:00,38.9,38.9,38.92,38.88,30785.0,1197560.9082
2026-09-01 11:30:00,38.9,38.91,38.94,38.9,44938.0,1748421.468
2026-09-01 13:01:00,38.92,38.87,38.96,38.85,180256.0,7014513.58
2026-09-01 13:02:00,38.87,38.76,38.87,38.76,66311.0,2573215.8706
2026-09-01 13:03:00,38.77,38.71,38.78,38.7,32890.0,1273796.3691
2026-09-01 13:04:00,38.71,38.61,38.71,38.61,49200.0,1902837.8494
2026-09-01 13:05:00,38.62,38.62,38.66,38.6,43118.0,1665491.8018
2026-09-01 13:06:00,38.63,38.61,38.63,38.6,49004.0,1892143.2138
2026-09-01 13:07:00,38.61,38.61,38.63,38.6,43568.0,1682222.0644
2026-09-01 13:08:00,38.61,38.92,38.93,38.61,62351.0,2414629.9749
2026-09-01 13:09:00,38.91,39.18,39.33,38.91,153741.0,5999327.5926
2026-09-01 13:10:00,39.18,39.27,39.34,39.12,54642.0,2143230.4014
2026-09-01 13:11:00,39.27,39.28,39.35,39.24,36275.0,1425611.2126
2026-09-01 13:12:00,39.3,39.18,39.3,39.18,26337.0,1033990.0106
2026-09-01 13:13:00,39.15,39.07,39.15,39.02,30614.0,1196080.979
2026-09-01 13:14:00,39.03,39.24,39.28,39.03,55243.0,2166053.1747
2026-09-01 13:15:00,39.28,39.28,39.28,39.22,23475.0,921589.7523
2026-09-01 13:16:00,39.27,39.05,39.27,39.05,21157.0,829733.5503
2026-09-01 13:17:00,39.07,39.02,39.22,39.02,25216.0,984756.5751
2026-09-01 13:18:00,39.02,39.0,39.06,39.0,25184.0,982994.3602
2026-09-01 13:19:00,39.01,39.02,39.05,39.0,24419.0,952943.3463
2026-09-01 13:20:00,39.02,38.93,39.03,38.9,29391.0,1145946.0728
2026-09-01 13:21:00,38.9,38.81,38.93,38.81,41775.0,1624508.8317
2026-09-01 13:22:00,38.81,38.82,38.86,38.81,19896.0,772435.3179
2026-09-01 13:23:00,38.81,38.8,38.82,38.8,36629.0,1421723.5078
2026-09-01 13:24:00,38.8,38.7,38.81,38.67,46800.0,1813448.342
2026-09-01 13:25:00,38.7,38.7,38.71,38.66,44700.0,1729569.9807
2026-09-01 13:26:00,38.7,38.71,38.71,38.65,37697.0,1458112.9838
2026-09-01 13:27:00,38.7,38.78,38.85,38.7,23826.0,924153.9152
2026-09-01 13:28:00,38.79,38.71,38.8,38.7,21710.0,841344.3501
2026-09-01 13:29:00,38.72,38.74,38.8,38.71,21475.0,832532.0148
2026-09-01 13:30:00,38.73,38.72,38.74,38.71,32800.0,1270206.0818
2026-09-01 13:31:00,38.72,38.67,38.73,38.67,37915.0,1467590.6495
2026-09-01 13:32:00,38.67,38.61,38.67,38.6,41611.0,1607115.0531
2026-09-01 13:33:00,38.6,38.52,38.61,38.51,45171.0,1742665.6166
2026-09-01 13:34:00,38.52,38.5,38.53,38.5,61632.0,2373463.974
2026-09-01 13:35:00,38.5,38.52,38.52,38.49,53928.0,2076681.5725
2026-09-01 13:36:00,38.52,38.63,38.63,38.52,31099.0,1199808.0606
2026-09-01 13:37:00,38.62,38.74,38.74,38.62,21860.0,845732.2758
2026-09-01 13:38:00,38.73,38.76,38.78,38.73,35299.0,1367968.8569
2026-09-01 13:39:00,38.77,38.72,38.77,38.7,29440.0,1140492.3241
2026-09-01 13:40:00,38.73,38.71,38.73,38.7,22312.0,863818.3215
2026-09-01 13:41:00,38.71,38.68,38.72,38.67,18659.0,722020.572
2026-09-01 13:42:00,38.68,38.65,38.68,38.65,16000.0,618634.9937
2026-09-01 13:43:00,38.65,38.64,38.66,38.64,27600.0,1066803.0223
2026-09-01 13:44:00,38.63,38.56,38.63,38.56,26434.0,1020095.0428
2026-09-01 13:45:00,38.56,38.51,38.56,38.5,28064.0,1081072.8735
2026-09-01 13:46:00,38.5,38.46,38.51,38.46,53200.0,2047810.0022
2026-09-01 13:47:00,38.46,38.38,38.47,38.38,40511.0,1556647.4366
2026-09-01 13:48:00,38.38,38.21,38.39,38.19,97235.0,3719579.3009
2026-09-01 13:49:00,38.26,38.2,38.26,38.19,56216.0,2147414.0972
2026-09-01 13:50:00,38.2,38.16,38.21,38.16,47563.0,1816180.026
2026-09-01 13:51:00,38.16,38.1,38.17,38.1,65600.0,2500413.7456
2026-09-01 13:52:00,38.1,38.11,38.12,38.1,45579.0,1736955.4601
2026-09-01 13:53:00,38.12,38.2,38.2,38.11,47494.0,1812687.1026
2026-09-01 13:54:00,38.2,38.19,38.22,38.15,69695.0,2662285.5295
2026-09-01 13:55:00,38.19,38.02,38.2,38.02,114932.0,4377418.4357
2026-09-01 13:56:00,38.02,38.0,38.04,38.0,172448.0,6553793.9137
2026-09-01 13:57:00,38.0,37.75,38.01,37.72,58552.0,2217135.2176
2026-09-01 13:58:00,37.73,37.58,37.75,37.55,60200.0,2266127.0206
2026-09-01 13:59:00,37.57,37.41,37.57,37.41,66400.0,2490228.2983
2026-09-01 14:00:00,37.42,37.5,37.5,37.41,106052.0,3973109.9409
2026-09-01 14:01:00,37.49,37.41,37.5,37.38,113088.0,4236432.1954
2026-09-01 14:02:00,37.38,37.08,37.41,37.07,86800.0,3231726.3337
2026-09-01 14:03:00,37.08,36.82,37.09,36.82,102600.0,3795953.6926
2026-09-01 14:04:00,36.81,36.54,36.82,36.52,133217.0,4880929.5484
2026-09-01 14:05:00,36.54,37.03,37.05,36.53,116434.0,4282580.4764
2026-09-01 14:06:00,37.05,37.2,37.25,37.03,83209.0,3092273.6258
2026-09-01 14:07:00,37.17,36.88,37.2,36.88,65991.0,2447438.9353
2026-09-01 14:08:00,36.87,36.95,36.95,36.84,62808.0,2316695.7596
2026-09-01 14:09:00,36.93,36.88,36.93,36.88,51343.0,1894630.5996
2026-09-01 14:10:00,36.9,36.97,36.98,36.89,44976.0,1660871.1557
2026-09-01 14:11:00,36.96,36.98,36.99,36.95,22067.0,815948.9348
2026-09-01 14:12:00,36.99,37.0,37.0,36.98,39171.0,1448845.794
2026-09-01 14:13:00,37.0,36.97,37.0,36.96,26410.0,976670.9277
2026-09-01 14:14:00,36.96,36.9,36.97,36.9,29341.0,1083836.5271
2026-09-01 14:15:00,36.9,36.85,36.92,36.85,30576.0,1127952.9198
2026-09-01 14:16:00,36.85,36.8,36.87,36.8,39080.0,1439028.267
2026-09-01 14:17:00,36.81,36.7,36.81,36.7,42700.0,1570346.0007
2026-09-01 14:18:00,36.71,36.53,36.71,36.53,56275.0,2061018.3027
2026-09-01 14:19:00,36.54,36.44,36.55,36.42,59008.0,2153406.9605
2026-09-01 14:20:00,36.44,36.28,36.44,36.28,61400.0,2232222.0212
2026-09-01 14:21:00,36.29,36.12,36.3,36.11,74300.0,2690643.2419
2026-09-01 14:22:00,36.13,36.2,36.2,36.1,118642.0,4286618.6243
2026-09-01 14:23:00,36.2,36.4,36.4,36.19,74086.0,2687545.0012
2026-09-01 14:24:00,36.4,36.55,36.56,36.4,37799.0,1378875.9544
2026-09-01 14:25:00,36.55,36.6,36.66,36.53,74075.0,2711112.425
2026-09-01 14:26:00,36.63,36.56,36.63,36.52,36300.0,1327686.1226
2026-09-01 14:27:00,36.55,36.54,36.56,36.53,41200.0,1505841.7784
2026-09-01 14:28:00,36.54,36.45,36.54,36.45,24925.0,909673.5067
2026-09-01 14:29:00,36.45,36.2,36.45,36.18,53900.0,1957751.9131
2026-09-01 14:30:00,36.2,36.19,36.2,36.14,80341.0,2905702.8582
2026-09-01 14:31:00,36.19,36.19,36.2,36.16,68568.0,2480406.2947
2026-09-01 14:32:00,36.17,36.11,36.18,36.11,62291.0,2251620.4649
2026-09-01 14:33:00,36.11,36.06,36.11,36.06,50800.0,1833338.6403
2026-09-01 14:34:00,36.06,36.06,36.08,36.05,64193.0,2314939.5577
2026-09-01 14:35:00,36.07,36.18,36.18,36.06,76812.0,2773445.2788
2026-09-01 14:36:00,36.18,36.3,36.3,36.16,61731.0,2237238.274
2026-09-01 14:37:00,36.3,36.28,36.35,36.28,49631.0,1801871.1013
2026-09-01 14:38:00,36.31,36.24,36.33,36.21,45215.0,1639367.115
2026-09-01 14:39:00,36.24,36.2,36.26,36.2,41049.0,1487258.8463
2026-09-01 14:40:00,36.2,36.06,36.21,36.05,72670.0,2626203.676
2026-09-01 14:41:00,36.07,36.06,36.1,36.05,68847.0,2482881.6275
2026-09-01 14:42:00,36.06,36.1,36.15,36.05,44192.0,1594624.0399
2026-09-01 14:43:00,36.11,36.15,36.15,36.1,44124.0,1594364.964
2026-09-01 14:44:00,36.12,36.12,36.15,36.12,50800.0,1835680.7242
2026-09-01 14:45:00,36.12,36.12,36.14,36.12,64687.0,2337089.4348
2026-09-01 14:46:00,36.13,36.11,36.14,36.11,76652.0,2768764.4464
2026-09-01 14:47:00,36.11,36.1,36.12,36.1,119277.0,4307128.1477
2026-09-01 14:48:00,36.11,36.07,36.11,36.07,89969.0,3247626.8495
2026-09-01 14:49:00,36.08,36.05,36.08,36.05,104183.0,3757401.5332
2026-09-01 14:50:00,36.05,36.0,36.07,36.0,160975.0,5799039.99
2026-09-01 14:51:00,36.0,35.9,36.01,35.9,71101.0,2557479.5889
2026-09-01 14:52:00,35.91,35.8,35.91,35.8,108475.0,3889103.0286
2026-09-01 14:53:00,35.8,35.66,35.81,35.57,155233.0,5545600.4171
2026-09-01 14:54:00,35.66,35.46,35.66,35.42,149469.0,5307847.5338
2026-09-01 14:55:00,35.47,35.77,35.78,35.46,155697.0,5535685.8883
2026-09-01 14:56:00,35.76,35.88,35.9,35.75,152208.0,5453977.1321
2026-09-01 14:57:00,35.9,35.91,35.98,35.9,182967.0,6575593.7747
2026-09-01 15:00:00,35.9,35.9,35.9,35.9,155700.0,5589630.1626
2026-09-02 09:31:00,31.12,31.09,32.09,30.98,3098544.0,97052375.3509
2026-09-02 09:32:00,31.09,31.62,32.13,31.0,1023764.0,32334614.9459
2026-09-02 09:33:00,31.66,31.78,32.32,31.5,645210.0,20623393.8837
2026-09-02 09:34:00,31.78,31.38,31.9,31.0,648573.0,20307644.8636
2026-09-02 09:35:00,31.4,31.8,31.87,31.25,462938.0,14602250.5079
2026-09-02 09:36:00,31.75,31.37,32.0,31.37,539789.0,17149442.6132
2026-09-02 09:37:00,31.37,31.95,32.0,31.37,357612.0,11344105.0974
2026-09-02 09:38:00,31.94,32.5,32.55,31.91,535003.0,17195348.483
2026-09-02 09:39:00,32.5,32.0,32.62,31.86,425621.0,13737457.3056
2026-09-02 09:40:00,32.0,32.0,32.01,31.8,270846.0,8638432.1397
2026-09-02 09:41:00,32.01,31.89,32.25,31.88,250772.0,8034389.0249
2026-09-02 09:42:00,31.89,31.51,31.9,31.51,199566.0,6332985.4106
2026-09-02 09:43:00,31.52,31.8,31.83,31.44,416813.0,13146277.3182
2026-09-02 09:44:00,31.83,32.5,32.5,31.8,173230.0,5574776.5028
2026-09-02 09:45:00,32.4,32.1,32.5,32.0,224062.0,7226132.7142
2026-09-02 09:46:00,32.08,32.08,32.15,31.94,167740.0,5382224.1145
2026-09-02 09:47:00,32.09,32.29,32.32,32.07,119397.0,3844402.259
2026-09-02 09:48:00,32.29,32.68,32.68,32.29,101382.0,3294634.1104
2026-09-02 09:49:00,32.69,32.56,33.05,32.55,344375.0,11315837.6165
2026-09-02 09:50:00,32.56,33.54,33.56,32.5,264608.0,8740463.0518
2026-09-02 09:51:00,33.52,32.71,33.78,32.66,238275.0,7926405.7213
2026-09-02 09:52:00,32.72,32.81,33.53,32.71,188023.0,6218198.7375
2026-09-02 09:53:00,32.88,32.81,33.16,32.77,168541.0,5546479.6747
2026-09-02 09:54:00,32.81,32.58,32.93,32.51,176525.0,5785214.2673
2026-09-02 09:55:00,32.51,32.23,32.55,31.92,224736.0,7237075.7007
2026-09-02 09:56:00,32.39,32.1,32.4,32.09,110200.0,3555373.9476
2026-09-02 09:57:00,32.1,32.13,32.13,31.93,199683.0,6387812.8067
2026-09-02 09:58:00,32.13,32.0,32.16,31.97,127625.0,4093258.0988
2026-09-02 09:59:00,32.0,31.9,32.0,31.8,171723.0,5475971.9078
2026-09-02 10:00:00,31.9,32.2,32.22,31.9,78106.0,2504476.7614
2026-09-02 10:01:00,32.21,31.93,32.29,31.91,98444.0,3156149.0278
2026-09-02 10:02:00,31.93,32.1,32.15,31.9,67671.0,2164709.6057
2026-09-02 10:03:00,32.1,32.08,32.3,32.07,92100.0,2962030.6382
2026-09-02 10:04:00,32.06,31.7,32.13,31.7,151945.0,4843258.4465
2026-09-02 10:05:00,31.7,32.04,32.04,31.59,166463.0,5285200.4935
2026-09-02 10:06:00,32.04,32.4,32.58,32.03,68587.0,2213555.5545
2026-09-02 10:07:00,32.51,31.93,32.59,31.93,119117.0,3841153.1971
2026-09-02 10:08:00,32.0,32.27,32.27,32.0,69697.0,2240569.8454
2026-09-02 10:09:00,32.27,32.39,32.49,32.27,82854.0,2684570.8075
2026-09-02 10:10:00,32.4,32.23,32.4,32.21,68800.0,2224503.7687
2026-09-02 10:11:00,32.24,32.22,32.26,32.2,58575.0,1887092.761
2026-09-02 10:12:00,32.23,32.68,32.68,32.22,66416.0,2154251.7008
2026-09-02 10:13:00,32.68,32.48,32.88,32.39,165192.0,5387860.5627
2026-09-02 10:14:00,32.48,32.62,32.66,32.41,63443.0,2064379.5916
2026-09-02 10:15:00,32.55,32.33,32.69,32.32,80800.0,2622442.4356
2026-09-02 10:16:00,32.32,32.05,32.33,32.04,93925.0,3020007.5233
2026-09-02 10:17:00,32.1,32.33,32.37,32.02,61255.0,1970520.468
2026-09-02 10:18:00,32.37,32.35,32.4,32.3,46968.0,1519857.2395
2026-09-02 10:19:00,32.35,32.3,32.35,32.3,52098.0,1684005.6961
2026-09-02 10:20:00,32.32,32.2,32.32,32.12,40684.0,1309713.5144
2026-09-02 10:21:00,32.26,32.39,32.39,32.2,61809.0,1998188.5803
2026-09-02 10:22:00,32.4,32.97,33.0,32.4,164257.0,5401972.8917
2026-09-02 10:23:00,32.98,32.9,33.0,32.71,72159.0,2369379.8525
2026-09-02 10:24:00,32.71,32.69,32.74,32.5,44707.0,1460411.8293
2026-09-02 10:25:00,32.6,32.5,32.77,32.5,79000.0,2577854.0836
2026-09-02 10:26:00,32.5,32.52,32.7,32.5,65800.0,2144518.2154
2026-09-02 10:27:00,32.52,32.31,32.52,32.31,70154.0,2273315.8855
2026-09-02 10:28:00,32.31,32.31,32.39,32.31,52475.0,1696798.2462
2026-09-02 10:29:00,32.31,32.3,32.34,32.3,55376.0,1789024.9401
2026-09-02 10:30:00,32.3,32.31,32.32,32.29,48574.0,1569241.2212
2026-09-02 10:31:00,32.31,32.25,32.32,32.25,39600.0,1279101.3881
2026-09-02 10:32:00,32.25,32.16,32.25,32.0,95300.0,3055915.1267
2026-09-02 10:33:00,32.14,32.45,32.45,32.1,36741.0,1185919.0237
2026-09-02 10:34:00,32.45,32.38,32.49,32.38,20900.0,677915.0071
2026-09-02 10:35:00,32.38,32.23,32.39,32.23,60300.0,1949696.1685
2026-09-02 10:36:00,32.24,32.11,32.28,32.11,50534.0,1628563.6574
2026-09-02 10:37:00,32.11,32.16,32.18,32.11,51012.0,1639939.6871
2026-09-02 10:38:00,32.16,32.12,32.21,32.11,45389.0,1459193.3268
2026-09-02 10:39:00,32.13,32.12,32.16,32.12,31752.0,1020416.2483
2026-09-02 10:40:00,32.12,32.2,32.2,32.12,27234.0,875344.435
2026-09-02 10:41:00,32.21,32.35,32.35,32.2,22216.0,716526.187
2026-09-02 10:42:00,32.35,32.29,32.48,32.28,45000.0,1456192.0322
2026-09-02 10:43:00,32.26,32.27,32.28,32.17,41400.0,1334882.9768
2026-09-02 10:44:00,32.27,32.18,32.27,32.08,113292.0,3641995.7521
2026-09-02 10:45:00,32.18,32.21,32.26,32.18,31966.0,1029828.5447
2026-09-02 10:46:00,32.25,32.25,32.28,32.19,22275.0,718346.9325
2026-09-02 10:47:00,32.21,32.01,32.25,32.0,51793.0,1661591.3022
2026-09-02 10:48:00,32.0,31.65,32.01,31.62,152500.0,4856956.8576
2026-09-02 10:49:00,31.65,31.76,31.91,31.63,70600.0,2240213.9297
2026-09-02 10:50:00,31.77,31.75,31.89,31.74,63305.0,2011762.2502
2026-09-02 10:51:00,31.75,31.69,31.77,31.69,89495.0,2839246.0322
2026-09-02 10:52:00,31.7,31.45,31.71,31.28,267094.0,8403484.3832
2026-09-02 10:53:00,31.5,31.74,31.74,31.41,81211.0,2561515.583
2026-09-02 10:54:00,31.72,31.97,31.98,31.72,41475.0,1322442.25
2026-09-02 10:55:00,31.91,31.8,31.99,31.8,50575.0,1610204.0
2026-09-02 10:56:00,31.81,31.81,31.82,31.77,83825.0,2665860.5846
2026-09-02 10:57:00,31.77,31.7,31.79,31.66,40216.0,1275005.8065
2026-09-02 10:58:00,31.7,31.62,31.73,31.59,38868.0,1230127.8719
2026-09-02 10:59:00,31.65,31.74,31.8,31.61,19500.0,617501.0002
2026-09-02 11:00:00,31.79,31.79,31.8,31.72,33166.0,1052703.52
2026-09-02 11:01:00,31.79,31.79,31.8,31.74,27750.0,881598.0
2026-09-02 11:02:00,31.8,31.86,31.88,31.8,34441.0,1096658.21
2026-09-02 11:03:00,31.85,31.75,31.88,31.75,25925.0,824595.25
2026-09-02 11:04:00,31.76,31.67,31.76,31.65,39725.0,1259823.7473
2026-09-02 11:05:00,31.65,31.64,31.65,31.59,51600.0,1631222.4707
2026-09-02 11:06:00,31.63,31.84,31.84,31.59,125660.0,3982363.6384
2026-09-02 11:07:00,31.84,32.0,32.0,31.8,40355.0,1287418.6806
2026-09-02 11:08:00,32.0,31.9,32.0,31.86,28316.0,903487.146
2026-09-02 11:09:00,31.94,32.12,32.18,31.9,29611.0,947621.8057
2026-09-02 11:10:00,32.15,32.29,32.3,32.12,38200.0,1231595.0005
2026-09-02 11:11:00,32.29,32.04,32.33,32.04,36600.0,1178314.0051
2026-09-02 11:12:00,32.02,32.08,32.1,32.0,24500.0,785173.9973
2026-09-02 11:13:00,32.19,32.1,32.2,32.08,19300.0,619956.0002
2026-09-02 11:14:00,32.08,31.89,32.1,31.89,20500.0,656104.9924
2026-09-02 11:15:00,31.89,31.9,32.0,31.89,16064.0,512608.5977
2026-09-02 11:16:00,31.92,31.91,32.0,31.85,22000.0,702187.7198
2026-09-02 11:17:00,31.92,31.92,31.98,31.9,16575.0,529033.25
2026-09-02 11:18:00,31.92,32.01,32.01,31.91,29717.0,949582.6372
2026-09-02 11:19:00,32.07,32.17,32.3,32.07,19550.0,628905.9885
2026-09-02 11:20:00,32.3,32.29,32.49,32.22,60001.0,1942106.1638
2026-09-02 11:21:00,32.23,32.3,32.4,32.23,15700.0,507780.0129
2026-09-02 11:22:00,32.32,32.24,32.32,32.24,23400.0,754714.0136
2026-09-02 11:23:00,32.25,32.11,32.26,32.11,44600.0,1437397.5809
2026-09-02 11:24:00,32.11,31.94,32.11,31.93,33200.0,1061376.2791
2026-09-02 11:25:00,31.94,32.0,32.06,31.92,48172.0,1539512.1145
2026-09-02 11:26:00,32.01,31.97,32.02,31.96,12600.0,402989.3966
2026-09-02 11:27:00,31.97,31.95,31.98,31.94,38028.0,1215703.6541
2026-09-02 11:28:00,31.94,31.95,31.96,31.92,27300.0,871690.0
2026-09-02 11:29:00,31.95,32.0,32.04,31.93,53916.0,1722504.5
2026-09-02 11:30:00,32.0,31.98,32.05,31.98,25630.0,820128.0779
2026-09-02 13:01:00,32.09,31.51,32.18,31.51,143054.0,4563333.1583
2026-09-02 13:02:00,31.51,31.8,31.8,31.43,43535.0,1372404.9502
2026-09-02 13:03:00,31.8,31.77,31.96,31.77,21300.0,678219.0002
2026-09-02 13:04:00,31.79,31.63,31.81,31.58,29240.0,925184.8
2026-09-02 13:05:00,31.63,31.68,31.9,31.63,26926.0,853415.3643
2026-09-02 13:06:00,31.7,31.72,31.88,31.68,15000.0,476306.0
2026-09-02 13:07:00,31.74,31.75,31.88,31.74,11866.0,377080.8405
2026-09-02 13:08:00,31.75,31.5,31.75,31.47,84008.0,2655973.661
2026-09-02 13:09:00,31.5,31.47,31.6,31.47,73100.0,2303202.0005
2026-09-02 13:10:00,31.47,31.38,31.51,31.38,79800.0,2508626.5788
2026-09-02 13:11:00,31.38,31.32,31.38,31.2,94934.0,2972601.5781
2026-09-02 13:12:00,31.28,31.37,31.4,31.22,44816.0,1403898.7975
2026-09-02 13:13:00,31.4,31.4,31.41,31.37,56020.0,1758454.9995
2026-09-02 13:14:00,31.41,31.55,31.6,31.38,65424.0,2059374.1215
2026-09-02 13:15:00,31.51,31.32,31.55,31.31,41708.0,1308240.5439
2026-09-02 13:16:00,31.32,31.16,31.34,31.16,138400.0,4324779.7047
2026-09-02 13:17:00,31.18,31.39,31.39,31.15,92033.0,2873071.9203
2026-09-02 13:18:00,31.58,31.59,31.65,31.39,36950.0,1167158.5
2026-09-02 13:19:00,31.58,31.42,31.59,31.42,35200.0,1108607.4707
2026-09-02 13:20:00,31.45,31.58,31.58,31.43,34722.0,1094677.5901
2026-09-02 13:21:00,31.6,31.6,31.63,31.56,24100.0,761591.6798
2026-09-02 13:22:00,31.56,31.42,31.61,31.42,20400.0,643268.7001
2026-09-02 13:23:00,31.42,31.19,31.42,31.18,93500.0,2924137.5397
2026-09-02 13:24:00,31.19,31.23,31.35,31.18,50748.0,1585026.1802
2026-09-02 13:25:00,31.24,31.3,31.35,31.23,20700.0,647766.0
2026-09-02 13:26:00,31.3,31.28,31.36,31.28,51875.0,1624140.25
2026-09-02 13:27:00,31.29,31.32,31.35,31.28,39550.0,1238098.0
2026-09-02 13:28:00,31.32,31.41,31.5,31.32,51776.0,1625489.3993
2026-09-02 13:29:00,31.43,31.42,31.43,31.41,17600.0,553062.0019
2026-09-02 13:30:00,31.42,31.43,31.45,31.38,51994.0,1633147.1188
2026-09-02 13:31:00,31.42,31.41,31.43,31.39,40473.0,1271198.1073
2026-09-02 13:32:00,31.41,31.26,31.41,31.26,62257.0,1951721.6489
2026-09-02 13:33:00,31.26,31.3,31.31,31.25,57843.0,1808896.7515
2026-09-02 13:34:00,31.3,31.26,31.32,31.26,30399.0,951272.7109
2026-09-02 13:35:00,31.26,31.23,31.28,31.22,41300.0,1290825.3879
2026-09-02 13:36:00,31.22,31.12,31.23,31.1,106489.0,3319127.0454
2026-09-02 13:37:00,31.15,31.22,31.22,31.11,78200.0,2435717.0
2026-09-02 13:38:00,31.22,31.17,31.22,31.15,57849.0,1803193.33
2026-09-02 13:39:00,31.18,31.19,31.22,31.17,37800.0,1178786.9999
2026-09-02 13:40:00,31.19,31.21,31.22,31.18,18000.0,561524.0
2026-09-02 13:41:00,31.22,31.24,31.26,31.2,28720.0,897173.1583
2026-09-02 13:42:00,31.25,31.34,31.34,31.25,22500.0,703801.0
2026-09-02 13:43:00,31.35,31.37,31.43,31.35,39400.0,1236710.0
2026-09-02 13:44:00,31.35,31.31,31.35,31.3,28700.0,899140.0
2026-09-02 13:45:00,31.3,31.23,31.3,31.22,44380.0,1386223.4001
2026-09-02 13:46:00,31.23,31.28,31.4,31.22,27700.0,866620.6408
2026-09-02 13:47:00,31.28,31.28,31.34,31.27,19626.0,614516.5302
2026-09-02 13:48:00,31.28,31.21,31.31,31.21,30974.0,968209.7227
2026-09-02 13:49:00,31.21,31.24,31.24,31.16,72123.0,2249815.6301
2026-09-02 13:50:00,31.2,31.28,31.28,31.2,22200.0,693618.0
2026-09-02 13:51:00,31.27,31.3,31.31,31.26,45175.0,1413085.75
2026-09-02 13:52:00,31.31,31.25,31.31,31.25,57625.0,1802959.25
2026-09-02 13:53:00,31.28,31.27,31.31,31.25,37659.0,1177774.2539
2026-09-02 13:54:00,31.26,31.4,31.4,31.25,34634.0,1084726.0996
2026-09-02 13:55:00,31.42,31.48,31.49,31.4,16898.0,531602.1602
2026-09-02 13:56:00,31.48,31.38,31.5,31.38,28716.0,903057.3999
2026-09-02 13:57:00,31.39,31.34,31.43,31.33,34700.0,1088578.6089
2026-09-02 13:58:00,31.35,31.41,31.41,31.35,25331.0,795032.7949
2026-09-02 13:59:00,31.41,31.52,31.52,31.41,18798.0,591320.1016
2026-09-02 14:00:00,31.5,31.45,31.52,31.42,26802.0,843238.9439
2026-09-02 14:01:00,31.45,31.36,31.45,31.36,41769.0,1312408.2784
2026-09-02 14:02:00,31.35,31.37,31.4,31.35,31175.0,978025.25
2026-09-02 14:03:00,31.36,31.4,31.4,31.35,46800.0,1467942.0
2026-09-02 14:04:00,31.4,31.39,31.41,31.38,26500.0,831979.4688
2026-09-02 14:05:00,31.38,31.29,31.38,31.29,77625.0,2433598.0176
2026-09-02 14:06:00,31.28,31.24,31.29,31.23,37913.0,1184618.9897
2026-09-02 14:07:00,31.24,31.21,31.26,31.21,54000.0,1686071.0076
2026-09-02 14:08:00,31.21,31.16,31.22,31.16,68743.0,2143898.8809
2026-09-02 14:09:00,31.17,31.2,31.22,31.16,49600.0,1547023.7997
2026-09-02 14:10:00,31.2,31.3,31.3,31.19,22820.0,712693.8004
2026-09-02 14:11:00,31.29,31.28,31.3,31.28,27400.0,857479.25
2026-09-02 14:12:00,31.28,31.21,31.28,31.21,30500.0,952613.0
2026-09-02 14:13:00,31.25,31.22,31.25,31.21,21300.0,664996.9995
2026-09-02 14:14:00,31.22,31.21,31.23,31.2,28200.0,880440.0
2026-09-02 14:15:00,31.21,31.27,31.27,31.21,29732.0,928779.0001
2026-09-02 14:16:00,31.27,31.27,31.29,31.26,14800.0,462880.0
2026-09-02 14:17:00,31.27,31.23,31.28,31.23,55133.0,1723227.9495
2026-09-02 14:18:00,31.23,31.4,31.53,31.23,125215.0,3929160.6606
2026-09-02 14:19:00,31.48,32.0,32.0,31.4,77300.0,2460944.0
2026-09-02 14:20:00,32.01,32.6,32.6,32.0,142647.0,4601623.6624
2026-09-02 14:21:00,32.6,33.0,33.27,32.6,302575.0,9984827.7917
2026-09-02 14:22:00,32.87,33.3,33.33,32.58,153975.0,5065283.4623
2026-09-02 14:23:00,33.33,33.23,33.33,32.51,153300.0,5076954.6486
2026-09-02 14:24:00,33.23,32.81,33.25,32.8,172166.0,5681357.2998
2026-09-02 14:25:00,32.81,33.17,33.22,32.8,112575.0,3713658.7822
2026-09-02 14:26:00,33.23,33.2,33.51,32.9,203000.0,6766105.4309
2026-09-02 14:27:00,33.2,32.99,33.23,32.8,65225.0,2151917.9822
2026-09-02 14:28:00,32.92,33.09,33.09,32.9,53423.0,1762783.2523
2026-09-02 14:29:00,33.09,32.77,33.11,32.77,81524.0,2687263.545
2026-09-02 14:30:00,32.77,32.99,32.99,32.77,60995.0,2003345.6957
2026-09-02 14:31:00,32.99,33.18,33.2,32.98,58900.0,1949617.9895
2026-09-02 14:32:00,33.18,32.87,33.2,32.86,96373.0,3176722.7729
2026-09-02 14:33:00,32.87,32.9,32.99,32.86,34575.0,1137742.7679
2026-09-02 14:34:00,32.89,32.8,32.95,32.8,97452.0,3203545.4848
2026-09-02 14:35:00,32.79,32.68,32.8,32.57,86174.0,2814506.2007
2026-09-02 14:36:00,32.7,32.53,32.71,32.51,55126.0,1797953.2785
2026-09-02 14:37:00,32.51,32.6,32.6,32.43,101998.0,3314444.4905
2026-09-02 14:38:00,32.55,32.89,32.89,32.52,73681.0,2415241.1385
2026-09-02 14:39:00,32.89,32.76,32.97,32.75,36925.0,1213155.2424
2026-09-02 14:40:00,32.76,32.65,32.76,32.65,25100.0,820830.002
2026-09-02 14:41:00,32.63,32.59,32.65,32.55,45200.0,1473128.9927
2026-09-02 14:42:00,32.58,32.42,32.6,32.41,48500.0,1577706.9868
2026-09-02 14:43:00,32.41,32.33,32.41,32.01,94300.0,3035012.9624
2026-09-02 14:44:00,32.33,32.12,32.39,32.08,55300.0,1781088.6165
2026-09-02 14:45:00,32.12,32.39,32.5,32.1,73380.0,2373076.8424
2026-09-02 14:46:00,32.39,32.41,32.47,32.38,33700.0,1091868.0146
2026-09-02 14:47:00,32.42,32.37,32.5,32.37,65300.0,2118359.2405
2026-09-02 14:48:00,32.37,32.28,32.38,32.22,52340.0,1691015.3743
2026-09-02 14:49:00,32.28,32.38,32.46,32.27,94400.0,3052249.3582
2026-09-02 14:50:00,32.38,32.38,32.4,32.35,46386.0,1501531.8483
2026-09-02 14:51:00,32.38,32.31,32.4,32.3,64314.0,2080275.3405
2026-09-02 14:52:00,32.3,32.01,32.31,32.0,109380.0,3515401.9367
2026-09-02 14:53:00,32.01,31.98,32.01,31.83,124250.0,3966890.4054
2026-09-02 14:54:00,31.95,31.97,32.15,31.95,135500.0,4335364.4907
2026-09-02 14:55:00,31.96,31.89,31.98,31.87,98925.0,3159343.25
2026-09-02 14:56:00,31.88,32.11,32.2,31.85,153568.0,4904653.8328
2026-09-02 14:57:00,32.12,32.13,32.15,31.98,175875.0,5641074.4609
2026-09-02 15:00:00,32.08,32.08,32.08,32.08,216024.0,6930050.4225
2026-09-03 09:31:00,31.58,31.99,31.99,31.2,1111727.0,35010292.9336
2026-09-03 09:32:00,31.95,32.38,33.2,31.95,707575.0,23169624.1735
2026-09-03 09:33:00,32.3,32.5,32.88,32.3,503441.0,16472960.221
2026-09-03 09:34:00,32.56,33.25,33.36,32.4,526009.0,17368466.1723
2026-09-03 09:35:00,33.17,33.2,33.28,32.9,523897.0,17349489.8979
2026-09-03 09:36:00,33.18,32.8,33.21,32.55,314941.0,10369625.7701
2026-09-03 09:37:00,32.8,32.9,33.38,32.77,449832.0,14906419.0677
2026-09-03 09:38:00,32.9,32.79,33.24,32.7,370300.0,12201484.0728
2026-09-03 09:39:00,32.79,32.64,32.79,32.5,294828.0,9622529.3191
2026-09-03 09:40:00,32.64,32.66,32.88,32.61,206936.0,6777454.9215
2026-09-03 09:41:00,32.65,32.12,32.66,32.1,196400.0,6351589.0439
2026-09-03 09:42:00,32.15,32.4,32.61,32.1,165227.0,5350051.3192
2026-09-03 09:43:00,32.32,32.3,32.4,32.15,129645.0,4179839.3875
2026-09-03 09:44:00,32.3,32.5,32.59,32.28,150086.0,4875353.9803
2026-09-03 09:45:00,32.5,32.49,32.52,32.27,80061.0,2592964.7053
2026-09-03 09:46:00,32.51,32.74,32.85,32.51,126749.0,4143893.8475
2026-09-03 09:47:00,32.78,32.61,32.8,32.44,102200.0,3337037.8536
2026-09-03 09:48:00,32.62,32.71,32.84,32.61,78466.0,2570458.8921
2026-09-03 09:49:00,32.72,32.74,32.75,32.66,78266.0,2559391.6058
2026-09-03 09:50:00,32.72,32.7,32.78,32.7,85691.0,2805049.9305
2026-09-03 09:51:00,32.74,32.59,32.75,32.59,80677.0,2635291.9818
2026-09-03 09:52:00,32.6,32.4,32.6,32.16,145595.0,4704892.8105
2026-09-03 09:53:00,32.4,32.39,32.54,32.11,129055.0,4175826.8931
2026-09-03 09:54:00,32.37,32.17,32.37,32.11,106195.0,3415948.2596
2026-09-03 09:55:00,32.16,32.42,32.5,32.15,65475.0,2119102.5175
2026-09-03 09:56:00,32.42,32.28,32.46,32.2,67475.0,2183513.5313
2026-09-03 09:57:00,32.2,32.19,32.28,32.18,77987.0,2512106.6614
2026-09-03 09:58:00,32.19,32.3,32.31,32.19,72175.0,2327830.2407
2026-09-03 09:59:00,32.3,32.4,32.42,32.3,49600.0,1605491.0166
2026-09-03 10:00:00,32.4,32.22,32.41,32.13,71038.0,2290160.906
2026-09-03 10:01:00,32.24,32.25,32.38,32.15,49000.0,1578489.5576
2026-09-03 10:02:00,32.25,32.27,32.33,32.24,49800.0,1608523.0492
2026-09-03 10:03:00,32.27,32.45,32.45,32.27,45328.0,1467247.3363
2026-09-03 10:04:00,32.46,32.45,32.47,32.38,54820.0,1778127.0083
2026-09-03 10:05:00,32.45,32.48,32.48,32.4,56489.0,1833091.5078
2026-09-03 10:06:00,32.49,32.51,32.54,32.48,51400.0,1670893.3568
2026-09-03 10:07:00,32.51,32.3,32.53,32.28,86380.0,2801353.3927
2026-09-03 10:08:00,32.27,32.1,32.27,32.09,178976.0,5750969.5684
2026-09-03 10:09:00,32.1,32.11,32.12,32.09,255658.0,8206035.8098
2026-09-03 10:10:00,32.1,31.83,32.12,31.68,418756.0,13402981.7051
2026-09-03 10:11:00,31.83,31.98,31.98,31.78,85511.0,2722649.7148
2026-09-03 10:12:00,31.98,32.03,32.13,31.95,53947.0,1728307.7136
2026-09-03 10:13:00,32.08,32.0,32.1,31.99,44200.0,1416435.7047
2026-09-03 10:14:00,31.99,31.86,31.99,31.73,132100.0,4209902.05
2026-09-03 10:15:00,31.86,32.2,32.21,31.83,64366.0,2063097.6775
2026-09-03 10:16:00,32.2,32.02,32.3,32.02,44700.0,1437297.0042
2026-09-03 10:17:00,32.04,32.35,32.35,32.02,66774.0,2149788.9322
2026-09-03 10:18:00,32.35,32.21,32.46,32.2,79166.0,2562017.7434
2026-09-03 10:19:00,32.21,32.34,32.36,32.15,53063.0,1709415.5403
2026-09-03 10:20:00,32.35,32.3,32.43,32.3,38875.0,1258630.5255
2026-09-03 10:21:00,32.32,32.08,32.32,32.07,58699.0,1890962.4226
2026-09-03 10:22:00,32.18,32.19,32.2,32.09,37800.0,1215888.9844
2026-09-03 10:23:00,32.18,32.03,32.2,32.02,39726.0,1274420.0925
2026-09-03 10:24:00,32.03,32.09,32.12,32.03,31475.0,1009284.0
2026-09-03 10:25:00,32.09,32.1,32.13,32.08,40794.0,1309638.7835
2026-09-03 10:26:00,32.13,32.06,32.13,32.06,41531.0,1332923.984
2026-09-03 10:27:00,32.05,31.79,32.06,31.7,100400.0,3203796.9895
2026-09-03 10:28:00,31.79,31.99,32.2,31.69,58675.0,1873091.0776
2026-09-03 10:29:00,31.99,31.85,31.99,31.85,33895.0,1080403.75
2026-09-03 10:30:00,31.85,31.7,31.85,31.69,92496.0,2937945.5435
2026-09-03 10:31:00,31.69,31.72,31.75,31.68,90507.0,2869213.2592
2026-09-03 10:32:00,31.72,31.33,31.75,31.32,194159.0,6131224.4088
2026-09-03 10:33:00,31.33,31.46,31.7,31.31,113724.0,3574424.6451
2026-09-03 10:34:00,31.46,31.5,31.5,31.38,98166.0,3084727.3562
2026-09-03 10:35:00,31.5,31.6,31.66,31.5,42666.0,1348204.5305
2026-09-03 10:36:00,31.6,31.16,31.6,31.16,186985.0,5855936.2006
2026-09-03 10:37:00,31.16,31.36,31.36,31.1,145965.0,4550150.2952
2026-09-03 10:38:00,31.36,31.23,31.36,31.21,75676.0,2365650.7991
2026-09-03 10:39:00,31.22,31.37,31.38,31.21,46149.0,1443297.2178
2026-09-03 10:40:00,31.38,31.24,31.5,31.24,71776.0,2246853.2822
2026-09-03 10:41:00,31.24,31.17,31.28,31.17,136000.0,4244522.7141
2026-09-03 10:42:00,31.18,31.24,31.25,31.16,39053.0,1217714.7212
2026-09-03 10:43:00,31.25,31.38,31.43,31.25,29500.0,925291.0
2026-09-03 10:44:00,31.39,31.3,31.39,31.28,32900.0,1030349.995
2026-09-03 10:45:00,31.29,31.3,31.31,31.28,24363.0,762505.8934
2026-09-03 10:46:00,31.3,31.36,31.41,31.29,45400.0,1424086.0
2026-09-03 10:47:00,31.36,31.23,31.37,31.2,56000.0,1750077.2925
2026-09-03 10:48:00,31.2,31.25,31.28,31.2,25804.0,805960.9399
2026-09-03 10:49:00,31.27,31.01,31.28,31.0,193796.0,6028870.4027
2026-09-03 10:50:00,31.0,30.66,31.02,30.6,224700.0,6921854.0
2026-09-03 10:51:00,30.66,30.81,30.95,30.66,155790.0,4794967.0632
2026-09-03 10:52:00,30.81,30.63,30.83,30.63,113434.0,3487400.6617
2026-09-03 10:53:00,30.64,30.68,30.68,30.51,243991.0,7463607.7395
2026-09-03 10:54:00,30.62,30.95,30.96,30.62,51273.0,1578348.3701
2026-09-03 10:55:00,30.94,30.79,30.95,30.73,89400.0,2760917.0
2026-09-03 10:56:00,30.87,31.06,31.19,30.8,50667.0,1569055.8632
2026-09-03 10:57:00,31.05,30.93,31.18,30.93,47300.0,1466486.001
2026-09-03 10:58:00,30.93,31.01,31.04,30.93,50109.0,1551952.0044
2026-09-03 10:59:00,31.0,30.81,31.0,30.78,39921.0,1231382.9996
2026-09-03 11:00:00,30.82,30.92,30.93,30.81,19000.0,586757.0
2026-09-03 11:01:00,30.92,30.74,30.92,30.73,48970.0,1507974.25
2026-09-03 11:02:00,30.74,30.6,30.74,30.6,99063.0,3039801.6184
2026-09-03 11:03:00,30.6,30.44,30.6,30.33,248548.0,7568247.2482
2026-09-03 11:04:00,30.44,30.61,30.74,30.42,56231.0,1718206.5784
2026-09-03 11:05:00,30.61,30.73,30.74,30.59,62724.0,1922405.1406
2026-09-03 11:06:00,30.73,30.86,30.88,30.73,31466.0,968137.8398
2026-09-03 11:07:00,30.8,30.75,30.82,30.73,26750.0,822998.5892
2026-09-03 11:08:00,30.75,30.8,30.8,30.7,34200.0,1051551.0208
2026-09-03 11:09:00,30.81,30.73,30.87,30.7,29384.0,904831.3602
2026-09-03 11:10:00,30.73,30.73,30.75,30.65,33066.0,1014636.5775
2026-09-03 11:11:00,30.71,30.61,30.73,30.6,54515.0,1669338.8019
2026-09-03 11:12:00,30.61,30.63,30.67,30.6,40200.0,1231755.0
2026-09-03 11:13:00,30.63,30.53,30.66,30.5,78964.0,2417218.2615
2026-09-03 11:14:00,30.53,30.5,30.6,30.48,52584.0,1604172.3104
2026-09-03 11:15:00,30.49,30.54,30.54,30.47,55400.0,1690171.1563
2026-09-03 11:16:00,30.53,30.59,30.6,30.52,22700.0,693526.0
2026-09-03 11:17:00,30.59,30.66,30.66,30.59,37036.0,1134088.5996
2026-09-03 11:18:00,30.65,30.48,30.66,30.45,63600.0,1941442.0
2026-09-03 11:19:00,30.49,30.48,30.53,30.48,29800.0,908930.0
2026-09-03 11:20:00,30.48,30.34,30.48,30.34,111400.0,3385677.0
2026-09-03 11:21:00,30.36,30.5,30.5,30.33,52200.0,1585389.0
2026-09-03 11:22:00,30.5,30.55,30.55,30.45,31777.0,969481.1125
2026-09-03 11:23:00,30.55,30.53,30.58,30.5,17123.0,522949.6487
2026-09-03 11:24:00,30.54,30.53,30.57,30.52,30567.0,933357.2822
2026-09-03 11:25:00,30.54,30.68,30.78,30.53,33677.0,1030938.5864
2026-09-03 11:26:00,30.8,30.72,30.87,30.7,64600.0,1989272.0
2026-09-03 11:27:00,30.72,30.58,30.76,30.58,25300.0,775502.0
2026-09-03 11:28:00,30.58,30.6,30.61,30.57,30075.0,919854.75
2026-09-03 11:29:00,30.6,30.57,30.6,30.52,35625.0,1088236.2507
2026-09-03 11:30:00,30.6,30.77,30.77,30.57,23900.0,732416.0
2026-09-03 13:01:00,30.77,30.64,30.86,30.52,70100.0,2153744.0048
2026-09-03 13:02:00,30.67,30.49,30.67,30.49,49108.0,1499190.5522
2026-09-03 13:03:00,30.49,30.5,30.53,30.43,36741.0,1119800.376
2026-09-03 13:04:00,30.5,30.44,30.52,30.44,28300.0,862357.0
2026-09-03 13:05:00,30.48,30.44,30.5,30.43,23259.0,707973.964
2026-09-03 13:06:00,30.42,30.38,30.44,30.38,58700.0,1785197.9908
2026-09-03 13:07:00,30.4,30.28,30.4,30.28,100300.0,3041791.0
2026-09-03 13:08:00,30.29,30.31,30.32,30.21,87900.0,2662351.001
2026-09-03 13:09:00,30.3,30.4,30.4,30.27,41841.0,1268224.7109
2026-09-03 13:10:00,30.4,30.36,30.42,30.3,23124.0,701748.5996
2026-09-03 13:11:00,30.33,30.3,30.36,30.23,73200.0,2217767.15
2026-09-03 13:12:00,30.23,30.15,30.23,30.14,72600.0,2191179.0001
2026-09-03 13:13:00,30.15,30.16,30.16,30.11,103472.0,3117649.9307
2026-09-03 13:14:00,30.15,30.29,30.3,30.12,44437.0,1340599.0308
2026-09-03 13:15:00,30.29,30.18,30.31,30.18,62700.0,1896026.8938
2026-09-03 13:16:00,30.18,30.79,30.8,30.18,72524.0,2218541.5947
2026-09-03 13:17:00,30.67,30.87,30.95,30.6,107051.0,3296248.98
2026-09-03 13:18:00,30.95,30.97,31.05,30.85,82862.0,2567613.9082
2026-09-03 13:19:00,30.96,30.88,31.0,30.8,56500.0,1747482.0
2026-09-03 13:20:00,30.87,30.7,30.88,30.7,42700.0,1316877.598
2026-09-03 13:21:00,30.68,30.6,30.68,30.56,15249.0,467102.4014
2026-09-03 13:22:00,30.58,30.6,30.6,30.54,25600.0,782647.001
2026-09-03 13:23:00,30.6,30.66,30.79,30.59,27817.0,853779.03
2026-09-03 13:24:00,30.65,30.79,30.8,30.61,52700.0,1619231.0
2026-09-03 13:25:00,30.68,30.6,30.79,30.59,45900.0,1406171.0077
2026-09-03 13:26:00,30.6,30.51,30.6,30.5,40783.0,1245561.8
2026-09-03 13:27:00,30.51,30.51,30.6,30.41,18700.0,569929.0
2026-09-03 13:28:00,30.46,30.57,30.57,30.46,18854.0,575210.5322
2026-09-03 13:29:00,30.53,30.65,30.65,30.52,20157.0,616805.3558
2026-09-03 13:30:00,30.6,30.57,30.6,30.55,27300.0,834624.999
2026-09-03 13:31:00,30.57,30.49,30.61,30.47,64477.0,1968734.7305
2026-09-03 13:32:00,30.5,30.53,30.56,30.5,14700.0,448513.0
2026-09-03 13:33:00,30.52,30.5,30.56,30.5,26400.0,805676.0
2026-09-03 13:34:00,30.56,30.51,30.61,30.5,32700.0,999037.0
2026-09-03 13:35:00,30.55,30.56,30.63,30.48,35623.0,1087697.7153
2026-09-03 13:36:00,30.62,30.48,30.63,30.43,23500.0,716909.0
2026-09-03 13:37:00,30.54,30.43,30.6,30.43,37400.0,1140081.0002
2026-09-03 13:38:00,30.42,30.28,30.45,30.28,60500.0,1838002.0
2026-09-03 13:39:00,30.28,30.33,30.34,30.23,33275.0,1007328.25
2026-09-03 13:40:00,30.33,30.44,30.44,30.33,13300.0,403733.0
2026-09-03 13:41:00,30.44,30.5,30.51,30.41,12200.0,371663.0
2026-09-03 13:42:00,30.5,30.36,30.5,30.3,43230.0,1314135.9996
2026-09-03 13:43:00,30.36,30.4,30.49,30.3,12500.0,379468.0
2026-09-03 13:44:00,30.36,30.43,30.46,30.34,7800.0,236945.0
2026-09-03 13:45:00,30.43,30.44,30.45,30.43,7800.0,237440.0
2026-09-03 13:46:00,30.44,30.44,30.45,30.43,14700.0,447422.3372
2026-09-03 13:47:00,30.44,30.47,30.48,30.43,19766.0,602089.041
2026-09-03 13:48:00,30.48,30.37,30.48,30.35,53909.0,1639332.2097
2026-09-03 13:49:00,30.37,30.38,30.4,30.37,13300.0,404132.0
2026-09-03 13:50:00,30.38,30.39,30.39,30.37,47741.0,1450641.5781
2026-09-03 13:51:00,30.39,30.48,30.48,30.39,7800.0,237289.0
2026-09-03 13:52:00,30.48,30.51,30.51,30.48,21740.0,663012.0
2026-09-03 13:53:00,30.52,30.58,30.59,30.51,31300.0,956720.0
2026-09-03 13:54:00,30.59,30.51,30.59,30.5,23100.0,705351.3778
2026-09-03 13:55:00,30.51,30.45,30.52,30.45,38200.0,1164445.9999
2026-09-03 13:56:00,30.45,30.51,30.51,30.44,15117.0,460682.6504
2026-09-03 13:57:00,30.52,30.52,30.52,30.5,18941.0,577971.3203
2026-09-03 13:58:00,30.52,30.53,30.58,30.52,11850.0,361929.66
2026-09-03 13:59:00,30.56,30.54,30.59,30.52,23300.0,711750.0006
2026-09-03 14:00:00,30.52,30.47,30.52,30.46,26875.0,819342.0
2026-09-03 14:01:00,30.48,30.53,30.54,30.48,57975.0,1767856.75
2026-09-03 14:02:00,30.5,30.55,30.55,30.5,17125.0,522814.0
2026-09-03 14:03:00,30.55,30.85,30.88,30.55,34438.0,1057631.2988
2026-09-03 14:04:00,30.81,30.77,30.88,30.75,32900.0,1013458.0
2026-09-03 14:05:00,30.8,30.79,30.81,30.76,23300.0,717412.0398
2026-09-03 14:06:00,30.77,30.76,30.8,30.76,27900.0,858575.0009
2026-09-03 14:07:00,30.76,30.8,30.8,30.75,27700.0,852283.1603
2026-09-03 14:08:00,30.76,30.76,30.8,30.7,36700.0,1128022.999
2026-09-03 14:09:00,30.71,30.62,30.74,30.61,32500.0,996922.0
2026-09-03 14:10:00,30.62,30.68,30.77,30.62,23000.0,706419.0
2026-09-03 14:11:00,30.7,30.61,30.7,30.6,30032.0,920525.2
2026-09-03 14:12:00,30.61,30.56,30.63,30.55,28868.0,883355.1616
2026-09-03 14:13:00,30.54,30.56,30.57,30.5,20900.0,638133.0
2026-09-03 14:14:00,30.56,30.52,30.56,30.52,26700.0,815184.0012
2026-09-03 14:15:00,30.52,30.45,30.52,30.42,67725.0,2063791.9303
2026-09-03 14:16:00,30.45,30.46,30.5,30.45,75819.0,2309423.1415
2026-09-03 14:17:00,30.46,30.45,30.48,30.43,32481.0,989284.7551
2026-09-03 14:18:00,30.42,30.4,30.43,30.39,67900.0,2064798.9989
2026-09-03 14:19:00,30.41,30.46,30.46,30.4,38407.0,1168543.6191
2026-09-03 14:20:00,30.46,30.51,30.52,30.45,17300.0,527440.0
2026-09-03 14:21:00,30.51,30.48,30.52,30.47,38200.0,1165057.0
2026-09-03 14:22:00,30.49,30.47,30.52,30.47,29300.0,893719.9984
2026-09-03 14:23:00,30.47,30.4,30.47,30.4,32062.0,975305.2994
2026-09-03 14:24:00,30.42,30.45,30.46,30.39,37300.0,1134478.6278
2026-09-03 14:25:00,30.46,30.46,30.49,30.45,24100.0,734134.0
2026-09-03 14:26:00,30.46,30.47,30.48,30.45,19625.0,597792.2479
2026-09-03 14:27:00,30.47,30.46,30.48,30.45,20000.0,609200.0
2026-09-03 14:28:00,30.45,30.39,30.47,30.39,56075.0,1706383.75
2026-09-03 14:29:00,30.4,30.29,30.4,30.29,63763.0,1935144.5599
2026-09-03 14:30:00,30.29,30.29,30.32,30.26,90200.0,2732548.825
2026-09-03 14:31:00,30.28,30.26,30.29,30.26,74328.0,2250081.9422
2026-09-03 14:32:00,30.27,30.28,30.29,30.24,60100.0,1818822.1589
2026-09-03 14:33:00,30.28,30.21,30.28,30.2,61672.0,1864484.281
2026-09-03 14:34:00,30.2,30.06,30.2,30.06,139600.0,4205392.0044
2026-09-03 14:35:00,30.06,30.11,30.12,30.04,89244.0,2684361.5188
2026-09-03 14:36:00,30.11,30.12,30.15,30.11,76994.0,2319497.3338
2026-09-03 14:37:00,30.12,30.16,30.2,30.11,74575.0,2247112.7684
2026-09-03 14:38:00,30.14,30.14,30.16,30.13,48200.0,1452784.0
2026-09-03 14:39:00,30.14,30.1,30.14,30.1,69506.0,2093512.3416
2026-09-03 14:40:00,30.09,30.05,30.12,30.04,121300.0,3649464.0396
2026-09-03 14:41:00,30.05,30.01,30.05,30.0,199400.0,5986641.662
2026-09-03 14:42:00,30.03,30.16,30.16,30.02,87972.0,2645596.6009
2026-09-03 14:43:00,30.15,30.14,30.22,30.14,50200.0,1514856.3573
2026-09-03 14:44:00,30.13,30.04,30.14,30.04,36100.0,1085461.0
2026-09-03 14:45:00,30.04,30.05,30.05,30.02,71401.0,2144586.0813
2026-09-03 14:46:00,30.05,30.07,30.07,30.03,83865.0,2519616.6448
2026-09-03 14:47:00,30.07,30.1,30.13,30.06,34800.0,1047438.0
2026-09-03 14:48:00,30.11,30.12,30.16,30.1,68473.0,2064071.2962
2026-09-03 14:49:00,30.13,30.03,30.13,30.02,81527.0,2450448.7072
2026-09-03 14:50:00,30.04,30.09,30.1,30.03,86532.0,2600607.9661
2026-09-03 14:51:00,30.09,30.11,30.13,30.07,128900.0,3880269.6068
2026-09-03 14:52:00,30.1,30.09,30.11,30.07,99400.0,2991044.5383
2026-09-03 14:53:00,30.1,30.03,30.1,30.03,150167.0,4514156.8624
2026-09-03 14:54:00,30.02,29.98,30.04,29.98,231050.0,6933445.6584
2026-09-03 14:55:00,29.98,29.92,30.0,29.88,242675.0,7263885.1463
2026-09-03 14:56:00,29.9,30.01,30.02,29.89,197129.0,5907286.3259
2026-09-03 14:57:00,30.02,29.99,30.03,29.97,204400.0,6131044.5
2026-09-03 15:00:00,29.98,29.98,29.98,29.98,219519.0,6581179.6027
2026-09-04 09:31:00,29.6,29.25,30.06,29.18,1093262.0,32320158.6844
2026-09-04 09:32:00,29.18,29.31,29.6,29.1,448703.0,13146104.0796
2026-09-04 09:33:00,29.31,28.97,29.44,28.6,874467.0,25306821.3168
2026-09-04 09:34:00,29.0,29.46,29.58,28.88,496094.0,14428402.5613
2026-09-04 09:35:00,29.45,29.48,29.52,29.15,156400.0,4594869.9959
2026-09-04 09:36:00,29.48,29.41,29.52,29.15,211200.0,6197106.1221
2026-09-04 09:37:00,29.35,29.4,29.45,29.07,242025.0,7082723.4961
2026-09-04 09:38:00,29.26,29.26,29.41,29.21,208100.0,6099560.25
2026-09-04 09:39:00,29.23,29.3,29.4,29.2,179649.0,5259244.0043
2026-09-04 09:40:00,29.3,29.3,29.39,29.26,138341.0,4055186.2999
2026-09-04 09:41:00,29.28,29.0,29.28,29.0,285875.0,8321862.3487
2026-09-04 09:42:00,29.0,29.04,29.09,28.9,284118.0,8239610.7036
2026-09-04 09:43:00,29.04,29.14,29.16,29.03,134516.0,3913480.8198
2026-09-04 09:44:00,29.14,29.05,29.18,29.04,131750.0,3836802.0006
2026-09-04 09:45:00,29.04,28.8,29.04,28.79,222900.0,6445233.3203
2026-09-04 09:46:00,28.8,28.92,28.93,28.72,266375.0,7670818.2397
2026-09-04 09:47:00,28.93,29.0,29.04,28.92,118109.0,3424430.5959
2026-09-04 09:48:00,29.0,28.92,29.0,28.9,145082.0,4198568.6004
2026-09-04 09:49:00,28.92,29.1,29.1,28.91,117791.0,3418080.9421
2026-09-04 09:50:00,29.1,29.17,29.17,29.1,73066.0,2129402.26
2026-09-04 09:51:00,29.16,29.07,29.16,29.07,85800.0,2496971.0015
2026-09-04 09:52:00,29.07,28.99,29.08,28.92,92342.0,2678912.9
2026-09-04 09:53:00,28.99,28.99,29.0,28.97,69058.0,2001926.9177
2026-09-04 09:54:00,28.99,29.07,29.07,28.97,47627.0,1381582.7895
2026-09-04 09:55:00,29.07,28.98,29.08,28.97,76490.0,2218914.1937
2026-09-04 09:56:00,28.98,28.95,28.98,28.9,90940.0,2630971.8477
2026-09-04 09:57:00,28.96,29.05,29.05,28.93,61150.0,1772758.4998
2026-09-04 09:58:00,29.05,29.06,29.09,29.01,93800.0,2724380.0
2026-09-04 09:59:00,29.09,29.51,29.53,29.08,91216.0,2673572.6078
2026-09-04 10:00:00,29.51,29.47,29.58,29.39,107800.0,3179000.2
2026-09-04 10:01:00,29.48,29.47,29.53,29.47,86000.0,2536607.3594
2026-09-04 10:02:00,29.46,29.39,29.47,29.39,51700.0,1521862.0
2026-09-04 10:03:00,29.39,29.22,29.39,29.2,42621.0,1247442.7411
2026-09-04 10:04:00,29.34,29.46,29.46,29.23,44996.0,1322308.4687
2026-09-04 10:05:00,29.46,29.43,29.47,29.41,56400.0,1661139.0
2026-09-04 10:06:00,29.43,29.38,29.43,29.33,38204.0,1123183.5185
2026-09-04 10:07:00,29.33,29.35,29.38,29.33,27400.0,804405.999
2026-09-04 10:08:00,29.35,29.5,29.5,29.35,59171.0,1742391.4795
2026-09-04 10:09:00,29.5,29.45,29.53,29.45,60300.0,1778980.9995
2026-09-04 10:10:00,29.46,29.42,29.49,29.41,28804.0,847547.6871
2026-09-04 10:11:00,29.42,29.45,29.47,29.41,24100.0,709611.9611
2026-09-04 10:12:00,29.45,29.48,29.51,29.45,58060.0,1712303.6
2026-09-04 10:13:00,29.49,29.48,29.5,29.41,53300.0,1570795.9999
2026-09-04 10:14:00,29.46,29.46,29.48,29.42,19750.0,581662.0
2026-09-04 10:15:00,29.45,29.46,29.47,29.45,23100.0,680569.9961
2026-09-04 10:16:00,29.48,29.5,29.5,29.46,39300.0,1158575.998
2026-09-04 10:17:00,29.5,29.63,29.63,29.49,42909.0,1268006.6799
2026-09-04 10:18:00,29.63,29.55,29.74,29.5,131473.0,3893980.5
2026-09-04 10:19:00,29.57,29.5,29.6,29.45,75800.0,2237150.3502
2026-09-04 10:20:00,29.5,29.54,29.55,29.4,57032.0,1681062.2269
2026-09-04 10:21:00,29.5,29.33,29.5,29.32,62441.0,1834406.3997
2026-09-04 10:22:00,29.33,29.35,29.37,29.33,32400.0,951128.0
2026-09-04 10:23:00,29.35,29.26,29.37,29.26,58334.0,1710430.8398
2026-09-04 10:24:00,29.3,29.23,29.34,29.21,56500.0,1651824.94
2026-09-04 10:25:00,29.34,29.35,29.35,29.22,43700.0,1278224.0
2026-09-04 10:26:00,29.28,29.23,29.35,29.22,36562.0,1070311.6395
2026-09-04 10:27:00,29.23,29.33,29.35,29.23,18200.0,532526.0
2026-09-04 10:28:00,29.36,29.29,29.37,29.27,16400.0,480919.0
2026-09-04 10:29:00,29.29,29.1,29.32,29.06,88283.0,2577027.0186
2026-09-04 10:30:00,29.09,29.01,29.1,28.94,96928.0,2810630.6002
2026-09-04 10:31:00,29.01,29.06,29.1,29.01,40400.0,1173664.0
2026-09-04 10:32:00,29.06,29.11,29.11,29.05,50100.0,1456582.0
2026-09-04 10:33:00,29.11,29.1,29.12,29.09,27600.0,803352.0
2026-09-04 10:34:00,29.1,29.0,29.11,29.0,59700.0,1734066.0011
2026-09-04 10:35:00,28.99,28.97,29.0,28.95,95600.0,2769317.1204
2026-09-04 10:36:00,28.97,29.0,29.03,28.96,34703.0,1005594.8596
2026-09-04 10:37:00,29.0,29.05,29.06,28.98,28900.0,838297.9985
2026-09-04 10:38:00,29.05,29.08,29.08,29.05,29600.0,860198.0
2026-09-04 10:39:00,29.09,29.1,29.13,29.08,54852.0,1596514.6792
2026-09-04 10:40:00,29.13,29.08,29.13,29.08,17400.0,506378.48
2026-09-04 10:41:00,29.09,29.08,29.1,29.06,28548.0,830211.8361
2026-09-04 10:42:00,29.07,28.97,29.07,28.97,44434.0,1288803.3176
2026-09-04 10:43:00,28.97,29.01,29.03,28.96,60366.0,1749126.2907
2026-09-04 10:44:00,29.01,28.99,29.05,28.99,17000.0,493218.0
2026-09-04 10:45:00,29.0,29.02,29.02,28.98,16700.0,484273.0
2026-09-04 10:46:00,29.03,29.11,29.11,29.02,23152.0,672583.1603
2026-09-04 10:47:00,29.12,29.19,29.2,29.11,16657.0,485923.2719
2026-09-04 10:48:00,29.19,29.17,29.2,29.16,23000.0,671453.0079
2026-09-04 10:49:00,29.17,29.19,29.19,29.16,9300.0,271309.0
2026-09-04 10:50:00,29.19,29.2,29.2,29.18,23400.0,683200.0045
2026-09-04 10:51:00,29.19,29.17,29.2,29.16,49000.0,1429890.0024
2026-09-04 10:52:00,29.15,29.11,29.16,29.11,13800.0,401809.0
2026-09-04 10:53:00,29.1,29.12,29.13,29.1,6900.0,200838.0
2026-09-04 10:54:00,29.13,29.1,29.13,29.1,14100.0,410583.0
2026-09-04 10:55:00,29.1,29.01,29.11,29.0,42848.0,1244203.84
2026-09-04 10:56:00,29.01,28.99,29.01,28.98,19700.0,571263.0
2026-09-04 10:57:00,29.0,28.97,29.0,28.96,67100.0,1944451.0
2026-09-04 10:58:00,28.96,28.97,28.99,28.95,44000.0,1274430.0016
2026-09-04 10:59:00,28.97,28.96,28.98,28.95,47100.0,1364199.9969
2026-09-04 11:00:00,28.96,28.98,28.99,28.95,31460.0,911374.9998
2026-09-04 11:01:00,28.98,28.98,28.99,28.95,61994.0,1795882.2383
2026-09-04 11:02:00,28.98,28.97,28.99,28.95,43281.0,1253953.2412
2026-09-04 11:03:00,28.98,28.97,29.0,28.97,15500.0,449122.9988
2026-09-04 11:04:00,28.97,28.98,28.98,28.96,12900.0,373732.0
2026-09-04 11:05:00,28.98,28.96,28.98,28.96,22400.0,648902.9971
2026-09-04 11:06:00,28.96,28.92,28.97,28.92,41737.0,1208231.6561
2026-09-04 11:07:00,28.92,28.91,28.93,28.88,67100.0,1939388.0
2026-09-04 11:08:00,28.91,28.89,28.91,28.88,68941.0,1991521.0762
2026-09-04 11:09:00,28.88,28.9,28.9,28.85,41400.0,1195202.1794
2026-09-04 11:10:00,28.9,28.93,28.95,28.9,30100.0,870320.0001
2026-09-04 11:11:00,28.92,28.82,28.92,28.81,48900.0,1410926.9998
2026-09-04 11:12:00,28.82,28.78,28.82,28.77,123100.0,3544346.6692
2026-09-04 11:13:00,28.77,28.8,28.82,28.76,73400.0,2112160.0
2026-09-04 11:14:00,28.8,28.78,28.83,28.78,45700.0,1316202.0
2026-09-04 11:15:00,28.78,28.82,28.84,28.77,61262.0,1764050.5996
2026-09-04 11:16:00,28.82,28.81,28.89,28.81,33300.0,960711.0
2026-09-04 11:17:00,28.82,28.84,28.85,28.8,21870.0,630194.9906
2026-09-04 11:18:00,28.84,28.82,28.85,28.81,36132.0,1041403.9102
2026-09-04 11:19:00,28.83,28.82,28.84,28.79,27600.0,795444.6802
2026-09-04 11:20:00,28.82,28.78,28.82,28.77,41100.0,1183304.3615
2026-09-04 11:21:00,28.79,28.78,28.8,28.76,48800.0,1404657.361
2026-09-04 11:22:00,28.8,28.81,28.81,28.78,21408.0,616438.3223
2026-09-04 11:23:00,28.81,28.98,28.98,28.8,45350.0,1307721.5
2026-09-04 11:24:00,28.98,29.0,29.0,28.9,24000.0,694874.2099
2026-09-04 11:25:00,28.98,28.92,29.0,28.92,15700.0,454470.0
2026-09-04 11:26:00,28.92,28.94,28.94,28.9,25478.0,736678.4708
2026-09-04 11:27:00,28.94,28.86,28.98,28.86,35872.0,1037060.0293
2026-09-04 11:28:00,28.85,28.88,28.9,28.82,17300.0,499159.0
2026-09-04 11:29:00,28.88,28.84,28.9,28.84,12200.0,352296.0
2026-09-04 11:30:00,28.84,28.81,28.87,28.81,20300.0,585175.0
2026-09-04 13:01:00,28.8,28.81,28.81,28.75,58330.0,1678968.5813
2026-09-04 13:02:00,28.81,28.76,28.82,28.76,28800.0,828755.0
2026-09-04 13:03:00,28.78,28.81,28.82,28.76,24600.0,707994.0
2026-09-04 13:04:00,28.81,28.76,28.82,28.76,45300.0,1304111.0
2026-09-04 13:05:00,28.76,28.71,28.78,28.71,64838.0,1862766.5
2026-09-04 13:06:00,28.71,28.8,28.8,28.68,153486.0,4411566.1829
2026-09-04 13:07:00,28.71,28.72,28.79,28.69,25500.0,732027.0
2026-09-04 13:08:00,28.73,28.77,28.77,28.72,11300.0,324887.0
2026-09-04 13:09:00,28.77,28.74,28.8,28.73,23300.0,670174.3394
2026-09-04 13:10:00,28.72,28.65,28.74,28.65,102056.0,2927024.0787
2026-09-04 13:11:00,28.65,28.53,28.65,28.52,111400.0,3183506.0
2026-09-04 13:12:00,28.54,28.53,28.56,28.51,83246.0,2374458.6628
2026-09-04 13:13:00,28.54,28.58,28.6,28.53,42600.0,1216664.0021
2026-09-04 13:14:00,28.57,28.55,28.6,28.53,53100.0,1516656.0
2026-09-04 13:15:00,28.55,28.51,28.55,28.51,69100.0,1970762.0
2026-09-04 13:16:00,28.52,28.39,28.52,28.38,157500.0,4480921.0
2026-09-04 13:17:00,28.39,28.4,28.44,28.36,104000.0,2952571.717
2026-09-04 13:18:00,28.4,28.39,28.4,28.38,46100.0,1308907.0
2026-09-04 13:19:00,28.4,28.5,28.5,28.39,58228.0,1655878.9075
2026-09-04 13:20:00,28.5,28.49,28.51,28.48,124600.0,3550917.25
2026-09-04 13:21:00,28.49,28.51,28.51,28.45,40200.0,1145456.0
2026-09-04 13:22:00,28.5,28.57,28.57,28.5,48200.0,1374646.0
2026-09-04 13:23:00,28.57,28.55,28.61,28.55,23600.0,674234.0
2026-09-04 13:24:00,28.59,28.49,28.59,28.49,24900.0,710302.0
2026-09-04 13:25:00,28.49,28.47,28.5,28.46,42665.0,1215074.0309
2026-09-04 13:26:00,28.49,28.43,28.5,28.42,31635.0,900247.098
2026-09-04 13:27:00,28.42,28.35,28.42,28.35,71272.0,2023117.7941
2026-09-04 13:28:00,28.34,28.38,28.38,28.31,65966.0,1869315.1211
2026-09-04 13:29:00,28.37,28.47,28.48,28.37,19897.0,565137.7998
2026-09-04 13:30:00,28.47,28.49,28.5,28.43,60100.0,1712315.0
2026-09-04 13:31:00,28.43,28.4,28.48,28.4,23500.0,668460.0
2026-09-04 13:32:00,28.41,28.42,28.44,28.4,32100.0,911907.0
2026-09-04 13:33:00,28.42,28.4,28.43,28.39,33600.0,954330.0
2026-09-04 13:34:00,28.4,28.31,28.4,28.31,78600.0,2227545.0
2026-09-04 13:35:00,28.32,28.32,28.33,28.29,63600.0,1800447.0
2026-09-04 13:36:00,28.31,28.33,28.4,28.31,19900.0,564110.0
2026-09-04 13:37:00,28.35,28.4,28.44,28.33,45200.0,1283561.0
2026-09-04 13:38:00,28.4,28.35,28.41,28.35,29000.0,822859.0029
2026-09-04 13:39:00,28.34,28.3,28.34,28.3,44500.0,1259959.0
2026-09-04 13:40:00,28.3,28.23,28.31,28.23,84500.0,2389175.0
2026-09-04 13:41:00,28.24,28.17,28.25,28.15,73100.0,2061648.9995
2026-09-04 13:42:00,28.17,28.24,28.24,28.13,66773.0,1881327.0537
2026-09-04 13:43:00,28.25,28.29,28.29,28.24,94500.0,2671536.0
2026-09-04 13:44:00,28.28,28.23,28.3,28.23,41500.0,1173453.0
2026-09-04 13:45:00,28.23,28.22,28.23,28.19,68466.0,1931255.5178
2026-09-04 13:46:00,28.23,28.27,28.27,28.21,26600.0,751219.0
2026-09-04 13:47:00,28.27,28.33,28.33,28.21,24389.0,689671.6992
2026-09-04 13:48:00,28.33,28.38,28.38,28.33,38968.0,1105453.7955
2026-09-04 13:49:00,28.38,28.28,28.38,28.26,33000.0,934355.0
2026-09-04 13:50:00,28.28,28.22,28.28,28.22,23800.0,672370.0
2026-09-04 13:51:00,28.22,28.19,28.22,28.18,93673.0,2641353.8681
2026-09-04 13:52:00,28.2,28.17,28.21,28.17,41827.0,1179197.1014
2026-09-04 13:53:00,28.17,28.07,28.17,28.06,95200.0,2675794.0
2026-09-04 13:54:00,28.06,28.04,28.06,28.02,111197.0,3117991.9106
2026-09-04 13:55:00,28.05,28.13,28.13,28.03,65168.0,1829309.2772
2026-09-04 13:56:00,28.13,28.06,28.17,28.01,106424.0,2985483.7991
2026-09-04 13:57:00,28.06,28.05,28.06,28.03,75500.0,2116873.0039
2026-09-04 13:58:00,28.05,28.15,28.15,28.05,30800.0,865587.0
2026-09-04 13:59:00,28.17,28.19,28.21,28.15,50100.0,1411611.0
2026-09-04 14:00:00,28.2,28.16,28.21,28.16,40800.0,1150352.0
2026-09-04 14:01:00,28.17,28.13,28.19,28.13,29000.0,816584.166
2026-09-04 14:02:00,28.13,28.1,28.13,28.08,32000.0,899478.0
2026-09-04 14:03:00,28.1,28.14,28.18,28.1,38666.0,1087681.92
2026-09-04 14:04:00,28.15,28.13,28.15,28.1,18425.0,518270.2501
2026-09-04 14:05:00,28.14,28.11,28.14,28.11,22375.0,629189.4313
2026-09-04 14:06:00,28.12,28.14,28.14,28.11,21157.0,594903.0938
2026-09-04 14:07:00,28.14,28.11,28.14,28.11,33909.0,953565.8281
2026-09-04 14:08:00,28.11,28.14,28.15,28.11,10567.0,297346.7094
2026-09-04 14:09:00,28.14,28.13,28.15,28.12,24532.0,690252.1653
2026-09-04 14:10:00,28.12,28.11,28.13,28.11,21569.0,606572.6025
2026-09-04 14:11:00,28.11,28.08,28.12,28.08,36333.0,1020844.6498
2026-09-04 14:12:00,28.08,28.04,28.09,28.01,88016.0,2467938.3582
2026-09-04 14:13:00,28.02,27.95,28.04,27.93,181047.0,5069407.4675
2026-09-04 14:14:00,27.95,27.96,27.98,27.91,106298.0,2968057.8271
2026-09-04 14:15:00,27.97,27.98,28.0,27.95,48900.0,1368382.6631
2026-09-04 14:16:00,27.98,27.97,27.98,27.96,23200.0,648917.0
2026-09-04 14:17:00,27.97,27.91,27.98,27.91,63967.0,1787692.6516
2026-09-04 14:18:00,27.91,27.84,27.91,27.84,96900.0,2702368.9993
2026-09-04 14:19:00,27.84,27.75,27.85,27.75,94000.0,2613263.1203
2026-09-04 14:20:00,27.74,27.76,27.77,27.69,125588.0,3481491.4754
2026-09-04 14:21:00,27.76,27.86,27.86,27.75,62471.0,1736100.0898
2026-09-04 14:22:00,27.86,27.95,27.95,27.86,28900.0,806305.0
2026-09-04 14:23:00,27.95,27.98,27.99,27.95,83717.0,2341867.1615
2026-09-04 14:24:00,27.99,27.94,28.0,27.93,41883.0,1171021.9771
2026-09-04 14:25:00,27.94,27.93,27.94,27.9,52497.0,1466139.4688
2026-09-04 14:26:00,27.93,28.0,28.0,27.93,48926.0,1367396.0397
2026-09-04 14:27:00,28.0,27.97,28.0,27.96,49683.0,1390389.3396
2026-09-04 14:28:00,27.97,27.91,27.98,27.91,30594.0,855350.4101
2026-09-04 14:29:00,27.92,27.85,27.92,27.83,35100.0,978051.0
2026-09-04 14:30:00,27.83,27.84,27.84,27.78,96600.0,2685539.285
2026-09-04 14:31:00,27.84,27.83,27.85,27.81,37200.0,1034992.0
2026-09-04 14:32:00,27.84,27.89,27.9,27.83,33000.0,919634.0
2026-09-04 14:33:00,27.89,27.89,27.91,27.85,55873.0,1557913.24
2026-09-04 14:34:00,27.89,27.89,27.94,27.89,24606.0,686628.3398
2026-09-04 14:35:00,27.89,27.93,27.93,27.89,47900.0,1336819.0
2026-09-04 14:36:00,27.93,27.88,27.93,27.87,54321.0,1515750.6875
2026-09-04 14:37:00,27.86,27.81,27.86,27.81,44000.0,1224506.0
2026-09-04 14:38:00,27.81,27.79,27.84,27.78,52900.0,1471071.0001
2026-09-04 14:39:00,27.78,27.69,27.79,27.69,50800.0,1408646.0
2026-09-04 14:40:00,27.68,27.67,27.69,27.62,111499.0,3083804.8905
2026-09-04 14:41:00,27.65,27.7,27.75,27.64,79734.0,2208185.7793
2026-09-04 14:42:00,27.71,27.79,27.79,27.71,25215.0,699958.25
2026-09-04 14:43:00,27.79,27.7,27.8,27.7,50085.0,1390201.4512
2026-09-04 14:44:00,27.69,27.69,27.72,27.64,64015.0,1771309.3003
2026-09-04 14:45:00,27.71,27.71,27.72,27.68,33667.0,932554.9025
2026-09-04 14:46:00,27.71,27.67,27.72,27.61,162253.0,4488087.257
2026-09-04 14:47:00,27.66,27.69,27.7,27.66,65700.0,1818714.0207
2026-09-04 14:48:00,27.7,27.67,27.72,27.61,96700.0,2675609.6842
2026-09-04 14:49:00,27.66,27.46,27.67,27.46,161786.0,4456802.2996
2026-09-04 14:50:00,27.48,27.61,27.63,27.46,107938.0,2972525.1591
2026-09-04 14:51:00,27.61,27.59,27.69,27.59,94314.0,2608084.2617
2026-09-04 14:52:00,27.59,27.5,27.63,27.5,160586.0,4428687.4675
2026-09-04 14:53:00,27.5,27.57,27.59,27.49,60789.0,1674147.25
2026-09-04 14:54:00,27.57,27.57,27.58,27.55,84500.0,2329097.0
2026-09-04 14:55:00,27.57,27.6,27.61,27.56,150400.0,4148609.0
2026-09-04 14:56:00,27.6,27.48,27.61,27.48,244363.0,6734464.3546
2026-09-04 14:57:00,27.48,27.44,27.51,27.37,225220.0,6180098.7151
2026-09-04 15:00:00,27.45,27.45,27.45,27.45,236238.0,6484733.1624
2026-09-07 09:31:00,27.45,27.55,27.77,27.43,602841.0,16596870.5737
2026-09-07 09:32:00,27.53,27.64,27.67,27.45,366268.0,10100692.7506
2026-09-07 09:33:00,27.65,27.77,27.87,27.62,503106.0,13964647.6528
2026-09-07 09:34:00,27.77,27.68,27.8,27.53,168938.0,4674638.0667
2026-09-07 09:35:00,27.68,27.59,27.73,27.59,242300.0,6704590.0
2026-09-07 09:36:00,27.59,27.6,27.63,27.52,161962.0,4465428.2504
2026-09-07 09:37:00,27.58,27.33,27.58,27.28,336625.0,9235892.4885
2026-09-07 09:38:00,27.31,27.38,27.49,27.3,126977.0,3480987.1185
2026-09-07 09:39:00,27.41,27.2,27.41,27.09,187840.0,5120943.7375
2026-09-07 09:40:00,27.09,27.41,27.42,27.04,273641.0,7444837.4216
2026-09-07 09:41:00,27.42,27.26,27.42,27.16,84425.0,2301304.3965
2026-09-07 09:42:00,27.27,27.1,27.34,27.1,104400.0,2844197.0005
2026-09-07 09:43:00,27.11,27.05,27.18,27.01,133850.0,3621615.751
2026-09-07 09:44:00,27.05,27.14,27.25,27.02,97075.0,2634501.6108
2026-09-07 09:45:00,27.14,27.01,27.14,27.01,113675.0,3074842.0049
2026-09-07 09:46:00,27.0,26.97,27.02,26.91,301532.0,8130504.7485
2026-09-07 09:47:00,26.97,27.09,27.1,26.97,82675.0,2233260.75
2026-09-07 09:48:00,27.09,27.02,27.11,27.0,86266.0,2332262.9999
2026-09-07 09:49:00,27.01,27.04,27.08,27.01,66400.0,1795875.4786
2026-09-07 09:50:00,27.05,27.35,27.37,27.04,124767.0,3390739.6112
2026-09-07 09:51:00,27.35,27.1,27.35,27.1,38000.0,1033348.999
2026-09-07 09:52:00,27.15,27.28,27.3,27.15,84044.0,2289110.1007
2026-09-07 09:53:00,27.28,27.3,27.33,27.27,43898.0,1198086.4393
2026-09-07 09:54:00,27.3,27.24,27.33,27.21,51402.0,1402577.9252
2026-09-07 09:55:00,27.21,27.15,27.24,27.15,47100.0,1281547.999
2026-09-07 09:56:00,27.17,27.21,27.22,27.11,58661.0,1592756.0183
2026-09-07 09:57:00,27.17,27.18,27.23,27.17,41812.0,1137545.166
2026-09-07 09:58:00,27.22,27.23,27.25,27.19,24900.0,677919.999
2026-09-07 09:59:00,27.23,27.2,27.23,27.18,66200.0,1801080.9961
2026-09-07 10:00:00,27.21,27.23,27.29,27.2,28600.0,778556.9995
2026-09-07 10:01:00,27.24,27.29,27.29,27.23,27000.0,736291.0005
2026-09-07 10:02:00,27.29,27.21,27.3,27.2,25500.0,695107.002
2026-09-07 10:03:00,27.21,27.18,27.23,27.18,63000.0,1714030.9941
2026-09-07 10:04:00,27.19,27.14,27.19,27.07,87288.0,2369227.8401
2026-09-07 10:05:00,27.16,27.09,27.16,27.09,44400.0,1203983.0005
2026-09-07 10:06:00,27.12,27.1,27.16,27.07,47800.0,1295346.544
2026-09-07 10:07:00,27.1,27.11,27.13,27.09,28400.0,769855.0
2026-09-07 10:08:00,27.12,27.15,27.15,27.11,30499.0,827404.8796
2026-09-07 10:09:00,27.15,27.21,27.22,27.14,47371.0,1287729.0404
2026-09-07 10:10:00,27.2,27.23,27.23,27.18,22300.0,606480.9995
2026-09-07 10:11:00,27.22,27.26,27.26,27.22,20598.0,561222.5196
2026-09-07 10:12:00,27.26,27.26,27.27,27.24,39663.0,1080980.7484
2026-09-07 10:13:00,27.27,27.26,27.27,27.25,21600.0,588736.0
2026-09-07 10:14:00,27.26,27.26,27.28,27.25,26432.0,720688.0012
2026-09-07 10:15:00,27.25,27.2,27.26,27.2,41007.0,1117099.2486
2026-09-07 10:16:00,27.18,27.13,27.2,27.13,48000.0,1303608.7251
2026-09-07 10:17:00,27.14,27.2,27.22,27.14,24727.0,671760.4102
2026-09-07 10:18:00,27.2,27.2,27.23,27.18,19741.0,537036.2386
2026-09-07 10:19:00,27.2,27.24,27.24,27.2,15600.0,424738.9995
2026-09-07 10:20:00,27.24,27.25,27.27,27.22,17100.0,465917.0
2026-09-07 10:21:00,27.25,27.3,27.3,27.25,45900.0,1252228.0029
2026-09-07 10:22:00,27.29,27.39,27.39,27.29,45964.0,1256977.7588
2026-09-07 10:23:00,27.39,27.7,27.77,27.39,125500.0,3462990.0
2026-09-07 10:24:00,27.68,27.83,27.86,27.65,219600.0,6093777.0
2026-09-07 10:25:00,27.83,28.23,28.23,27.77,321137.0,8975499.1392
2026-09-07 10:26:00,28.24,28.37,28.49,28.23,504700.0,14328493.0
2026-09-07 10:27:00,28.36,28.89,28.97,28.34,692365.0,19888427.3759
2026-09-07 10:28:00,28.89,28.8,28.89,28.57,335626.0,9648293.5567
2026-09-07 10:29:00,28.8,28.72,29.08,28.7,592663.0,17140067.6797
2026-09-07 10:30:00,28.71,29.25,29.29,28.6,321431.0,9309379.5591
2026-09-07 10:31:00,29.26,28.99,29.33,28.88,354976.0,10349460.4805
2026-09-07 10:32:00,28.92,29.06,29.07,28.92,166015.0,4811206.3492
2026-09-07 10:33:00,29.06,28.67,29.06,28.67,154376.0,4459177.203
2026-09-07 10:34:00,28.67,28.63,28.68,28.6,145024.0,4150970.8789
2026-09-07 10:35:00,28.65,28.97,28.99,28.63,123406.0,3556141.8022
2026-09-07 10:36:00,28.92,28.63,28.92,28.62,58556.0,1681826.8936
2026-09-07 10:37:00,28.63,28.72,28.74,28.6,77090.0,2209176.9753
2026-09-07 10:38:00,28.73,28.68,28.79,28.66,66700.0,1916202.999
2026-09-07 10:39:00,28.66,28.61,28.68,28.61,41791.0,1196551.2184
2026-09-07 10:40:00,28.61,28.56,28.62,28.56,65194.0,1864074.3401
2026-09-07 10:41:00,28.57,28.61,28.61,28.55,43606.0,1246226.66
2026-09-07 10:42:00,28.62,28.55,28.64,28.54,44200.0,1263756.0003
2026-09-07 10:43:00,28.55,28.44,28.55,28.44,65800.0,1873938.9949
2026-09-07 10:44:00,28.45,28.49,28.52,28.44,42500.0,1210297.5467
2026-09-07 10:45:00,28.5,28.55,28.56,28.49,33666.0,960943.6394
2026-09-07 10:46:00,28.55,28.6,28.66,28.55,30100.0,860831.9999
2026-09-07 10:47:00,28.63,28.7,28.7,28.63,58897.0,1687981.4282
2026-09-07 10:48:00,28.71,28.5,28.72,28.5,67600.0,1937063.0
2026-09-07 10:49:00,28.49,28.49,28.52,28.47,28400.0,809033.0
2026-09-07 10:50:00,28.49,28.48,28.52,28.47,35500.0,1011636.0
2026-09-07 10:51:00,28.47,28.49,28.5,28.47,23100.0,657957.0
2026-09-07 10:52:00,28.5,28.55,28.55,28.5,27700.0,790056.0
2026-09-07 10:53:00,28.56,28.51,28.57,28.5,15400.0,439282.04
2026-09-07 10:54:00,28.51,28.5,28.52,28.48,28700.0,817942.0
2026-09-07 10:55:00,28.48,28.45,28.49,28.45,27500.0,783096.0
2026-09-07 10:56:00,28.44,28.39,28.5,28.39,61600.0,1751042.0
2026-09-07 10:57:00,28.39,28.4,28.41,28.38,35800.0,1016417.0
2026-09-07 10:58:00,28.4,28.4,28.46,28.39,29600.0,840827.0
2026-09-07 10:59:00,28.4,28.44,28.45,28.4,9700.0,275784.0
2026-09-07 11:00:00,28.44,28.48,28.48,28.43,16300.0,463882.0
2026-09-07 11:01:00,28.47,28.42,28.48,28.41,37963.0,1080171.8289
2026-09-07 11:02:00,28.41,28.39,28.46,28.39,32737.0,930027.2136
2026-09-07 11:03:00,28.39,28.34,28.39,28.3,32000.0,907093.9997
2026-09-07 11:04:00,28.3,28.24,28.32,28.22,43753.0,1237278.6593
2026-09-07 11:05:00,28.25,28.16,28.25,28.15,46047.0,1298601.8044
2026-09-07 11:06:00,28.15,28.3,28.3,28.13,58727.0,1655603.9965
2026-09-07 11:07:00,28.33,28.3,28.33,28.28,14100.0,399086.0
2026-09-07 11:08:00,28.3,28.28,28.32,28.28,23300.0,659365.0
2026-09-07 11:09:00,28.27,28.27,28.28,28.21,10300.0,290966.0
2026-09-07 11:10:00,28.27,28.25,28.27,28.25,9900.0,279785.0
2026-09-07 11:11:00,28.25,28.19,28.25,28.19,48700.0,1374377.0
2026-09-07 11:12:00,28.22,28.26,28.26,28.2,22100.0,624065.0
2026-09-07 11:13:00,28.25,28.35,28.35,28.25,11800.0,333911.0
2026-09-07 11:14:00,28.35,28.36,28.36,28.34,20498.0,580983.3202
2026-09-07 11:15:00,28.36,28.37,28.38,28.35,13500.0,382908.0
2026-09-07 11:16:00,28.37,28.31,28.37,28.31,15002.0,425289.6821
2026-09-07 11:17:00,28.31,28.32,28.33,28.28,17000.0,481259.0
2026-09-07 11:18:00,28.33,28.34,28.34,28.32,20197.0,572036.0402
2026-09-07 11:19:00,28.34,28.38,28.38,28.33,21364.0,605813.0867
2026-09-07 11:20:00,28.39,28.58,28.58,28.39,46300.0,1318524.0
2026-09-07 11:21:00,28.57,28.56,28.6,28.55,41400.0,1182987.0
2026-09-07 11:22:00,28.56,28.52,28.57,28.52,47200.0,1347807.9968
2026-09-07 11:23:00,28.52,28.51,28.55,28.5,11400.0,324991.9998
2026-09-07 11:24:00,28.5,28.46,28.51,28.46,16600.0,473096.0
2026-09-07 11:25:00,28.46,28.4,28.48,28.4,7100.0,201890.0
2026-09-07 11:26:00,28.44,28.46,28.47,28.4,8700.0,247460.0
2026-09-07 11:27:00,28.46,28.42,28.46,28.41,11847.0,337002.7402
2026-09-07 11:28:00,28.43,28.41,28.47,28.41,18600.0,528837.0
2026-09-07 11:29:00,28.41,28.42,28.43,28.41,16200.0,460360.5957
2026-09-07 11:30:00,28.41,28.43,28.43,28.41,4100.0,116539.0
2026-09-07 13:01:00,28.42,28.45,28.49,28.41,24332.0,691857.1337
2026-09-07 13:02:00,28.43,28.51,28.54,28.43,10500.0,299131.8024
2026-09-07 13:03:00,28.51,28.47,28.53,28.43,13500.0,384398.0
2026-09-07 13:04:00,28.47,28.45,28.47,28.41,9900.0,281363.9996
2026-09-07 13:05:00,28.41,28.35,28.41,28.35,43934.0,1247308.9423
2026-09-07 13:06:00,28.32,28.21,28.33,28.21,15700.0,443970.0
2026-09-07 13:07:00,28.22,28.32,28.32,28.2,52340.0,1476560.9979
2026-09-07 13:08:00,28.29,28.27,28.33,28.27,12000.0,339536.0
2026-09-07 13:09:00,28.27,28.2,28.27,28.17,46200.0,1302694.0
2026-09-07 13:10:00,28.25,28.37,28.37,28.21,14000.0,396353.0078
2026-09-07 13:11:00,28.37,28.3,28.38,28.3,14600.0,413930.001
2026-09-07 13:12:00,28.29,28.29,28.33,28.28,14800.0,418802.0045
2026-09-07 13:13:00,28.28,28.25,28.28,28.23,14900.0,421326.0
2026-09-07 13:14:00,28.27,28.14,28.27,28.14,16800.0,473277.9979
2026-09-07 13:15:00,28.13,28.1,28.13,28.09,64710.0,1818489.9014
2026-09-07 13:16:00,28.1,28.17,28.17,28.09,18625.0,523943.6322
2026-09-07 13:17:00,28.17,28.22,28.24,28.16,6366.0,179396.9698
2026-09-07 13:18:00,28.2,28.19,28.2,28.18,9600.0,270583.0
2026-09-07 13:19:00,28.18,28.19,28.19,28.17,13500.0,380414.0
2026-09-07 13:20:00,28.19,28.2,28.22,28.18,14466.0,408008.88
2026-09-07 13:21:00,28.2,28.22,28.23,28.19,12366.0,348776.2034
2026-09-07 13:22:00,28.22,28.19,28.22,28.19,15534.0,438060.8064
2026-09-07 13:23:00,28.19,28.16,28.2,28.16,18966.0,534412.9884
2026-09-07 13:24:00,28.17,28.14,28.17,28.11,21118.0,594291.4902
2026-09-07 13:25:00,28.14,28.15,28.16,28.11,31251.0,879427.1101
2026-09-07 13:26:00,28.15,28.13,28.16,28.13,14700.0,413612.0
2026-09-07 13:27:00,28.13,28.14,28.14,28.12,14557.0,409489.0913
2026-09-07 13:28:00,28.14,28.22,28.22,28.14,15800.0,444999.0
2026-09-07 13:29:00,28.23,28.31,28.31,28.22,22600.0,638954.0
2026-09-07 13:30:00,28.33,28.4,28.4,28.33,23800.0,675266.0
2026-09-07 13:31:00,28.4,28.38,28.46,28.38,37100.0,1054524.9959
2026-09-07 13:32:00,28.39,28.32,28.39,28.32,5000.0,141855.0
2026-09-07 13:33:00,28.32,28.28,28.32,28.26,20200.0,571467.0
2026-09-07 13:34:00,28.29,28.38,28.38,28.29,15200.0,430712.0
2026-09-07 13:35:00,28.36,28.33,28.38,28.33,9375.0,265777.75
2026-09-07 13:36:00,28.34,28.31,28.34,28.31,7291.0,206524.7098
2026-09-07 13:37:00,28.32,28.29,28.32,28.28,17734.0,501663.79
2026-09-07 13:38:00,28.26,28.23,28.28,28.23,12400.0,350336.0
2026-09-07 13:39:00,28.23,28.17,28.23,28.17,16100.0,453800.0
2026-09-07 13:40:00,28.17,28.26,28.27,28.17,6975.0,196914.75
2026-09-07 13:41:00,28.26,28.21,28.26,28.17,10900.0,307584.0
2026-09-07 13:42:00,28.21,28.18,28.23,28.18,14189.0,400130.7681
2026-09-07 13:43:00,28.19,28.24,28.25,28.18,7400.0,208904.0
2026-09-07 13:44:00,28.24,28.32,28.32,28.24,12500.0,353452.0
2026-09-07 13:45:00,28.31,28.36,28.36,28.31,16441.0,465857.5293
2026-09-07 13:46:00,28.35,28.38,28.4,28.35,22832.0,647796.8408
2026-09-07 13:47:00,28.38,28.36,28.39,28.36,22700.0,643984.999
2026-09-07 13:48:00,28.35,28.28,28.36,28.28,61600.0,1745343.0
2026-09-07 13:49:00,28.28,28.21,28.28,28.2,8534.0,240906.8008
2026-09-07 13:50:00,28.21,28.24,28.26,28.21,9100.0,256974.0
2026-09-07 13:51:00,28.25,28.27,28.29,28.24,7000.0,197849.0
2026-09-07 13:52:00,28.28,28.25,28.29,28.25,11200.0,316620.0
2026-09-07 13:53:00,28.25,28.22,28.25,28.22,6500.0,183480.0
2026-09-07 13:54:00,28.22,28.25,28.25,28.22,10700.0,302049.0
2026-09-07 13:55:00,28.25,28.22,28.27,28.22,22900.0,646702.0
2026-09-07 13:56:00,28.23,28.23,28.27,28.22,22400.0,632396.0
2026-09-07 13:57:00,28.25,28.28,28.28,28.24,8563.0,241998.3789
2026-09-07 13:58:00,28.28,28.3,28.3,28.27,8900.0,251784.0
2026-09-07 13:59:00,28.3,28.32,28.33,28.29,17566.0,497315.7969
2026-09-07 14:00:00,28.31,28.3,28.31,28.29,28634.0,810294.1864
2026-09-07 14:01:00,28.3,28.3,28.31,28.29,12700.0,359383.9919
2026-09-07 14:02:00,28.3,28.26,28.3,28.26,39637.0,1120798.624
2026-09-07 14:03:00,28.25,28.2,28.26,28.2,36726.0,1036480.2061
2026-09-07 14:04:00,28.21,28.2,28.22,28.2,11300.0,318769.0
2026-09-07 14:05:00,28.2,28.21,28.21,28.19,23400.0,659864.4025
2026-09-07 14:06:00,28.21,28.18,28.21,28.18,39000.0,1099771.3477
2026-09-07 14:07:00,28.19,28.17,28.19,28.16,22021.0,620360.5704
2026-09-07 14:08:00,28.17,28.09,28.17,28.09,34303.0,964686.0677
2026-09-07 14:09:00,28.09,28.09,28.1,28.06,36225.0,1017086.3999
2026-09-07 14:10:00,28.09,28.02,28.09,28.01,46965.0,1317526.4476
2026-09-07 14:11:00,28.02,28.02,28.02,27.98,92791.0,2598616.2733
2026-09-07 14:12:00,28.02,28.01,28.05,28.01,19500.0,546540.0
2026-09-07 14:13:00,28.01,27.98,28.02,27.95,35700.0,999179.998
2026-09-07 14:14:00,27.98,28.05,28.05,27.97,34698.0,972282.4121
2026-09-07 14:15:00,28.08,28.04,28.08,28.03,21222.0,595230.8792
2026-09-07 14:16:00,28.05,28.07,28.07,28.04,11000.0,308581.0
2026-09-07 14:17:00,28.06,28.07,28.07,28.06,23000.0,645451.0
2026-09-07 14:18:00,28.07,28.07,28.07,28.06,13800.0,387271.0
2026-09-07 14:19:00,28.07,28.07,28.08,28.06,6500.0,182467.0
2026-09-07 14:20:00,28.06,28.02,28.09,28.02,25778.0,723397.1211
2026-09-07 14:21:00,28.01,27.93,28.01,27.93,48977.0,1370188.7544
2026-09-07 14:22:00,27.92,27.96,27.96,27.92,46300.0,1293537.0
2026-09-07 14:23:00,27.96,27.94,27.96,27.93,44645.0,1247552.8522
2026-09-07 14:24:00,27.94,27.95,27.96,27.92,47600.0,1329702.5508
2026-09-07 14:25:00,27.95,27.93,27.96,27.93,17100.0,477746.0
2026-09-07 14:26:00,27.93,27.87,27.93,27.87,41155.0,1148392.5985
2026-09-07 14:27:00,27.86,27.77,27.87,27.77,63100.0,1754670.0
2026-09-07 14:28:00,27.77,27.82,27.83,27.77,42486.0,1181084.9805
2026-09-07 14:29:00,27.82,27.88,27.89,27.82,20700.0,576537.0
2026-09-07 14:30:00,27.88,27.89,27.89,27.86,18500.0,515727.0
2026-09-07 14:31:00,27.88,27.82,27.88,27.82,31000.0,863088.0
2026-09-07 14:32:00,27.81,27.75,27.81,27.75,46859.0,1301512.0244
2026-09-07 14:33:00,27.75,27.8,27.82,27.75,25900.0,719273.0
2026-09-07 14:34:00,27.81,27.84,27.85,27.81,20600.0,573324.0
2026-09-07 14:35:00,27.84,27.85,27.89,27.83,21800.0,607245.002
2026-09-07 14:36:00,27.88,27.9,27.9,27.83,22041.0,614330.0791
2026-09-07 14:37:00,27.91,27.87,27.93,27.87,20959.0,584719.9194
2026-09-07 14:38:00,27.87,27.86,27.87,27.85,36900.0,1028096.0
2026-09-07 14:39:00,27.86,27.83,27.86,27.83,31400.0,874251.0021
2026-09-07 14:40:00,27.84,27.8,27.84,27.8,20300.0,564770.0
2026-09-07 14:41:00,27.8,27.81,27.83,27.79,35800.0,995258.002
2026-09-07 14:42:00,27.81,27.85,27.85,27.81,18700.0,520572.002
2026-09-07 14:43:00,27.85,27.83,27.86,27.83,43000.0,1197374.0098
2026-09-07 14:44:00,27.83,27.75,27.83,27.75,46000.0,1278441.0
2026-09-07 14:45:00,27.75,27.64,27.76,27.63,85000.0,2353318.0
2026-09-07 14:46:00,27.65,27.7,27.7,27.62,61800.0,1708578.0
2026-09-07 14:47:00,27.69,27.73,27.76,27.69,31800.0,882109.0
2026-09-07 14:48:00,27.73,27.67,27.73,27.64,80271.0,2221804.4374
2026-09-07 14:49:00,27.67,27.69,27.7,27.66,52976.0,1466715.1621
2026-09-07 14:50:00,27.7,27.64,27.7,27.64,72924.0,2017967.08
2026-09-07 14:51:00,27.64,27.67,27.67,27.64,71478.0,1976440.6884
2026-09-07 14:52:00,27.67,27.68,27.69,27.67,70000.0,1937462.0
2026-09-07 14:53:00,27.68,27.69,27.7,27.66,46300.0,1281744.0
2026-09-07 14:54:00,27.69,27.69,27.71,27.69,87850.0,2433246.5
2026-09-07 14:55:00,27.7,27.68,27.7,27.68,122900.0,3402309.0
2026-09-07 14:56:00,27.68,27.66,27.68,27.64,148875.0,4119218.7475
2026-09-07 14:57:00,27.66,27.66,27.68,27.63,141744.0,3919575.7496
2026-09-07 15:00:00,27.67,27.67,27.67,27.67,207700.0,5747059.0005
2026-09-08 09:31:00,27.6,26.83,27.6,26.78,934000.0,25433181.2208
2026-09-08 09:32:00,26.84,26.87,27.0,26.62,600417.0,16110211.0836
2026-09-08 09:33:00,26.87,26.57,26.93,26.36,642489.0,17057278.5862
2026-09-08 09:34:00,26.53,26.58,26.86,26.5,242927.0,6480608.1543
2026-09-08 09:35:00,26.57,26.67,26.68,26.56,269400.0,7165357.0005
2026-09-08 09:36:00,26.69,26.64,26.8,26.63,191900.0,5125611.1162
2026-09-08 09:37:00,26.63,26.62,26.64,26.55,267969.0,7126071.5723
2026-09-08 09:38:00,26.62,26.72,26.84,26.58,147375.0,3936880.0208
2026-09-08 09:39:00,26.74,26.78,26.78,26.71,112153.0,2998633.0297
2026-09-08 09:40:00,26.78,26.75,26.82,26.75,89800.0,2405032.0049
2026-09-08 09:41:00,26.75,26.97,26.97,26.64,190045.0,5088834.377
2026-09-08 09:42:00,26.96,27.07,27.12,26.91,163373.0,4409183.5612
2026-09-08 09:43:00,27.06,27.11,27.18,27.05,148766.0,4032847.97
2026-09-08 09:44:00,27.09,27.02,27.12,26.95,88600.0,2399109.9004
2026-09-08 09:45:00,27.02,27.0,27.15,26.91,99266.0,2682369.5039
2026-09-08 09:46:00,27.02,27.17,27.65,26.96,185292.0,5071417.9819
2026-09-08 09:47:00,27.3,27.16,27.3,27.08,79766.0,2170093.9022
2026-09-08 09:48:00,27.17,27.04,27.17,27.04,61234.0,1659269.0995
2026-09-08 09:49:00,27.04,27.04,27.06,27.02,49058.0,1326649.1802
2026-09-08 09:50:00,27.03,26.92,27.04,26.92,64742.0,1746070.8356
2026-09-08 09:51:00,26.91,27.04,27.04,26.9,117859.0,3175736.6298
2026-09-08 09:52:00,27.04,27.03,27.07,26.99,39858.0,1077061.0146
2026-09-08 09:53:00,27.02,26.93,27.03,26.92,85900.0,2315383.5508
2026-09-08 09:54:00,26.94,26.81,26.94,26.7,102300.0,2742024.8584
2026-09-08 09:55:00,26.8,27.0,27.03,26.8,87928.0,2368365.3504
2026-09-08 09:56:00,26.99,26.91,27.02,26.91,56400.0,1521433.999
2026-09-08 09:57:00,26.94,26.9,26.95,26.88,49869.0,1341506.7818
2026-09-08 09:58:00,26.9,27.08,27.09,26.9,60568.0,1635770.8975
2026-09-08 09:59:00,27.09,27.07,27.12,27.0,34366.0,930430.3406
2026-09-08 10:00:00,27.07,27.2,27.2,27.07,59366.0,1610510.9385
2026-09-08 10:01:00,27.22,27.14,27.26,27.14,68800.0,1871255.7976
2026-09-08 10:02:00,27.14,27.19,27.21,27.09,70500.0,1914871.0
2026-09-08 10:03:00,27.17,27.2,27.23,27.16,40500.0,1101732.9956
2026-09-08 10:04:00,27.18,27.1,27.23,27.1,68000.0,1848021.9968
2026-09-08 10:05:00,27.14,27.26,27.32,27.14,70660.0,1925168.799
2026-09-08 10:06:00,27.26,27.12,27.28,27.12,15900.0,432986.0
2026-09-08 10:07:00,27.14,27.04,27.14,27.02,27600.0,746877.0
2026-09-08 10:08:00,27.07,27.07,27.09,27.03,41900.0,1133805.0005
2026-09-08 10:09:00,27.08,27.02,27.09,27.02,42400.0,1146783.001
2026-09-08 10:10:00,27.02,27.0,27.04,27.0,50397.0,1361130.6412
2026-09-08 10:11:00,26.99,26.96,27.0,26.95,22100.0,596123.9971
2026-09-08 10:12:00,26.95,26.85,26.98,26.85,104300.0,2807325.9985
2026-09-08 10:13:00,26.85,26.87,26.88,26.81,117560.0,3154716.6011
2026-09-08 10:14:00,26.87,26.98,26.98,26.87,59324.0,1596503.2695
2026-09-08 10:15:00,27.0,26.95,27.06,26.94,39176.0,1057543.0789
2026-09-08 10:16:00,26.94,26.92,26.95,26.9,55000.0,1480207.0
2026-09-08 10:17:00,26.92,27.0,27.01,26.92,43224.0,1165842.7991
2026-09-08 10:18:00,27.0,26.98,27.0,26.98,21000.0,566780.0
2026-09-08 10:19:00,26.98,26.98,26.99,26.97,27800.0,750079.9985
2026-09-08 10:20:00,26.97,26.97,26.98,26.97,23866.0,643784.0153
2026-09-08 10:21:00,26.97,27.0,27.01,26.96,49500.0,1336105.3381
2026-09-08 10:22:00,27.0,27.02,27.02,26.99,13271.0,358421.7109
2026-09-08 10:23:00,27.06,27.04,27.11,27.04,15400.0,417087.0
2026-09-08 10:24:00,27.03,27.06,27.06,27.02,38300.0,1035753.0068
2026-09-08 10:25:00,27.06,27.01,27.07,27.01,28500.0,770888.001
2026-09-08 10:26:00,27.03,27.03,27.05,27.01,45400.0,1227049.0044
2026-09-08 10:27:00,27.03,27.0,27.08,27.0,31000.0,838297.2891
2026-09-08 10:28:00,27.02,27.0,27.02,26.98,52600.0,1419961.5743
2026-09-08 10:29:00,26.99,27.06,27.06,26.98,36800.0,994023.0
2026-09-08 10:30:00,27.06,27.13,27.16,27.06,17100.0,463633.0
2026-09-08 10:31:00,27.12,27.06,27.17,27.05,31400.0,851773.0
2026-09-08 10:32:00,27.13,27.23,27.24,27.13,27700.0,752729.9985
2026-09-08 10:33:00,27.24,27.27,27.29,27.23,62200.0,1695788.001
2026-09-08 10:34:00,27.27,27.15,27.27,27.15,37900.0,1032220.998
2026-09-08 10:35:00,27.18,27.13,27.2,27.13,14875.0,404039.7498
2026-09-08 10:36:00,27.16,27.09,27.17,27.03,30000.0,812534.5015
2026-09-08 10:37:00,27.07,27.1,27.12,27.07,10100.0,273631.0
2026-09-08 10:38:00,27.09,27.16,27.17,27.09,21700.0,589105.0
2026-09-08 10:39:00,27.17,27.11,27.17,27.11,15100.0,410020.0
2026-09-08 10:40:00,27.12,27.09,27.12,27.09,14300.0,387546.0005
2026-09-08 10:41:00,27.09,27.04,27.1,27.04,8100.0,219353.0
2026-09-08 10:42:00,27.05,27.02,27.05,27.01,35125.0,949544.0054
2026-09-08 10:43:00,27.02,26.99,27.02,26.97,30600.0,826021.2832
2026-09-08 10:44:00,26.98,27.01,27.01,26.98,28700.0,774571.0
2026-09-08 10:45:00,27.01,27.1,27.11,27.0,22075.0,597275.75
2026-09-08 10:46:00,27.1,27.03,27.11,27.03,13900.0,376567.0
2026-09-08 10:47:00,27.03,27.08,27.09,27.02,12500.0,337983.0
2026-09-08 10:48:00,27.08,27.13,27.13,27.07,22075.0,598578.0015
2026-09-08 10:49:00,27.13,27.18,27.23,27.13,47500.0,1291348.0
2026-09-08 10:50:00,27.19,27.23,27.25,27.17,35500.0,966598.9038
2026-09-08 10:51:00,27.24,27.31,27.32,27.24,48685.0,1328181.2524
2026-09-08 10:52:00,27.3,27.39,27.48,27.3,99300.0,2717278.0
2026-09-08 10:53:00,27.39,27.34,27.42,27.34,63500.0,1739215.0
2026-09-08 10:54:00,27.34,27.28,27.36,27.28,44800.0,1224945.0127
2026-09-08 10:55:00,27.28,27.3,27.33,27.26,31400.0,857010.999
2026-09-08 10:56:00,27.27,27.3,27.32,27.27,27200.0,742223.9978
2026-09-08 10:57:00,27.29,27.4,27.41,27.29,42186.0,1154193.0339
2026-09-08 10:58:00,27.4,27.28,27.46,27.28,62614.0,1714527.9219
2026-09-08 10:59:00,27.28,27.25,27.3,27.23,17600.0,479891.0
2026-09-08 11:00:00,27.25,27.2,27.3,27.18,42200.0,1148866.9995
2026-09-08 11:01:00,27.18,27.3,27.35,27.1,80400.0,2191233.0
2026-09-08 11:02:00,27.27,27.21,27.3,27.21,32500.0,886442.0015
2026-09-08 11:03:00,27.25,27.21,27.25,27.19,47686.0,1297908.3359
2026-09-08 11:04:00,27.22,27.25,27.25,27.21,24600.0,670055.9995
2026-09-08 11:05:00,27.25,27.18,27.25,27.18,24514.0,666994.7969
2026-09-08 11:06:00,27.17,27.17,27.18,27.1,41500.0,1126062.001
2026-09-08 11:07:00,27.17,27.26,27.35,27.17,21952.0,598204.7011
2026-09-08 11:08:00,27.3,27.28,27.3,27.27,8500.0,231922.0
2026-09-08 11:09:00,27.28,27.23,27.3,27.21,5900.0,160814.0015
2026-09-08 11:10:00,27.23,27.21,27.3,27.2,36000.0,980692.001
2026-09-08 11:11:00,27.21,27.29,27.3,27.2,16162.0,440633.0007
2026-09-08 11:12:00,27.29,27.28,27.31,27.28,9200.0,251141.002
2026-09-08 11:13:00,27.29,27.3,27.3,27.28,16000.0,436660.0151
2026-09-08 11:14:00,27.31,27.3,27.31,27.25,14500.0,395802.0005
2026-09-08 11:15:00,27.3,27.25,27.3,27.25,8100.0,220833.0
2026-09-08 11:16:00,27.24,27.24,27.26,27.23,15600.0,425001.0
2026-09-08 11:17:00,27.23,27.21,27.25,27.21,13100.0,356591.9976
2026-09-08 11:18:00,27.2,27.09,27.21,27.09,20170.0,547515.0005
2026-09-08 11:19:00,27.09,27.06,27.11,27.03,38700.0,1047038.0083
2026-09-08 11:20:00,27.04,27.09,27.09,27.04,16600.0,449333.0
2026-09-08 11:21:00,27.09,27.2,27.23,27.09,45864.0,1246282.8
2026-09-08 11:22:00,27.24,27.17,27.25,27.17,14100.0,383698.0
2026-09-08 11:23:00,27.17,27.11,27.2,27.11,6000.0,162961.0
2026-09-08 11:24:00,27.1,27.17,27.19,27.1,10300.0,279408.999
2026-09-08 11:25:00,27.16,27.13,27.16,27.13,8100.0,219869.0
2026-09-08 11:26:00,27.13,27.1,27.15,27.08,42300.0,1146967.998
2026-09-08 11:27:00,27.1,27.14,27.18,27.1,23400.0,634617.0
2026-09-08 11:28:00,27.15,27.17,27.19,27.12,12166.0,330497.879
2026-09-08 11:29:00,27.16,27.13,27.17,27.02,29500.0,799173.999
2026-09-08 11:30:00,27.13,27.16,27.17,27.13,16600.0,450834.0
2026-09-08 13:01:00,27.16,27.01,27.19,27.0,65266.0,1765787.1138
2026-09-08 13:02:00,27.04,27.08,27.18,27.04,15200.0,412450.9999
2026-09-08 13:03:00,27.15,27.08,27.15,27.08,7800.0,211388.0012
2026-09-08 13:04:00,27.08,26.99,27.09,26.99,20600.0,556539.6792
2026-09-08 13:05:00,27.0,27.01,27.05,26.99,17500.0,472621.9996
2026-09-08 13:06:00,27.0,27.01,27.04,27.0,14700.0,396979.0
2026-09-08 13:07:00,27.01,26.93,27.01,26.93,26200.0,706792.0
2026-09-08 13:08:00,26.93,26.89,26.94,26.88,76441.0,2056330.074
2026-09-08 13:09:00,26.88,26.85,26.89,26.82,82959.0,2228921.1038
2026-09-08 13:10:00,26.85,26.9,26.94,26.85,22200.0,597074.999
2026-09-08 13:11:00,26.89,26.93,26.93,26.86,33800.0,908790.9985
2026-09-08 13:12:00,26.92,26.91,26.93,26.9,28766.0,774178.0604
2026-09-08 13:13:00,26.92,26.94,26.96,26.92,55700.0,1500273.0
2026-09-08 13:14:00,26.95,27.05,27.05,26.95,43700.0,1179297.0
2026-09-08 13:15:00,27.05,27.01,27.1,27.0,19800.0,535492.0
2026-09-08 13:16:00,27.07,27.04,27.12,27.04,17200.0,465765.0005
2026-09-08 13:17:00,27.04,27.14,27.14,27.03,40800.0,1105402.001
2026-09-08 13:18:00,27.14,27.02,27.14,27.02,24300.0,658698.0
2026-09-08 13:19:00,27.03,27.0,27.09,27.0,40400.0,1092146.002
2026-09-08 13:20:00,27.0,27.04,27.05,26.99,45400.0,1226327.0015
2026-09-08 13:21:00,27.05,27.12,27.14,27.01,34400.0,932224.0024
2026-09-08 13:22:00,27.12,27.08,27.12,27.06,20100.0,544649.002
2026-09-08 13:23:00,27.05,27.02,27.05,27.01,18300.0,494550.0005
2026-09-08 13:24:00,27.01,27.02,27.03,27.01,19100.0,516036.0
2026-09-08 13:25:00,27.03,27.08,27.09,27.01,32332.0,874434.3241
2026-09-08 13:26:00,27.1,27.02,27.1,27.02,17300.0,468197.0
2026-09-08 13:27:00,27.02,27.05,27.07,27.01,10900.0,294703.0
2026-09-08 13:28:00,27.05,27.05,27.09,27.05,18800.0,508835.0
2026-09-08 13:29:00,27.05,27.07,27.09,27.04,32300.0,874158.0005
2026-09-08 13:30:00,27.08,27.04,27.1,27.04,34100.0,922959.001
2026-09-08 13:31:00,27.04,27.15,27.15,27.04,53566.0,1451523.241
2026-09-08 13:32:00,27.15,27.2,27.24,27.15,18266.0,496963.2001
2026-09-08 13:33:00,27.21,27.18,27.22,27.18,12100.0,329044.6832
2026-09-08 13:34:00,27.19,27.16,27.2,27.14,27200.0,739181.3622
2026-09-08 13:35:00,27.19,27.16,27.2,27.16,17600.0,478257.999
2026-09-08 13:36:00,27.16,27.15,27.18,27.13,32000.0,869166.3397
2026-09-08 13:37:00,27.15,27.21,27.23,27.15,23191.0,631056.5591
2026-09-08 13:38:00,27.2,27.09,27.2,27.09,16309.0,442521.53
2026-09-08 13:39:00,27.09,27.07,27.1,27.07,20200.0,547090.0
2026-09-08 13:40:00,27.08,27.06,27.08,27.03,52900.0,1431904.5217
2026-09-08 13:41:00,27.06,27.1,27.1,27.06,12447.0,337099.8188
2026-09-08 13:42:00,27.11,27.13,27.2,27.11,3600.0,97763.9995
2026-09-08 13:43:00,27.13,27.16,27.16,27.11,44300.0,1202487.0049
2026-09-08 13:44:00,27.18,27.18,27.23,27.18,13900.0,378221.999
2026-09-08 13:45:00,27.18,27.17,27.2,27.15,24300.0,660171.0
2026-09-08 13:46:00,27.17,27.13,27.17,27.12,28500.0,773838.9985
2026-09-08 13:47:00,27.11,27.1,27.13,27.07,56800.0,1538659.0
2026-09-08 13:48:00,27.11,27.12,27.17,27.1,43700.0,1185548.9996
2026-09-08 13:49:00,27.1,27.05,27.12,27.05,13600.0,368456.0013
2026-09-08 13:50:00,27.06,27.07,27.08,27.05,42100.0,1139308.0
2026-09-08 13:51:00,27.1,27.16,27.17,27.1,45907.0,1245639.4517
2026-09-08 13:52:00,27.16,27.18,27.2,27.16,18400.0,500048.0
2026-09-08 13:53:00,27.2,27.1,27.2,27.1,18400.0,499804.0
2026-09-08 13:54:00,27.15,27.1,27.16,27.1,5900.0,160086.9995
2026-09-08 13:55:00,27.1,27.09,27.11,27.09,23100.0,626010.0
2026-09-08 13:56:00,27.09,27.22,27.22,27.09,34200.0,928838.9971
2026-09-08 13:57:00,27.2,27.26,27.26,27.19,69775.0,1901030.0
2026-09-08 13:58:00,27.26,27.34,27.38,27.26,93320.0,2548598.2073
2026-09-08 13:59:00,27.34,27.27,27.34,27.25,61280.0,1672644.3997
2026-09-08 14:00:00,27.28,27.29,27.3,27.26,53200.0,1451772.0073
2026-09-08 14:01:00,27.27,27.35,27.36,27.26,73564.0,2009700.3937
2026-09-08 14:02:00,27.35,27.43,27.45,27.35,86600.0,2374614.0
2026-09-08 14:03:00,27.42,27.34,27.45,27.34,78600.0,2154078.0
2026-09-08 14:04:00,27.35,27.3,27.38,27.3,23100.0,631958.4413
2026-09-08 14:05:00,27.33,27.25,27.34,27.25,30936.0,844572.1619
2026-09-08 14:06:00,27.25,27.2,27.25,27.16,34530.0,939917.0038
2026-09-08 14:07:00,27.22,27.25,27.26,27.21,16500.0,449352.0
2026-09-08 14:08:00,27.24,27.18,27.25,27.18,22600.0,614939.9995
2026-09-08 14:09:00,27.16,27.2,27.21,27.15,21064.0,572377.2395
2026-09-08 14:10:00,27.21,27.26,27.26,27.19,15300.0,416496.9995
2026-09-08 14:11:00,27.25,27.24,27.3,27.24,25400.0,692875.0005
2026-09-08 14:12:00,27.22,27.18,27.23,27.16,9400.0,255581.0
2026-09-08 14:13:00,27.18,27.14,27.18,27.14,23000.0,624775.0
2026-09-08 14:14:00,27.16,27.18,27.2,27.14,17700.0,480832.0
2026-09-08 14:15:00,27.2,27.2,27.21,27.18,5600.0,152315.0
2026-09-08 14:16:00,27.2,27.1,27.2,27.08,41400.0,1123641.001
2026-09-08 14:17:00,27.1,27.1,27.11,27.07,20200.0,547341.0
2026-09-08 14:18:00,27.11,27.11,27.12,27.09,15800.0,428296.0
2026-09-08 14:19:00,27.12,27.08,27.12,27.08,16700.0,452523.0
2026-09-08 14:20:00,27.09,27.02,27.09,27.02,24800.0,670945.0015
2026-09-08 14:21:00,27.02,26.98,27.03,26.97,60400.0,1631397.0
2026-09-08 14:22:00,26.97,27.0,27.01,26.96,36021.0,971841.5796
2026-09-08 14:23:00,27.0,27.09,27.09,27.0,21346.0,577311.6809
2026-09-08 14:24:00,27.09,27.12,27.19,27.09,30700.0,833154.999
2026-09-08 14:25:00,27.12,27.15,27.15,27.08,19400.0,526106.0
2026-09-08 14:26:00,27.13,27.14,27.19,27.13,12000.0,325901.9995
2026-09-08 14:27:00,27.14,27.1,27.17,27.1,11000.0,298260.0
2026-09-08 14:28:00,27.1,27.12,27.15,27.1,5000.0,135585.9995
2026-09-08 14:29:00,27.12,27.12,27.14,27.1,35800.0,970818.9985
2026-09-08 14:30:00,27.11,27.11,27.12,27.1,28675.0,777234.251
2026-09-08 14:31:00,27.12,27.15,27.15,27.11,22500.0,610353.0
2026-09-08 14:32:00,27.15,27.13,27.16,27.13,20100.0,545452.9985
2026-09-08 14:33:00,27.14,27.11,27.14,27.11,13600.0,368882.999
2026-09-08 14:34:00,27.11,27.1,27.12,27.09,43400.0,1176238.001
2026-09-08 14:35:00,27.12,27.1,27.13,27.1,46300.0,1255016.9995
2026-09-08 14:36:00,27.1,27.11,27.12,27.1,49700.0,1347164.0005
2026-09-08 14:37:00,27.1,27.06,27.12,27.06,41572.0,1126332.3192
2026-09-08 14:38:00,27.06,27.06,27.11,27.06,32300.0,874430.9981
2026-09-08 14:39:00,27.06,27.09,27.1,27.06,24500.0,663627.0015
2026-09-08 14:40:00,27.09,27.08,27.11,27.08,17664.0,478593.4789
2026-09-08 14:41:00,27.08,27.07,27.1,27.07,56036.0,1517619.6007
2026-09-08 14:42:00,27.08,27.09,27.1,27.07,56245.0,1523412.1524
2026-09-08 14:43:00,27.09,27.1,27.1,27.09,24364.0,660157.4005
2026-09-08 14:44:00,27.1,27.1,27.11,27.09,26800.0,726225.3604
2026-09-08 14:45:00,27.11,27.11,27.12,27.09,22900.0,620763.3605
2026-09-08 14:46:00,27.11,27.12,27.12,27.1,21800.0,590971.0
2026-09-08 14:47:00,27.12,27.09,27.12,27.09,32136.0,870940.2388
2026-09-08 14:48:00,27.09,27.07,27.09,27.07,48600.0,1316084.9979
2026-09-08 14:49:00,27.07,27.08,27.09,27.06,76640.0,2075119.7961
2026-09-08 14:50:00,27.08,27.07,27.09,27.06,38000.0,1028851.0
2026-09-08 14:51:00,27.07,27.04,27.07,27.04,53500.0,1447682.0
2026-09-08 14:52:00,27.04,27.03,27.05,27.02,91200.0,2465715.0127
2026-09-08 14:53:00,27.03,26.98,27.03,26.97,95900.0,2589248.0894
2026-09-08 14:54:00,26.97,27.0,27.01,26.97,61691.0,1665428.0899
2026-09-08 14:55:00,26.99,27.01,27.03,26.99,72722.0,1963790.7788
2026-09-08 14:56:00,27.01,27.0,27.02,26.99,133550.0,3606272.9969
2026-09-08 14:57:00,27.0,27.0,27.02,26.99,191512.0,5171459.3796
2026-09-08 15:00:00,27.0,27.0,27.0,27.0,174900.0,4722300.0
2026-09-09 09:31:00,26.8,26.73,26.98,26.72,412900.0,11077036.6241
2026-09-09 09:32:00,26.74,26.9,26.96,26.71,206445.0,5537600.0845
2026-09-09 09:33:00,26.91,26.86,26.93,26.74,113200.0,3034893.001
2026-09-09 09:34:00,26.86,27.0,27.08,26.85,138600.0,3739299.0024
2026-09-09 09:35:00,27.0,26.98,27.02,26.92,124500.0,3360055.9985
2026-09-09 09:36:00,26.91,26.91,26.97,26.9,73300.0,1973307.3385
2026-09-09 09:37:00,26.9,26.82,26.91,26.81,93500.0,2509913.9995
2026-09-09 09:38:00,26.82,26.76,26.85,26.75,135600.0,3633288.002
2026-09-09 09:39:00,26.76,26.81,26.88,26.75,116000.0,3107754.2507
2026-09-09 09:40:00,26.81,26.74,26.83,26.71,197968.0,5297456.9644
2026-09-09 09:41:00,26.76,26.81,26.93,26.75,102375.0,2750892.0012
2026-09-09 09:42:00,26.82,26.78,26.82,26.76,56300.0,1508428.0015
2026-09-09 09:43:00,26.8,26.79,26.8,26.75,93800.0,2511181.0024
2026-09-09 09:44:00,26.79,26.93,26.93,26.77,32010.0,858754.7008
2026-09-09 09:45:00,26.9,26.79,26.93,26.78,75900.0,2035492.006
2026-09-09 09:46:00,26.81,26.95,26.95,26.79,52500.0,1409943.0005
2026-09-09 09:47:00,26.96,26.88,26.99,26.87,71000.0,1912206.9966
2026-09-09 09:48:00,26.88,26.85,26.9,26.85,41800.0,1122992.001
2026-09-09 09:49:00,26.85,26.9,26.92,26.85,38300.0,1029359.999
2026-09-09 09:50:00,26.92,26.94,26.96,26.89,42700.0,1149618.9995
2026-09-09 09:51:00,26.94,26.83,26.95,26.82,57400.0,1543474.9995
2026-09-09 09:52:00,26.83,26.84,26.87,26.81,48400.0,1298780.001
2026-09-09 09:53:00,26.86,26.86,26.93,26.81,68100.0,1827672.0
2026-09-09 09:54:00,26.87,26.81,26.87,26.81,42700.0,1145467.0
2026-09-09 09:55:00,26.81,26.76,26.81,26.76,100900.0,2702504.0083
2026-09-09 09:56:00,26.76,26.74,26.77,26.73,68800.0,1840279.0
2026-09-09 09:57:00,26.75,26.7,26.78,26.68,125400.0,3351664.0
2026-09-09 09:58:00,26.69,26.59,26.69,26.56,209645.0,5579300.0941
2026-09-09 09:59:00,26.58,26.6,26.6,26.55,158161.0,4201526.8074
2026-09-09 10:00:00,26.57,26.6,26.68,26.57,54900.0,1461150.0005
2026-09-09 10:01:00,26.58,26.55,26.6,26.54,190041.0,5050818.96
2026-09-09 10:02:00,26.55,26.63,26.63,26.54,114166.0,3032406.646
2026-09-09 10:03:00,26.63,26.64,26.69,26.6,49475.0,1318565.2479
2026-09-09 10:04:00,26.65,26.58,26.65,26.57,34525.0,918551.0015
2026-09-09 10:05:00,26.57,26.54,26.58,26.53,68734.0,1825273.3641
2026-09-09 10:06:00,26.53,26.48,26.54,26.46,150500.0,3988429.9951
2026-09-09 10:07:00,26.48,26.52,26.53,26.47,91716.0,2429689.0
2026-09-09 10:08:00,26.52,26.5,26.54,26.5,35800.0,949263.0005
2026-09-09 10:09:00,26.5,26.5,26.52,26.49,54600.0,1447066.0
2026-09-09 10:10:00,26.5,26.46,26.5,26.46,51500.0,1363663.9976
2026-09-09 10:11:00,26.46,26.38,26.47,26.38,148600.0,3925975.9927
2026-09-09 10:12:00,26.39,26.46,26.46,26.37,110606.0,2920480.1494
2026-09-09 10:13:00,26.46,26.4,26.47,26.38,75100.0,1984064.999
2026-09-09 10:14:00,26.38,26.41,26.43,26.37,83900.0,2213622.9464
2026-09-09 10:15:00,26.41,26.43,26.44,26.4,63400.0,1674852.0
2026-09-09 10:16:00,26.43,26.49,26.49,26.41,78900.0,2086795.0
2026-09-09 10:17:00,26.48,26.47,26.5,26.45,48600.0,1286908.999
2026-09-09 10:18:00,26.46,26.4,26.46,26.39,48900.0,1291817.0
2026-09-09 10:19:00,26.39,26.42,26.43,26.39,37200.0,982338.0
2026-09-09 10:20:00,26.43,26.44,26.45,26.42,40500.0,1070541.0
2026-09-09 10:21:00,26.44,26.44,26.44,26.4,29959.0,791350.6038
2026-09-09 10:22:00,26.44,26.43,26.44,26.41,19000.0,502018.0
2026-09-09 10:23:00,26.42,26.37,26.42,26.37,60141.0,1587379.3955
2026-09-09 10:24:00,26.38,26.3,26.38,26.28,106000.0,2790482.0171
2026-09-09 10:25:00,26.29,26.29,26.31,26.26,104000.0,2733779.0049
2026-09-09 10:26:00,26.3,26.35,26.35,26.29,38300.0,1008100.0
2026-09-09 10:27:00,26.36,26.38,26.39,26.36,30900.0,814828.0049
2026-09-09 10:28:00,26.37,26.34,26.38,26.34,37600.0,990921.0
2026-09-09 10:29:00,26.34,26.27,26.35,26.26,103400.0,2719442.0117
2026-09-09 10:30:00,26.26,26.28,26.31,26.22,85234.0,2238907.991
2026-09-09 10:31:00,26.28,26.29,26.31,26.27,32700.0,859790.9938
2026-09-09 10:32:00,26.28,26.28,26.29,26.27,41300.0,1085353.0005
2026-09-09 10:33:00,26.27,26.26,26.3,26.26,55700.0,1463869.001
2026-09-09 10:34:00,26.26,26.2,26.26,26.2,95800.0,2511894.9779
2026-09-09 10:35:00,26.2,26.15,26.22,26.15,113500.0,2972455.2407
2026-09-09 10:36:00,26.15,26.14,26.16,26.11,105023.0,2744868.2358
2026-09-09 10:37:00,26.16,26.22,26.22,26.15,20000.0,523549.0
2026-09-09 10:38:00,26.22,26.19,26.23,26.18,26500.0,694388.999
2026-09-09 10:39:00,26.18,26.13,26.18,26.13,36100.0,944306.0
2026-09-09 10:40:00,26.14,26.21,26.23,26.12,59900.0,1567414.9998
2026-09-09 10:41:00,26.22,26.21,26.23,26.17,85800.0,2246755.9985
2026-09-09 10:42:00,26.2,26.23,26.24,26.2,15309.0,401523.8879
2026-09-09 10:43:00,26.21,26.18,26.23,26.17,53291.0,1395724.0186
2026-09-09 10:44:00,26.18,26.19,26.2,26.17,29500.0,772390.0
2026-09-09 10:45:00,26.19,26.17,26.19,26.17,20200.0,528802.0
2026-09-09 10:46:00,26.16,26.19,26.19,26.16,28775.0,753238.5
2026-09-09 10:47:00,26.19,26.22,26.22,26.18,41600.0,1090078.5664
2026-09-09 10:48:00,26.21,26.25,26.26,26.2,39941.0,1048052.0186
2026-09-09 10:49:00,26.24,26.23,26.28,26.23,34600.0,908419.0
2026-09-09 10:50:00,26.23,26.2,26.26,26.2,21400.0,561607.0
2026-09-09 10:51:00,26.23,26.24,26.25,26.2,3700.0,97070.0
2026-09-09 10:52:00,26.25,26.23,26.25,26.23,19100.0,501172.0
2026-09-09 10:53:00,26.22,26.18,26.23,26.18,26700.0,699582.9956
2026-09-09 10:54:00,26.18,26.15,26.18,26.15,42825.0,1120507.5
2026-09-09 10:55:00,26.15,26.11,26.15,26.1,68777.0,1796146.7706
2026-09-09 10:56:00,26.1,26.17,26.18,26.09,75171.0,1963720.5229
2026-09-09 10:57:00,26.17,26.13,26.17,26.13,18200.0,476035.0
2026-09-09 10:58:00,26.13,26.13,26.15,26.12,25800.0,674242.9966
2026-09-09 10:59:00,26.13,26.09,26.13,26.09,58700.0,1532416.0034
2026-09-09 11:00:00,26.09,26.27,26.27,26.09,128500.0,3360873.0122
2026-09-09 11:01:00,26.27,26.35,26.38,26.26,51700.0,1360600.0015
2026-09-09 11:02:00,26.36,26.28,26.37,26.28,22300.0,586924.0
2026-09-09 11:03:00,26.27,26.25,26.28,26.22,11200.0,293965.0
2026-09-09 11:04:00,26.25,26.28,26.31,26.25,9000.0,236597.0024
2026-09-09 11:05:00,26.29,26.33,26.33,26.27,16600.0,436586.002
2026-09-09 11:06:00,26.33,26.29,26.33,26.28,5300.0,139387.001
2026-09-09 11:07:00,26.29,26.27,26.3,26.27,12500.0,328556.0044
2026-09-09 11:08:00,26.3,26.23,26.3,26.22,12500.0,327937.0
2026-09-09 11:09:00,26.24,26.3,26.3,26.23,7700.0,202164.0
2026-09-09 11:10:00,26.25,26.26,26.29,26.25,11000.0,289150.0078
2026-09-09 11:11:00,26.27,26.24,26.27,26.24,6800.0,178526.0
2026-09-09 11:12:00,26.24,26.23,26.24,26.21,5400.0,141592.0
2026-09-09 11:13:00,26.22,26.21,26.24,26.21,24500.0,642458.0
2026-09-09 11:14:00,26.21,26.24,26.24,26.2,20747.0,543908.178
2026-09-09 11:15:00,26.23,26.23,26.24,26.22,22440.0,588452.2787
2026-09-09 11:16:00,26.23,26.19,26.23,26.18,23900.0,626409.3467
2026-09-09 11:17:00,26.2,26.18,26.2,26.18,12200.0,319496.001
2026-09-09 11:18:00,26.18,26.21,26.21,26.17,14000.0,366603.0013
2026-09-09 11:19:00,26.21,26.21,26.21,26.21,10900.0,285688.9951
2026-09-09 11:20:00,26.21,26.27,26.28,26.21,7126.0,186961.2363
2026-09-09 11:21:00,26.25,26.31,26.32,26.25,26600.0,699610.0
2026-09-09 11:22:00,26.31,26.24,26.31,26.24,6400.0,168154.0
2026-09-09 11:23:00,26.25,26.21,26.25,26.21,6100.0,160002.0
2026-09-09 11:24:00,26.21,26.22,26.22,26.21,5200.0,136340.0
2026-09-09 11:25:00,26.22,26.19,26.22,26.19,12400.0,324933.9985
2026-09-09 11:26:00,26.19,26.18,26.19,26.17,14900.0,390088.0
2026-09-09 11:27:00,26.17,26.18,26.19,26.17,10400.0,272202.0
2026-09-09 11:28:00,26.19,26.21,26.21,26.18,7200.0,188610.9995
2026-09-09 11:29:00,26.2,26.19,26.2,26.18,6200.0,162358.0
2026-09-09 11:30:00,26.19,26.2,26.2,26.17,8800.0,230422.0
2026-09-09 13:01:00,26.2,26.15,26.25,26.15,24200.0,633929.9982
2026-09-09 13:02:00,26.15,26.13,26.15,26.11,23300.0,608982.999
2026-09-09 13:03:00,26.12,26.11,26.13,26.11,12500.0,326431.0
2026-09-09 13:04:00,26.11,26.13,26.13,26.1,28500.0,744167.0
2026-09-09 13:05:00,26.12,26.12,26.15,26.11,15800.0,412729.0088
2026-09-09 13:06:00,26.12,26.11,26.13,26.11,17900.0,467449.0044
2026-09-09 13:07:00,26.11,26.08,26.11,26.08,35300.0,921003.0007
2026-09-09 13:08:00,26.08,26.03,26.08,26.03,58800.0,1532491.0015
2026-09-09 13:09:00,26.04,26.08,26.08,26.03,51775.0,1348463.0015
2026-09-09 13:10:00,26.07,26.11,26.11,26.06,10900.0,284293.0
2026-09-09 13:11:00,26.14,26.13,26.15,26.11,16200.0,423249.999
2026-09-09 13:12:00,26.11,26.06,26.13,26.06,22700.0,592013.0
2026-09-09 13:13:00,26.05,26.05,26.06,26.04,31500.0,820497.0054
2026-09-09 13:14:00,26.04,26.04,26.05,26.04,26400.0,687514.0063
2026-09-09 13:15:00,26.04,26.11,26.11,26.04,14600.0,380341.0015
2026-09-09 13:16:00,26.09,26.08,26.11,26.06,11600.0,302629.0
2026-09-09 13:17:00,26.08,26.07,26.1,26.07,14200.0,370327.1498
2026-09-09 13:18:00,26.06,26.05,26.06,26.05,21500.0,560254.0
2026-09-09 13:19:00,26.05,26.0,26.06,26.0,147100.0,3826863.001
2026-09-09 13:20:00,26.0,25.92,26.01,25.91,79300.0,2060642.999
2026-09-09 13:21:00,25.92,25.97,25.98,25.88,91730.0,2377577.0341
2026-09-09 13:22:00,25.98,25.94,25.99,25.94,35900.0,932363.9995
2026-09-09 13:23:00,25.93,25.94,25.95,25.92,32000.0,829992.0
2026-09-09 13:24:00,25.93,25.92,25.94,25.9,42975.0,1113792.3585
2026-09-09 13:25:00,25.92,25.97,25.97,25.9,31389.0,813923.8809
2026-09-09 13:26:00,25.97,25.93,25.97,25.93,21600.0,560240.0
2026-09-09 13:27:00,25.93,25.93,25.94,25.91,30100.0,780328.0
2026-09-09 13:28:00,25.93,25.93,25.95,25.92,15300.0,396839.0
2026-09-09 13:29:00,25.94,25.92,25.94,25.92,27850.0,722206.0
2026-09-09 13:30:00,25.93,25.92,25.93,25.92,24950.0,646781.0
2026-09-09 13:31:00,25.91,25.83,25.92,25.83,55895.0,1446767.705
2026-09-09 13:32:00,25.84,25.78,25.84,25.75,91300.0,2354943.0
2026-09-09 13:33:00,25.77,25.82,25.82,25.76,108400.0,2795762.002
2026-09-09 13:34:00,25.81,25.85,25.85,25.81,29632.0,765488.2407
2026-09-09 13:35:00,25.85,25.85,25.86,25.83,30830.0,796691.8603
2026-09-09 13:36:00,25.85,25.82,25.85,25.82,38338.0,990696.9063
2026-09-09 13:37:00,25.82,25.76,25.82,25.75,32200.0,830279.0
2026-09-09 13:38:00,25.76,25.76,25.77,25.75,29950.0,771443.5
2026-09-09 13:39:00,25.76,25.85,25.86,25.76,43330.0,1117725.1675
2026-09-09 13:40:00,25.82,25.82,25.83,25.78,24343.0,628331.4399
2026-09-09 13:41:00,25.82,25.88,25.88,25.82,36975.0,955915.75
2026-09-09 13:42:00,25.88,25.84,25.89,25.84,25425.0,657557.4977
2026-09-09 13:43:00,25.84,25.89,25.9,25.83,16800.0,434588.9792
2026-09-09 13:44:00,25.9,25.91,25.92,25.89,25602.0,663233.7981
2026-09-09 13:45:00,25.91,25.85,25.91,25.85,10298.0,266616.2004
2026-09-09 13:46:00,25.87,25.81,25.87,25.81,14600.0,377099.0
2026-09-09 13:47:00,25.8,25.79,25.81,25.79,29959.0,772958.8108
2026-09-09 13:48:00,25.8,25.81,25.82,25.79,11339.0,292618.8093
2026-09-09 13:49:00,25.82,25.82,25.83,25.81,18400.0,475190.0
2026-09-09 13:50:00,25.83,25.85,25.87,25.82,19100.0,493548.0015
2026-09-09 13:51:00,25.85,25.91,25.91,25.85,23707.0,613460.3004
2026-09-09 13:52:00,25.9,25.94,25.94,25.9,13300.0,344774.0
2026-09-09 13:53:00,25.93,25.88,25.93,25.88,12400.0,321333.0
2026-09-09 13:54:00,25.87,25.86,25.88,25.85,18200.0,470700.002
2026-09-09 13:55:00,25.87,26.01,26.01,25.87,54100.0,1403248.0
2026-09-09 13:56:00,26.0,26.08,26.11,26.0,63300.0,1650317.0005
2026-09-09 13:57:00,26.11,26.25,26.3,26.1,141900.0,3723723.0029
2026-09-09 13:58:00,26.27,26.22,26.27,26.12,42700.0,1119093.9956
2026-09-09 13:59:00,26.22,26.25,26.26,26.2,34800.0,912553.9976
2026-09-09 14:00:00,26.25,26.3,26.39,26.25,101300.0,2667848.998
2026-09-09 14:01:00,26.3,26.25,26.3,26.25,25700.0,675474.0098
2026-09-09 14:02:00,26.22,26.27,26.28,26.15,46400.0,1215400.9961
2026-09-09 14:03:00,26.27,26.2,26.27,26.16,17000.0,445233.0
2026-09-09 14:04:00,26.2,26.24,26.25,26.19,20300.0,532113.9995
2026-09-09 14:05:00,26.21,26.18,26.21,26.18,8600.0,225264.0
2026-09-09 14:06:00,26.18,26.17,26.2,26.17,22900.0,599636.0
2026-09-09 14:07:00,26.17,26.16,26.18,26.15,16100.0,421236.0
2026-09-09 14:08:00,26.17,26.17,26.17,26.16,10200.0,266896.0
2026-09-09 14:09:00,26.15,26.16,26.17,26.15,28900.0,756142.3612
2026-09-09 14:10:00,26.16,26.16,26.17,26.15,8300.0,217155.0009
2026-09-09 14:11:00,26.17,26.17,26.17,26.16,9400.0,245948.9999
2026-09-09 14:12:00,26.17,26.2,26.21,26.17,13163.0,344699.7094
2026-09-09 14:13:00,26.21,26.2,26.23,26.2,3800.0,99611.999
2026-09-09 14:14:00,26.2,26.22,26.23,26.2,19200.0,503270.9985
2026-09-09 14:15:00,26.23,26.19,26.23,26.19,21300.0,558240.9956
2026-09-09 14:16:00,26.19,26.19,26.19,26.18,35000.0,916462.0
2026-09-09 14:17:00,26.19,26.18,26.2,26.18,14600.0,382300.0
2026-09-09 14:18:00,26.19,26.2,26.2,26.19,22900.0,599762.0
2026-09-09 14:19:00,26.2,26.19,26.2,26.18,7200.0,188567.0
2026-09-09 14:20:00,26.19,26.16,26.19,26.16,20700.0,541880.0
2026-09-09 14:21:00,26.17,26.17,26.17,26.16,14200.0,371551.0
2026-09-09 14:22:00,26.16,26.14,26.16,26.14,18000.0,470648.0
2026-09-09 14:23:00,26.14,26.08,26.14,26.07,15000.0,391661.999
2026-09-09 14:24:00,26.09,26.11,26.16,26.08,34264.0,894170.1191
2026-09-09 14:25:00,26.12,26.21,26.21,26.12,36419.0,952606.8018
2026-09-09 14:26:00,26.21,26.19,26.21,26.18,10700.0,280315.0
2026-09-09 14:27:00,26.19,26.17,26.2,26.17,11600.0,303662.0
2026-09-09 14:28:00,26.16,26.15,26.17,26.13,16925.0,442689.9995
2026-09-09 14:29:00,26.13,26.15,26.15,26.13,2900.0,75816.0
2026-09-09 14:30:00,26.14,26.13,26.15,26.12,6700.0,175106.9995
2026-09-09 14:31:00,26.13,26.17,26.17,26.12,20075.0,524804.9956
2026-09-09 14:32:00,26.17,26.16,26.17,26.16,10600.0,277353.0
2026-09-09 14:33:00,26.16,26.18,26.18,26.16,29325.0,767296.5
2026-09-09 14:34:00,26.18,26.17,26.19,26.17,27459.0,718969.0326
2026-09-09 14:35:00,26.17,26.2,26.22,26.17,27300.0,715119.0
2026-09-09 14:36:00,26.22,26.27,26.27,26.22,18300.0,480291.0
2026-09-09 14:37:00,26.27,26.25,26.29,26.25,38200.0,1003443.0005
2026-09-09 14:38:00,26.25,26.22,26.26,26.22,27900.0,732357.0
2026-09-09 14:39:00,26.21,26.17,26.22,26.17,20800.0,545076.9956
2026-09-09 14:40:00,26.17,26.22,26.22,26.16,32700.0,856370.4097
2026-09-09 14:41:00,26.22,26.2,26.22,26.2,9700.0,254236.9995
2026-09-09 14:42:00,26.19,26.17,26.2,26.17,14200.0,371734.0
2026-09-09 14:43:00,26.17,26.21,26.21,26.16,33728.0,883348.7652
2026-09-09 14:44:00,26.2,26.2,26.21,26.2,11800.0,309206.9995
2026-09-09 14:45:00,26.2,26.19,26.21,26.19,15600.0,408684.7238
2026-09-09 14:46:00,26.19,26.2,26.21,26.18,22900.0,599907.9996
2026-09-09 14:47:00,26.2,26.21,26.22,26.2,11800.0,309214.999
2026-09-09 14:48:00,26.2,26.16,26.21,26.16,24772.0,648632.6816
2026-09-09 14:49:00,26.17,26.19,26.2,26.16,22300.0,583865.0055
2026-09-09 14:50:00,26.19,26.18,26.19,26.16,18465.0,483433.0438
2026-09-09 14:51:00,26.16,26.15,26.18,26.15,53766.0,1406560.8906
2026-09-09 14:52:00,26.15,26.09,26.16,26.09,72000.0,1882241.3341
2026-09-09 14:53:00,26.09,26.2,26.22,26.09,191495.0,5006963.2942
2026-09-09 14:54:00,26.2,26.2,26.22,26.19,52800.0,1383672.9917
2026-09-09 14:55:00,26.2,26.19,26.21,26.18,91700.0,2402232.9946
2026-09-09 14:56:00,26.19,26.18,26.2,26.17,131300.0,3438500.7074
2026-09-09 14:57:00,26.19,26.21,26.22,26.18,85632.0,2243524.0739
2026-09-09 15:00:00,26.22,26.22,26.22,26.22,165000.0,4326300.0
