time,open,close,high,low,volume,amount
2026-08-28 13:53:00,593.52,594.0,594.49,593.52,3718.0,2208259.3702
2026-08-28 13:54:00,594.0,595.0,595.0,594.0,12298.0,7314618.2793
2026-08-28 13:55:00,595.09,595.1,595.2,594.02,6258.0,3722568.9943
2026-08-28 13:56:00,594.01,593.98,594.02,593.97,8497.0,5047176.7129
2026-08-28 13:57:00,593.97,593.13,593.97,593.13,4852.0,2880818.8408
2026-08-28 13:58:00,593.06,592.99,593.06,592.92,7185.0,4260671.1309
2026-08-28 13:59:00,592.96,592.7,592.99,592.69,3617.0,2144115.975
2026-08-28 14:00:00,592.53,591.84,592.53,591.84,9689.0,5737344.2021
2026-08-28 14:01:00,591.84,591.2,591.86,591.13,4052.0,2397078.1592
2026-08-28 14:02:00,591.3,590.65,591.3,590.5,7780.0,4595972.422
2026-08-28 14:03:00,590.68,591.19,591.19,590.66,3599.0,2127352.1976
2026-08-28 14:04:00,591.17,590.69,591.18,590.68,6850.0,4048348.4785
2026-08-28 14:05:00,590.7,591.12,591.19,590.69,1524.0,900748.5215
2026-08-28 14:06:00,591.13,591.99,591.99,591.12,3246.0,1919302.8105
2026-08-28 14:07:00,591.99,591.2,591.99,591.2,5951.0,3521493.7905
2026-08-28 14:08:00,591.18,590.6,591.18,590.6,14543.0,8593737.8311
2026-08-28 14:09:00,590.6,590.0,590.6,589.78,31075.0,18336643.1885
2026-08-28 14:10:00,589.78,589.17,589.78,589.09,10296.0,6067951.8087
2026-08-28 14:11:00,589.16,589.44,589.44,589.0,17234.0,10154916.1666
2026-08-28 14:12:00,589.5,590.66,590.66,589.47,5183.0,3058412.6235
2026-08-28 14:13:00,590.2,590.66,590.66,590.2,2421.0,1429650.5493
2026-08-28 14:14:00,590.64,590.66,590.68,590.58,4701.0,2776605.4349
2026-08-28 14:15:00,590.76,590.99,591.0,590.76,5287.0,3124398.1563
2026-08-28 14:16:00,591.02,591.03,591.88,590.97,4428.0,2617563.8848
2026-08-28 14:17:00,590.98,591.55,591.7,590.98,5129.0,3032845.0558
2026-08-28 14:18:00,591.55,591.11,591.69,591.06,3904.0,2308456.7456
2026-08-28 14:19:00,591.06,590.79,591.5,590.79,5035.0,2975860.8447
2026-08-28 14:20:00,590.72,590.5,590.79,590.5,6332.0,3739655.0402
2026-08-28 14:21:00,590.5,590.43,590.5,590.3,4717.0,2784985.6719
2026-08-28 14:22:00,590.43,590.7,590.7,590.41,4245.0,2506598.9059
2026-08-28 14:23:00,590.72,590.3,590.99,590.3,9381.0,5539095.8926
2026-08-28 14:24:00,590.3,590.23,590.43,590.23,6741.0,3979315.8887
2026-08-28 14:25:00,590.25,590.0,590.3,590.0,13835.0,8163708.7461
2026-08-28 14:26:00,590.0,590.5,590.5,590.0,9352.0,5518703.103
2026-08-28 14:27:00,590.5,590.5,590.8,590.4,4389.0,2592065.7852
2026-08-28 14:28:00,590.4,590.22,590.5,590.22,6356.0,3752428.865
2026-08-28 14:29:00,590.21,590.12,590.26,590.05,9558.0,5640480.0391
2026-08-28 14:30:00,590.11,590.03,590.22,590.02,9391.0,5541468.252
2026-08-28 14:31:00,590.04,591.0,591.0,590.03,6473.0,3822999.8293
2026-08-28 14:32:00,591.0,591.06,591.06,591.0,7207.0,4259488.5242
2026-08-28 14:33:00,591.01,590.0,591.02,590.0,14904.0,8800350.0317
2026-08-28 14:34:00,590.0,589.85,590.22,589.85,23711.0,13989416.6357
2026-08-28 14:35:00,589.9,589.88,590.03,589.44,14327.0,8450667.3555
2026-08-28 14:36:00,589.92,589.89,589.98,589.78,15157.0,8940908.3428
2026-08-28 14:37:00,589.9,589.22,589.91,589.22,15690.0,9251905.4102
2026-08-28 14:38:00,589.4,589.2,589.89,589.2,11607.0,6841998.2842
2026-08-28 14:39:00,589.19,588.88,589.22,588.88,47259.0,27835678.5267
2026-08-28 14:40:00,588.88,588.21,588.88,588.18,44040.0,25920848.9541
2026-08-28 14:41:00,588.2,588.12,588.6,588.1,30589.0,17993384.4127
2026-08-28 14:42:00,588.14,587.82,588.22,587.82,116976.0,68784603.7837
2026-08-28 14:43:00,587.82,586.0,587.82,586.0,55180.0,32371059.5828
2026-08-28 14:44:00,586.02,587.13,587.15,585.96,33948.0,19900859.5181
2026-08-28 14:45:00,587.15,586.64,587.17,586.5,24983.0,14663661.334
2026-08-28 14:46:00,586.64,586.5,586.66,586.5,22959.0,13466229.1702
2026-08-28 14:47:00,586.5,586.51,586.64,586.45,20663.0,12118739.6768
2026-08-28 14:48:00,586.51,586.66,586.98,586.5,33373.0,19575532.7158
2026-08-28 14:49:00,586.67,587.17,587.17,586.67,27551.0,16170916.1964
2026-08-28 14:50:00,587.0,586.91,587.2,586.8,20830.0,12227557.5906
2026-08-28 14:51:00,586.91,586.8,587.0,586.8,26440.0,15517559.4073
2026-08-28 14:52:00,586.78,586.6,586.8,586.58,25662.0,15056008.4901
2026-08-28 14:53:00,586.58,586.01,586.6,586.01,50995.0,29903858.892
2026-08-28 14:54:00,586.01,585.44,586.1,585.2,71593.0,41936444.406
2026-08-28 14:55:00,585.44,585.38,585.66,585.1,66011.0,38638767.8723
2026-08-28 14:56:00,585.41,585.34,585.51,585.24,59065.0,34575973.1406
2026-08-28 14:57:00,585.34,585.3,585.43,584.88,123013.0,71984299.9069
2026-08-28 15:00:00,585.0,585.0,585.0,585.0,97857.0,57246345.0
2026-08-31 09:31:00,571.0,565.35,571.3,565.0,296780.0,168981915.5338
2026-08-31 09:32:00,565.35,569.69,569.69,564.1,141476.0,80047487.3831
2026-08-31 09:33:00,569.69,566.66,569.98,566.66,67605.0,38396705.6498
2026-08-31 09:34:00,566.83,561.78,566.83,561.08,120977.0,68240325.2737
2026-08-31 09:35:00,561.36,558.8,561.36,558.0,197155.0,110329305.7821
2026-08-31 09:36:00,559.0,564.99,565.0,558.01,97463.0,54626703.5778
2026-08-31 09:37:00,564.44,561.0,565.0,561.0,57331.0,32280780.208
2026-08-31 09:38:00,561.0,561.0,561.03,560.01,63397.0,35542108.9912
2026-08-31 09:39:00,561.03,562.99,562.99,560.64,51005.0,28647837.6685
2026-08-31 09:40:00,562.38,562.32,563.0,562.1,36132.0,20332650.8156
2026-08-31 09:41:00,562.33,562.33,562.97,562.3,35619.0,20034390.7234
2026-08-31 09:42:00,562.11,561.0,562.35,560.97,53512.0,30050328.3295
2026-08-31 09:43:00,560.97,560.5,561.0,560.5,49496.0,27749440.4071
2026-08-31 09:44:00,560.5,560.08,560.59,560.04,56164.0,31467422.7694
2026-08-31 09:45:00,560.05,560.0,560.2,560.0,76144.0,42643159.3655
2026-08-31 09:46:00,560.0,560.21,560.23,560.0,50136.0,28079498.49
2026-08-31 09:47:00,560.21,561.1,561.38,560.2,25643.0,14376033.7974
2026-08-31 09:48:00,561.38,562.0,562.88,561.08,29982.0,16849623.7119
2026-08-31 09:49:00,562.0,561.73,562.93,561.5,28639.0,16096585.6544
2026-08-31 09:50:00,561.1,560.63,561.77,560.63,35816.0,20083889.851
2026-08-31 09:51:00,560.63,560.59,560.66,560.58,26646.0,14938694.1611
2026-08-31 09:52:00,560.59,559.85,560.63,559.66,50597.0,28340271.1839
2026-08-31 09:53:00,559.85,558.89,559.88,558.8,41291.0,23084547.4763
2026-08-31 09:54:00,558.85,558.18,558.85,558.01,42697.0,23843819.5994
2026-08-31 09:55:00,558.1,557.0,558.1,557.0,85960.0,47947287.0635
2026-08-31 09:56:00,557.0,556.86,557.0,556.0,101657.0,56547443.072
2026-08-31 09:57:00,556.89,558.03,558.58,556.35,50596.0,28221811.189
2026-08-31 09:58:00,558.03,557.83,558.58,557.83,33004.0,18420091.9573
2026-08-31 09:59:00,557.99,558.0,558.4,557.5,30471.0,16995322.3767
2026-08-31 10:00:00,558.4,560.51,561.0,558.0,53548.0,29956332.5527
2026-08-31 10:01:00,560.11,561.0,561.78,560.11,32421.0,18181469.8269
2026-08-31 10:02:00,561.0,560.99,561.0,560.49,24863.0,13941045.9026
2026-08-31 10:03:00,560.99,561.01,561.1,560.88,19804.0,11109729.543
2026-08-31 10:04:00,560.99,560.1,561.05,560.0,15305.0,8576862.4575
2026-08-31 10:05:00,559.61,560.22,560.22,558.88,27228.0,15235378.603
2026-08-31 10:06:00,560.0,561.7,562.0,560.0,33886.0,19016090.4165
2026-08-31 10:07:00,562.0,562.8,562.98,561.7,19041.0,10712162.2466
2026-08-31 10:08:00,562.97,563.66,563.82,562.93,22741.0,12814380.663
2026-08-31 10:09:00,563.66,563.0,563.82,562.66,11089.0,6245077.5106
2026-08-31 10:10:00,563.09,562.99,563.09,562.5,12562.0,7071502.4339
2026-08-31 10:11:00,562.9,563.2,563.5,562.3,17739.0,9986542.791
2026-08-31 10:12:00,563.1,562.08,563.6,562.08,11429.0,6434356.2163
2026-08-31 10:13:00,562.08,561.0,562.08,561.0,6281.0,3526979.6113
2026-08-31 10:14:00,561.0,561.11,561.33,561.0,13047.0,7320585.4004
2026-08-31 10:15:00,561.11,562.0,562.0,561.11,7306.0,4102955.7505
2026-08-31 10:16:00,562.0,562.96,562.98,562.0,7776.0,4371946.2817
2026-08-31 10:17:00,562.97,562.0,563.0,562.0,7683.0,4320507.5712
2026-08-31 10:18:00,562.0,562.8,562.8,561.67,5467.0,3072718.5386
2026-08-31 10:19:00,562.0,562.09,562.8,561.9,4941.0,2777226.1726
2026-08-31 10:20:00,562.09,561.73,562.09,561.73,3030.0,1702406.5664
2026-08-31 10:21:00,561.73,561.35,561.77,561.35,8673.0,4870749.2104
2026-08-31 10:22:00,561.2,560.0,561.2,560.0,13263.0,7433606.9219
2026-08-31 10:23:00,560.01,559.13,560.02,559.12,11044.0,6182106.9217
2026-08-31 10:24:00,559.12,559.01,559.18,559.0,14834.0,8292956.1335
2026-08-31 10:25:00,559.03,559.01,559.18,559.0,13006.0,7270811.8306
2026-08-31 10:26:00,559.01,558.3,559.02,558.3,13910.0,7773401.2596
2026-08-31 10:27:00,558.31,558.9,559.0,558.03,14735.0,8225832.5044
2026-08-31 10:28:00,559.0,559.55,559.55,559.0,13980.0,7819575.3052
2026-08-31 10:29:00,559.55,560.5,561.0,559.55,6028.0,3377277.1509
2026-08-31 10:30:00,561.0,561.0,561.15,560.5,10739.0,6022311.1055
2026-08-31 10:31:00,560.99,560.53,561.0,560.53,4441.0,2490403.9556
2026-08-31 10:32:00,560.53,559.6,560.55,559.6,8028.0,4498312.3787
2026-08-31 10:33:00,559.55,558.94,559.6,558.9,7960.0,4450031.0231
2026-08-31 10:34:00,558.94,559.0,559.0,558.8,9768.0,5459417.9614
2026-08-31 10:35:00,559.0,559.06,559.55,559.0,7104.0,3971870.4884
2026-08-31 10:36:00,559.11,559.08,559.55,559.06,8440.0,4720292.353
2026-08-31 10:37:00,559.05,558.77,559.11,558.6,18437.0,10305445.0396
2026-08-31 10:38:00,558.77,558.07,558.77,558.07,8850.0,4941402.1555
2026-08-31 10:39:00,558.05,557.8,558.08,557.8,25378.0,14160269.6399
2026-08-31 10:40:00,557.86,557.7,557.9,557.6,10629.0,5928544.5396
2026-08-31 10:41:00,557.73,558.0,558.02,557.73,12285.0,6854740.2419
2026-08-31 10:42:00,558.0,558.33,558.55,558.0,8304.0,4634889.7437
2026-08-31 10:43:00,558.33,558.01,558.55,558.01,7191.0,4013474.6479
2026-08-31 10:44:00,558.03,558.0,558.05,558.0,12618.0,7041001.085
2026-08-31 10:45:00,558.0,558.05,558.15,558.0,9757.0,5444773.1211
2026-08-31 10:46:00,558.06,558.1,558.2,558.06,3926.0,2191134.2422
2026-08-31 10:47:00,558.1,558.0,558.1,558.0,12537.0,6995849.8616
2026-08-31 10:48:00,557.98,557.91,558.0,557.91,6904.0,3852179.9199
2026-08-31 10:49:00,557.91,557.81,558.0,557.81,8624.0,4811441.492
2026-08-31 10:50:00,557.82,557.72,557.82,557.72,7943.0,4430552.5048
2026-08-31 10:51:00,557.72,557.58,557.72,557.58,11671.0,6508666.2861
2026-08-31 10:52:00,557.51,557.39,557.52,557.17,11275.0,6285185.0991
2026-08-31 10:53:00,557.17,556.84,557.29,556.84,19937.0,11104839.5205
2026-08-31 10:54:00,556.81,556.15,556.84,556.13,21857.0,12166003.5856
2026-08-31 10:55:00,556.13,555.89,556.13,555.88,39254.0,21825570.2827
2026-08-31 10:56:00,555.89,556.6,556.6,555.8,25112.0,13961525.688
2026-08-31 10:57:00,556.44,556.44,556.8,556.35,13176.0,7332903.7297
2026-08-31 10:58:00,556.44,556.8,556.84,556.35,10740.0,5978205.381
2026-08-31 10:59:00,556.6,556.66,556.78,556.5,6054.0,3369777.4163
2026-08-31 11:00:00,556.79,557.01,557.17,556.78,8696.0,4842400.4109
2026-08-31 11:01:00,557.42,557.71,557.71,557.03,4379.0,2440445.1294
2026-08-31 11:02:00,557.15,558.0,558.0,557.14,3113.0,1735854.9102
2026-08-31 11:03:00,558.0,557.7,558.0,557.22,4228.0,2358276.5859
2026-08-31 11:04:00,557.25,557.5,557.54,557.24,4062.0,2264302.1289
2026-08-31 11:05:00,557.51,557.76,557.99,557.5,3991.0,2225616.7344
2026-08-31 11:06:00,557.76,557.66,557.99,557.58,3574.0,1993393.2783
2026-08-31 11:07:00,557.99,557.97,557.99,557.69,1625.0,906582.3516
2026-08-31 11:08:00,557.97,557.97,557.99,557.96,5593.0,3120773.4917
2026-08-31 11:09:00,557.96,557.8,557.98,557.75,2601.0,1451074.5488
2026-08-31 11:10:00,557.96,557.91,557.98,557.8,4792.0,2673416.4502
2026-08-31 11:11:00,557.89,557.8,557.98,557.8,3708.0,2068448.0859
2026-08-31 11:12:00,557.81,557.83,557.9,557.8,4205.0,2345676.2183
2026-08-31 11:13:00,557.9,557.95,557.95,557.83,4872.0,2717974.6904
2026-08-31 11:14:00,557.9,557.83,557.95,557.83,4023.0,2244296.2832
2026-08-31 11:15:00,557.85,557.89,557.97,557.82,5369.0,2995136.6196
2026-08-31 11:16:00,557.86,557.8,557.89,557.79,4537.0,2530883.8428
2026-08-31 11:17:00,557.79,557.94,557.95,557.79,3104.0,1731482.7041
2026-08-31 11:18:00,557.81,557.89,557.93,557.8,1422.0,793313.3232
2026-08-31 11:19:00,557.89,557.8,557.89,557.8,3664.0,2043941.3535
2026-08-31 11:20:00,557.87,557.89,557.89,557.8,3091.0,1724397.3701
2026-08-31 11:21:00,557.89,557.87,557.9,557.87,9407.0,5248093.6759
2026-08-31 11:22:00,557.87,558.0,558.0,557.87,9401.0,5245006.7695
2026-08-31 11:23:00,558.0,558.01,558.01,557.98,9140.0,5100132.7871
2026-08-31 11:24:00,558.01,558.66,558.66,558.0,7996.0,4462913.5996
2026-08-31 11:25:00,558.66,558.6,558.81,558.6,5104.0,2851810.6084
2026-08-31 11:26:00,558.6,559.0,559.0,558.48,3139.0,1754092.6943
2026-08-31 11:27:00,559.0,559.08,559.08,559.0,3717.0,2077957.9668
2026-08-31 11:28:00,559.2,559.84,559.84,559.1,2861.0,1600559.3281
2026-08-31 11:29:00,559.88,559.8,560.04,559.8,10224.0,5724892.2822
2026-08-31 11:30:00,559.66,559.11,559.78,559.11,4493.0,2513534.1719
2026-08-31 13:01:00,559.1,558.2,559.11,558.08,11055.0,6177657.3121
2026-08-31 13:02:00,558.19,558.04,558.19,558.0,5788.0,3230025.2314
2026-08-31 13:03:00,558.06,557.99,558.8,557.91,13718.0,7655664.2368
2026-08-31 13:04:00,557.99,557.89,557.99,557.89,5649.0,3151671.6025
2026-08-31 13:05:00,557.91,557.81,557.98,557.78,7229.0,4032813.1758
2026-08-31 13:06:00,557.82,557.78,558.0,557.78,8992.0,5015802.8735
2026-08-31 13:07:00,557.8,557.79,557.97,557.78,7299.0,4071373.8661
2026-08-31 13:08:00,557.79,557.69,557.79,557.5,5836.0,3254775.0613
2026-08-31 13:09:00,557.52,557.16,557.52,557.11,7031.0,3918324.0933
2026-08-31 13:10:00,557.16,557.13,557.2,557.11,6095.0,3395858.2709
2026-08-31 13:11:00,557.12,557.01,557.13,557.01,10079.0,5614694.551
2026-08-31 13:12:00,557.0,557.13,557.13,557.0,4467.0,2488326.7441
2026-08-31 13:13:00,557.13,557.18,557.18,557.03,7445.0,4147719.1777
2026-08-31 13:14:00,557.03,557.2,557.7,557.03,9856.0,5491805.9883
2026-08-31 13:15:00,557.2,557.85,557.97,557.2,5104.0,2846075.7344
2026-08-31 13:16:00,557.97,559.3,559.3,557.85,8390.0,4683560.2305
2026-08-31 13:17:00,559.28,559.49,559.5,558.17,7720.0,4314890.2295
2026-08-31 13:18:00,559.49,559.52,559.68,559.48,8894.0,4976178.9565
2026-08-31 13:19:00,559.9,559.01,559.97,559.01,14913.0,8342146.5859
2026-08-31 13:20:00,559.01,558.22,559.01,558.22,5131.0,2866903.1099
2026-08-31 13:21:00,558.23,558.25,558.5,558.2,7718.0,4308437.7041
2026-08-31 13:22:00,558.5,559.0,559.0,558.5,7178.0,4010281.875
2026-08-31 13:23:00,559.0,559.77,559.77,558.5,6203.0,3467031.7109
2026-08-31 13:24:00,559.79,559.8,559.89,559.5,7523.0,4211511.1899
2026-08-31 13:25:00,559.8,559.85,559.85,559.45,4272.0,2390902.918
2026-08-31 13:26:00,559.85,560.0,560.0,559.85,8521.0,4771266.4209
2026-08-31 13:27:00,559.98,560.59,560.63,559.9,8857.0,4962321.0344
2026-08-31 13:28:00,560.68,561.5,561.5,560.63,11661.0,6541913.3179
2026-08-31 13:29:00,561.58,561.8,561.84,561.58,14116.0,7929592.1509
2026-08-31 13:30:00,561.8,561.35,561.8,561.35,11105.0,6236485.0366
2026-08-31 13:31:00,561.53,561.02,561.55,561.02,10835.0,6081431.7457
2026-08-31 13:32:00,561.02,561.0,561.28,560.6,8069.0,4525758.2969
2026-08-31 13:33:00,561.0,560.75,561.28,560.5,11761.0,6597589.4343
2026-08-31 13:34:00,560.59,560.08,560.98,560.08,7884.0,4419130.21
2026-08-31 13:35:00,560.07,559.79,560.1,559.79,10840.0,6070233.9583
2026-08-31 13:36:00,559.79,559.89,560.0,559.66,6887.0,3855523.2441
2026-08-31 13:37:00,559.89,559.59,559.9,559.59,5261.0,2944758.9563
2026-08-31 13:38:00,559.59,559.56,559.6,559.5,10380.0,5808076.9016
2026-08-31 13:39:00,559.56,558.6,559.56,558.6,11382.0,6363176.0439
2026-08-31 13:40:00,558.61,558.61,559.0,558.51,11614.0,6488403.8253
2026-08-31 13:41:00,559.0,558.69,559.4,558.51,6316.0,3529277.625
2026-08-31 13:42:00,558.69,558.61,559.0,558.6,3176.0,1774558.8513
2026-08-31 13:43:00,558.98,559.0,559.39,558.59,10516.0,5876242.3096
2026-08-31 13:44:00,559.2,559.39,559.49,559.0,6099.0,3411435.5371
2026-08-31 13:45:00,559.4,559.3,559.4,559.17,3894.0,2177973.3105
2026-08-31 13:46:00,559.18,559.18,559.3,559.16,5939.0,3321151.7998
2026-08-31 13:47:00,559.18,559.06,559.2,559.06,2616.0,1462751.6548
2026-08-31 13:48:00,559.17,558.96,559.17,558.68,7082.0,3959115.8164
2026-08-31 13:49:00,559.0,558.98,559.0,558.96,4599.0,2570717.0664
2026-08-31 13:50:00,558.98,559.0,559.0,558.96,5960.0,3331550.3721
2026-08-31 13:51:00,559.0,558.7,559.0,558.7,9975.0,5574913.7764
2026-08-31 13:52:00,558.9,558.71,558.9,558.68,4201.0,2347245.9456
2026-08-31 13:53:00,558.68,558.5,558.69,558.5,11363.0,6347316.9601
2026-08-31 13:54:00,558.49,558.32,558.55,558.32,6902.0,3854454.4346
2026-08-31 13:55:00,558.31,558.2,558.32,558.16,7250.0,4047419.7976
2026-08-31 13:56:00,558.28,558.5,558.6,558.28,7699.0,4299081.0405
2026-08-31 13:57:00,558.49,558.96,558.96,558.49,4264.0,2382490.9717
2026-08-31 13:58:00,558.96,558.96,559.0,558.87,12314.0,6882511.3813
2026-08-31 13:59:00,558.95,558.96,559.0,558.67,4710.0,2632364.6846
2026-08-31 14:00:00,558.96,559.17,559.18,558.96,6930.0,3874447.3945
2026-08-31 14:01:00,559.2,559.59,559.59,559.2,13039.0,7294715.5469
2026-08-31 14:02:00,559.59,559.47,559.59,559.4,8508.0,4760402.5604
2026-08-31 14:03:00,559.42,559.2,559.42,559.2,2425.0,1356390.5151
2026-08-31 14:04:00,559.2,558.5,559.21,558.4,13015.0,7273146.2771
2026-08-31 14:05:00,558.4,558.18,558.4,558.16,7083.0,3954260.6385
2026-08-31 14:06:00,558.16,557.93,558.2,557.93,20213.0,11279385.9819
2026-08-31 14:07:00,557.93,558.19,558.19,557.93,8740.0,4876958.4731
2026-08-31 14:08:00,558.19,558.29,558.29,558.07,7424.0,4143755.1775
2026-08-31 14:09:00,558.2,558.3,558.35,558.12,14799.0,8260709.7437
2026-08-31 14:10:00,558.3,558.55,558.77,558.19,17110.0,9552589.8813
2026-08-31 14:11:00,558.22,558.58,558.86,558.19,20187.0,11272845.1494
2026-08-31 14:12:00,558.58,559.4,559.4,558.55,8222.0,4595501.8896
2026-08-31 14:13:00,559.4,560.47,560.51,559.01,31867.0,17837860.6465
2026-08-31 14:14:00,560.5,560.47,560.51,560.36,13858.0,7767156.0735
2026-08-31 14:15:00,560.36,560.02,560.48,560.02,9534.0,5342009.431
2026-08-31 14:16:00,560.02,560.23,560.36,560.01,6751.0,3782059.7046
2026-08-31 14:17:00,560.24,560.66,560.66,560.22,18551.0,10395625.5313
2026-08-31 14:18:00,560.51,562.33,562.6,560.5,34873.0,19581891.0742
2026-08-31 14:19:00,562.33,564.42,564.5,562.09,30435.0,17156301.3769
2026-08-31 14:20:00,564.49,564.84,564.97,564.44,33124.0,18704142.4796
2026-08-31 14:21:00,564.95,563.6,564.98,562.61,23068.0,13017319.0869
2026-08-31 14:22:00,562.9,563.53,563.67,562.74,11085.0,6244712.0469
2026-08-31 14:23:00,563.3,564.19,564.36,563.28,13197.0,7441548.106
2026-08-31 14:24:00,564.36,563.45,564.4,563.3,13328.0,7517509.6748
2026-08-31 14:25:00,563.45,563.1,563.8,563.1,13858.0,7805634.0117
2026-08-31 14:26:00,563.1,563.88,563.9,563.07,12922.0,7279563.6563
2026-08-31 14:27:00,563.88,563.9,563.99,563.8,9928.0,5598468.3683
2026-08-31 14:28:00,563.89,563.65,563.9,563.65,11664.0,6576159.5083
2026-08-31 14:29:00,563.5,562.99,563.55,562.79,12898.0,7264836.2593
2026-08-31 14:30:00,562.79,561.7,562.79,561.7,15668.0,8805541.7373
2026-08-31 14:31:00,561.7,563.0,563.0,561.7,10913.0,6138010.2305
2026-08-31 14:32:00,562.99,562.01,563.0,561.85,9694.0,5453017.6182
2026-08-31 14:33:00,562.33,562.68,562.79,562.02,7761.0,4364480.875
2026-08-31 14:34:00,562.69,563.5,563.55,562.68,21201.0,11935825.0332
2026-08-31 14:35:00,563.41,563.3,563.59,563.02,11795.0,6644887.9968
2026-08-31 14:36:00,563.03,563.2,563.68,563.02,12469.0,7023395.5381
2026-08-31 14:37:00,563.31,563.4,563.6,563.2,14243.0,8024011.7002
2026-08-31 14:38:00,563.39,563.45,563.5,563.32,7978.0,4495015.1934
2026-08-31 14:39:00,563.46,563.4,563.51,563.3,13210.0,7442918.7654
2026-08-31 14:40:00,563.3,563.87,563.88,563.24,25468.0,14351289.9458
2026-08-31 14:41:00,563.87,564.31,564.31,563.71,22921.0,12925873.3745
2026-08-31 14:42:00,564.31,564.82,565.0,564.16,49697.0,28068124.241
2026-08-31 14:43:00,564.98,564.5,564.98,564.5,15032.0,8489890.1375
2026-08-31 14:44:00,564.63,564.5,564.98,564.42,20013.0,11300148.6631
2026-08-31 14:45:00,564.51,564.48,564.61,564.42,20753.0,11714720.834
2026-08-31 14:46:00,564.43,563.88,564.48,563.86,11281.0,6365570.2241
2026-08-31 14:47:00,563.86,564.0,564.27,563.86,28769.0,16225061.9971
2026-08-31 14:48:00,564.0,564.0,564.08,563.9,21801.0,12295715.6992
2026-08-31 14:49:00,563.98,563.87,564.0,563.87,16129.0,9095828.0161
2026-08-31 14:50:00,563.88,563.73,563.88,563.36,27293.0,15384180.717
2026-08-31 14:51:00,563.7,563.68,563.83,563.5,26002.0,14656955.1261
2026-08-31 14:52:00,563.64,564.62,564.62,563.64,42760.0,24119534.5007
2026-08-31 14:53:00,564.66,567.05,567.2,564.66,71683.0,40538656.1647
2026-08-31 14:54:00,567.2,567.0,567.99,566.74,38983.0,22122848.7218
2026-08-31 14:55:00,566.12,566.14,566.99,566.11,29642.0,16786502.21
2026-08-31 14:56:00,566.14,565.5,566.15,565.22,34279.0,19392969.9644
2026-08-31 14:57:00,565.49,564.98,565.5,564.23,48588.0,27453537.2944
2026-08-31 15:00:00,564.9,564.9,564.9,564.9,105624.0,59667000.3726
2026-09-01 09:31:00,561.97,559.05,562.0,559.0,74860.0,41988919.9063
2026-09-01 09:32:00,559.05,559.02,559.58,558.6,44978.0,25143878.5403
2026-09-01 09:33:00,559.1,559.07,559.89,559.01,29486.0,16484477.5623
2026-09-01 09:34:00,559.07,559.08,559.53,559.02,31056.0,17364515.1362
2026-09-01 09:35:00,559.1,561.53,561.53,559.03,23889.0,13366924.7324
2026-09-01 09:36:00,560.99,561.2,561.7,560.94,29302.0,16449147.1087
2026-09-01 09:37:00,561.2,561.3,561.53,560.94,24021.0,13482787.8381
2026-09-01 09:38:00,561.4,560.49,561.66,558.96,50723.0,28437545.4182
2026-09-01 09:39:00,559.01,556.8,559.16,556.8,45769.0,25540992.1982
2026-09-01 09:40:00,556.88,556.45,556.88,556.12,49362.0,27465648.5726
2026-09-01 09:41:00,556.88,557.71,557.99,556.88,22386.0,12476839.5972
2026-09-01 09:42:00,557.98,558.0,558.39,557.69,26086.0,14554602.7344
2026-09-01 09:43:00,558.05,558.36,558.39,558.0,15795.0,8817991.1338
2026-09-01 09:44:00,558.12,557.01,558.36,557.01,34036.0,18988074.6646
2026-09-01 09:45:00,557.07,556.6,557.49,556.4,56875.0,31669859.2476
2026-09-01 09:46:00,556.6,558.0,558.32,556.39,31021.0,17294135.374
2026-09-01 09:47:00,558.11,557.99,558.31,557.97,14481.0,8080853.2726
2026-09-01 09:48:00,557.99,558.18,558.18,557.9,17090.0,9537056.9448
2026-09-01 09:49:00,558.18,557.7,558.2,557.7,38638.0,21559468.3542
2026-09-01 09:50:00,557.63,557.0,557.7,557.0,27339.0,15231502.8811
2026-09-01 09:51:00,557.0,557.41,557.5,557.0,21678.0,12077923.6465
2026-09-01 09:52:00,557.2,557.26,557.41,557.17,13493.0,7519698.7021
2026-09-01 09:53:00,557.28,557.6,557.63,557.26,24394.0,13597450.1677
2026-09-01 09:54:00,557.6,557.5,557.6,557.49,12813.0,7143924.9727
2026-09-01 09:55:00,557.5,557.5,557.59,557.39,15068.0,8400350.8164
2026-09-01 09:56:00,557.5,557.8,557.8,557.4,13033.0,7266491.2046
2026-09-01 09:57:00,557.79,558.6,558.6,557.57,26362.0,14712993.1899
2026-09-01 09:58:00,558.88,563.0,563.33,558.88,50792.0,28524540.1571
2026-09-01 09:59:00,563.02,574.0,576.57,563.0,144783.0,82669139.9894
2026-09-01 10:00:00,574.0,578.98,578.98,571.66,206824.0,119085728.5938
2026-09-01 10:01:00,578.97,578.96,582.88,578.0,276239.0,160273212.0174
2026-09-01 10:02:00,578.99,582.99,584.97,578.96,246983.0,143934558.0953
2026-09-01 10:03:00,582.99,587.0,588.88,582.04,319041.0,187165674.1301
2026-09-01 10:04:00,587.0,584.11,588.0,582.0,125639.0,73490959.8844
2026-09-01 10:05:00,584.86,591.0,591.0,584.02,195733.0,115154200.4183
2026-09-01 10:06:00,590.28,587.98,591.0,586.28,161389.0,94981334.9078
2026-09-01 10:07:00,587.98,587.55,588.0,586.5,70952.0,41673297.8839
2026-09-01 10:08:00,587.55,587.1,588.88,586.5,94241.0,55379234.4355
2026-09-01 10:09:00,587.0,585.0,587.01,585.0,53427.0,31300002.3582
2026-09-01 10:10:00,585.0,583.42,585.0,583.33,41264.0,24106215.5159
2026-09-01 10:11:00,583.33,586.5,586.97,583.3,43864.0,25624978.9703
2026-09-01 10:12:00,586.8,587.33,587.97,586.6,69449.0,40792687.6093
2026-09-01 10:13:00,586.31,586.56,587.49,586.0,34995.0,20529999.7764
2026-09-01 10:14:00,586.5,586.0,587.0,585.88,25040.0,14678225.564
2026-09-01 10:15:00,586.0,585.18,586.0,585.01,18835.0,11023387.3408
2026-09-01 10:16:00,585.18,586.0,586.32,585.1,22036.0,12908226.9146
2026-09-01 10:17:00,586.32,587.48,587.49,586.3,32319.0,18972477.3074
2026-09-01 10:18:00,587.47,585.88,587.6,585.88,28568.0,16769053.9414
2026-09-01 10:19:00,585.89,585.51,586.29,585.49,18014.0,10550518.7753
2026-09-01 10:20:00,585.4,585.1,586.19,585.0,17165.0,10046841.1218
2026-09-01 10:21:00,585.1,582.02,585.1,582.02,30698.0,17925904.9912
2026-09-01 10:22:00,582.16,583.17,583.5,582.16,22275.0,12983065.0945
2026-09-01 10:23:00,583.45,583.18,583.5,583.05,21833.0,12736395.3191
2026-09-01 10:24:00,583.15,583.2,583.4,582.39,48714.0,28406655.7224
2026-09-01 10:25:00,583.2,583.3,583.45,583.18,20189.0,11774842.2158
2026-09-01 10:26:00,583.3,583.35,583.52,583.19,15409.0,8989134.8394
2026-09-01 10:27:00,583.35,580.12,583.35,580.03,29698.0,17278277.7881
2026-09-01 10:28:00,580.12,579.2,580.12,579.0,50878.0,29481468.507
2026-09-01 10:29:00,579.72,580.0,580.15,579.62,22326.0,12948977.2642
2026-09-01 10:30:00,580.0,581.0,581.0,580.0,11555.0,6707134.1909
2026-09-01 10:31:00,580.88,580.88,581.5,580.88,14408.0,8373227.2983
2026-09-01 10:32:00,580.99,580.0,581.0,580.0,16827.0,9765457.2253
2026-09-01 10:33:00,580.0,579.17,580.12,579.17,8632.0,5004343.2734
2026-09-01 10:34:00,579.3,579.6,579.65,579.17,15016.0,8700269.3291
2026-09-01 10:35:00,579.6,579.59,579.66,579.4,8635.0,5004521.2302
2026-09-01 10:36:00,579.5,579.83,579.83,579.5,8734.0,5062091.2869
2026-09-01 10:37:00,579.63,580.45,581.0,579.63,5495.0,3189686.7605
2026-09-01 10:38:00,580.54,580.59,581.5,580.54,7994.0,4646355.5654
2026-09-01 10:39:00,580.59,581.0,582.22,580.59,26918.0,15663185.7266
2026-09-01 10:40:00,581.0,581.99,582.21,580.18,13108.0,7623151.3071
2026-09-01 10:41:00,581.98,580.43,582.21,580.43,26719.0,15548521.6738
2026-09-01 10:42:00,581.9,580.18,581.94,580.18,8792.0,5103426.3568
2026-09-01 10:43:00,580.18,580.2,580.24,580.0,10807.0,6269346.4487
2026-09-01 10:44:00,580.01,580.29,580.29,580.0,8785.0,5096470.3374
2026-09-01 10:45:00,580.29,581.5,581.5,580.24,5417.0,3144794.6453
2026-09-01 10:46:00,581.5,581.89,581.93,581.01,7010.0,4077266.1138
2026-09-01 10:47:00,581.93,581.95,581.98,581.89,16567.0,9640929.7863
2026-09-01 10:48:00,581.96,581.94,581.99,581.94,10664.0,6205977.6675
2026-09-01 10:49:00,581.93,581.5,581.95,581.5,7081.0,4119913.2332
2026-09-01 10:50:00,581.5,581.0,581.5,580.67,10379.0,6031749.8457
2026-09-01 10:51:00,581.0,580.5,581.0,580.32,4114.0,2389380.4893
2026-09-01 10:52:00,580.88,580.88,581.0,580.8,4257.0,2472850.957
2026-09-01 10:53:00,581.0,580.52,581.5,580.52,8777.0,5099421.0342
2026-09-01 10:54:00,580.52,579.86,580.52,579.63,9252.0,5366516.1772
2026-09-01 10:55:00,579.93,579.83,579.93,579.62,3121.0,1809730.3501
2026-09-01 10:56:00,579.83,579.9,580.0,579.59,6040.0,3502085.3218
2026-09-01 10:57:00,579.88,579.9,579.93,579.88,2043.0,1184755.875
2026-09-01 10:58:00,579.68,579.21,579.9,579.21,7697.0,4459849.0845
2026-09-01 10:59:00,579.21,578.81,579.22,578.81,12743.0,7378853.3538
2026-09-01 11:00:00,578.8,578.81,579.2,578.66,10116.0,5855716.7323
2026-09-01 11:01:00,578.81,580.1,580.1,578.8,6273.0,3635710.6377
2026-09-01 11:02:00,580.11,581.98,581.98,580.0,10532.0,6122930.1514
2026-09-01 11:03:00,581.95,583.0,583.35,581.94,14318.0,8340505.1816
2026-09-01 11:04:00,583.0,582.99,583.3,582.98,4218.0,2459399.2422
2026-09-01 11:05:00,582.98,582.7,582.99,582.3,19537.0,11386794.0835
2026-09-01 11:06:00,582.69,582.3,582.88,582.3,5819.0,3389763.0653
2026-09-01 11:07:00,582.3,582.95,582.96,581.9,12015.0,6999690.703
2026-09-01 11:08:00,582.96,583.2,583.2,582.91,13322.0,7767088.7637
2026-09-01 11:09:00,583.2,583.0,583.28,583.0,10757.0,6272358.2563
2026-09-01 11:10:00,583.0,583.0,583.1,582.0,9390.0,5473040.9316
2026-09-01 11:11:00,581.57,585.0,585.01,581.57,39879.0,23291741.6729
2026-09-01 11:12:00,584.78,587.5,587.5,584.78,26915.0,15780582.7537
2026-09-01 11:13:00,587.5,589.0,589.8,587.23,70390.0,41424606.6723
2026-09-01 11:14:00,589.0,586.0,589.0,585.9,15518.0,9110948.0032
2026-09-01 11:15:00,586.0,585.3,586.89,585.3,7016.0,4109923.7129
2026-09-01 11:16:00,585.3,585.32,585.99,585.22,9260.0,5422299.0425
2026-09-01 11:17:00,585.89,586.0,586.0,585.89,7727.0,4527664.166
2026-09-01 11:18:00,586.26,586.37,586.95,586.18,10353.0,6072729.2139
2026-09-01 11:19:00,586.37,585.32,586.37,585.0,10840.0,6351473.8408
2026-09-01 11:20:00,585.0,584.04,585.22,583.98,6016.0,3516411.0156
2026-09-01 11:21:00,584.09,584.04,585.09,584.0,4945.0,2888873.1973
2026-09-01 11:22:00,584.82,585.1,585.1,584.82,5275.0,3085835.2295
2026-09-01 11:23:00,585.1,584.5,585.3,584.5,4521.0,2645602.1655
2026-09-01 11:24:00,584.5,584.6,585.22,584.5,5317.0,3110363.7693
2026-09-01 11:25:00,584.6,584.08,584.6,584.08,5007.0,2926787.0442
2026-09-01 11:26:00,584.08,584.09,584.51,584.07,5889.0,3439985.0082
2026-09-01 11:27:00,584.12,584.43,584.51,584.12,5989.0,3498827.1367
2026-09-01 11:28:00,584.51,585.9,585.9,584.51,5897.0,3450211.834
2026-09-01 11:29:00,585.9,586.28,586.3,585.9,7445.0,4363680.3164
2026-09-01 11:30:00,586.28,585.9,586.3,585.55,8493.0,4976712.7378
2026-09-01 13:01:00,585.9,584.17,586.28,584.17,12858.0,7530200.3898
2026-09-01 13:02:00,584.17,584.12,584.17,584.12,3168.0,1850537.9448
2026-09-01 13:03:00,584.12,583.32,584.12,583.13,10444.0,6098005.0297
2026-09-01 13:04:00,583.32,583.13,583.32,583.13,2193.0,1278979.9619
2026-09-01 13:05:00,583.02,583.04,583.13,583.0,4262.0,2484838.7734
2026-09-01 13:06:00,583.0,580.45,583.04,580.0,11606.0,6748832.0293
2026-09-01 13:07:00,580.45,582.0,582.0,580.25,6762.0,3925708.5935
2026-09-01 13:08:00,581.99,580.26,582.0,580.26,5788.0,3363014.8281
2026-09-01 13:09:00,580.26,580.45,580.45,580.26,7698.0,4467541.2764
2026-09-01 13:10:00,580.45,581.0,581.0,580.3,5088.0,2953494.4631
2026-09-01 13:11:00,580.66,581.96,581.96,580.66,2423.0,1408899.0259
2026-09-01 13:12:00,581.96,581.88,582.0,581.79,7276.0,4234248.0388
2026-09-01 13:13:00,581.88,581.97,581.97,581.01,3371.0,1960532.4473
2026-09-01 13:14:00,581.95,581.96,581.96,581.5,3481.0,2025296.5654
2026-09-01 13:15:00,581.97,581.51,581.97,581.51,6217.0,3617459.168
2026-09-01 13:16:00,581.51,581.89,581.9,581.51,1200.0,698050.0205
2026-09-01 13:17:00,581.53,581.88,581.9,581.53,2090.0,1215923.3394
2026-09-01 13:18:00,581.9,581.9,581.97,581.88,2306.0,1341874.4188
2026-09-01 13:19:00,581.88,581.87,581.9,581.51,6665.0,3877016.1113
2026-09-01 13:20:00,581.87,581.8,581.88,581.8,3219.0,1872918.6534
2026-09-01 13:21:00,581.8,581.8,581.87,581.52,1590.0,925008.7202
2026-09-01 13:22:00,581.52,580.88,581.52,580.88,12704.0,7385215.0858
2026-09-01 13:23:00,580.66,580.08,580.88,580.08,8541.0,4956898.0157
2026-09-01 13:24:00,580.1,580.05,580.1,580.01,5660.0,3283048.9536
2026-09-01 13:25:00,580.04,581.0,581.0,580.03,1668.0,967723.1709
2026-09-01 13:26:00,581.0,581.5,581.5,580.11,4367.0,2537981.5181
2026-09-01 13:27:00,581.5,581.01,581.51,581.01,3345.0,1944558.7314
2026-09-01 13:28:00,581.0,580.88,581.0,580.04,3700.0,2147541.458
2026-09-01 13:29:00,580.05,580.11,580.88,580.05,2479.0,1439006.0273
2026-09-01 13:30:00,580.12,580.03,580.12,580.03,6813.0,3951996.6411
2026-09-01 13:31:00,580.03,580.1,580.11,580.02,4937.0,2863807.8528
2026-09-01 13:32:00,580.09,580.88,580.88,580.07,4731.0,2745625.5723
2026-09-01 13:33:00,580.88,580.08,581.0,580.08,6125.0,3555255.9141
2026-09-01 13:34:00,580.07,581.15,581.19,580.07,4859.0,2820935.7393
2026-09-01 13:35:00,581.19,581.3,581.3,581.11,3883.0,2256753.2642
2026-09-01 13:36:00,581.3,581.18,581.3,581.18,2346.0,1363597.7979
2026-09-01 13:37:00,581.3,581.19,581.3,581.18,882.0,512652.5742
2026-09-01 13:38:00,581.19,581.1,581.25,581.0,3704.0,2152474.9312
2026-09-01 13:39:00,581.1,581.28,581.28,580.21,2311.0,1342220.4014
2026-09-01 13:40:00,581.26,581.3,581.3,580.3,2918.0,1695869.791
2026-09-01 13:41:00,581.28,581.24,581.28,580.5,1801.0,1046499.2656
2026-09-01 13:42:00,581.24,581.24,581.28,581.24,3120.0,1813494.6768
2026-09-01 13:43:00,581.24,581.29,581.32,581.24,3929.0,2283870.8721
2026-09-01 13:44:00,581.29,581.52,581.52,581.29,2068.0,1202347.7914
2026-09-01 13:45:00,581.52,582.95,582.95,581.5,26306.0,15310354.9205
2026-09-01 13:46:00,582.88,581.53,582.99,581.52,6561.0,3819298.9645
2026-09-01 13:47:00,581.53,581.31,581.53,581.31,5233.0,3042995.4492
2026-09-01 13:48:00,581.05,581.04,581.31,581.04,7134.0,4145956.165
2026-09-01 13:49:00,581.04,581.04,581.05,580.71,2263.0,1314730.1094
2026-09-01 13:50:00,580.72,580.45,580.72,580.44,4372.0,2538038.6055
2026-09-01 13:51:00,580.4,580.44,580.45,580.4,6475.0,3758292.2876
2026-09-01 13:52:00,580.4,580.3,580.4,580.3,5903.0,3425802.6318
2026-09-01 13:53:00,580.31,580.39,580.39,580.3,18044.0,10472124.8116
2026-09-01 13:54:00,580.4,580.33,580.4,580.33,3132.0,1817796.8263
2026-09-01 13:55:00,580.33,580.36,580.4,580.33,4628.0,2686054.0469
2026-09-01 13:56:00,580.36,580.36,580.4,580.36,1356.0,787006.4214
2026-09-01 13:57:00,580.36,580.4,580.4,580.36,3856.0,2237970.8906
2026-09-01 13:58:00,580.4,580.5,580.5,580.4,1549.0,899085.8438
2026-09-01 13:59:00,580.99,581.0,581.0,580.98,1650.0,958635.998
2026-09-01 14:00:00,581.0,581.97,581.97,581.0,3378.0,1964072.5879
2026-09-01 14:01:00,581.5,582.36,582.36,581.5,4910.0,2857666.4609
2026-09-01 14:02:00,582.36,582.34,582.69,581.95,5229.0,3044596.7515
2026-09-01 14:03:00,581.49,581.1,581.96,581.0,4543.0,2640018.0938
2026-09-01 14:04:00,581.1,581.9,581.9,581.1,3262.0,1896294.2659
2026-09-01 14:05:00,581.14,581.15,583.0,581.14,20381.0,11868624.6409
2026-09-01 14:06:00,581.39,582.8,582.88,581.14,3050.0,1775618.8242
2026-09-01 14:07:00,582.76,582.73,582.8,582.0,6949.0,4049148.7554
2026-09-01 14:08:00,582.02,582.99,582.99,582.02,13125.0,7648598.7012
2026-09-01 14:09:00,582.98,582.88,582.98,582.88,11719.0,6831657.6563
2026-09-01 14:10:00,582.13,582.02,582.13,582.02,2410.0,1402784.4536
2026-09-01 14:11:00,582.01,581.2,582.02,581.2,6713.0,3906110.2153
2026-09-01 14:12:00,581.2,581.5,581.5,581.15,3408.0,1980798.2856
2026-09-01 14:13:00,581.17,581.17,581.49,581.17,2292.0,1332403.915
2026-09-01 14:14:00,581.18,581.11,581.38,581.0,6996.0,4065558.8516
2026-09-01 14:15:00,581.1,580.62,581.1,580.62,5078.0,2950149.9893
2026-09-01 14:16:00,580.6,580.3,580.6,580.3,8233.0,4778927.2267
2026-09-01 14:17:00,580.3,580.01,580.33,580.01,7527.0,4366844.1602
2026-09-01 14:18:00,580.01,580.0,580.09,580.0,17687.0,10258562.1516
2026-09-01 14:19:00,579.99,579.8,580.0,579.68,6844.0,3969084.8496
2026-09-01 14:20:00,579.61,579.0,579.8,579.0,8815.0,5105457.2966
2026-09-01 14:21:00,579.0,578.51,579.0,578.51,7611.0,4404343.3367
2026-09-01 14:22:00,578.52,578.23,578.62,578.0,20363.0,11774239.9167
2026-09-01 14:23:00,578.23,577.92,578.23,577.9,8264.0,4776105.8945
2026-09-01 14:24:00,577.91,577.99,578.0,577.89,8042.0,4647839.2628
2026-09-01 14:25:00,577.97,578.28,578.28,577.92,5846.0,3379006.3584
2026-09-01 14:26:00,578.38,579.0,579.0,578.38,4417.0,2556187.0967
2026-09-01 14:27:00,579.0,579.0,579.8,578.98,10468.0,6061163.4067
2026-09-01 14:28:00,578.98,578.86,579.0,578.52,7241.0,4191808.9521
2026-09-01 14:29:00,578.88,578.88,578.91,578.52,4166.0,2411246.2656
2026-09-01 14:30:00,578.86,578.79,579.41,578.79,12694.0,7348198.5576
2026-09-01 14:31:00,578.79,578.78,578.79,578.54,4821.0,2789845.6816
2026-09-01 14:32:00,578.77,578.5,578.77,578.5,4267.0,2468857.9785
2026-09-01 14:33:00,578.5,578.0,578.5,578.0,3414.0,1974307.9922
2026-09-01 14:34:00,578.0,577.47,578.01,577.47,10440.0,6032494.1025
2026-09-01 14:35:00,577.46,576.0,577.46,576.0,16240.0,9364506.1387
2026-09-01 14:36:00,576.0,574.0,576.0,574.0,20053.0,11527993.7217
2026-09-01 14:37:00,574.0,575.98,575.98,573.51,19338.0,11109708.3516
2026-09-01 14:38:00,576.0,575.33,576.2,575.27,10156.0,5848747.4707
2026-09-01 14:39:00,575.35,575.8,575.94,575.33,7169.0,4126760.4692
2026-09-01 14:40:00,575.8,575.5,575.8,575.5,10061.0,5791276.0813
2026-09-01 14:41:00,575.5,575.3,575.5,575.26,9956.0,5728119.5796
2026-09-01 14:42:00,575.26,575.25,575.26,575.2,13040.0,7500806.9985
2026-09-01 14:43:00,575.25,574.11,575.26,574.11,22198.0,12764626.3223
2026-09-01 14:44:00,574.11,573.6,574.11,573.6,17671.0,10143318.473
2026-09-01 14:45:00,573.88,573.88,574.0,573.58,14464.0,8298210.4375
2026-09-01 14:46:00,573.99,575.13,575.19,573.88,8073.0,4635966.3301
2026-09-01 14:47:00,575.0,574.49,575.0,574.39,7458.0,4286067.3672
2026-09-01 14:48:00,574.5,573.99,574.5,573.99,18278.0,10495720.7579
2026-09-01 14:49:00,573.99,573.7,573.99,573.58,18073.0,10368279.0703
2026-09-01 14:50:00,573.7,573.66,573.98,573.58,15523.0,8905857.7122
2026-09-01 14:51:00,573.66,573.4,573.79,573.01,33201.0,19043585.7319
2026-09-01 14:52:00,573.4,572.6,573.4,572.32,26334.0,15086209.9536
2026-09-01 14:53:00,572.5,571.8,572.63,571.63,27652.0,15819553.2295
2026-09-01 14:54:00,571.5,571.3,571.63,571.2,27928.0,15956740.9876
2026-09-01 14:55:00,571.3,571.4,571.69,571.2,40464.0,23119766.3704
2026-09-01 14:56:00,571.4,571.15,571.65,571.15,40581.0,23184268.4425
2026-09-01 14:57:00,571.2,571.2,571.3,571.11,37855.0,21623106.2057
2026-09-01 15:00:00,571.1,571.1,571.1,571.1,57356.0,32756010.0708
2026-09-02 09:31:00,557.0,556.6,559.9,555.55,268518.0,149548907.2681
2026-09-02 09:32:00,556.61,562.0,562.84,556.5,53242.0,29823830.1172
2026-09-02 09:33:00,562.0,555.58,562.0,555.58,91574.0,51040083.363
2026-09-02 09:34:00,555.05,548.0,555.09,548.0,224058.0,123457916.8412
2026-09-02 09:35:00,548.0,551.09,551.44,547.33,126520.0,69449091.4384
2026-09-02 09:36:00,551.2,551.09,551.44,550.5,57171.0,31502958.2295
2026-09-02 09:37:00,551.09,550.62,551.43,550.5,50687.0,27926714.3145
2026-09-02 09:38:00,550.53,550.25,551.0,550.02,53417.0,29391178.8593
2026-09-02 09:39:00,550.99,550.98,551.0,550.2,39353.0,21661760.4043
2026-09-02 09:40:00,550.98,551.04,551.44,550.4,48203.0,26558475.8508
2026-09-02 09:41:00,551.04,551.04,551.53,550.99,34891.0,19230050.4697
2026-09-02 09:42:00,551.04,548.5,551.44,548.09,111050.0,61071296.7779
2026-09-02 09:43:00,548.5,547.99,548.61,547.78,124030.0,67978469.4977
2026-09-02 09:44:00,547.86,549.0,549.0,547.77,63053.0,34555755.2981
2026-09-02 09:45:00,549.0,549.97,549.97,548.57,35346.0,19401564.7668
2026-09-02 09:46:00,549.97,551.36,551.37,549.0,18411.0,10129580.1721
2026-09-02 09:47:00,551.37,549.0,552.0,549.0,37106.0,20415863.1378
2026-09-02 09:48:00,549.04,548.93,549.04,548.88,18696.0,10263386.0552
2026-09-02 09:49:00,549.0,551.88,551.95,549.0,25593.0,14081574.5083
2026-09-02 09:50:00,551.95,553.75,554.53,551.95,33357.0,18473526.4492
2026-09-02 09:51:00,553.75,551.89,553.75,551.07,11348.0,6269175.1284
2026-09-02 09:52:00,551.89,551.87,551.9,551.8,10042.0,5541982.1499
2026-09-02 09:53:00,551.85,551.01,551.89,551.0,14496.0,7995987.9355
2026-09-02 09:54:00,551.07,550.0,551.07,550.0,16147.0,8888706.658
2026-09-02 09:55:00,550.01,552.87,552.87,550.0,23175.0,12766867.6036
2026-09-02 09:56:00,552.2,552.17,552.9,552.11,9822.0,5426246.8643
2026-09-02 09:57:00,552.17,552.0,552.22,551.98,9093.0,5020592.3721
2026-09-02 09:58:00,552.0,551.87,552.22,551.87,22973.0,12683790.2002
2026-09-02 09:59:00,551.8,551.0,551.87,551.0,19249.0,10617785.519
2026-09-02 10:00:00,550.98,549.3,550.98,549.3,18253.0,10040450.5603
2026-09-02 10:01:00,549.3,547.87,549.3,547.87,60840.0,33372696.1802
2026-09-02 10:02:00,547.88,547.0,549.02,547.0,100579.0,55083116.475
2026-09-02 10:03:00,548.2,548.0,548.99,546.51,68009.0,37209268.6343
2026-09-02 10:04:00,547.2,548.0,548.76,547.0,19055.0,10433490.2529
2026-09-02 10:05:00,547.51,547.95,548.0,547.51,10396.0,5696206.3994
2026-09-02 10:06:00,547.99,548.79,548.8,547.85,23171.0,12698370.7278
2026-09-02 10:07:00,548.8,548.01,549.04,548.0,9729.0,5338896.3777
2026-09-02 10:08:00,548.0,547.7,548.0,547.7,13985.0,7661646.0507
2026-09-02 10:09:00,547.7,546.77,547.8,546.77,42212.0,23097282.0068
2026-09-02 10:10:00,546.8,546.82,546.9,546.66,36904.0,20177792.2716
2026-09-02 10:11:00,546.82,547.01,547.7,546.82,21343.0,11675504.2063
2026-09-02 10:12:00,547.07,548.0,548.0,547.0,18650.0,10203350.0215
2026-09-02 10:13:00,548.0,549.59,549.59,547.7,8139.0,4463586.424
2026-09-02 10:14:00,549.59,549.8,549.8,548.96,11739.0,6452276.166
2026-09-02 10:15:00,549.77,548.01,549.77,548.0,10800.0,5925849.1282
2026-09-02 10:16:00,548.01,549.5,549.72,548.0,8838.0,4850527.6465
2026-09-02 10:17:00,549.8,550.0,550.0,549.8,11766.0,6470031.0007
2026-09-02 10:18:00,550.0,550.04,550.04,549.9,11096.0,6102724.8165
2026-09-02 10:19:00,550.05,549.0,550.05,549.0,12056.0,6628372.9941
2026-09-02 10:20:00,549.0,548.0,549.0,548.0,11364.0,6229473.082
2026-09-02 10:21:00,549.0,549.0,549.5,548.0,4259.0,2337158.4375
2026-09-02 10:22:00,549.0,548.99,549.68,548.08,4535.0,2488286.1133
2026-09-02 10:23:00,548.9,548.05,548.9,548.0,10903.0,5975892.7856
2026-09-02 10:24:00,548.1,548.6,548.78,548.0,6407.0,3511850.4226
2026-09-02 10:25:00,548.1,548.5,548.6,548.06,9462.0,5186687.207
2026-09-02 10:26:00,548.11,548.13,548.5,548.1,7535.0,4130539.6891
2026-09-02 10:27:00,548.13,548.1,548.13,548.07,12805.0,7018485.4619
2026-09-02 10:28:00,548.1,548.11,548.11,548.02,9854.0,5400593.9883
2026-09-02 10:29:00,548.1,547.96,548.1,547.96,17697.0,9698415.7691
2026-09-02 10:30:00,547.96,547.8,547.96,547.8,8834.0,4839992.7021
2026-09-02 10:31:00,547.81,547.65,547.85,547.51,9905.0,5425451.8205
2026-09-02 10:32:00,547.5,547.0,547.5,547.0,24372.0,13333037.8678
2026-09-02 10:33:00,546.99,546.6,546.99,546.58,28047.0,15334661.0469
2026-09-02 10:34:00,546.6,546.19,546.6,546.0,47527.0,25960424.9938
2026-09-02 10:35:00,546.5,546.36,546.51,546.2,19105.0,10437338.7818
2026-09-02 10:36:00,546.36,546.57,546.61,546.28,14350.0,7840349.9333
2026-09-02 10:37:00,546.33,546.99,547.0,546.33,9542.0,5217527.7451
2026-09-02 10:38:00,546.99,546.69,547.0,546.69,10258.0,5609927.2457
2026-09-02 10:39:00,546.8,546.8,546.9,546.68,8968.0,4903581.4863
2026-09-02 10:40:00,546.69,546.82,546.9,546.68,12625.0,6903452.8855
2026-09-02 10:41:00,546.9,546.85,546.9,546.72,9115.0,4983983.7214
2026-09-02 10:42:00,546.72,546.7,546.79,546.7,12668.0,6926026.457
2026-09-02 10:43:00,546.7,546.79,546.8,546.69,11177.0,6111253.6864
2026-09-02 10:44:00,546.8,547.37,547.37,546.8,10673.0,5837564.5479
2026-09-02 10:45:00,547.5,547.96,547.96,547.37,11626.0,6366682.4131
2026-09-02 10:46:00,547.99,548.12,548.12,547.38,22163.0,12144281.9211
2026-09-02 10:47:00,548.13,547.8,548.13,547.76,5264.0,2884211.7151
2026-09-02 10:48:00,547.8,547.4,547.8,547.4,6985.0,3824052.4922
2026-09-02 10:49:00,547.38,546.82,547.4,546.79,11358.0,6213340.9365
2026-09-02 10:50:00,546.96,546.76,546.96,546.72,11707.0,6401210.2202
2026-09-02 10:51:00,546.77,546.68,546.77,546.68,17674.0,9662563.2314
2026-09-02 10:52:00,546.77,546.6,546.79,546.6,18759.0,10254554.293
2026-09-02 10:53:00,546.61,546.46,546.66,546.46,12408.0,6781787.7155
2026-09-02 10:54:00,546.48,546.45,546.52,546.3,15222.0,8316772.0985
2026-09-02 10:55:00,546.45,546.27,546.45,546.26,10641.0,5813177.4854
2026-09-02 10:56:00,546.27,546.12,546.27,546.12,15340.0,8378920.7527
2026-09-02 10:57:00,546.22,546.2,546.22,546.03,12289.0,6710622.0908
2026-09-02 10:58:00,546.2,546.25,546.25,546.05,4852.0,2650003.6498
2026-09-02 10:59:00,546.25,546.66,546.66,546.17,9176.0,5012593.2874
2026-09-02 11:00:00,546.2,546.21,546.67,546.2,5794.0,3166317.0024
2026-09-02 11:01:00,546.21,546.34,546.5,546.21,4228.0,2310043.873
2026-09-02 11:02:00,546.34,546.15,546.34,546.15,8861.0,4839895.875
2026-09-02 11:03:00,546.17,546.1,546.19,546.05,8198.0,4476967.3086
2026-09-02 11:04:00,546.12,546.1,546.18,546.1,5877.0,3209553.2549
2026-09-02 11:05:00,546.1,546.07,546.12,546.06,8731.0,4767956.2605
2026-09-02 11:06:00,546.08,546.07,546.63,546.06,13410.0,7323611.022
2026-09-02 11:07:00,546.09,546.58,546.59,546.06,6331.0,3458035.3955
2026-09-02 11:08:00,546.58,546.5,546.58,546.11,10574.0,5777670.8564
2026-09-02 11:09:00,546.59,548.6,548.99,546.5,10790.0,5906339.5537
2026-09-02 11:10:00,548.6,550.0,550.0,548.57,9304.0,5109776.8127
2026-09-02 11:11:00,549.66,549.94,550.09,549.31,12884.0,7085546.9006
2026-09-02 11:12:00,549.94,549.33,550.0,549.33,4477.0,2460838.3291
2026-09-02 11:13:00,549.34,549.5,549.95,549.32,3180.0,1747514.2236
2026-09-02 11:14:00,549.5,549.38,549.5,549.35,2647.0,1454279.4219
2026-09-02 11:15:00,549.38,549.34,549.5,549.33,6159.0,3383494.7212
2026-09-02 11:16:00,549.34,549.32,549.49,549.32,3528.0,1938235.287
2026-09-02 11:17:00,549.32,549.1,549.32,549.0,3342.0,1835068.5336
2026-09-02 11:18:00,549.0,549.2,549.33,549.0,7350.0,4036322.4395
2026-09-02 11:19:00,549.2,549.47,549.47,549.2,2203.0,1210122.8535
2026-09-02 11:20:00,549.47,549.89,549.89,549.29,4015.0,2206471.1005
2026-09-02 11:21:00,549.89,549.99,549.99,549.89,6579.0,3618008.2046
2026-09-02 11:22:00,549.92,549.92,549.92,549.88,4835.0,2658848.2441
2026-09-02 11:23:00,549.91,550.13,550.13,549.87,7383.0,4060234.9941
2026-09-02 11:24:00,550.15,550.98,550.98,550.13,5179.0,2851990.9468
2026-09-02 11:25:00,550.98,550.81,550.99,550.81,12212.0,6728425.481
2026-09-02 11:26:00,550.81,550.5,550.98,550.5,4352.0,2396972.855
2026-09-02 11:27:00,550.33,550.01,550.43,550.0,6313.0,3473109.375
2026-09-02 11:28:00,550.4,550.03,550.42,550.03,3740.0,2057922.7002
2026-09-02 11:29:00,550.05,550.3,550.3,550.05,3324.0,1828616.7217
2026-09-02 11:30:00,550.3,550.37,550.39,550.3,2905.0,1598785.5012
2026-09-02 13:01:00,550.3,550.42,550.43,550.01,12791.0,7038259.6718
2026-09-02 13:02:00,550.18,549.79,550.41,549.79,15060.0,8282999.8306
2026-09-02 13:03:00,549.51,548.9,549.51,548.9,4295.0,2358764.5576
2026-09-02 13:04:00,548.88,548.3,548.88,548.18,3288.0,1803764.7959
2026-09-02 13:05:00,548.6,548.49,548.65,548.49,1400.0,767912.75
2026-09-02 13:06:00,548.5,548.64,548.67,548.49,3600.0,1974663.5635
2026-09-02 13:07:00,548.67,548.0,548.9,548.0,5649.0,3097037.2007
2026-09-02 13:08:00,548.01,548.01,548.35,548.0,3297.0,1807027.0371
2026-09-02 13:09:00,548.01,548.35,548.35,547.94,3648.0,1999182.7295
2026-09-02 13:10:00,548.0,548.35,548.35,548.0,4681.0,2565782.1895
2026-09-02 13:11:00,548.01,548.01,548.08,548.01,1271.0,696554.731
2026-09-02 13:12:00,548.08,548.35,548.35,548.08,1416.0,776256.2813
2026-09-02 13:13:00,548.35,548.53,548.6,548.34,2837.0,1556085.6025
2026-09-02 13:14:00,548.53,549.0,549.0,548.53,5764.0,3163195.5273
2026-09-02 13:15:00,549.0,550.0,550.0,549.0,3917.0,2153398.0215
2026-09-02 13:16:00,550.0,550.0,550.44,550.0,3233.0,1778589.1699
2026-09-02 13:17:00,550.0,550.0,550.43,550.0,3107.0,1708986.1914
2026-09-02 13:18:00,550.0,549.91,550.0,549.87,3285.0,1806573.375
2026-09-02 13:19:00,549.9,549.9,549.9,549.87,2908.0,1599080.1982
2026-09-02 13:20:00,549.79,549.79,549.79,549.6,3549.0,1951070.5039
2026-09-02 13:21:00,549.77,549.6,549.78,549.6,427.0,234734.5547
2026-09-02 13:22:00,549.61,549.7,549.7,549.61,1295.0,711772.9297
2026-09-02 13:23:00,549.66,549.99,549.99,549.66,4065.0,2234890.165
2026-09-02 13:24:00,549.87,549.66,549.87,549.62,1742.0,957587.7676
2026-09-02 13:25:00,549.66,549.51,549.7,549.51,4341.0,2385833.7559
2026-09-02 13:26:00,549.5,549.0,549.51,549.0,5999.0,3294338.7988
2026-09-02 13:27:00,549.0,549.0,549.26,549.0,4318.0,2370722.5742
2026-09-02 13:28:00,548.98,549.0,549.0,548.87,2670.0,1465771.7852
2026-09-02 13:29:00,549.01,548.86,549.02,548.86,8347.0,4581861.1846
2026-09-02 13:30:00,548.96,549.5,549.5,548.91,3632.0,1994069.335
2026-09-02 13:31:00,549.6,550.0,550.0,549.6,4554.0,2504451.6052
2026-09-02 13:32:00,550.04,550.04,550.5,549.9,6206.0,3414198.6797
2026-09-02 13:33:00,550.04,550.0,550.5,550.0,5328.0,2931051.2598
2026-09-02 13:34:00,550.0,549.8,550.0,549.8,6360.0,3497184.7694
2026-09-02 13:35:00,549.9,549.8,549.9,549.8,3789.0,2083244.2517
2026-09-02 13:36:00,549.7,549.8,549.8,549.66,3810.0,2094370.4453
2026-09-02 13:37:00,549.8,549.65,549.8,549.65,4113.0,2260865.9004
2026-09-02 13:38:00,549.51,549.02,549.66,549.02,2277.0,1251100.2119
2026-09-02 13:39:00,549.01,548.8,549.01,548.8,5140.0,2821384.9336
2026-09-02 13:40:00,548.7,548.3,548.8,548.3,4361.0,2392096.0986
2026-09-02 13:41:00,548.3,548.28,548.3,548.11,6629.0,3634490.4111
2026-09-02 13:42:00,548.28,548.12,548.28,548.1,7582.0,4156180.5625
2026-09-02 13:43:00,548.11,548.28,548.28,548.11,8644.0,4738997.5068
2026-09-02 13:44:00,548.15,549.01,549.01,548.15,3495.0,1917574.5844
2026-09-02 13:45:00,549.0,549.0,549.66,548.98,8465.0,4647711.5405
2026-09-02 13:46:00,548.98,548.37,549.0,548.2,4419.0,2424552.5117
2026-09-02 13:47:00,548.87,548.5,548.88,548.37,1884.0,1033672.2207
2026-09-02 13:48:00,548.39,548.01,548.39,548.01,10938.0,5995998.3188
2026-09-02 13:49:00,548.01,547.68,548.01,547.66,17800.0,9752734.7227
2026-09-02 13:50:00,547.68,547.7,548.0,547.66,9939.0,5443787.0613
2026-09-02 13:51:00,548.32,548.0,548.32,547.77,4215.0,2309766.3828
2026-09-02 13:52:00,548.0,548.18,548.18,548.0,4243.0,2325300.0059
2026-09-02 13:53:00,548.18,547.9,548.18,547.9,11333.0,6209973.3384
2026-09-02 13:54:00,548.0,547.9,548.0,547.88,9573.0,5245272.2773
2026-09-02 13:55:00,547.86,547.83,547.9,547.83,4667.0,2556920.2412
2026-09-02 13:56:00,547.83,547.79,548.0,547.77,10935.0,5990456.7842
2026-09-02 13:57:00,547.8,547.76,547.91,547.76,6111.0,3347526.4741
2026-09-02 13:58:00,547.76,547.77,547.93,547.76,7604.0,4165749.834
2026-09-02 13:59:00,547.88,547.9,548.23,547.88,2054.0,1125719.7344
2026-09-02 14:00:00,547.9,547.9,548.2,547.89,5052.0,2768306.7266
2026-09-02 14:01:00,548.0,548.32,548.32,547.96,5586.0,3062184.3325
2026-09-02 14:02:00,548.5,548.5,548.88,548.33,10985.0,6028400.6304
2026-09-02 14:03:00,548.5,548.25,548.5,548.0,17939.0,9835571.7459
2026-09-02 14:04:00,548.25,547.9,548.25,547.87,10356.0,5675433.813
2026-09-02 14:05:00,547.9,547.77,547.9,547.76,17745.0,9721471.5439
2026-09-02 14:06:00,547.77,548.87,548.87,547.77,5488.0,3007494.0078
2026-09-02 14:07:00,548.87,548.31,548.88,548.1,8935.0,4903679.9526
2026-09-02 14:08:00,548.3,548.8,548.87,548.3,6087.0,3339704.2573
2026-09-02 14:09:00,548.8,548.88,548.88,548.8,5201.0,2854680.9434
2026-09-02 14:10:00,548.87,548.88,548.89,548.87,4024.0,2208681.7227
2026-09-02 14:11:00,548.89,549.0,549.0,548.87,7913.0,4343498.2607
2026-09-02 14:12:00,549.0,548.6,549.0,548.6,5562.0,3052924.3703
2026-09-02 14:13:00,548.61,548.6,548.75,548.6,4192.0,2299943.8246
2026-09-02 14:14:00,548.8,548.63,548.8,548.6,1500.0,822967.1716
2026-09-02 14:15:00,548.63,548.81,548.81,548.63,2816.0,1545351.3965
2026-09-02 14:16:00,548.87,548.99,549.39,548.8,5756.0,3159912.6445
2026-09-02 14:17:00,548.99,548.8,549.0,548.61,5977.0,3280465.5618
2026-09-02 14:18:00,548.61,548.61,548.61,548.32,4923.0,2700285.33
2026-09-02 14:19:00,548.61,548.34,548.77,548.32,4661.0,2556799.457
2026-09-02 14:20:00,548.34,548.97,548.98,548.34,8742.0,4796966.8037
2026-09-02 14:21:00,548.97,548.99,548.99,548.82,5288.0,2902913.8571
2026-09-02 14:22:00,548.98,548.78,548.98,548.78,6798.0,3731051.2363
2026-09-02 14:23:00,548.78,548.73,548.95,548.72,7748.0,4252202.5938
2026-09-02 14:24:00,548.72,548.72,548.73,548.72,3662.0,2009424.9771
2026-09-02 14:25:00,548.72,548.4,548.72,548.4,2560.0,1404187.0107
2026-09-02 14:26:00,548.4,548.4,548.42,548.37,9221.0,5056796.2278
2026-09-02 14:27:00,548.4,548.2,548.42,548.2,13384.0,7339335.864
2026-09-02 14:28:00,548.2,548.0,548.2,548.0,13550.0,7426439.0244
2026-09-02 14:29:00,548.0,547.86,548.1,547.69,10053.0,5506925.9941
2026-09-02 14:30:00,547.86,547.69,547.88,547.68,7737.0,4238004.7188
2026-09-02 14:31:00,547.68,547.7,547.86,547.68,12020.0,6583774.501
2026-09-02 14:32:00,547.7,547.7,547.73,547.69,6139.0,3362373.2009
2026-09-02 14:33:00,547.7,547.73,547.75,547.68,11134.0,6098227.2539
2026-09-02 14:34:00,547.73,547.67,547.73,547.67,7638.0,4183320.3551
2026-09-02 14:35:00,547.66,547.41,547.66,547.41,8764.0,4798873.3315
2026-09-02 14:36:00,547.33,546.89,547.41,546.8,22818.0,12482581.3275
2026-09-02 14:37:00,546.7,546.33,546.7,546.28,20389.0,11141201.3613
2026-09-02 14:38:00,546.33,546.67,546.67,546.32,8079.0,4415167.0206
2026-09-02 14:39:00,546.5,546.99,546.99,546.35,9632.0,5265785.8438
2026-09-02 14:40:00,547.0,547.01,547.12,546.99,10682.0,5843158.9102
2026-09-02 14:41:00,547.01,546.68,547.01,546.67,17904.0,9789651.6279
2026-09-02 14:42:00,546.68,546.5,546.68,546.5,13272.0,7254799.8008
2026-09-02 14:43:00,546.51,546.4,546.51,546.38,18190.0,9939619.8674
2026-09-02 14:44:00,546.4,546.51,546.57,546.39,13223.0,7225457.7793
2026-09-02 14:45:00,546.51,546.4,546.58,546.39,15690.0,8574072.9324
2026-09-02 14:46:00,546.48,546.5,546.58,546.39,13090.0,7153058.5693
2026-09-02 14:47:00,546.59,546.51,546.6,546.5,11411.0,6236427.793
2026-09-02 14:48:00,546.51,546.4,546.53,546.4,17634.0,9636273.403
2026-09-02 14:49:00,546.41,546.21,546.41,546.2,25008.0,13662236.2954
2026-09-02 14:50:00,546.21,546.03,546.22,546.01,33768.0,18440072.2334
2026-09-02 14:51:00,546.03,545.6,546.11,545.6,75217.0,41065821.5443
2026-09-02 14:52:00,545.68,545.05,545.7,545.03,26177.0,14275965.5034
2026-09-02 14:53:00,545.05,546.0,546.0,545.0,62468.0,34065767.808
2026-09-02 14:54:00,546.12,546.1,546.3,545.99,29259.0,15979994.4497
2026-09-02 14:55:00,546.1,545.97,546.1,545.9,21235.0,11593902.9266
2026-09-02 14:56:00,545.91,545.88,545.98,545.88,36982.0,20189516.4808
2026-09-02 14:57:00,545.88,545.6,545.92,545.6,40601.0,22161596.6057
2026-09-02 15:00:00,546.02,546.02,546.02,546.02,56273.0,30726184.0371
2026-09-03 09:31:00,550.0,551.0,552.0,548.99,140193.0,77173730.4424
2026-09-03 09:32:00,550.64,549.19,551.0,549.19,52774.0,29035375.8223
2026-09-03 09:33:00,549.19,550.02,550.02,548.18,32512.0,17855355.5752
2026-09-03 09:34:00,550.0,551.03,551.42,550.0,37902.0,20872005.3325
2026-09-03 09:35:00,551.03,550.68,551.42,550.68,37793.0,20822680.84
2026-09-03 09:36:00,550.6,551.04,551.44,550.5,34984.0,19279985.8407
2026-09-03 09:37:00,551.04,550.17,551.25,550.1,25764.0,14189610.1719
2026-09-03 09:38:00,550.11,546.0,550.23,546.0,54720.0,29996298.121
2026-09-03 09:39:00,545.73,546.88,547.02,545.02,42743.0,23316455.4475
2026-09-03 09:40:00,546.73,548.9,548.9,546.73,14946.0,8182411.7241
2026-09-03 09:41:00,549.0,547.9,549.0,547.4,14475.0,7934195.0525
2026-09-03 09:42:00,547.9,548.9,548.97,547.75,15190.0,8328207.9063
2026-09-03 09:43:00,548.3,547.8,548.99,547.75,10599.0,5810539.1873
2026-09-03 09:44:00,547.75,547.5,547.75,547.5,10645.0,5829787.2393
2026-09-03 09:45:00,547.4,546.79,547.4,546.0,12722.0,6957398.6606
2026-09-03 09:46:00,546.66,546.87,546.87,546.0,23040.0,12584770.3037
2026-09-03 09:47:00,546.8,547.02,547.35,546.71,13554.0,7412390.2979
2026-09-03 09:48:00,547.35,547.8,547.8,547.3,13418.0,7345157.4561
2026-09-03 09:49:00,547.8,550.99,551.0,547.5,30669.0,16858165.1879
2026-09-03 09:50:00,550.99,559.0,560.0,550.3,173130.0,96278621.9805
2026-09-03 09:51:00,559.0,562.48,565.5,557.0,241655.0,135637780.7781
2026-09-03 09:52:00,562.26,563.0,565.5,562.26,144906.0,81724707.4133
2026-09-03 09:53:00,562.11,564.8,565.0,562.0,110527.0,62283452.24
2026-09-03 09:54:00,564.8,563.92,565.47,563.3,98188.0,55441010.7543
2026-09-03 09:55:00,563.92,561.11,563.99,561.11,42938.0,24169873.9156
2026-09-03 09:56:00,561.99,560.63,562.0,560.2,42267.0,23702435.2471
2026-09-03 09:57:00,561.0,562.0,562.98,560.98,34481.0,19374835.8054
2026-09-03 09:58:00,561.2,561.16,562.0,561.1,29693.0,16674611.6189
2026-09-03 09:59:00,561.3,560.0,561.3,560.0,32985.0,18490310.5498
2026-09-03 10:00:00,559.9,558.0,560.0,557.0,30183.0,16841592.1028
2026-09-03 10:01:00,557.81,558.5,558.77,557.5,26744.0,14919693.1135
2026-09-03 10:02:00,558.5,557.04,558.6,557.02,31329.0,17475875.1311
2026-09-03 10:03:00,557.1,558.13,558.13,557.01,13755.0,7669900.5366
2026-09-03 10:04:00,558.13,558.0,558.2,557.11,15444.0,8611731.37
2026-09-03 10:05:00,557.2,558.43,558.46,557.12,7543.0,4210590.9929
2026-09-03 10:06:00,558.43,558.0,558.45,558.0,13187.0,7361291.3804
2026-09-03 10:07:00,558.0,557.29,558.0,557.21,7326.0,4083023.4744
2026-09-03 10:08:00,557.24,557.26,558.0,557.21,10059.0,5606409.5181
2026-09-03 10:09:00,557.28,557.3,557.99,557.25,8663.0,4828848.7729
2026-09-03 10:10:00,557.99,557.9,557.99,557.33,6608.0,3686598.8525
2026-09-03 10:11:00,557.43,557.5,557.89,557.41,9094.0,5070158.5393
2026-09-03 10:12:00,557.5,557.2,557.5,557.2,16070.0,8956241.1699
2026-09-03 10:13:00,557.16,556.1,557.16,556.1,16966.0,9448459.0745
2026-09-03 10:14:00,556.1,554.0,556.1,553.98,22795.0,12652664.4395
2026-09-03 10:15:00,553.72,553.99,554.37,553.09,15984.0,8851753.7229
2026-09-03 10:16:00,553.99,554.59,554.8,553.6,7737.0,4287063.2085
2026-09-03 10:17:00,554.6,554.7,554.99,554.6,8355.0,4635980.907
2026-09-03 10:18:00,554.59,555.1,555.1,554.59,10904.0,6051150.2432
2026-09-03 10:19:00,555.1,555.4,555.4,555.02,8990.0,4991774.1005
2026-09-03 10:20:00,555.4,555.02,555.4,555.0,6864.0,3810592.0305
2026-09-03 10:21:00,555.28,555.6,555.9,555.1,6416.0,3563688.5166
2026-09-03 10:22:00,555.88,556.66,556.66,555.88,10868.0,6045310.2725
2026-09-03 10:23:00,556.67,557.44,557.49,556.66,7984.0,4447867.8301
2026-09-03 10:24:00,557.45,557.26,557.5,557.25,9207.0,5132303.8779
2026-09-03 10:25:00,557.42,556.5,557.45,556.5,10210.0,5687267.4498
2026-09-03 10:26:00,556.5,555.79,556.6,555.76,5616.0,3122719.207
2026-09-03 10:27:00,555.95,555.98,555.99,555.62,4157.0,2310523.8506
2026-09-03 10:28:00,555.63,555.9,555.98,555.62,3072.0,1707570.6582
2026-09-03 10:29:00,555.66,555.65,555.9,555.65,6878.0,3822082.7858
2026-09-03 10:30:00,555.66,555.67,555.71,555.65,10850.0,6029229.7207
2026-09-03 10:31:00,555.69,555.9,555.9,555.68,3810.0,2117500.9502
2026-09-03 10:32:00,555.9,556.3,556.5,555.9,7157.0,3979610.9033
2026-09-03 10:33:00,556.3,556.61,556.66,556.3,4470.0,2487607.6328
2026-09-03 10:34:00,556.77,556.99,557.0,556.77,9573.0,5331654.1853
2026-09-03 10:35:00,557.0,557.0,557.0,556.98,7547.0,4203644.7766
2026-09-03 10:36:00,557.0,557.05,557.19,557.0,4341.0,2418204.0066
2026-09-03 10:37:00,557.07,556.99,557.19,556.98,5488.0,3057012.3164
2026-09-03 10:38:00,556.79,556.66,556.83,556.66,1846.0,1027845.541
2026-09-03 10:39:00,556.78,556.6,556.78,556.3,9604.0,5345971.4277
2026-09-03 10:40:00,556.5,556.5,556.51,556.5,4715.0,2623910.9453
2026-09-03 10:41:00,556.33,556.31,556.5,556.3,4927.0,2741200.9746
2026-09-03 10:42:00,556.3,556.0,556.31,556.0,11001.0,6116862.0557
2026-09-03 10:43:00,556.0,555.76,556.02,555.72,7107.0,3951141.834
2026-09-03 10:44:00,555.76,555.62,555.76,555.62,4608.0,2560535.8091
2026-09-03 10:45:00,555.62,555.67,555.71,555.6,4440.0,2467101.1758
2026-09-03 10:46:00,555.67,555.64,555.67,555.64,4261.0,2367640.8506
2026-09-03 10:47:00,555.64,555.5,555.65,555.5,3626.0,2014476.2188
2026-09-03 10:48:00,555.5,555.0,555.5,555.0,8265.0,4588508.4297
2026-09-03 10:49:00,555.0,554.68,555.0,554.68,4176.0,2316918.0762
2026-09-03 10:50:00,554.68,554.39,554.85,554.36,3528.0,1956596.0122
2026-09-03 10:51:00,554.4,554.41,554.5,554.38,4885.0,2708243.5195
2026-09-03 10:52:00,554.67,554.66,554.68,554.46,2868.0,1590710.8076
2026-09-03 10:53:00,554.54,554.47,554.75,554.47,3564.0,1976487.4893
2026-09-03 10:54:00,554.47,553.83,554.47,553.83,7197.0,3988319.6826
2026-09-03 10:55:00,554.0,553.75,554.0,553.58,4748.0,2629058.061
2026-09-03 10:56:00,553.61,553.99,553.99,553.6,7026.0,3890614.3418
2026-09-03 10:57:00,553.99,554.0,554.0,553.68,4336.0,2401707.2817
2026-09-03 10:58:00,554.38,554.0,554.38,553.68,3705.0,2052098.6438
2026-09-03 10:59:00,553.7,554.35,554.35,553.7,11106.0,6152730.502
2026-09-03 11:00:00,554.38,554.8,554.93,554.38,4609.0,2555973.1396
2026-09-03 11:01:00,554.8,555.65,555.65,554.8,8273.0,4592478.1563
2026-09-03 11:02:00,555.05,555.2,555.66,555.05,2324.0,1290961.8047
2026-09-03 11:03:00,555.2,555.02,555.2,555.01,1851.0,1027489.7217
2026-09-03 11:04:00,555.02,555.0,555.02,554.8,3570.0,1981354.7695
2026-09-03 11:05:00,555.0,554.41,555.0,554.39,3149.0,1746810.5586
2026-09-03 11:06:00,554.41,554.35,554.41,554.35,2079.0,1152525.4766
2026-09-03 11:07:00,554.3,554.0,554.31,554.0,4287.0,2375977.0374
2026-09-03 11:08:00,554.01,553.98,554.01,553.96,6108.0,3383798.4492
2026-09-03 11:09:00,553.98,553.78,553.98,553.72,5015.0,2777304.6733
2026-09-03 11:10:00,553.78,554.0,554.0,553.78,4640.0,2570018.9255
2026-09-03 11:11:00,554.0,554.35,554.35,554.0,2588.0,1433967.2256
2026-09-03 11:12:00,554.8,555.06,555.19,554.8,4979.0,2763306.7368
2026-09-03 11:13:00,555.06,555.57,555.57,555.06,4839.0,2686728.8125
2026-09-03 11:14:00,555.2,554.4,555.58,554.4,3964.0,2200357.1484
2026-09-03 11:15:00,554.35,553.81,554.4,553.8,4293.0,2378226.8779
2026-09-03 11:16:00,553.82,554.0,554.4,553.78,4853.0,2688389.9607
2026-09-03 11:17:00,554.1,554.91,554.91,554.0,4283.0,2373891.0859
2026-09-03 11:18:00,554.9,554.8,554.9,554.02,1774.0,983984.2031
2026-09-03 11:19:00,554.8,555.0,555.01,554.8,2958.0,1641607.8359
2026-09-03 11:20:00,555.0,555.53,555.53,555.0,3578.0,1987219.2026
2026-09-03 11:21:00,555.54,554.0,555.54,554.0,12152.0,6739316.668
2026-09-03 11:22:00,554.0,553.7,554.0,553.7,10933.0,6054529.0339
2026-09-03 11:23:00,553.7,553.7,553.7,553.6,3679.0,2036996.7988
2026-09-03 11:24:00,553.69,553.69,553.7,553.6,16612.0,9197844.9961
2026-09-03 11:25:00,553.69,553.73,553.73,553.62,4299.0,2380411.9434
2026-09-03 11:26:00,553.73,555.49,555.5,553.7,4477.0,2482296.6465
2026-09-03 11:27:00,555.49,555.32,555.49,555.0,1363.0,756938.1657
2026-09-03 11:28:00,554.5,555.0,555.0,554.03,2652.0,1470661.3516
2026-09-03 11:29:00,554.17,555.17,555.36,554.03,3067.0,1700202.2134
2026-09-03 11:30:00,555.17,555.15,555.17,554.2,2285.0,1267855.1064
2026-09-03 13:01:00,555.0,555.21,555.49,555.0,7906.0,4389466.563
2026-09-03 13:02:00,555.16,554.55,555.21,554.54,8774.0,4869328.9004
2026-09-03 13:03:00,554.2,554.55,554.55,554.06,1640.0,909210.0977
2026-09-03 13:04:00,554.55,554.5,554.56,554.44,1922.0,1065741.959
2026-09-03 13:05:00,554.5,554.04,554.65,554.04,3351.0,1857004.0352
2026-09-03 13:06:00,554.09,554.0,554.09,554.0,2181.0,1208337.9399
2026-09-03 13:07:00,553.9,553.75,553.9,553.75,3559.0,1971032.998
2026-09-03 13:08:00,553.75,553.62,553.75,553.62,3188.0,1765125.3906
2026-09-03 13:09:00,553.62,553.33,553.67,553.33,4035.0,2233591.3789
2026-09-03 13:10:00,553.32,552.89,553.32,552.89,8423.0,4658390.5513
2026-09-03 13:11:00,552.79,552.3,552.79,552.3,4781.0,2641928.0615
2026-09-03 13:12:00,552.01,552.27,552.28,552.0,7395.0,4083676.4141
2026-09-03 13:13:00,552.19,552.28,552.57,552.18,6638.0,3666289.5867
2026-09-03 13:14:00,552.28,552.0,552.28,552.0,7328.0,4045786.4263
2026-09-03 13:15:00,552.0,551.1,552.0,551.1,7915.0,4365054.4346
2026-09-03 13:16:00,551.1,550.31,551.1,550.1,15437.0,8499935.3677
2026-09-03 13:17:00,550.15,550.65,550.65,550.1,7088.0,3901165.1472
2026-09-03 13:18:00,550.5,551.21,551.23,550.5,6009.0,3310012.5834
2026-09-03 13:19:00,551.5,551.0,551.99,551.0,6605.0,3641393.7146
2026-09-03 13:20:00,551.0,550.74,551.0,550.5,4564.0,2513558.9258
2026-09-03 13:21:00,550.5,550.52,550.74,550.4,4272.0,2351621.5328
2026-09-03 13:22:00,550.55,550.0,550.55,550.0,24927.0,13713233.4492
2026-09-03 13:23:00,550.0,549.01,550.02,549.01,15781.0,8676618.3265
2026-09-03 13:24:00,549.01,549.08,549.2,549.0,18807.0,10325533.4879
2026-09-03 13:25:00,549.0,548.94,549.01,548.5,7529.0,4132940.9497
2026-09-03 13:26:00,548.89,549.09,549.09,548.55,8418.0,4620790.9775
2026-09-03 13:27:00,549.09,549.85,549.85,549.08,6958.0,3825033.7354
2026-09-03 13:28:00,549.85,549.84,550.0,549.83,6996.0,3847378.4751
2026-09-03 13:29:00,549.84,549.99,549.99,549.84,3221.0,1771267.4336
2026-09-03 13:30:00,549.97,550.46,550.46,549.97,7990.0,4394671.3613
2026-09-03 13:31:00,550.46,551.23,551.23,550.06,7573.0,4170095.834
2026-09-03 13:32:00,551.23,551.8,552.1,551.23,10324.0,5698237.7305
2026-09-03 13:33:00,551.8,551.95,552.0,551.5,4886.0,2696790.4385
2026-09-03 13:34:00,551.95,551.8,551.95,551.53,2808.0,1549424.1895
2026-09-03 13:35:00,551.93,551.95,551.95,551.8,3355.0,1851693.9756
2026-09-03 13:36:00,551.92,551.8,551.92,551.68,3574.0,1972285.6311
2026-09-03 13:37:00,551.68,551.18,551.8,551.18,4436.0,2446776.7539
2026-09-03 13:38:00,551.0,550.11,551.3,550.1,4072.0,2242772.7656
2026-09-03 13:39:00,551.0,550.12,551.0,550.11,4199.0,2312027.5674
2026-09-03 13:40:00,550.12,550.1,550.12,550.02,6836.0,3760463.4604
2026-09-03 13:41:00,550.1,550.1,550.85,550.02,5927.0,3261045.2754
2026-09-03 13:42:00,550.12,551.48,551.48,550.12,4371.0,2407391.6392
2026-09-03 13:43:00,551.48,551.3,551.48,550.2,2540.0,1399535.2861
2026-09-03 13:44:00,550.3,550.3,550.3,550.3,200.0,110060.0
2026-09-03 13:45:00,550.97,550.3,550.97,550.3,3525.0,1940051.814
2026-09-03 13:46:00,550.32,550.32,550.42,550.3,3889.0,2140210.4097
2026-09-03 13:47:00,550.32,550.35,550.36,550.3,2043.0,1124330.0521
2026-09-03 13:48:00,550.32,550.19,550.37,550.19,3522.0,1938072.7806
2026-09-03 13:49:00,550.3,550.2,550.35,550.18,2057.0,1131785.8286
2026-09-03 13:50:00,550.2,550.38,550.38,550.19,2916.0,1604550.2773
2026-09-03 13:51:00,550.4,551.3,551.3,550.38,5226.0,2878914.8672
2026-09-03 13:52:00,551.3,550.9,551.3,550.88,5313.0,2927659.0557
2026-09-03 13:53:00,550.9,550.51,550.9,550.3,2999.0,1651467.8843
2026-09-03 13:54:00,550.4,551.0,551.0,550.35,3102.0,1707816.4551
2026-09-03 13:55:00,551.0,550.98,551.01,550.43,5186.0,2856891.4023
2026-09-03 13:56:00,550.97,550.97,551.0,550.48,2247.0,1238030.5244
2026-09-03 13:57:00,550.8,551.0,551.0,550.79,5361.0,2953783.5225
2026-09-03 13:58:00,550.79,551.48,551.48,550.79,6553.0,3611071.4022
2026-09-03 13:59:00,551.48,551.88,551.89,551.48,10905.0,6016908.4355
2026-09-03 14:00:00,551.88,552.1,552.18,551.87,5014.0,2767669.8242
2026-09-03 14:01:00,552.18,552.88,552.88,552.1,5005.0,2764773.4434
2026-09-03 14:02:00,553.0,553.66,553.66,553.0,6328.0,3502297.5947
2026-09-03 14:03:00,553.53,553.0,553.53,553.0,6217.0,3438837.3069
2026-09-03 14:04:00,553.0,553.39,553.39,553.0,6280.0,3474215.2305
2026-09-03 14:05:00,553.39,553.35,553.39,553.2,3890.0,2152464.4063
2026-09-03 14:06:00,553.34,553.17,553.34,553.0,3804.0,2104217.8457
2026-09-03 14:07:00,553.01,552.33,553.17,552.33,5662.0,3129362.2969
2026-09-03 14:08:00,552.33,552.35,552.35,552.3,4119.0,2275062.0404
2026-09-03 14:09:00,552.35,552.41,552.41,552.33,4198.0,2318782.3925
2026-09-03 14:10:00,552.41,552.5,552.5,552.38,2875.0,1588184.4746
2026-09-03 14:11:00,552.5,552.38,552.67,552.38,2704.0,1493888.6421
2026-09-03 14:12:00,552.41,552.51,552.67,552.39,3988.0,2203679.9023
2026-09-03 14:13:00,552.51,552.6,552.66,552.5,4049.0,2237401.7676
2026-09-03 14:14:00,552.59,552.3,552.6,552.3,6648.0,3672693.7695
2026-09-03 14:15:00,552.3,551.01,552.3,551.0,7606.0,4195142.5356
2026-09-03 14:16:00,551.01,551.98,552.0,551.01,2981.0,1643627.8096
2026-09-03 14:17:00,551.98,551.58,552.36,551.22,4884.0,2695585.5215
2026-09-03 14:18:00,551.58,552.0,552.0,551.25,2894.0,1597011.0547
2026-09-03 14:19:00,551.38,552.38,552.38,551.34,4549.0,2511107.9375
2026-09-03 14:20:00,552.22,552.26,552.26,551.9,4246.0,2343837.7188
2026-09-03 14:21:00,552.0,552.3,552.3,551.99,2527.0,1395277.7969
2026-09-03 14:22:00,552.3,552.59,552.6,552.3,8232.0,4547983.4209
2026-09-03 14:23:00,552.49,552.49,552.59,552.49,3152.0,1741488.0039
2026-09-03 14:24:00,552.49,552.48,552.49,552.38,1817.0,1003839.1445
2026-09-03 14:25:00,552.48,552.37,552.48,552.37,6556.0,3621539.3516
2026-09-03 14:26:00,552.37,552.38,552.38,552.37,1073.0,592701.7456
2026-09-03 14:27:00,552.46,552.49,552.49,552.3,5630.0,3109935.6836
2026-09-03 14:28:00,552.4,552.1,552.4,552.06,5426.0,2996151.787
2026-09-03 14:29:00,552.34,552.1,552.4,552.08,6337.0,3498774.3958
2026-09-03 14:30:00,552.11,552.31,552.35,552.06,4438.0,2450486.269
2026-09-03 14:31:00,552.34,552.35,552.35,552.3,2791.0,1541515.4536
2026-09-03 14:32:00,552.35,552.35,552.37,552.35,3337.0,1843215.9063
2026-09-03 14:33:00,552.35,552.3,552.37,552.3,4581.0,2530294.8171
2026-09-03 14:34:00,552.2,552.17,552.3,552.17,9601.0,5302073.6084
2026-09-03 14:35:00,552.17,551.8,552.17,551.8,9514.0,5251662.7305
2026-09-03 14:36:00,551.5,551.01,551.51,551.01,6983.0,3849788.4084
2026-09-03 14:37:00,551.01,551.18,551.18,551.0,5530.0,3047314.625
2026-09-03 14:38:00,551.07,551.06,551.18,551.05,5522.0,3043162.9414
2026-09-03 14:39:00,551.05,551.06,551.5,550.98,12801.0,7054238.252
2026-09-03 14:40:00,551.06,551.74,551.87,551.0,5993.0,3303773.8516
2026-09-03 14:41:00,551.7,551.3,551.72,551.2,3277.0,1807361.4749
2026-09-03 14:42:00,551.31,551.49,551.49,551.24,3664.0,2020157.5589
2026-09-03 14:43:00,551.49,551.5,551.63,551.3,9369.0,5167176.4854
2026-09-03 14:44:00,551.55,551.19,551.55,551.19,7794.0,4297169.25
2026-09-03 14:45:00,551.19,551.0,551.19,550.98,10391.0,5725694.1665
2026-09-03 14:46:00,551.0,550.88,551.0,550.79,7526.0,4146248.3831
2026-09-03 14:47:00,550.77,550.55,550.77,550.5,11016.0,6065571.5869
2026-09-03 14:48:00,550.5,550.0,550.5,549.96,26599.0,14631418.6805
2026-09-03 14:49:00,549.9,549.99,550.0,549.83,15566.0,8560288.3706
2026-09-03 14:50:00,549.92,550.09,550.09,549.88,15584.0,8570637.4502
2026-09-03 14:51:00,550.07,550.37,550.37,550.06,8821.0,4853512.5908
2026-09-03 14:52:00,550.4,550.5,550.52,550.38,12768.0,7028553.0547
2026-09-03 14:53:00,550.5,550.48,550.5,550.44,9195.0,5061564.4382
2026-09-03 14:54:00,550.49,550.49,550.5,550.45,13351.0,7349301.4917
2026-09-03 14:55:00,550.49,550.48,550.51,550.4,24702.0,13598066.771
2026-09-03 14:56:00,550.46,550.45,550.49,550.38,20280.0,11162735.3796
2026-09-03 14:57:00,550.45,550.45,550.47,550.42,24017.0,13220201.5145
2026-09-03 15:00:00,550.45,550.45,550.45,550.45,51934.0,28587070.632
2026-09-04 09:31:00,555.0,554.51,557.88,554.5,123198.0,68464700.2765
2026-09-04 09:32:00,554.5,550.51,554.5,550.0,98275.0,54178653.1427
2026-09-04 09:33:00,551.99,554.49,556.0,551.99,30078.0,16660262.6794
2026-09-04 09:34:00,554.49,552.0,554.49,552.0,28710.0,15874991.6362
2026-09-04 09:35:00,552.05,552.22,553.1,551.0,26473.0,14617795.2302
2026-09-04 09:36:00,552.99,553.84,554.0,552.19,25307.0,13995615.6212
2026-09-04 09:37:00,553.99,553.63,554.03,552.99,20370.0,11278330.6033
2026-09-04 09:38:00,553.33,557.09,557.1,553.07,34379.0,19104777.9473
2026-09-04 09:39:00,557.1,555.05,557.52,555.0,29503.0,16409132.6567
2026-09-04 09:40:00,555.05,555.79,555.99,555.0,23459.0,13028306.5935
2026-09-04 09:41:00,555.88,555.03,555.99,555.03,18790.0,10437349.5801
2026-09-04 09:42:00,555.01,553.0,555.01,553.0,27137.0,15035382.5078
2026-09-04 09:43:00,553.01,553.05,553.8,552.88,25482.0,14095586.1125
2026-09-04 09:44:00,553.1,551.0,553.1,551.0,23984.0,13246875.0229
2026-09-04 09:45:00,551.0,551.01,551.8,550.02,36702.0,20215398.3721
2026-09-04 09:46:00,551.01,552.48,552.48,551.01,15105.0,8334910.6538
2026-09-04 09:47:00,552.55,553.96,553.97,552.55,23270.0,12870016.3743
2026-09-04 09:48:00,553.96,551.58,553.96,551.3,18384.0,10156537.7374
2026-09-04 09:49:00,551.6,551.6,552.0,551.29,11741.0,6476074.9413
2026-09-04 09:50:00,551.58,552.55,552.99,551.58,14590.0,8050575.0269
2026-09-04 09:51:00,552.1,552.88,552.95,552.02,11920.0,6582186.0745
2026-09-04 09:52:00,552.12,552.0,552.85,552.0,13253.0,7317850.0912
2026-09-04 09:53:00,552.0,551.28,552.01,551.0,16284.0,8979320.4365
2026-09-04 09:54:00,551.28,551.87,551.93,551.0,14575.0,8034308.6389
2026-09-04 09:55:00,551.87,551.97,552.01,551.87,15218.0,8399786.1216
2026-09-04 09:56:00,551.97,551.87,552.01,551.87,6133.0,3385129.6692
2026-09-04 09:57:00,551.88,551.0,551.97,551.0,14625.0,8062809.8204
2026-09-04 09:58:00,551.0,550.12,551.03,550.1,34726.0,19117819.6494
2026-09-04 09:59:00,550.12,550.46,550.8,550.09,23578.0,12975421.3177
2026-09-04 10:00:00,550.33,550.8,550.9,550.33,16503.0,9086800.688
2026-09-04 10:01:00,550.71,550.4,550.8,550.4,11593.0,6382457.9277
2026-09-04 10:02:00,550.4,550.51,550.51,550.3,24942.0,13728076.5083
2026-09-04 10:03:00,550.5,550.9,550.9,550.4,15843.0,8721640.1797
2026-09-04 10:04:00,550.99,551.61,551.61,550.55,8612.0,4744941.374
2026-09-04 10:05:00,551.7,553.33,553.33,551.63,10156.0,5607301.3635
2026-09-04 10:06:00,553.1,552.0,553.32,552.0,9606.0,5307339.0293
2026-09-04 10:07:00,551.88,552.1,552.18,551.87,8488.0,4685360.7549
2026-09-04 10:08:00,552.1,551.61,552.1,551.55,11733.0,6474306.2292
2026-09-04 10:09:00,551.61,551.61,551.99,551.06,25549.0,14091533.6797
2026-09-04 10:10:00,551.61,552.0,552.16,551.18,12783.0,7053322.4121
2026-09-04 10:11:00,551.3,552.0,552.18,551.3,4727.0,2609045.1924
2026-09-04 10:12:00,552.0,551.99,552.0,551.3,6736.0,3715972.5313
2026-09-04 10:13:00,552.13,551.46,552.18,551.3,10422.0,5748792.5342
2026-09-04 10:14:00,551.46,551.98,551.98,551.34,5280.0,2911663.4634
2026-09-04 10:15:00,551.98,552.0,552.19,551.98,8827.0,4872803.125
2026-09-04 10:16:00,552.1,552.1,552.1,551.97,12226.0,6749331.1699
2026-09-04 10:17:00,552.09,551.99,552.1,551.99,3699.0,2042061.418
2026-09-04 10:18:00,552.0,553.95,553.95,551.89,15069.0,8326725.7871
2026-09-04 10:19:00,553.95,553.95,554.28,553.75,10040.0,5561699.9771
2026-09-04 10:20:00,553.88,553.3,553.95,553.03,11764.0,6509870.8125
2026-09-04 10:21:00,553.12,552.8,553.19,552.8,10773.0,5957875.1406
2026-09-04 10:22:00,553.0,552.49,553.0,552.49,2119.0,1171302.729
2026-09-04 10:23:00,552.35,552.38,552.5,552.3,1364.0,753452.9414
2026-09-04 10:24:00,552.39,553.04,553.12,552.38,10189.0,5632160.875
2026-09-04 10:25:00,553.04,553.1,553.15,552.99,7123.0,3939220.9341
2026-09-04 10:26:00,553.01,552.5,553.01,552.5,5409.0,2989244.6367
2026-09-04 10:27:00,552.51,552.55,552.99,552.5,2569.0,1419773.125
2026-09-04 10:28:00,552.98,552.99,552.99,552.42,7332.0,4052457.0127
2026-09-04 10:29:00,552.99,552.61,552.99,552.55,2126.0,1175166.3379
2026-09-04 10:30:00,552.62,552.6,552.97,552.6,2784.0,1538773.3778
2026-09-04 10:31:00,552.6,551.71,552.62,551.71,6810.0,3760774.8906
2026-09-04 10:32:00,551.86,550.5,551.94,550.5,22799.0,12564826.1631
2026-09-04 10:33:00,550.49,550.5,550.5,550.18,19453.0,10705351.0898
2026-09-04 10:34:00,550.98,550.5,550.98,550.31,5550.0,3055621.0664
2026-09-04 10:35:00,550.5,550.58,550.98,550.5,3445.0,1897677.4614
2026-09-04 10:36:00,550.9,550.99,551.0,550.89,4815.0,2652835.8164
2026-09-04 10:37:00,550.89,550.66,550.98,550.66,5476.0,3015657.2979
2026-09-04 10:38:00,550.68,550.5,550.94,549.65,59262.0,32603862.0183
2026-09-04 10:39:00,550.5,549.0,550.5,549.0,11883.0,6529848.0615
2026-09-04 10:40:00,549.02,548.88,549.6,548.8,19180.0,10528403.7559
2026-09-04 10:41:00,548.89,549.01,549.49,548.88,8406.0,4614955.8096
2026-09-04 10:42:00,549.01,549.6,549.6,549.0,17060.0,9368123.9409
2026-09-04 10:43:00,549.6,549.51,550.0,549.5,4094.0,2250339.7074
2026-09-04 10:44:00,549.5,549.01,549.5,549.0,7844.0,4306986.0022
2026-09-04 10:45:00,549.04,548.98,549.1,548.83,16959.0,9309919.0669
2026-09-04 10:46:00,548.8,548.0,548.8,548.0,22140.0,12137306.4111
2026-09-04 10:47:00,548.0,548.58,548.58,547.8,16159.0,8855690.0679
2026-09-04 10:48:00,548.2,548.04,548.58,548.0,9852.0,5400207.6396
2026-09-04 10:49:00,548.03,547.9,548.04,547.9,16654.0,9126578.3418
2026-09-04 10:50:00,547.9,547.77,548.01,547.6,9291.0,5090163.6722
2026-09-04 10:51:00,547.72,547.5,547.77,547.5,6467.0,3541258.0806
2026-09-04 10:52:00,547.36,547.38,547.51,547.3,13456.0,7365692.8418
2026-09-04 10:53:00,547.38,547.8,547.8,547.37,11160.0,6110285.7969
2026-09-04 10:54:00,547.99,548.6,548.6,547.79,6933.0,3799890.6748
2026-09-04 10:55:00,548.59,548.06,548.73,548.06,4089.0,2242515.2725
2026-09-04 10:56:00,548.07,548.0,548.32,547.99,5197.0,2848292.5471
2026-09-04 10:57:00,548.01,548.02,548.33,548.0,3626.0,1987215.2734
2026-09-04 10:58:00,548.0,547.8,548.1,547.8,4759.0,2607609.0801
2026-09-04 10:59:00,547.85,547.82,547.88,547.8,4342.0,2378703.208
2026-09-04 11:00:00,547.82,547.9,548.0,547.82,5499.0,3012988.3433
2026-09-04 11:01:00,547.9,548.1,548.1,547.9,6151.0,3370811.4609
2026-09-04 11:02:00,548.12,548.15,548.33,548.1,6203.0,3400321.4863
2026-09-04 11:03:00,548.12,548.1,548.12,548.0,5025.0,2754197.0464
2026-09-04 11:04:00,548.1,548.1,548.12,548.02,2938.0,1610250.3154
2026-09-04 11:05:00,548.02,547.96,548.03,547.9,9329.0,5111975.6279
2026-09-04 11:06:00,547.96,547.89,548.02,547.89,7244.0,3969287.6993
2026-09-04 11:07:00,547.88,547.9,547.9,547.88,2755.0,1509426.7871
2026-09-04 11:08:00,547.9,547.9,548.02,547.88,4672.0,2559805.1372
2026-09-04 11:09:00,547.9,548.33,548.33,547.89,5299.0,2903755.793
2026-09-04 11:10:00,548.33,547.99,548.43,547.99,6004.0,3291021.3896
2026-09-04 11:11:00,548.0,548.15,548.15,547.95,4755.0,2605631.6836
2026-09-04 11:12:00,548.15,548.5,548.5,548.0,2207.0,1210260.582
2026-09-04 11:13:00,548.5,548.64,549.61,548.5,8755.0,4805646.1797
2026-09-04 11:14:00,548.66,548.8,549.87,548.64,5164.0,2836097.1035
2026-09-04 11:15:00,548.8,549.88,550.0,548.65,3910.0,2148622.7896
2026-09-04 11:16:00,550.0,548.65,550.0,548.65,4214.0,2314418.834
2026-09-04 11:17:00,548.65,548.79,548.79,548.65,1274.0,699126.252
2026-09-04 11:18:00,548.79,548.64,548.79,548.64,1953.0,1071631.4121
2026-09-04 11:19:00,548.6,548.44,548.6,548.43,4747.0,2603514.9141
2026-09-04 11:20:00,548.44,548.2,548.44,548.15,1905.0,1044551.5313
2026-09-04 11:21:00,548.2,548.2,548.2,548.19,699.0,383188.0313
2026-09-04 11:22:00,548.22,548.38,548.4,548.2,3413.0,1871369.5923
2026-09-04 11:23:00,548.38,548.3,548.5,548.3,2350.0,1288769.0039
2026-09-04 11:24:00,548.27,548.24,548.79,548.24,3623.0,1986610.1855
2026-09-04 11:25:00,548.24,548.3,548.36,548.15,2309.0,1265939.3691
2026-09-04 11:26:00,548.3,548.15,548.3,548.03,2694.0,1476745.5137
2026-09-04 11:27:00,548.15,547.3,548.15,547.3,17917.0,9813012.103
2026-09-04 11:28:00,547.29,546.92,547.37,546.8,19077.0,10436293.3087
2026-09-04 11:29:00,546.89,546.92,546.92,546.8,7656.0,4186708.2803
2026-09-04 11:30:00,546.92,546.97,546.98,546.81,6489.0,3548683.4653
2026-09-04 13:01:00,546.97,547.36,547.36,546.85,13178.0,7208653.7891
2026-09-04 13:02:00,547.42,547.8,547.88,547.36,3514.0,1924412.2419
2026-09-04 13:03:00,547.99,547.8,548.4,547.8,3739.0,2049507.2661
2026-09-04 13:04:00,547.76,547.5,547.76,547.36,8314.0,4551035.0635
2026-09-04 13:05:00,547.5,547.5,548.0,547.38,7138.0,3908013.5078
2026-09-04 13:06:00,547.51,548.3,548.3,547.5,4033.0,2208395.6602
2026-09-04 13:07:00,547.58,548.98,548.98,547.58,3691.0,2023611.2842
2026-09-04 13:08:00,548.97,548.4,549.0,548.4,2839.0,1558390.4023
2026-09-04 13:09:00,548.4,548.4,548.4,548.11,1116.0,611895.4873
2026-09-04 13:10:00,548.4,547.76,548.98,547.76,5010.0,2746697.186
2026-09-04 13:11:00,547.76,547.99,547.99,547.76,3273.0,1793161.7598
2026-09-04 13:12:00,547.8,547.9,548.0,547.8,2275.0,1246621.7344
2026-09-04 13:13:00,547.82,547.99,547.99,547.76,7289.0,3993077.641
2026-09-04 13:14:00,547.99,547.99,547.99,547.78,758.0,415314.9897
2026-09-04 13:15:00,547.99,548.07,548.5,547.99,2814.0,1542527.416
2026-09-04 13:16:00,548.07,548.02,548.1,548.02,6892.0,3777164.936
2026-09-04 13:17:00,548.02,547.76,548.06,547.76,6806.0,3729296.0498
2026-09-04 13:18:00,547.74,547.47,547.74,547.47,6744.0,3692861.9214
2026-09-04 13:19:00,547.22,547.21,547.47,547.2,5811.0,3179985.8818
2026-09-04 13:20:00,547.21,547.66,547.66,547.18,6603.0,3613531.1992
2026-09-04 13:21:00,547.98,548.48,548.48,547.66,16151.0,8850905.3486
2026-09-04 13:22:00,548.48,548.48,548.48,548.48,1435.0,787068.7832
2026-09-04 13:23:00,548.48,548.8,548.8,548.1,3323.0,1822994.4492
2026-09-04 13:24:00,548.75,547.72,548.98,547.72,10113.0,5544379.2988
2026-09-04 13:25:00,548.82,548.7,548.82,548.0,5002.0,2744315.7156
2026-09-04 13:26:00,548.8,548.08,548.88,548.01,4357.0,2389475.9307
2026-09-04 13:27:00,548.66,548.45,548.66,548.0,3075.0,1686253.8848
2026-09-04 13:28:00,548.34,548.0,548.45,547.78,5332.0,2921767.1338
2026-09-04 13:29:00,547.8,548.0,548.0,547.7,5275.0,2890145.5273
2026-09-04 13:30:00,547.7,547.59,548.0,547.35,6720.0,3680473.3578
2026-09-04 13:31:00,547.59,547.18,547.59,547.18,6949.0,3802863.5083
2026-09-04 13:32:00,547.19,547.12,547.28,547.12,7188.0,3933120.8623
2026-09-04 13:33:00,547.12,547.01,547.12,547.01,7108.0,3888584.4429
2026-09-04 13:34:00,547.01,547.0,547.03,547.0,7045.0,3853660.053
2026-09-04 13:35:00,547.01,547.33,547.33,547.0,6948.0,3800994.2119
2026-09-04 13:36:00,547.33,546.88,547.5,546.88,12585.0,6884054.0303
2026-09-04 13:37:00,546.88,546.83,546.91,546.81,6517.0,3563840.8886
2026-09-04 13:38:00,546.88,546.82,547.1,546.82,9814.0,5367924.9404
2026-09-04 13:39:00,546.83,546.5,546.83,546.5,14079.0,7697160.995
2026-09-04 13:40:00,546.5,546.0,546.5,546.0,12021.0,6565188.9961
2026-09-04 13:41:00,546.01,545.58,546.01,545.5,32529.0,17752939.6306
2026-09-04 13:42:00,545.58,545.6,546.01,545.56,8861.0,4835047.4209
2026-09-04 13:43:00,545.6,546.48,546.48,545.6,6529.0,3565189.9656
2026-09-04 13:44:00,546.48,545.88,546.48,545.88,6082.0,3321973.7539
2026-09-04 13:45:00,546.0,545.62,546.01,545.62,6901.0,3766273.0073
2026-09-04 13:46:00,545.68,546.0,546.05,545.68,7961.0,4345571.2148
2026-09-04 13:47:00,545.72,546.0,546.0,545.7,5323.0,2905209.0039
2026-09-04 13:48:00,545.72,545.78,546.0,545.72,5147.0,2809812.1348
2026-09-04 13:49:00,545.8,545.99,546.0,545.75,4040.0,2205495.6855
2026-09-04 13:50:00,545.99,545.76,546.06,545.76,15426.0,8420659.0908
2026-09-04 13:51:00,545.8,545.79,545.81,545.76,5314.0,2900312.75
2026-09-04 13:52:00,545.79,545.8,545.8,545.75,8739.0,4769645.7813
2026-09-04 13:53:00,545.8,545.6,545.8,545.6,10927.0,5962886.6055
2026-09-04 13:54:00,545.6,544.5,545.6,544.5,70762.0,38575101.4221
2026-09-04 13:55:00,544.5,541.36,544.5,541.36,57603.0,31296994.3173
2026-09-04 13:56:00,541.36,542.45,542.87,541.0,40037.0,21680503.9
2026-09-04 13:57:00,542.58,541.24,542.62,541.15,31272.0,16946361.6602
2026-09-04 13:58:00,541.24,542.15,542.15,541.1,32851.0,17785449.2023
2026-09-04 13:59:00,542.15,542.9,543.0,542.15,13072.0,7092433.9043
2026-09-04 14:00:00,542.9,542.41,542.9,542.33,14314.0,7766332.2891
2026-09-04 14:01:00,542.5,542.36,542.5,542.35,11375.0,6169666.3342
2026-09-04 14:02:00,542.4,541.13,542.4,541.1,31787.0,17214475.2422
2026-09-04 14:03:00,541.13,541.3,541.5,541.08,18737.0,10141133.5314
2026-09-04 14:04:00,541.5,541.5,541.97,541.21,16410.0,8885056.0938
2026-09-04 14:05:00,541.5,542.13,542.2,541.5,10510.0,5696410.6641
2026-09-04 14:06:00,542.16,541.59,542.16,541.58,6929.0,3754902.9316
2026-09-04 14:07:00,541.59,540.88,541.59,540.88,32372.0,17517652.4202
2026-09-04 14:08:00,540.8,539.01,540.8,539.0,65585.0,35415724.6147
2026-09-04 14:09:00,539.01,539.0,539.1,538.89,31776.0,17127310.9277
2026-09-04 14:10:00,539.01,539.15,539.43,539.0,14581.0,7860160.8748
2026-09-04 14:11:00,539.17,539.43,539.43,539.17,12236.0,6599020.6449
2026-09-04 14:12:00,539.4,539.2,539.44,539.2,16611.0,8958949.9011
2026-09-04 14:13:00,539.3,539.44,539.44,539.2,11930.0,6434667.0112
2026-09-04 14:14:00,539.5,539.39,539.99,539.02,14942.0,8059151.7441
2026-09-04 14:15:00,539.5,539.01,539.88,539.01,11444.0,6171260.8071
2026-09-04 14:16:00,539.01,538.9,539.04,538.9,20913.0,11271682.0459
2026-09-04 14:17:00,538.9,537.0,538.95,537.0,46203.0,24864968.196
2026-09-04 14:18:00,537.01,535.73,537.01,535.13,47826.0,25633586.3882
2026-09-04 14:19:00,535.88,535.05,535.88,535.04,34514.0,18471718.6375
2026-09-04 14:20:00,535.05,536.8,536.8,535.0,45938.0,24599197.2762
2026-09-04 14:21:00,536.8,536.89,536.97,536.06,14052.0,7542961.0146
2026-09-04 14:22:00,536.77,536.16,536.89,536.16,8950.0,4802258.1963
2026-09-04 14:23:00,536.16,535.5,536.16,535.5,14853.0,7960232.7217
2026-09-04 14:24:00,535.99,536.01,536.16,535.63,14365.0,7699470.5056
2026-09-04 14:25:00,536.08,536.11,536.16,536.0,13655.0,7320172.1719
2026-09-04 14:26:00,536.16,536.73,536.73,536.07,18601.0,9973950.3999
2026-09-04 14:27:00,536.73,536.95,536.99,536.5,14597.0,7835837.8765
2026-09-04 14:28:00,536.95,536.9,537.0,536.88,20363.0,10933566.4609
2026-09-04 14:29:00,536.9,536.5,536.97,536.47,6782.0,3640709.834
2026-09-04 14:30:00,536.5,536.0,536.56,536.0,9106.0,4882288.5984
2026-09-04 14:31:00,536.0,535.48,536.0,535.37,17700.0,9480980.8469
2026-09-04 14:32:00,535.37,535.0,535.37,535.0,33899.0,18139518.0862
2026-09-04 14:33:00,535.01,534.8,535.07,534.8,26150.0,13988592.0049
2026-09-04 14:34:00,534.8,534.21,534.8,534.21,18056.0,9650627.4873
2026-09-04 14:35:00,534.32,532.58,534.32,532.5,37344.0,19924245.2539
2026-09-04 14:36:00,532.53,532.0,532.58,531.85,48224.0,25665725.3239
2026-09-04 14:37:00,531.85,532.49,533.0,531.82,33115.0,17621861.7903
2026-09-04 14:38:00,532.45,532.5,533.36,532.34,20388.0,10859823.9331
2026-09-04 14:39:00,532.34,532.21,532.5,532.1,24844.0,13222151.1879
2026-09-04 14:40:00,532.2,532.0,532.5,532.0,30164.0,16051812.1724
2026-09-04 14:41:00,532.0,531.61,532.04,531.5,23990.0,12757662.7776
2026-09-04 14:42:00,531.6,531.55,531.8,531.5,20751.0,11031878.626
2026-09-04 14:43:00,531.55,531.02,531.55,531.01,26308.0,13976828.1001
2026-09-04 14:44:00,531.01,531.52,531.54,531.0,53959.0,28657763.0222
2026-09-04 14:45:00,531.52,530.03,531.52,530.03,30835.0,16366390.5313
2026-09-04 14:46:00,530.16,529.91,530.19,529.9,71898.0,38106448.7566
2026-09-04 14:47:00,529.95,528.85,529.95,528.85,30318.0,16043743.8035
2026-09-04 14:48:00,528.9,530.0,530.09,528.88,48811.0,25850754.9294
2026-09-04 14:49:00,530.0,529.9,530.09,529.2,24033.0,12731491.0095
2026-09-04 14:50:00,529.8,530.88,530.94,529.7,35158.0,18640349.5275
2026-09-04 14:51:00,530.93,531.6,532.0,530.93,17807.0,9466899.7813
2026-09-04 14:52:00,531.6,529.6,531.85,529.33,18480.0,9803131.1396
2026-09-04 14:53:00,529.59,530.02,531.0,529.35,23525.0,12466165.4609
2026-09-04 14:54:00,530.8,530.8,530.8,530.02,17625.0,9346885.9727
2026-09-04 14:55:00,530.78,530.81,530.97,530.68,23250.0,12340179.5584
2026-09-04 14:56:00,530.81,530.5,530.81,530.3,29048.0,15413606.9677
2026-09-04 14:57:00,530.55,530.3,530.55,530.3,43027.0,22820544.5313
2026-09-04 15:00:00,530.3,530.3,530.3,530.3,80999.0,42953769.0478
2026-09-07 09:31:00,530.3,530.23,533.18,530.23,89526.0,47514491.9209
2026-09-07 09:32:00,530.18,525.17,530.3,525.17,47706.0,25197915.4905
2026-09-07 09:33:00,525.16,527.0,528.0,525.0,66018.0,34693408.0545
2026-09-07 09:34:00,527.33,528.8,528.99,527.0,34844.0,18396818.6592
2026-09-07 09:35:00,528.2,525.23,528.2,525.19,31073.0,16369462.7563
2026-09-07 09:36:00,525.23,526.98,528.87,525.23,34060.0,17939011.1828
2026-09-07 09:37:00,526.98,528.48,528.8,526.53,20653.0,10904332.6179
2026-09-07 09:38:00,528.0,528.0,528.45,527.02,14565.0,7685508.4082
2026-09-07 09:39:00,527.33,526.98,528.0,526.88,41106.0,21667363.0193
2026-09-07 09:40:00,526.98,528.24,528.24,526.88,24015.0,12667428.1602
2026-09-07 09:41:00,528.24,528.04,528.8,527.98,26705.0,14109278.6206
2026-09-07 09:42:00,528.1,526.66,528.4,526.66,16323.0,8606979.4551
2026-09-07 09:43:00,526.53,525.43,526.64,525.2,31434.0,16530744.8691
2026-09-07 09:44:00,525.43,521.02,525.49,521.0,71248.0,37318910.6013
2026-09-07 09:45:00,521.02,522.0,522.23,520.08,94883.0,49418352.4811
2026-09-07 09:46:00,522.0,522.02,523.0,521.01,57584.0,30038738.8133
2026-09-07 09:47:00,522.23,524.01,525.41,522.23,42902.0,22486846.2881
2026-09-07 09:48:00,524.01,525.98,526.08,524.01,25351.0,13315262.3642
2026-09-07 09:49:00,525.98,524.8,525.98,524.8,21625.0,11354366.8044
2026-09-07 09:50:00,524.98,526.1,526.5,524.8,29962.0,15751453.188
2026-09-07 09:51:00,526.1,527.01,528.0,526.1,30714.0,16191949.2224
2026-09-07 09:52:00,527.01,527.01,527.55,526.98,7690.0,4052770.9204
2026-09-07 09:53:00,527.02,528.0,528.0,527.0,21454.0,11320486.64
2026-09-07 09:54:00,528.0,529.47,529.47,528.0,15832.0,8371168.6082
2026-09-07 09:55:00,529.5,532.33,532.55,529.5,39606.0,21025674.6062
2026-09-07 09:56:00,532.4,533.03,533.63,532.3,52847.0,28164395.1013
2026-09-07 09:57:00,533.09,532.98,533.5,532.3,33564.0,17885793.1973
2026-09-07 09:58:00,532.47,535.13,535.26,532.3,51308.0,27398768.1318
2026-09-07 09:59:00,535.13,533.5,535.96,533.0,43699.0,23364650.5807
2026-09-07 10:00:00,533.5,534.37,534.99,533.0,43270.0,23118226.2505
2026-09-07 10:01:00,534.59,533.5,534.8,533.01,21724.0,11598901.209
2026-09-07 10:02:00,533.5,532.41,533.71,532.41,19613.0,10457024.3845
2026-09-07 10:03:00,532.51,531.91,532.51,531.8,21182.0,11267895.1816
2026-09-07 10:04:00,531.91,534.5,534.88,531.88,25968.0,13841879.8889
2026-09-07 10:05:00,534.6,534.95,534.99,533.59,31255.0,16716083.074
2026-09-07 10:06:00,534.95,533.01,534.98,533.01,18283.0,9757516.9946
2026-09-07 10:07:00,533.3,533.93,534.77,533.01,14070.0,7511236.9929
2026-09-07 10:08:00,534.48,534.8,534.99,534.37,21066.0,11267826.1238
2026-09-07 10:09:00,534.8,539.18,539.18,534.49,117969.0,63319666.6106
2026-09-07 10:10:00,539.01,538.88,539.46,538.88,63712.0,34342568.3171
2026-09-07 10:11:00,539.0,537.01,539.0,536.96,19397.0,10447257.7449
2026-09-07 10:12:00,537.01,538.5,538.66,536.96,19970.0,10734980.1785
2026-09-07 10:13:00,538.5,538.88,539.0,538.01,38400.0,20688818.3478
2026-09-07 10:14:00,538.97,539.5,539.5,538.88,52407.0,28262648.4331
2026-09-07 10:15:00,539.48,539.49,539.52,539.18,44786.0,24160369.6143
2026-09-07 10:16:00,539.49,539.58,539.58,538.0,48727.0,26276328.0564
2026-09-07 10:17:00,539.59,542.56,542.58,539.59,94685.0,51262896.445
2026-09-07 10:18:00,542.56,540.03,542.66,540.01,43764.0,23723811.4749
2026-09-07 10:19:00,540.02,540.0,541.14,539.1,21402.0,11558014.6309
2026-09-07 10:20:00,539.9,540.07,540.8,539.21,13588.0,7337158.6855
2026-09-07 10:21:00,540.07,539.38,540.48,539.2,19318.0,10428255.0176
2026-09-07 10:22:00,539.38,536.39,539.38,536.3,12430.0,6687367.5745
2026-09-07 10:23:00,536.86,537.2,538.0,536.86,8926.0,4795809.8765
2026-09-07 10:24:00,537.2,537.0,538.0,536.89,10382.0,5578472.3202
2026-09-07 10:25:00,536.9,536.0,537.9,536.0,19104.0,10253121.2693
2026-09-07 10:26:00,536.0,536.0,536.91,535.37,9604.0,5147881.8867
2026-09-07 10:27:00,536.0,536.0,536.0,535.55,7003.0,3752256.4209
2026-09-07 10:28:00,536.0,536.77,536.91,535.96,5449.0,2923455.7942
2026-09-07 10:29:00,536.77,535.8,536.8,535.8,10074.0,5402057.2959
2026-09-07 10:30:00,535.78,534.68,535.8,534.68,13280.0,7107645.6387
2026-09-07 10:31:00,534.79,534.88,534.88,534.3,12356.0,6605430.186
2026-09-07 10:32:00,534.88,535.36,535.37,534.41,13252.0,7089937.8242
2026-09-07 10:33:00,535.37,537.0,537.0,535.36,9537.0,5109692.8484
2026-09-07 10:34:00,537.0,535.55,538.0,535.55,13874.0,7451531.2656
2026-09-07 10:35:00,536.45,537.29,537.29,536.0,4057.0,2177580.4741
2026-09-07 10:36:00,537.0,536.45,537.05,536.45,12559.0,6741506.9102
2026-09-07 10:37:00,536.55,536.99,537.0,535.44,9314.0,4994615.0728
2026-09-07 10:38:00,537.0,537.0,537.0,536.6,5472.0,2937749.7168
2026-09-07 10:39:00,537.0,538.5,538.5,537.0,9715.0,5223573.9961
2026-09-07 10:40:00,538.5,537.8,538.66,537.68,9417.0,5068311.377
2026-09-07 10:41:00,537.8,538.44,538.48,537.68,7703.0,4143585.6006
2026-09-07 10:42:00,538.44,537.86,538.48,537.86,5997.0,3226734.7783
2026-09-07 10:43:00,537.86,537.68,537.95,537.68,7237.0,3892143.4684
2026-09-07 10:44:00,537.68,536.6,537.68,536.52,6447.0,3461809.2949
2026-09-07 10:45:00,536.6,535.0,536.62,535.0,8643.0,4626738.9054
2026-09-07 10:46:00,535.0,535.15,536.0,535.0,3003.0,1607078.0688
2026-09-07 10:47:00,535.15,536.99,537.0,535.15,11254.0,6035972.4063
2026-09-07 10:48:00,537.15,536.92,537.33,535.3,5745.0,3082305.6104
2026-09-07 10:49:00,536.92,535.55,536.95,535.31,1216.0,652012.7969
2026-09-07 10:50:00,535.54,536.0,536.0,535.54,4036.0,2161762.4496
2026-09-07 10:51:00,536.3,535.99,536.3,535.98,1895.0,1015755.6895
2026-09-07 10:52:00,535.99,535.6,536.0,535.6,5621.0,3012445.5488
2026-09-07 10:53:00,535.6,536.49,536.49,535.59,7731.0,4143186.3535
2026-09-07 10:54:00,536.48,535.87,536.48,535.6,3723.0,1994531.1338
2026-09-07 10:55:00,535.87,535.53,535.88,535.53,6040.0,3235009.6201
2026-09-07 10:56:00,535.53,534.54,535.53,534.5,6302.0,3371790.498
2026-09-07 10:57:00,534.5,534.99,535.0,534.21,4794.0,2562352.5852
2026-09-07 10:58:00,535.0,534.32,535.0,534.32,6117.0,3270855.167
2026-09-07 10:59:00,534.44,534.32,534.49,534.32,3071.0,1641277.7407
2026-09-07 11:00:00,534.49,534.0,534.49,534.0,13635.0,7284093.168
2026-09-07 11:01:00,533.93,532.55,533.93,532.55,16537.0,8816328.3069
2026-09-07 11:02:00,532.55,532.86,533.0,532.0,36931.0,19671990.8281
2026-09-07 11:03:00,533.0,533.66,533.66,533.0,5394.0,2876310.915
2026-09-07 11:04:00,533.6,533.48,533.66,533.48,6792.0,3624118.8926
2026-09-07 11:05:00,533.6,533.7,534.99,533.6,10900.0,5819971.6763
2026-09-07 11:06:00,533.7,534.06,534.5,533.7,2274.0,1214546.4395
2026-09-07 11:07:00,534.06,534.5,534.5,533.7,12600.0,6729609.7959
2026-09-07 11:08:00,534.5,534.99,534.99,534.49,1660.0,887609.832
2026-09-07 11:09:00,535.0,535.01,535.01,534.88,5220.0,2792637.874
2026-09-07 11:10:00,535.0,535.0,535.16,535.0,6819.0,3648505.041
2026-09-07 11:11:00,535.0,534.89,535.0,534.89,5497.0,2940790.2578
2026-09-07 11:12:00,534.87,534.49,534.87,534.49,1922.0,1027665.0664
2026-09-07 11:13:00,534.14,534.47,534.47,534.1,2217.0,1184454.6719
2026-09-07 11:14:00,534.12,534.15,534.45,534.12,2143.0,1145047.1719
2026-09-07 11:15:00,534.3,534.09,534.3,534.07,2360.0,1260551.3555
2026-09-07 11:16:00,534.06,533.71,534.06,533.7,2643.0,1410919.668
2026-09-07 11:17:00,533.66,533.77,533.77,533.66,1711.0,913179.3984
2026-09-07 11:18:00,533.75,533.6,533.75,533.6,3767.0,2010294.8924
2026-09-07 11:19:00,533.48,533.37,533.6,533.33,5084.0,2712227.6904
2026-09-07 11:20:00,533.37,533.33,533.4,533.28,5644.0,3010197.7871
2026-09-07 11:21:00,533.33,533.1,533.59,533.1,6643.0,3542624.9326
2026-09-07 11:22:00,533.08,533.61,533.61,533.03,15244.0,8130896.812
2026-09-07 11:23:00,533.61,533.75,533.75,533.61,2414.0,1288438.7891
2026-09-07 11:24:00,533.98,534.98,534.98,533.98,6179.0,3300197.3477
2026-09-07 11:25:00,534.15,534.89,534.98,534.12,1203.0,643048.3756
2026-09-07 11:26:00,534.89,534.88,534.89,534.12,7600.0,4064447.1647
2026-09-07 11:27:00,534.89,534.88,534.9,534.88,4696.0,2511834.0742
2026-09-07 11:28:00,534.9,534.9,534.9,534.26,2035.0,1088159.3633
2026-09-07 11:29:00,534.9,534.7,534.9,534.27,2536.0,1355505.2441
2026-09-07 11:30:00,534.29,534.28,534.29,534.28,1000.0,534284.6191
2026-09-07 13:01:00,534.29,534.12,534.7,534.12,4857.0,2595104.2188
2026-09-07 13:02:00,534.7,534.28,534.7,534.28,2529.0,1351460.125
2026-09-07 13:03:00,534.36,534.3,534.36,534.3,4136.0,2209940.292
2026-09-07 13:04:00,534.3,534.12,534.86,534.12,4626.0,2472137.6807
2026-09-07 13:05:00,534.12,534.86,534.86,534.08,4119.0,2200244.8159
2026-09-07 13:06:00,534.86,534.12,534.86,534.12,1211.0,647363.3257
2026-09-07 13:07:00,534.77,534.32,534.77,534.12,3336.0,1782667.3374
2026-09-07 13:08:00,534.32,534.04,534.63,534.04,1805.0,964282.7422
2026-09-07 13:09:00,534.04,533.1,534.04,533.0,10847.0,5785950.1001
2026-09-07 13:10:00,533.0,532.84,533.0,532.3,8601.0,4582179.8237
2026-09-07 13:11:00,532.8,531.99,532.84,531.68,7582.0,4035584.0615
2026-09-07 13:12:00,531.99,531.27,531.99,531.27,5567.0,2959414.7874
2026-09-07 13:13:00,531.27,530.65,531.27,530.58,12683.0,6732629.7788
2026-09-07 13:14:00,530.71,530.7,530.99,530.7,4423.0,2347739.1924
2026-09-07 13:15:00,530.7,530.99,530.99,530.61,4443.0,2357981.3984
2026-09-07 13:16:00,530.99,530.9,531.0,530.9,6170.0,3275893.2313
2026-09-07 13:17:00,530.9,531.15,531.15,530.76,4693.0,2491766.1609
2026-09-07 13:18:00,531.15,531.22,531.27,531.0,4666.0,2478378.0259
2026-09-07 13:19:00,531.58,532.01,532.3,531.19,9153.0,4865038.7876
2026-09-07 13:20:00,532.01,532.8,532.8,532.01,3966.0,2111620.4329
2026-09-07 13:21:00,532.79,532.51,532.9,532.51,7937.0,4228698.0093
2026-09-07 13:22:00,532.51,532.99,532.99,532.5,6353.0,3383748.4001
2026-09-07 13:23:00,532.99,533.52,534.0,532.99,7533.0,4017302.5458
2026-09-07 13:24:00,533.01,533.0,533.01,533.0,3717.0,1981167.1504
2026-09-07 13:25:00,533.0,533.32,533.49,533.0,3775.0,2013183.2788
2026-09-07 13:26:00,533.32,532.39,533.69,532.39,5328.0,2840206.999
2026-09-07 13:27:00,532.21,533.3,533.66,532.21,3792.0,2021638.1228
2026-09-07 13:28:00,533.3,533.66,533.66,532.9,6529.0,3482726.9746
2026-09-07 13:29:00,533.66,533.8,533.8,533.0,6769.0,3612174.165
2026-09-07 13:30:00,533.7,533.72,533.8,533.0,7110.0,3793588.5459
2026-09-07 13:31:00,533.87,534.5,534.63,533.87,8544.0,4564952.0059
2026-09-07 13:32:00,534.5,534.67,534.69,534.5,8463.0,4524524.5508
2026-09-07 13:33:00,534.68,534.88,534.9,534.67,11008.0,5886758.676
2026-09-07 13:34:00,534.88,535.35,535.35,534.67,19309.0,10329270.3672
2026-09-07 13:35:00,535.35,535.28,535.59,535.16,10906.0,5838694.0188
2026-09-07 13:36:00,535.47,536.29,536.36,535.28,11641.0,6236894.3408
2026-09-07 13:37:00,536.48,537.49,537.49,536.48,15268.0,8196767.4414
2026-09-07 13:38:00,537.0,536.5,537.49,536.29,22172.0,11902247.1195
2026-09-07 13:39:00,536.29,536.0,536.29,535.86,12681.0,6797824.5566
2026-09-07 13:40:00,536.0,536.0,536.28,535.9,7000.0,3752679.498
2026-09-07 13:41:00,536.0,535.68,536.0,535.68,6592.0,3532182.1621
2026-09-07 13:42:00,535.59,535.3,535.9,535.1,6273.0,3358762.1172
2026-09-07 13:43:00,535.2,535.58,535.58,535.18,3560.0,1905997.625
2026-09-07 13:44:00,535.89,539.02,539.02,535.89,39038.0,20995431.2319
2026-09-07 13:45:00,539.0,541.96,542.0,538.88,73426.0,39723043.4664
2026-09-07 13:46:00,541.78,540.3,542.0,539.0,37513.0,20312559.4976
2026-09-07 13:47:00,540.3,540.1,540.51,540.1,15668.0,8463771.0864
2026-09-07 13:48:00,540.1,539.02,540.12,539.0,10522.0,5678054.2324
2026-09-07 13:49:00,539.02,538.5,539.08,538.05,6753.0,3636358.228
2026-09-07 13:50:00,538.5,538.5,538.99,538.28,8521.0,4589978.1924
2026-09-07 13:51:00,538.5,537.0,538.5,536.98,12828.0,6894164.5479
2026-09-07 13:52:00,537.03,538.0,538.0,536.94,4807.0,2582480.6501
2026-09-07 13:53:00,537.35,537.5,538.0,537.35,6353.0,3415901.416
2026-09-07 13:54:00,537.39,537.06,537.49,537.06,3557.0,1911167.6365
2026-09-07 13:55:00,537.06,537.53,537.53,537.0,21102.0,11333684.4102
2026-09-07 13:56:00,537.5,537.21,537.97,537.21,4339.0,2332074.0508
2026-09-07 13:57:00,537.2,536.6,537.2,536.6,4390.0,2357008.7798
2026-09-07 13:58:00,536.61,536.01,536.63,536.01,8091.0,4338964.2461
2026-09-07 13:59:00,536.05,536.32,536.45,536.05,2545.0,1364738.6785
2026-09-07 14:00:00,536.31,537.77,537.77,536.31,8915.0,4786661.0391
2026-09-07 14:01:00,537.98,537.49,538.08,536.6,8902.0,4787694.3926
2026-09-07 14:02:00,537.6,536.95,537.6,536.51,2847.0,1528390.7517
2026-09-07 14:03:00,536.95,536.37,537.0,536.36,4256.0,2284679.7441
2026-09-07 14:04:00,536.76,536.98,537.0,536.37,4774.0,2563029.5938
2026-09-07 14:05:00,536.98,536.8,537.0,536.78,3866.0,2075920.5656
2026-09-07 14:06:00,536.8,536.88,537.0,536.77,6280.0,3371735.5566
2026-09-07 14:07:00,537.0,537.25,537.49,536.99,5719.0,3072570.3457
2026-09-07 14:08:00,537.25,537.0,537.25,537.0,922.0,495280.5
2026-09-07 14:09:00,537.0,537.49,537.49,537.0,4757.0,2556146.4141
2026-09-07 14:10:00,537.6,537.5,537.6,537.49,3347.0,1799047.4746
2026-09-07 14:11:00,537.5,537.49,537.78,537.49,3398.0,1826668.2422
2026-09-07 14:12:00,537.27,536.88,537.28,536.88,5417.0,2909313.7021
2026-09-07 14:13:00,536.91,537.27,537.27,536.91,4315.0,2317158.8628
2026-09-07 14:14:00,537.1,537.26,537.27,537.0,2129.0,1143746.791
2026-09-07 14:15:00,537.1,537.11,537.15,537.05,8243.0,4427289.7793
2026-09-07 14:16:00,537.11,537.15,537.24,537.11,1791.0,962049.7344
2026-09-07 14:17:00,537.12,537.25,537.25,537.12,3678.0,1975718.582
2026-09-07 14:18:00,537.12,536.9,537.19,536.9,3577.0,1920944.6904
2026-09-07 14:19:00,536.9,536.93,536.99,536.82,5652.0,3034323.9717
2026-09-07 14:20:00,536.93,536.84,536.93,536.83,1244.0,667862.3633
2026-09-07 14:21:00,536.84,537.08,537.11,536.82,4271.0,2293293.0547
2026-09-07 14:22:00,537.08,536.84,537.08,536.84,3819.0,2050855.7852
2026-09-07 14:23:00,536.84,536.87,537.01,536.8,5954.0,3196620.0654
2026-09-07 14:24:00,536.8,536.77,536.8,536.67,3914.0,2100786.9521
2026-09-07 14:25:00,536.77,536.69,537.26,536.68,21039.0,11299455.5662
2026-09-07 14:26:00,536.71,537.38,537.39,536.7,4376.0,2349930.8923
2026-09-07 14:27:00,537.35,536.88,537.38,536.8,4290.0,2304124.8838
2026-09-07 14:28:00,536.89,537.26,537.26,536.82,4899.0,2631127.2217
2026-09-07 14:29:00,537.26,537.01,537.27,537.0,3252.0,1746523.2246
2026-09-07 14:30:00,537.01,537.25,537.25,537.01,2833.0,1521789.3398
2026-09-07 14:31:00,537.25,536.7,537.25,536.7,8737.0,4691017.3628
2026-09-07 14:32:00,537.0,536.71,537.0,536.7,2786.0,1495401.1063
2026-09-07 14:33:00,536.71,536.49,536.71,536.36,12185.0,6538464.9601
2026-09-07 14:34:00,536.49,535.18,536.49,535.18,15682.0,8406832.666
2026-09-07 14:35:00,535.18,535.6,535.68,535.09,10429.0,5582714.1426
2026-09-07 14:36:00,535.6,535.99,535.99,535.18,8616.0,4612696.979
2026-09-07 14:37:00,535.69,535.99,535.99,535.69,3016.0,1616367.2451
2026-09-07 14:38:00,535.98,535.68,535.99,535.68,5499.0,2946213.0859
2026-09-07 14:39:00,535.68,535.2,535.7,535.2,5714.0,3059388.7773
2026-09-07 14:40:00,535.29,535.09,535.31,535.09,11863.0,6348796.5251
2026-09-07 14:41:00,535.26,535.5,535.5,535.06,6719.0,3597340.1357
2026-09-07 14:42:00,535.64,535.71,535.71,535.5,4652.0,2491844.5774
2026-09-07 14:43:00,535.71,536.0,536.18,535.66,13585.0,7279650.2207
2026-09-07 14:44:00,536.18,536.0,536.2,535.9,6114.0,3277549.6082
2026-09-07 14:45:00,535.9,535.4,536.0,535.4,6883.0,3686605.1543
2026-09-07 14:46:00,535.36,535.38,535.5,535.32,8528.0,4565751.0067
2026-09-07 14:47:00,535.32,535.39,535.5,535.1,16086.0,8610286.6854
2026-09-07 14:48:00,535.39,535.21,535.45,535.03,13296.0,7116070.5074
2026-09-07 14:49:00,535.07,533.99,535.39,533.88,34347.0,18364771.3827
2026-09-07 14:50:00,534.4,534.5,534.98,534.0,7937.0,4243143.9233
2026-09-07 14:51:00,534.86,534.82,534.87,534.6,6335.0,3388131.3322
2026-09-07 14:52:00,534.82,534.87,534.97,534.6,18789.0,10047858.0868
2026-09-07 14:53:00,534.96,535.38,535.45,534.9,15575.0,8336787.1943
2026-09-07 14:54:00,535.38,535.56,535.58,535.02,19454.0,10416638.0247
2026-09-07 14:55:00,535.5,536.39,536.39,535.46,26074.0,13973836.3428
2026-09-07 14:56:00,536.46,536.56,536.66,536.36,18296.0,9816361.2263
2026-09-07 14:57:00,536.6,536.35,536.6,536.09,20058.0,10759044.2885
2026-09-07 15:00:00,536.35,536.35,536.35,536.35,49013.0,26288121.3142
2026-09-08 09:31:00,535.8,535.1,535.94,531.16,99199.0,53080672.1672
2026-09-08 09:32:00,534.42,531.45,535.6,530.63,49751.0,26475657.0508
2026-09-08 09:33:00,531.45,531.98,533.74,531.0,16831.0,8953225.9644
2026-09-08 09:34:00,531.8,530.64,532.8,530.64,37074.0,19707228.8765
2026-09-08 09:35:00,530.63,529.72,530.64,528.81,70681.0,37449222.0924
2026-09-08 09:36:00,529.72,531.66,532.2,529.72,28093.0,14908776.7473
2026-09-08 09:37:00,532.03,533.74,533.88,531.75,22432.0,11950028.3994
2026-09-08 09:38:00,533.77,531.0,533.87,531.0,25081.0,13357117.3975
2026-09-08 09:39:00,531.0,529.53,531.9,529.4,52487.0,27835195.5966
2026-09-08 09:40:00,530.5,531.03,532.81,530.5,19420.0,10319777.5688
2026-09-08 09:41:00,531.03,532.0,532.69,531.01,29678.0,15797737.312
2026-09-08 09:42:00,532.0,532.73,534.0,531.66,24710.0,13167260.4199
2026-09-08 09:43:00,532.71,530.76,532.99,530.76,26946.0,14319610.2075
2026-09-08 09:44:00,530.76,529.91,530.78,529.91,23221.0,12312390.5972
2026-09-08 09:45:00,529.91,529.99,530.18,529.86,16660.0,8829311.5049
2026-09-08 09:46:00,529.99,528.66,529.99,528.5,51278.0,27132757.9272
2026-09-08 09:47:00,528.5,528.3,529.02,528.0,64011.0,33824321.4697
2026-09-08 09:48:00,528.28,528.0,528.32,527.88,53831.0,28427680.173
2026-09-08 09:49:00,528.0,526.76,528.0,526.66,40363.0,21276805.6001
2026-09-08 09:50:00,526.76,526.5,526.76,526.1,55031.0,28971638.3147
2026-09-08 09:51:00,526.74,526.97,527.0,526.5,23554.0,12407919.0891
2026-09-08 09:52:00,527.0,527.4,527.4,526.75,18928.0,9973726.2947
2026-09-08 09:53:00,527.4,528.29,528.5,527.01,12013.0,6339948.459
2026-09-08 09:54:00,528.29,529.03,529.03,527.91,14034.0,7415442.3613
2026-09-08 09:55:00,529.03,529.46,529.8,529.0,12859.0,6807369.5796
2026-09-08 09:56:00,529.45,529.4,529.46,528.33,15284.0,8086636.5194
2026-09-08 09:57:00,529.4,530.75,530.8,529.4,27634.0,14644204.9585
2026-09-08 09:58:00,530.75,536.0,537.36,530.75,64760.0,34619699.5038
2026-09-08 09:59:00,536.0,539.09,539.43,536.0,80568.0,43329521.325
2026-09-08 10:00:00,539.43,538.2,539.6,538.2,67947.0,36621929.9928
2026-09-08 10:01:00,538.5,536.3,538.51,536.01,36989.0,19878588.0502
2026-09-08 10:02:00,536.3,535.78,536.48,535.06,23253.0,12466097.5078
2026-09-08 10:03:00,535.8,536.63,537.48,535.79,23013.0,12345291.049
2026-09-08 10:04:00,536.1,533.16,536.63,533.16,14831.0,7944727.2905
2026-09-08 10:05:00,533.85,533.2,533.85,533.06,14090.0,7513628.7684
2026-09-08 10:06:00,533.3,535.89,535.89,533.3,7255.0,3880114.0709
2026-09-08 10:07:00,535.9,537.2,537.3,535.9,18943.0,10171277.9248
2026-09-08 10:08:00,537.2,536.01,537.2,535.0,11413.0,6120482.377
2026-09-08 10:09:00,536.01,536.03,536.8,534.46,9479.0,5077942.7749
2026-09-08 10:10:00,535.03,536.7,536.8,534.46,5984.0,3202960.8857
2026-09-08 10:11:00,536.68,535.55,536.68,535.3,5125.0,2747912.4355
2026-09-08 10:12:00,536.0,535.87,536.39,535.57,7892.0,4229750.418
2026-09-08 10:13:00,536.39,536.27,536.39,535.57,6739.0,3612223.0046
2026-09-08 10:14:00,536.35,537.0,537.0,535.97,16985.0,9110465.3647
2026-09-08 10:15:00,536.96,538.88,538.98,536.96,41968.0,22599035.1016
2026-09-08 10:16:00,538.89,538.3,538.98,537.0,35526.0,19121908.6823
2026-09-08 10:17:00,538.3,538.38,538.5,538.3,21647.0,11653899.9705
2026-09-08 10:18:00,538.38,537.3,538.41,537.3,11964.0,6440815.7314
2026-09-08 10:19:00,537.3,536.7,538.12,536.55,7523.0,4038600.9751
2026-09-08 10:20:00,536.66,538.0,538.01,536.0,17751.0,9531808.4854
2026-09-08 10:21:00,537.02,537.0,538.0,536.66,10092.0,5423262.2637
2026-09-08 10:22:00,537.02,536.68,537.03,536.67,7927.0,4255813.2227
2026-09-08 10:23:00,536.68,536.7,537.01,536.66,6075.0,3260625.3
2026-09-08 10:24:00,536.69,536.77,536.85,536.55,4900.0,2629545.7783
2026-09-08 10:25:00,537.01,537.99,538.3,536.77,15934.0,8570131.7361
2026-09-08 10:26:00,537.98,539.8,539.8,537.11,47668.0,25687811.7805
2026-09-08 10:27:00,539.67,538.0,539.91,538.0,20014.0,10800767.5585
2026-09-08 10:28:00,538.0,539.0,539.16,537.91,17268.0,9303251.4858
2026-09-08 10:29:00,539.0,538.8,539.0,538.46,19834.0,10687869.4658
2026-09-08 10:30:00,538.88,537.88,539.0,537.88,6337.0,3410884.5332
2026-09-08 10:31:00,537.88,537.18,537.88,537.02,10205.0,5482964.9297
2026-09-08 10:32:00,537.18,537.51,537.91,537.01,7735.0,4157239.1201
2026-09-08 10:33:00,537.51,537.3,537.51,537.25,4676.0,2513037.4102
2026-09-08 10:34:00,537.28,537.31,537.31,537.21,5508.0,2959242.1577
2026-09-08 10:35:00,537.3,536.77,537.3,536.77,10721.0,5757704.5322
2026-09-08 10:36:00,536.79,537.05,537.09,536.79,3344.0,1795596.25
2026-09-08 10:37:00,537.0,536.85,537.0,536.83,3091.0,1659453.5132
2026-09-08 10:38:00,536.85,536.71,536.99,536.57,15545.0,8344300.3291
2026-09-08 10:39:00,536.78,536.02,536.79,536.02,11820.0,6341373.3084
2026-09-08 10:40:00,536.0,535.55,536.5,535.55,9930.0,5322031.7861
2026-09-08 10:41:00,535.5,534.47,535.5,534.18,14523.0,7766523.1758
2026-09-08 10:42:00,534.66,535.05,535.05,534.23,11256.0,6019863.7935
2026-09-08 10:43:00,535.06,535.21,535.5,535.05,4744.0,2539145.1172
2026-09-08 10:44:00,535.21,535.21,535.5,535.21,1500.0,802912.1816
2026-09-08 10:45:00,535.2,535.04,535.21,535.0,7272.0,3890963.8193
2026-09-08 10:46:00,535.0,534.66,535.04,534.66,9395.0,5025957.209
2026-09-08 10:47:00,534.93,534.02,534.94,534.0,12794.0,6834752.8828
2026-09-08 10:48:00,534.03,534.02,534.7,534.01,4209.0,2247815.6914
2026-09-08 10:49:00,534.06,534.13,534.6,534.04,6777.0,3620207.5808
2026-09-08 10:50:00,534.14,534.6,534.6,534.14,4154.0,2219667.7798
2026-09-08 10:51:00,534.7,534.56,534.9,534.51,3234.0,1729137.001
2026-09-08 10:52:00,534.51,534.51,534.51,534.4,10327.0,5519714.5088
2026-09-08 10:53:00,534.5,534.03,534.5,534.02,12295.0,6567926.7637
2026-09-08 10:54:00,534.02,534.0,534.02,533.91,9579.0,5114982.4541
2026-09-08 10:55:00,533.95,533.97,534.0,533.92,3362.0,1795133.7275
2026-09-08 10:56:00,533.99,534.02,534.03,533.93,7770.0,4149316.0685
2026-09-08 10:57:00,534.03,534.5,534.5,534.03,1987.0,1061507.1182
2026-09-08 10:58:00,534.51,534.5,534.6,534.0,6688.0,3573102.3867
2026-09-08 10:59:00,534.49,534.4,534.6,534.01,2548.0,1361588.6758
2026-09-08 11:00:00,534.48,533.84,534.48,533.84,6057.0,3234458.5605
2026-09-08 11:01:00,533.8,533.6,533.96,533.58,4542.0,2424183.2754
2026-09-08 11:02:00,533.6,532.42,533.6,532.42,8813.0,4698825.3496
2026-09-08 11:03:00,532.42,532.0,533.0,532.0,13634.0,7256518.9163
2026-09-08 11:04:00,531.97,532.99,533.1,531.97,3422.0,1822034.1436
2026-09-08 11:05:00,532.99,532.33,533.33,532.33,2283.0,1216737.7617
2026-09-08 11:06:00,533.31,532.19,533.31,532.09,3372.0,1794826.5494
2026-09-08 11:07:00,532.24,532.1,532.26,532.01,6047.0,3217780.3394
2026-09-08 11:08:00,532.1,532.13,532.15,532.1,1602.0,852474.2676
2026-09-08 11:09:00,532.13,532.34,533.4,532.11,2241.0,1193255.5034
2026-09-08 11:10:00,532.34,532.11,533.39,532.11,3837.0,2043547.1904
2026-09-08 11:11:00,532.2,532.11,532.2,532.1,3199.0,1702232.9297
2026-09-08 11:12:00,532.12,532.2,532.2,532.09,1662.0,884406.2629
2026-09-08 11:13:00,532.2,532.18,532.87,532.16,4073.0,2167834.6182
2026-09-08 11:14:00,532.18,533.1,533.1,532.18,3178.0,1693589.7371
2026-09-08 11:15:00,532.32,531.18,533.09,531.18,15806.0,8407631.0791
2026-09-08 11:16:00,531.58,530.78,531.58,530.76,6449.0,3424894.5933
2026-09-08 11:17:00,530.78,530.05,531.28,529.88,32125.0,17032261.4746
2026-09-08 11:18:00,529.66,530.0,530.0,529.21,16370.0,8669206.9756
2026-09-08 11:19:00,529.53,530.01,530.78,529.52,8967.0,4752485.9111
2026-09-08 11:20:00,530.01,530.0,530.02,529.11,9724.0,5150123.5125
2026-09-08 11:21:00,529.96,529.94,530.78,529.94,6920.0,3667950.9609
2026-09-08 11:22:00,529.77,529.59,529.77,529.0,30906.0,16363487.8945
2026-09-08 11:23:00,529.57,529.02,529.57,529.0,7157.0,3787174.8506
2026-09-08 11:24:00,529.47,528.29,529.47,528.29,22620.0,11962380.4858
2026-09-08 11:25:00,528.6,528.89,529.98,528.6,5501.0,2909577.5244
2026-09-08 11:26:00,528.89,528.66,529.98,528.6,14648.0,7749215.7988
2026-09-08 11:27:00,528.66,528.34,528.8,528.33,13397.0,7080508.875
2026-09-08 11:28:00,528.34,528.37,528.88,528.3,9469.0,5003359.3308
2026-09-08 11:29:00,528.4,529.26,529.26,528.38,4825.0,2551734.4351
2026-09-08 11:30:00,529.58,529.67,529.67,529.57,9223.0,4884640.4038
2026-09-08 13:01:00,529.67,528.38,529.95,528.38,21636.0,11455070.0469
2026-09-08 13:02:00,528.38,527.22,528.61,527.22,29777.0,15721187.7474
2026-09-08 13:03:00,527.21,527.88,527.99,527.1,12883.0,6792627.5396
2026-09-08 13:04:00,527.32,527.98,527.99,527.21,5465.0,2882115.4238
2026-09-08 13:05:00,527.5,527.8,527.97,527.36,6599.0,3481419.4224
2026-09-08 13:06:00,527.5,527.9,527.99,527.5,5302.0,2798257.7549
2026-09-08 13:07:00,527.8,527.9,527.94,527.8,3423.0,1806987.207
2026-09-08 13:08:00,527.91,527.63,527.91,527.63,12262.0,6472242.0352
2026-09-08 13:09:00,527.61,527.5,527.61,527.4,9324.0,4918828.7661
2026-09-08 13:10:00,527.5,527.6,527.61,527.5,5009.0,2642491.8652
2026-09-08 13:11:00,527.88,527.99,527.99,527.6,2925.0,1543591.1992
2026-09-08 13:12:00,527.99,528.05,528.53,527.99,3016.0,1593030.7675
2026-09-08 13:13:00,528.06,529.49,529.5,528.04,3817.0,2019813.8743
2026-09-08 13:14:00,529.49,529.37,529.49,528.51,2877.0,1522652.5134
2026-09-08 13:15:00,529.37,528.56,529.37,528.53,2546.0,1346209.3046
2026-09-08 13:16:00,528.6,528.57,528.88,528.53,4981.0,2632858.6212
2026-09-08 13:17:00,528.6,528.87,529.25,528.57,4373.0,2312433.3594
2026-09-08 13:18:00,528.58,528.58,528.88,528.58,3582.0,1893598.5566
2026-09-08 13:19:00,528.59,528.56,528.62,528.56,4346.0,2297236.7803
2026-09-08 13:20:00,528.6,528.53,528.6,528.53,2713.0,1433962.1035
2026-09-08 13:21:00,528.52,527.99,528.52,527.99,8427.0,4451287.4102
2026-09-08 13:22:00,527.99,527.67,528.03,527.58,10092.0,5325291.8573
2026-09-08 13:23:00,527.67,527.55,528.0,527.4,16470.0,8689200.6731
2026-09-08 13:24:00,527.55,528.0,528.03,527.43,7072.0,3731054.418
2026-09-08 13:25:00,528.03,528.56,528.56,528.0,5563.0,2938926.2539
2026-09-08 13:26:00,528.5,529.5,529.67,528.5,9932.0,5253989.9575
2026-09-08 13:27:00,529.5,529.42,529.5,529.0,5080.0,2689376.2344
2026-09-08 13:28:00,529.02,528.6,529.02,528.6,6211.0,3284927.7891
2026-09-08 13:29:00,528.6,529.0,529.0,528.6,1801.0,952624.4248
2026-09-08 13:30:00,529.0,529.0,529.0,528.99,3132.0,1656811.6621
2026-09-08 13:31:00,529.01,528.6,529.01,528.6,3920.0,2073176.7075
2026-09-08 13:32:00,528.56,528.6,528.6,528.0,6397.0,3379192.4174
2026-09-08 13:33:00,528.1,528.6,528.6,528.0,2839.0,1499460.377
2026-09-08 13:34:00,528.03,528.05,528.4,528.03,2019.0,1066286.2891
2026-09-08 13:35:00,528.05,527.98,528.58,527.98,7570.0,3997249.079
2026-09-08 13:36:00,527.98,527.58,527.98,527.58,8633.0,4556045.0527
2026-09-08 13:37:00,527.58,527.58,527.6,527.51,7394.0,3900846.4956
2026-09-08 13:38:00,527.59,527.95,527.96,527.58,4460.0,2353465.1816
2026-09-08 13:39:00,527.95,527.79,527.95,527.68,3269.0,1725503.7769
2026-09-08 13:40:00,527.8,528.0,528.0,527.8,2224.0,1174217.6299
2026-09-08 13:41:00,528.0,528.0,528.56,528.0,1700.0,897718.75
2026-09-08 13:42:00,528.56,528.56,528.56,528.0,3301.0,1744528.5508
2026-09-08 13:43:00,528.01,527.99,528.03,527.99,11582.0,6115338.2646
2026-09-08 13:44:00,527.99,527.8,528.0,527.8,7177.0,3788225.1499
2026-09-08 13:45:00,527.8,527.85,528.0,527.7,5663.0,2988923.6108
2026-09-08 13:46:00,527.85,527.44,527.85,527.41,17578.0,9274092.2942
2026-09-08 13:47:00,527.41,527.44,527.5,527.35,7716.0,4069426.4482
2026-09-08 13:48:00,527.5,527.5,527.5,527.41,9146.0,4824190.4141
2026-09-08 13:49:00,527.45,527.32,527.45,527.22,11143.0,5876383.6299
2026-09-08 13:50:00,527.32,527.1,527.32,527.1,8222.0,4334688.0859
2026-09-08 13:51:00,527.1,526.9,527.1,526.78,31531.0,16616660.2852
2026-09-08 13:52:00,526.92,527.31,527.31,526.81,10817.0,5701322.3809
2026-09-08 13:53:00,527.38,527.3,527.38,527.23,4968.0,2619587.6912
2026-09-08 13:54:00,527.28,526.88,527.28,526.88,5952.0,3136900.2994
2026-09-08 13:55:00,526.85,526.91,527.0,526.81,4858.0,2559837.0095
2026-09-08 13:56:00,526.9,526.65,526.9,526.63,14529.0,7652915.3569
2026-09-08 13:57:00,526.62,526.34,526.62,526.33,19176.0,10095495.469
2026-09-08 13:58:00,526.34,526.33,526.5,526.3,7594.0,3997034.8418
2026-09-08 13:59:00,526.33,526.5,526.52,526.33,4224.0,2223738.7588
2026-09-08 14:00:00,526.5,526.55,526.55,526.48,7160.0,3769824.1021
2026-09-08 14:01:00,526.55,526.73,526.88,526.55,2896.0,1525298.415
2026-09-08 14:02:00,526.73,527.0,527.0,526.73,6933.0,3653214.4548
2026-09-08 14:03:00,527.0,527.25,527.35,527.0,7883.0,4155546.7236
2026-09-08 14:04:00,527.25,527.0,527.25,527.0,4567.0,2406993.0859
2026-09-08 14:05:00,527.0,526.8,527.0,526.8,6598.0,3476615.8447
2026-09-08 14:06:00,526.73,526.51,526.73,526.51,10280.0,5413473.395
2026-09-08 14:07:00,526.52,526.35,526.52,526.33,9709.0,5111134.7969
2026-09-08 14:08:00,526.34,526.48,526.48,526.3,8027.0,4225078.3824
2026-09-08 14:09:00,526.48,527.0,527.0,526.36,3655.0,1924401.8613
2026-09-08 14:10:00,527.0,527.38,527.39,526.73,9125.0,4811408.8071
2026-09-08 14:11:00,527.38,527.04,527.38,527.02,8626.0,4546632.064
2026-09-08 14:12:00,527.04,527.06,527.3,527.04,1500.0,790625.9766
2026-09-08 14:13:00,527.06,526.8,527.28,526.8,6283.0,3311330.9805
2026-09-08 14:14:00,526.8,526.5,527.06,526.5,5014.0,2641181.4009
2026-09-08 14:15:00,526.5,526.35,526.57,526.35,8338.0,4389724.9609
2026-09-08 14:16:00,526.36,526.31,526.49,526.31,9536.0,5019173.1934
2026-09-08 14:17:00,526.33,526.17,526.33,526.17,17270.0,9088367.9852
2026-09-08 14:18:00,526.17,525.55,526.17,525.55,42622.0,22418467.4277
2026-09-08 14:19:00,525.53,525.08,525.55,525.08,16660.0,8750810.8789
2026-09-08 14:20:00,525.08,523.09,525.08,523.0,46659.0,24462609.6429
2026-09-08 14:21:00,523.1,522.88,523.96,522.88,29777.0,15576198.3102
2026-09-08 14:22:00,522.9,523.51,524.0,522.8,21655.0,11332600.0352
2026-09-08 14:23:00,523.51,524.31,524.66,523.4,9100.0,4768555.4199
2026-09-08 14:24:00,524.78,524.03,524.78,523.6,11727.0,6146763.8213
2026-09-08 14:25:00,523.66,523.71,523.9,523.61,8321.0,4358251.0868
2026-09-08 14:26:00,523.71,524.6,524.9,523.7,6293.0,3299082.66
2026-09-08 14:27:00,524.59,524.22,524.8,524.22,8854.0,4644668.4478
2026-09-08 14:28:00,524.57,524.54,524.6,524.5,12206.0,6402735.8662
2026-09-08 14:29:00,524.5,524.54,524.56,524.5,10053.0,5273105.5698
2026-09-08 14:30:00,524.57,524.7,524.8,524.53,12154.0,6376731.7084
2026-09-08 14:31:00,524.73,524.68,524.73,524.67,3699.0,1940830.7305
2026-09-08 14:32:00,524.7,524.55,524.7,524.54,4624.0,2426013.1672
2026-09-08 14:33:00,524.64,524.66,524.66,524.55,5174.0,2714448.8926
2026-09-08 14:34:00,524.65,524.5,524.66,524.5,12590.0,6604441.2205
2026-09-08 14:35:00,524.5,523.72,524.5,523.72,11198.0,5869032.1904
2026-09-08 14:36:00,523.71,523.68,523.72,523.66,6085.0,3186652.791
2026-09-08 14:37:00,523.68,523.82,524.18,523.68,7943.0,4161258.5244
2026-09-08 14:38:00,523.98,523.99,524.0,523.9,6280.0,3290510.0471
2026-09-08 14:39:00,523.99,524.0,524.1,523.83,7883.0,4129930.246
2026-09-08 14:40:00,524.0,524.0,524.2,523.9,6338.0,3321396.2831
2026-09-08 14:41:00,524.02,524.0,524.02,523.88,14754.0,7730141.933
2026-09-08 14:42:00,524.17,524.1,524.19,524.0,6003.0,3146237.8169
2026-09-08 14:43:00,524.1,524.01,524.12,524.0,5877.0,3079705.2236
2026-09-08 14:44:00,524.13,524.14,524.16,524.13,3488.0,1828217.9824
2026-09-08 14:45:00,524.14,524.18,524.2,524.13,12377.0,6487599.061
2026-09-08 14:46:00,524.2,524.02,524.2,524.02,8920.0,4675212.5107
2026-09-08 14:47:00,524.01,523.88,524.02,523.86,11990.0,6282128.0247
2026-09-08 14:48:00,523.88,523.86,523.9,523.84,16337.0,8558299.9277
2026-09-08 14:49:00,523.86,523.7,523.86,523.7,22998.0,12046003.1667
2026-09-08 14:50:00,523.7,523.67,523.77,523.66,14287.0,7481962.1726
2026-09-08 14:51:00,523.67,523.58,523.68,523.56,14905.0,7804539.9104
2026-09-08 14:52:00,523.58,523.65,523.67,523.58,14977.0,7842339.9907
2026-09-08 14:53:00,523.67,523.46,523.67,523.46,21830.0,11429659.6396
2026-09-08 14:54:00,523.44,523.37,523.51,523.35,29745.0,15569611.0276
2026-09-08 14:55:00,523.37,523.4,523.5,523.34,25024.0,13097815.3687
2026-09-08 14:56:00,523.4,523.5,523.5,523.36,30498.0,15962930.813
2026-09-08 14:57:00,523.49,523.61,523.67,523.4,19503.0,10209602.6367
2026-09-08 15:00:00,523.68,523.68,523.68,523.68,35651.0,18669715.5602
2026-09-09 09:31:00,521.08,519.4,524.99,519.0,131555.0,68535852.231
2026-09-09 09:32:00,519.99,518.1,520.0,517.78,69811.0,36182586.6596
2026-09-09 09:33:00,518.09,518.72,519.13,517.9,50000.0,25913507.9233
2026-09-09 09:34:00,519.01,519.0,519.21,518.81,29971.0,15557486.3633
2026-09-09 09:35:00,518.99,517.5,518.99,517.5,51176.0,26512394.7945
2026-09-09 09:36:00,517.5,516.5,517.86,516.44,59487.0,30773315.7967
2026-09-09 09:37:00,516.5,518.2,518.2,515.62,69714.0,36003455.5503
2026-09-09 09:38:00,518.18,517.0,518.18,517.0,15168.0,7848323.1556
2026-09-09 09:39:00,517.0,517.1,517.2,516.0,44721.0,23093602.0186
2026-09-09 09:40:00,517.1,518.6,518.88,517.1,31347.0,16233816.572
2026-09-09 09:41:00,518.88,522.3,523.0,518.8,28038.0,14614849.4653
2026-09-09 09:42:00,522.3,521.34,522.4,521.34,14174.0,7398800.0225
2026-09-09 09:43:00,521.34,522.06,522.18,520.78,19629.0,10244010.2993
2026-09-09 09:44:00,522.06,520.4,522.06,520.31,8255.0,4304657.1655
2026-09-09 09:45:00,520.4,520.31,520.94,520.3,9773.0,5086618.0002
2026-09-09 09:46:00,520.31,519.36,520.31,519.05,20298.0,10544498.7422
2026-09-09 09:47:00,519.36,520.0,520.0,519.2,16200.0,8417882.6865
2026-09-09 09:48:00,519.99,518.98,520.0,518.82,14235.0,7392766.8062
2026-09-09 09:49:00,518.66,518.71,519.8,518.66,9973.0,5174624.9043
2026-09-09 09:50:00,518.71,518.92,519.8,518.7,14110.0,7320419.3357
2026-09-09 09:51:00,518.92,517.19,519.5,517.19,16856.0,8734615.9214
2026-09-09 09:52:00,517.19,516.82,517.27,516.7,27707.0,14322371.3625
2026-09-09 09:53:00,516.88,516.92,517.0,516.8,18189.0,9402781.5967
2026-09-09 09:54:00,516.92,516.92,516.99,516.86,13777.0,7121671.1313
2026-09-09 09:55:00,516.92,516.93,516.99,516.9,9738.0,5033978.6758
2026-09-09 09:56:00,516.93,516.5,517.0,516.5,21882.0,11309379.6597
2026-09-09 09:57:00,516.44,515.8,516.44,515.73,56594.0,29202834.9868
2026-09-09 09:58:00,515.8,515.77,515.93,515.68,26194.0,13510009.1943
2026-09-09 09:59:00,515.88,515.56,515.88,515.56,35641.0,18379918.105
2026-09-09 10:00:00,515.56,515.62,515.75,515.52,46707.0,24083633.3752
2026-09-09 10:01:00,515.62,515.7,515.92,515.6,31031.0,16001836.4562
2026-09-09 10:02:00,515.7,516.02,516.03,515.67,31197.0,16092174.0679
2026-09-09 10:03:00,516.02,516.92,516.92,516.0,13776.0,7111693.9805
2026-09-09 10:04:00,516.36,516.36,516.93,516.29,11116.0,5743610.2177
2026-09-09 10:05:00,516.1,515.99,516.36,515.88,19715.0,10173809.9009
2026-09-09 10:06:00,515.9,515.66,516.1,515.66,22174.0,11436343.8691
2026-09-09 10:07:00,515.67,515.38,515.67,515.38,25339.0,13063641.4041
2026-09-09 10:08:00,515.36,514.77,515.5,514.77,60918.0,31376511.2692
2026-09-09 10:09:00,514.83,513.58,515.0,512.88,38233.0,19636910.5999
2026-09-09 10:10:00,513.2,513.07,513.58,513.0,33833.0,17361939.4287
2026-09-09 10:11:00,513.33,512.91,513.33,512.88,34250.0,17569718.1084
2026-09-09 10:12:00,512.91,513.5,513.57,512.8,33511.0,17189489.6252
2026-09-09 10:13:00,513.5,515.2,515.39,513.5,32801.0,16877127.4575
2026-09-09 10:14:00,515.0,515.21,515.22,514.81,18312.0,9432146.0391
2026-09-09 10:15:00,515.2,514.77,515.3,514.02,12752.0,6567567.3281
2026-09-09 10:16:00,514.04,514.0,514.04,513.8,17808.0,9153530.189
2026-09-09 10:17:00,514.0,513.79,514.0,513.6,5453.0,2801257.9912
2026-09-09 10:18:00,513.57,513.43,513.76,513.33,10674.0,5481254.8115
2026-09-09 10:19:00,513.5,515.0,515.13,513.33,8945.0,4599186.3123
2026-09-09 10:20:00,515.0,514.11,515.28,514.04,10119.0,5210032.0439
2026-09-09 10:21:00,514.99,518.0,518.0,514.12,24798.0,12789668.5674
2026-09-09 10:22:00,518.0,518.0,518.68,517.8,21609.0,11198432.3728
2026-09-09 10:23:00,517.81,516.55,518.01,516.5,7134.0,3689487.3584
2026-09-09 10:24:00,516.51,517.3,517.3,515.58,5935.0,3063669.0845
2026-09-09 10:25:00,516.59,516.57,516.59,515.63,3687.0,1903239.9219
2026-09-09 10:26:00,516.55,515.5,516.56,515.5,7753.0,3997582.959
2026-09-09 10:27:00,515.5,515.01,515.53,515.0,9211.0,4744454.9302
2026-09-09 10:28:00,515.01,514.8,515.03,514.54,9047.0,4657470.7913
2026-09-09 10:29:00,514.44,514.41,514.45,514.32,5334.0,2743765.3037
2026-09-09 10:30:00,514.41,514.8,514.8,514.2,9583.0,4931811.8359
2026-09-09 10:31:00,514.8,515.0,515.0,514.78,3985.0,2052051.6887
2026-09-09 10:32:00,515.0,514.86,515.2,514.78,7933.0,4085283.7207
2026-09-09 10:33:00,514.86,514.14,515.1,514.14,7819.0,4024032.3711
2026-09-09 10:34:00,514.13,514.33,514.33,514.01,11026.0,5668290.4009
2026-09-09 10:35:00,514.33,514.0,514.5,514.0,6264.0,3220261.1304
2026-09-09 10:36:00,514.0,513.88,514.03,513.81,8254.0,4241901.5713
2026-09-09 10:37:00,513.88,514.0,514.54,513.81,8265.0,4248152.8811
2026-09-09 10:38:00,514.0,514.1,515.0,514.0,5246.0,2697940.4922
2026-09-09 10:39:00,514.73,514.92,514.93,514.18,2200.0,1132628.3984
2026-09-09 10:40:00,514.92,514.42,514.93,514.4,3880.0,1997441.7109
2026-09-09 10:41:00,514.42,513.79,514.42,513.79,16093.0,8272326.9829
2026-09-09 10:42:00,513.81,514.07,514.07,513.67,10499.0,5395270.4688
2026-09-09 10:43:00,514.07,513.85,514.07,513.85,4719.0,2425221.543
2026-09-09 10:44:00,513.88,513.88,513.99,513.86,5742.0,2950864.375
2026-09-09 10:45:00,513.85,513.67,513.88,513.67,5668.0,2912381.77
2026-09-09 10:46:00,513.67,513.43,513.67,513.33,8809.0,4523609.7386
2026-09-09 10:47:00,513.42,513.37,513.43,513.33,10548.0,5415329.8452
2026-09-09 10:48:00,513.37,513.37,513.5,513.36,16981.0,8717513.1554
2026-09-09 10:49:00,513.37,513.37,513.5,513.37,4274.0,2194237.2358
2026-09-09 10:50:00,513.37,513.25,513.4,513.25,11025.0,5659574.7788
2026-09-09 10:51:00,513.25,513.0,513.25,513.0,18763.0,9626538.1465
2026-09-09 10:52:00,513.0,512.58,513.11,512.58,24002.0,12310012.4893
2026-09-09 10:53:00,512.58,512.53,512.62,512.53,12720.0,6520007.9092
2026-09-09 10:54:00,512.53,512.55,512.55,512.51,15533.0,7961218.9302
2026-09-09 10:55:00,512.53,512.48,512.55,512.45,12990.0,6657402.0469
2026-09-09 10:56:00,512.48,512.26,512.48,512.26,15683.0,8035096.9167
2026-09-09 10:57:00,512.26,512.05,512.26,512.05,12022.0,6157002.8087
2026-09-09 10:58:00,512.05,512.01,512.05,512.01,17523.0,8972161.7324
2026-09-09 10:59:00,512.04,511.99,512.05,511.97,24181.0,12380846.1074
2026-09-09 11:00:00,512.0,511.64,512.0,511.5,16256.0,8318069.2012
2026-09-09 11:01:00,511.64,513.45,514.07,511.6,39437.0,20215105.0784
2026-09-09 11:02:00,513.45,512.89,514.0,512.89,6617.0,3398219.6027
2026-09-09 11:03:00,513.86,512.65,513.89,512.6,8762.0,4495192.8276
2026-09-09 11:04:00,512.65,512.16,512.65,512.14,3120.0,1598205.0181
2026-09-09 11:05:00,512.17,512.21,512.88,512.16,6059.0,3104844.4067
2026-09-09 11:06:00,512.88,512.23,512.88,512.2,3909.0,2002412.5254
2026-09-09 11:07:00,512.22,512.7,512.7,512.22,3214.0,1646431.2246
2026-09-09 11:08:00,512.33,512.28,512.35,512.28,3553.0,1820195.916
2026-09-09 11:09:00,512.28,512.28,512.29,512.26,4626.0,2369782.6348
2026-09-09 11:10:00,512.26,512.22,512.28,512.2,5843.0,2992929.3281
2026-09-09 11:11:00,512.2,512.15,512.2,512.0,8060.0,4127950.9243
2026-09-09 11:12:00,512.15,511.51,512.15,511.51,11956.0,6118583.5363
2026-09-09 11:13:00,511.5,511.51,511.55,511.01,21223.0,10852275.907
2026-09-09 11:14:00,511.52,511.11,511.52,511.05,11137.0,5693394.3623
2026-09-09 11:15:00,511.11,510.88,511.11,510.88,28765.0,14699458.8809
2026-09-09 11:16:00,510.99,510.9,510.99,510.66,15092.0,7708918.8604
2026-09-09 11:17:00,510.88,511.0,511.01,510.87,8587.0,4387656.2041
2026-09-09 11:18:00,511.0,511.02,511.1,510.92,5991.0,3061475.2117
2026-09-09 11:19:00,511.02,512.87,512.87,511.01,8281.0,4237988.6396
2026-09-09 11:20:00,512.87,511.9,512.88,511.9,4960.0,2540748.3718
2026-09-09 11:21:00,511.9,511.34,511.9,511.22,3149.0,1611400.5508
2026-09-09 11:22:00,511.31,511.25,511.88,511.21,7744.0,3959172.44
2026-09-09 11:23:00,511.25,511.15,511.3,511.15,9018.0,4609981.5285
2026-09-09 11:24:00,511.3,511.4,511.43,511.15,4112.0,2102311.6797
2026-09-09 11:25:00,511.4,511.26,511.46,511.2,4021.0,2055843.8887
2026-09-09 11:26:00,511.27,511.28,511.3,511.27,3319.0,1696980.083
2026-09-09 11:27:00,511.28,511.3,511.76,511.28,2238.0,1144435.8584
2026-09-09 11:28:00,511.3,512.0,512.0,511.3,9515.0,4868568.4598
2026-09-09 11:29:00,512.2,512.82,513.0,512.2,6654.0,3410916.9886
2026-09-09 11:30:00,512.83,513.51,513.88,512.0,8028.0,4119731.2622
2026-09-09 13:01:00,513.88,513.86,513.99,513.65,10622.0,5458558.1691
2026-09-09 13:02:00,513.65,513.0,513.65,513.0,7307.0,3750769.9492
2026-09-09 13:03:00,513.0,512.0,513.0,512.0,2206.0,1130724.6001
2026-09-09 13:04:00,512.0,512.2,513.0,512.0,2476.0,1268259.0654
2026-09-09 13:05:00,512.2,512.0,513.3,512.0,5114.0,2619314.521
2026-09-09 13:06:00,512.6,511.88,513.2,511.88,4795.0,2457933.1084
2026-09-09 13:07:00,511.96,512.0,512.0,511.88,3115.0,1594692.2031
2026-09-09 13:08:00,512.0,511.8,512.0,511.66,3452.0,1766873.5111
2026-09-09 13:09:00,511.74,512.0,512.0,511.25,19166.0,9804732.0527
2026-09-09 13:10:00,512.6,513.73,513.85,512.6,7395.0,3796118.5273
2026-09-09 13:11:00,513.51,513.5,513.68,513.0,4793.0,2460936.8662
2026-09-09 13:12:00,513.5,512.7,513.5,512.7,2769.0,1420840.5957
2026-09-09 13:13:00,512.7,512.75,513.0,512.7,1827.0,936777.911
2026-09-09 13:14:00,512.75,512.7,512.75,512.7,890.0,456328.0
2026-09-09 13:15:00,512.6,512.6,512.6,512.59,1465.0,750957.8086
2026-09-09 13:16:00,512.12,511.57,512.12,511.56,4412.0,2258303.8618
2026-09-09 13:17:00,511.56,511.2,511.56,511.2,2243.0,1146977.1777
2026-09-09 13:18:00,511.19,511.11,511.19,511.1,6224.0,3181319.6475
2026-09-09 13:19:00,511.1,511.15,511.15,511.1,5472.0,2796850.9316
2026-09-09 13:20:00,511.13,511.13,511.18,511.11,7292.0,3727244.8647
2026-09-09 13:21:00,511.11,510.93,511.11,510.93,8040.0,4108736.1138
2026-09-09 13:22:00,510.92,510.38,510.92,510.38,14642.0,7476952.5347
2026-09-09 13:23:00,510.38,510.35,510.51,510.29,11920.0,6083644.8208
2026-09-09 13:24:00,510.29,510.6,510.6,510.28,8665.0,4422251.6494
2026-09-09 13:25:00,510.6,511.15,511.15,510.56,5357.0,2737154.4121
2026-09-09 13:26:00,511.14,511.2,511.4,511.06,3515.0,1796836.5869
2026-09-09 13:27:00,511.21,511.4,511.4,511.2,3312.0,1693241.1209
2026-09-09 13:28:00,511.4,511.0,511.4,511.0,5041.0,2576727.5416
2026-09-09 13:29:00,511.0,510.4,511.0,510.31,13028.0,6653476.7974
2026-09-09 13:30:00,510.3,510.03,510.31,510.01,22589.0,11523279.4829
2026-09-09 13:31:00,510.01,509.8,510.01,509.8,50542.0,25776180.7373
2026-09-09 13:32:00,509.75,509.0,509.8,508.88,16736.0,8521527.1479
2026-09-09 13:33:00,509.0,508.89,509.01,508.88,25543.0,12999699.8131
2026-09-09 13:34:00,508.91,509.66,509.66,508.9,20515.0,10445022.6606
2026-09-09 13:35:00,509.5,509.49,509.6,509.24,8331.0,4243859.9165
2026-09-09 13:36:00,509.5,509.3,509.57,509.24,6062.0,3087686.3828
2026-09-09 13:37:00,509.24,509.0,509.3,509.0,9390.0,4780386.2533
2026-09-09 13:38:00,509.1,509.56,509.56,509.0,11364.0,5787628.2568
2026-09-09 13:39:00,509.57,512.72,513.4,509.57,23858.0,12200318.2559
2026-09-09 13:40:00,513.0,511.0,513.0,510.01,9390.0,4804411.7935
2026-09-09 13:41:00,511.0,511.8,511.98,510.58,6452.0,3298004.8711
2026-09-09 13:42:00,511.76,511.33,511.76,511.3,2279.0,1165744.6558
2026-09-09 13:43:00,511.5,511.55,511.76,511.49,2765.0,1414491.2988
2026-09-09 13:44:00,511.55,511.0,511.55,511.0,6501.0,3324162.0137
2026-09-09 13:45:00,511.0,510.98,511.32,510.98,1829.0,934670.125
2026-09-09 13:46:00,510.98,510.01,510.98,510.01,6235.0,3184121.1716
2026-09-09 13:47:00,510.01,509.66,510.01,509.66,7817.0,3985667.3193
2026-09-09 13:48:00,510.01,510.09,510.65,510.01,4501.0,2296360.8989
2026-09-09 13:49:00,510.59,510.7,511.0,510.08,4154.0,2120742.6266
2026-09-09 13:50:00,510.6,510.98,511.0,510.6,4497.0,2296932.0117
2026-09-09 13:51:00,511.0,511.63,511.63,510.99,4803.0,2455778.0898
2026-09-09 13:52:00,511.52,512.7,512.7,511.1,17997.0,9213714.3374
2026-09-09 13:53:00,512.7,512.01,513.97,512.0,20376.0,10460292.6265
2026-09-09 13:54:00,512.0,512.3,512.5,512.0,3806.0,1949117.2734
2026-09-09 13:55:00,512.39,513.49,513.49,512.01,8172.0,4190167.2661
2026-09-09 13:56:00,513.3,513.3,513.47,513.0,4505.0,2312126.2383
2026-09-09 13:57:00,513.01,513.0,513.01,512.78,2972.0,1524588.1084
2026-09-09 13:58:00,513.0,513.01,513.01,512.78,4901.0,2514041.6128
2026-09-09 13:59:00,513.27,513.95,514.06,513.27,22385.0,11500918.645
2026-09-09 14:00:00,513.95,513.57,513.95,513.55,7076.0,3635165.166
2026-09-09 14:01:00,513.57,514.88,514.9,513.57,24444.0,12573772.2251
2026-09-09 14:02:00,514.87,514.0,514.87,513.77,7354.0,3781906.9199
2026-09-09 14:03:00,513.77,512.88,513.86,512.78,3277.0,1682023.123
2026-09-09 14:04:00,512.88,513.01,513.1,512.88,1740.0,892616.3125
2026-09-09 14:05:00,513.44,513.46,513.47,513.4,4084.0,2096895.8584
2026-09-09 14:06:00,513.4,513.11,513.49,513.11,5810.0,2982030.8339
2026-09-09 14:07:00,513.12,513.0,513.12,512.88,6813.0,3495017.1421
2026-09-09 14:08:00,512.89,513.11,513.19,512.89,7483.0,3839432.0508
2026-09-09 14:09:00,513.11,513.03,513.15,513.0,2429.0,1246202.0107
2026-09-09 14:10:00,513.0,513.02,513.15,513.0,4628.0,2374661.9863
2026-09-09 14:11:00,513.0,513.0,513.1,513.0,2596.0,1331798.1172
2026-09-09 14:12:00,513.0,512.85,513.0,512.85,1022.0,524163.875
2026-09-09 14:13:00,512.88,512.8,512.98,512.79,2872.0,1472926.9214
2026-09-09 14:14:00,512.8,512.79,512.85,512.07,6881.0,3527493.2431
2026-09-09 14:15:00,512.79,512.79,512.79,512.51,11534.0,5914232.8633
2026-09-09 14:16:00,512.79,513.35,513.36,512.79,9532.0,4890742.8463
2026-09-09 14:17:00,513.35,513.17,513.36,513.17,2744.0,1408298.2969
2026-09-09 14:18:00,513.17,513.17,513.35,513.11,10395.0,5334196.6797
2026-09-09 14:19:00,513.17,513.2,513.36,513.17,1230.0,631373.1914
2026-09-09 14:20:00,513.33,514.23,514.63,513.2,10742.0,5519757.2791
2026-09-09 14:21:00,514.23,513.9,514.79,513.9,5764.0,2963982.3262
2026-09-09 14:22:00,513.72,514.1,514.1,513.72,6405.0,3292222.6045
2026-09-09 14:23:00,514.11,514.8,514.8,514.0,12772.0,6569894.8418
2026-09-09 14:24:00,514.8,514.46,514.84,514.22,6999.0,3602049.2559
2026-09-09 14:25:00,514.46,514.8,514.83,514.44,11890.0,6119299.7158
2026-09-09 14:26:00,514.8,514.8,514.88,514.54,6143.0,3162517.8423
2026-09-09 14:27:00,514.54,513.99,514.54,513.72,4346.0,2233955.8916
2026-09-09 14:28:00,513.71,513.5,513.71,513.5,3495.0,1794771.5
2026-09-09 14:29:00,513.5,513.36,513.56,513.36,6637.0,3407947.2549
2026-09-09 14:30:00,513.36,514.53,514.72,513.35,18682.0,9599667.4089
2026-09-09 14:31:00,514.66,514.6,514.68,514.16,7649.0,3936487.2363
2026-09-09 14:32:00,514.6,514.39,514.6,514.04,4801.0,2469511.7272
2026-09-09 14:33:00,514.39,514.4,514.61,514.39,4671.0,2403348.0073
2026-09-09 14:34:00,514.51,514.51,514.57,514.36,3844.0,1977610.6521
2026-09-09 14:35:00,514.51,514.1,514.51,514.09,2882.0,1482370.001
2026-09-09 14:36:00,514.11,514.61,514.61,514.08,9677.0,4977945.6196
2026-09-09 14:37:00,514.56,514.28,514.56,514.28,3137.0,1613760.4751
2026-09-09 14:38:00,514.23,513.5,514.28,513.5,5256.0,2702189.5466
2026-09-09 14:39:00,513.81,513.95,514.43,513.5,10645.0,5470877.3159
2026-09-09 14:40:00,514.42,514.11,514.43,513.96,5173.0,2660032.6582
2026-09-09 14:41:00,514.1,514.43,514.48,514.1,8895.0,4575323.853
2026-09-09 14:42:00,514.4,513.68,514.4,513.52,7791.0,4003275.0879
2026-09-09 14:43:00,513.68,513.67,513.98,513.52,10524.0,5406198.9619
2026-09-09 14:44:00,513.59,513.59,513.69,513.32,17600.0,9038439.1699
2026-09-09 14:45:00,513.6,513.98,514.0,513.6,9035.0,4642458.8555
2026-09-09 14:46:00,514.0,513.95,514.08,513.77,5178.0,2661284.2061
2026-09-09 14:47:00,513.72,513.95,513.98,513.72,10178.0,5230165.624
2026-09-09 14:48:00,513.95,514.01,514.01,513.72,14762.0,7586792.4229
2026-09-09 14:49:00,514.0,514.17,514.3,513.76,14294.0,7348884.1288
2026-09-09 14:50:00,514.2,514.0,514.2,513.88,14541.0,7475866.043
2026-09-09 14:51:00,514.08,514.08,514.2,513.91,23201.0,11927003.6982
2026-09-09 14:52:00,514.08,513.95,514.08,513.93,8725.0,4484707.8359
2026-09-09 14:53:00,513.95,513.88,513.99,513.88,9285.0,4771863.5144
2026-09-09 14:54:00,513.94,513.89,513.95,513.77,13778.0,7080375.813
2026-09-09 14:55:00,513.89,513.77,513.94,513.73,10131.0,5205528.085
2026-09-09 14:56:00,513.75,513.77,513.88,513.75,20177.0,10366840.5901
2026-09-09 14:57:00,513.77,513.82,513.88,513.68,30572.0,15707458.5059
2026-09-09 15:00:00,513.93,513.93,513.93,513.93,40460.0,20793607.6392
