fund_code,fund_name,stock_code,stock_name,market,report_date,weight_pct,shares_10k,value_10k_reported,industry,concepts,market_tags,holdings_source_id,industry_source_id,concept_source_ids,classification_status
002910,易方达供给改革混合,688200,华峰测控,SH,2026-06-30,9.15,245.15,128727.21,,[],[],d943627cbaca4c97f05b97bd,,[],unavailable
002910,易方达供给改革混合,002371,北方华创,SZ,2026-06-30,8.82,140.36,124160.03,,[],[],d943627cbaca4c97f05b97bd,,[],unavailable
002910,易方达供给改革混合,688233,神工股份,SH,2026-06-30,7.21,473.32,101490.0,,[],[],d943627cbaca4c97f05b97bd,,[],unavailable
002910,易方达供给改革混合,688521,芯原股份,SH,2026-06-30,6.56,248.87,92366.65,,[],[],d943627cbaca4c97f05b97bd,,[],unavailable
002910,易方达供给改革混合,688256,寒武纪,SH,2026-06-30,6.42,56.6,90307.17,,[],[],d943627cbaca4c97f05b97bd,,[],unavailable
002910,易方达供给改革混合,688361,中科飞测,SH,2026-06-30,6.37,208.61,89704.11,,[],[],d943627cbaca4c97f05b97bd,,[],unavailable
002910,易方达供给改革混合,688372,伟测科技,SH,2026-06-30,5.31,402.21,74810.65,,[],[],d943627cbaca4c97f05b97bd,,[],unavailable
002910,易方达供给改革混合,688652,京仪装备,SH,2026-06-30,3.69,259.77,51997.76,,[],[],d943627cbaca4c97f05b97bd,,[],unavailable
002910,易方达供给改革混合,688409,富创精密,SH,2026-06-30,3.17,145.79,44647.33,,[],[],d943627cbaca4c97f05b97bd,,[],unavailable
002910,易方达供给改革混合,301018,申菱环境,SZ,2026-06-30,2.7,329.2,38058.34,,[],[],d943627cbaca4c97f05b97bd,,[],unavailable
002910,易方达供给改革混合,603259,药明康德,SH,2026-06-30,2.36,267.17,33265.34,,[],[],d943627cbaca4c97f05b97bd,,[],unavailable
002910,易方达供给改革混合,300604,长川科技,SZ,2026-06-30,2.28,93.9,32059.51,,[],[],d943627cbaca4c97f05b97bd,,[],unavailable
002910,易方达供给改革混合,688596,正帆科技,SH,2026-06-30,2.04,362.93,28693.06,,[],[],d943627cbaca4c97f05b97bd,,[],unavailable
002910,易方达供给改革混合,300820,英杰电气,SZ,2026-06-30,1.88,293.4,26473.06,,[],[],d943627cbaca4c97f05b97bd,,[],unavailable
002910,易方达供给改革混合,300666,江丰电子,SZ,2026-06-30,1.85,70.58,26015.6,,[],[],d943627cbaca4c97f05b97bd,,[],unavailable
002910,易方达供给改革混合,688785,恒运昌,SH,2026-06-30,1.82,53.04,25674.11,,[],[],d943627cbaca4c97f05b97bd,,[],unavailable
002910,易方达供给改革混合,300567,精测电子,SZ,2026-06-30,1.74,76.93,24432.62,,[],[],d943627cbaca4c97f05b97bd,,[],unavailable
002910,易方达供给改革混合,603995,甬金股份,SH,2026-06-30,1.47,893.22,20731.66,,[],[],d943627cbaca4c97f05b97bd,,[],unavailable
002910,易方达供给改革混合,002536,飞龙股份,SZ,2026-06-30,1.42,422.78,19946.59,,[],[],d943627cbaca4c97f05b97bd,,[],unavailable
002910,易方达供给改革混合,688605,先锋精科,SH,2026-06-30,1.26,170.68,17754.51,,[],[],d943627cbaca4c97f05b97bd,,[],unavailable
002910,易方达供给改革混合,600660,福耀玻璃,SH,2026-06-30,0.78,216.36,10913.1,,[],[],d943627cbaca4c97f05b97bd,,[],unavailable
002910,易方达供给改革混合,002444,巨星科技,SZ,2026-06-30,0.76,345.17,10734.79,,[],[],d943627cbaca4c97f05b97bd,,[],unavailable
002910,易方达供给改革混合,688610,埃科光电,SH,2026-06-30,0.5,26.51,6982.08,,[],[],d943627cbaca4c97f05b97bd,,[],unavailable
002910,易方达供给改革混合,300037,新宙邦,SZ,2026-06-30,0.49,74.87,6951.59,,[],[],d943627cbaca4c97f05b97bd,,[],unavailable
002910,易方达供给改革混合,688352,颀中科技,SH,2026-06-30,0.47,275.47,6660.9,,[],[],d943627cbaca4c97f05b97bd,,[],unavailable
002910,易方达供给改革混合,603005,晶方科技,SH,2026-06-30,0.43,111.61,6012.43,,[],[],d943627cbaca4c97f05b97bd,,[],unavailable
002910,易方达供给改革混合,301039,中集车辆,SZ,2026-06-30,0.27,547.37,3858.96,,[],[],d943627cbaca4c97f05b97bd,,[],unavailable
002910,易方达供给改革混合,688170,德龙激光,SH,2026-06-30,0.2,28.98,2782.29,,[],[],d943627cbaca4c97f05b97bd,,[],unavailable
002910,易方达供给改革混合,600348,华阳股份,SH,2026-06-30,0.16,296.53,2268.45,,[],[],d943627cbaca4c97f05b97bd,,[],unavailable
002910,易方达供给改革混合,688809,强一股份,SH,2026-06-30,0.06,1.26,787.35,,[],[],d943627cbaca4c97f05b97bd,,[],unavailable
002910,易方达供给改革混合,688795,摩尔线程,SH,2026-06-30,0.05,1.08,732.99,,[],[],d943627cbaca4c97f05b97bd,,[],unavailable
002910,易方达供给改革混合,301161,唯万密封,SZ,2026-06-30,0.03,10.77,415.83,,[],[],d943627cbaca4c97f05b97bd,,[],unavailable
002910,易方达供给改革混合,688802,沐曦股份,SH,2026-06-30,0.02,0.4,307.09,,[],[],d943627cbaca4c97f05b97bd,,[],unavailable
002910,易方达供给改革混合,688783,西安奕材,SH,2026-06-30,0.02,4.44,254.77,,[],[],d943627cbaca4c97f05b97bd,,[],unavailable
002910,易方达供给改革混合,688797,臻宝科技,SH,2026-06-30,0.01,0.21,138.27,,[],[],d943627cbaca4c97f05b97bd,,[],unavailable
002910,易方达供给改革混合,600276,恒瑞医药,SH,2026-06-30,0.01,1.4,72.94,,[],[],d943627cbaca4c97f05b97bd,,[],unavailable
002910,易方达供给改革混合,301666,大普微,SZ,2026-06-30,0.0,0.12,56.53,,[],[],d943627cbaca4c97f05b97bd,,[],unavailable
002910,易方达供给改革混合,001399,惠科股份,SZ,2026-06-30,0.0,1.62,55.14,,[],[],d943627cbaca4c97f05b97bd,,[],unavailable
002910,易方达供给改革混合,688759,必贝特,SH,2026-06-30,0.0,1.26,38.47,,[],[],d943627cbaca4c97f05b97bd,,[],unavailable
002910,易方达供给改革混合,688820,盛合晶微,SH,2026-06-30,0.0,0.24,33.83,,[],[],d943627cbaca4c97f05b97bd,,[],unavailable
002910,易方达供给改革混合,688790,昂瑞微,SH,2026-06-30,0.0,0.23,29.32,,[],[],d943627cbaca4c97f05b97bd,,[],unavailable
002910,易方达供给改革混合,688781,视涯科技,SH,2026-06-30,0.0,0.63,26.71,,[],[],d943627cbaca4c97f05b97bd,,[],unavailable
002910,易方达供给改革混合,688808,联讯仪器,SH,2026-06-30,0.0,0.02,25.82,,[],[],d943627cbaca4c97f05b97bd,,[],unavailable
002910,易方达供给改革混合,300782,卓胜微,SZ,2026-06-30,0.0,0.17,18.3,,[],[],d943627cbaca4c97f05b97bd,,[],unavailable
002910,易方达供给改革混合,688818,电科蓝天,SH,2026-06-30,0.0,0.17,12.04,,[],[],d943627cbaca4c97f05b97bd,,[],unavailable
002910,易方达供给改革混合,301682,宏明电子,SZ,2026-06-30,0.0,0.07,11.43,,[],[],d943627cbaca4c97f05b97bd,,[],unavailable
002910,易方达供给改革混合,688712,北芯生命,SH,2026-06-30,0.0,0.15,5.39,,[],[],d943627cbaca4c97f05b97bd,,[],unavailable
002910,易方达供给改革混合,688807,优迅股份,SH,2026-06-30,0.0,0.01,5.27,,[],[],d943627cbaca4c97f05b97bd,,[],unavailable
002910,易方达供给改革混合,688813,泰金新能,SH,2026-06-30,0.0,0.02,4.03,,[],[],d943627cbaca4c97f05b97bd,,[],unavailable
002910,易方达供给改革混合,688635,长进光子,SH,2026-06-30,0.0,0.01,3.94,,[],[],d943627cbaca4c97f05b97bd,,[],unavailable
002910,易方达供给改革混合,001257,盛龙股份,SZ,2026-06-30,0.0,0.17,3.61,,[],[],d943627cbaca4c97f05b97bd,,[],unavailable
002910,易方达供给改革混合,603459,红板科技,SH,2026-06-30,0.0,0.03,2.78,,[],[],d943627cbaca4c97f05b97bd,,[],unavailable
002910,易方达供给改革混合,001365,天海电子,SZ,2026-06-30,0.0,0.07,2.25,,[],[],d943627cbaca4c97f05b97bd,,[],unavailable
002910,易方达供给改革混合,688811,有研复材,SH,2026-06-30,0.0,0.08,2.01,,[],[],d943627cbaca4c97f05b97bd,,[],unavailable
002910,易方达供给改革混合,301696,三瑞智能,SZ,2026-06-30,0.0,0.02,1.87,,[],[],d943627cbaca4c97f05b97bd,,[],unavailable
002910,易方达供给改革混合,001237,惠康科技,SZ,2026-06-30,0.0,0.03,1.67,,[],[],d943627cbaca4c97f05b97bd,,[],unavailable
002910,易方达供给改革混合,301669,高特电子,SZ,2026-06-30,0.0,0.05,1.55,,[],[],d943627cbaca4c97f05b97bd,,[],unavailable
002910,易方达供给改革混合,301687,新广益,SZ,2026-06-30,0.0,0.02,1.52,,[],[],d943627cbaca4c97f05b97bd,,[],unavailable
002910,易方达供给改革混合,001393,维通利,SZ,2026-06-30,0.0,0.04,1.51,,[],[],d943627cbaca4c97f05b97bd,,[],unavailable
002910,易方达供给改革混合,301531,春光集团,SZ,2026-06-30,0.0,0.03,1.5,,[],[],d943627cbaca4c97f05b97bd,,[],unavailable
002910,易方达供给改革混合,301599,理奇智能,SZ,2026-06-30,0.0,0.04,1.41,,[],[],d943627cbaca4c97f05b97bd,,[],unavailable
002910,易方达供给改革混合,601112,振石股份,SH,2026-06-30,0.0,0.08,1.36,,[],[],d943627cbaca4c97f05b97bd,,[],unavailable
002910,易方达供给改革混合,301680,固德电材,SZ,2026-06-30,0.0,0.01,1.31,,[],[],d943627cbaca4c97f05b97bd,,[],unavailable
002910,易方达供给改革混合,688805,健信超导,SH,2026-06-30,0.0,0.03,1.24,,[],[],d943627cbaca4c97f05b97bd,,[],unavailable
002910,易方达供给改革混合,001369,双欣材料,SZ,2026-06-30,0.0,0.09,1.21,,[],[],d943627cbaca4c97f05b97bd,,[],unavailable
002910,易方达供给改革混合,301683,慧谷新材,SZ,2026-06-30,0.0,0.01,1.17,,[],[],d943627cbaca4c97f05b97bd,,[],unavailable
002910,易方达供给改革混合,301667,纳百川,SZ,2026-06-30,0.0,0.02,1.09,,[],[],d943627cbaca4c97f05b97bd,,[],unavailable
002910,易方达供给改革混合,001248,华润新能源,SZ,2026-06-30,0.0,0.1,1.01,,[],[],d943627cbaca4c97f05b97bd,,[],unavailable
002910,易方达供给改革混合,688816,易思维,SH,2026-06-30,0.0,0.02,1.01,,[],[],d943627cbaca4c97f05b97bd,,[],unavailable
002910,易方达供给改革混合,301513,尚水智能,SZ,2026-06-30,0.0,0.01,0.7,,[],[],d943627cbaca4c97f05b97bd,,[],unavailable
002910,易方达供给改革混合,603248,锡华科技,SH,2026-06-30,0.0,0.03,0.55,,[],[],d943627cbaca4c97f05b97bd,,[],unavailable
002910,易方达供给改革混合,603435,嘉德利,SH,2026-06-30,0.0,0.01,0.49,,[],[],d943627cbaca4c97f05b97bd,,[],unavailable
002910,易方达供给改革混合,603352,至信股份,SH,2026-06-30,0.0,0.01,0.29,,[],[],d943627cbaca4c97f05b97bd,,[],unavailable
002910,易方达供给改革混合,001396,誉帆科技,SZ,2026-06-30,0.0,0.01,0.24,,[],[],d943627cbaca4c97f05b97bd,,[],unavailable
002910,易方达供给改革混合,603293,埃泰克,SH,2026-06-30,0.0,0.01,0.24,,[],[],d943627cbaca4c97f05b97bd,,[],unavailable
002910,易方达供给改革混合,001312,福恩股份,SZ,2026-06-30,0.0,0.01,0.22,,[],[],d943627cbaca4c97f05b97bd,,[],unavailable
002910,易方达供给改革混合,300772,运达股份,SZ,2026-06-30,0.0,0.02,0.22,,[],[],d943627cbaca4c97f05b97bd,,[],unavailable
002910,易方达供给改革混合,603284,林平发展,SH,2026-06-30,0.0,0.0,0.16,,[],[],d943627cbaca4c97f05b97bd,,[],unavailable
002910,易方达供给改革混合,001220,世盟股份,SZ,2026-06-30,0.0,0.01,0.16,,[],[],d943627cbaca4c97f05b97bd,,[],unavailable
004320,前海开源沪港深乐享生活,300502,新易盛,SZ,2026-06-30,9.44,128.03,77713.97,,[],[],73ce2c22674495f233a353c1,,[],unavailable
004320,前海开源沪港深乐享生活,688048,长光华芯,SH,2026-06-30,9.37,153.74,77178.79,,[],[],73ce2c22674495f233a353c1,,[],unavailable
004320,前海开源沪港深乐享生活,300308,中际旭创,SZ,2026-06-30,9.32,60.42,76727.05,,[],[],73ce2c22674495f233a353c1,,[],unavailable
004320,前海开源沪港深乐享生活,688256,寒武纪,SH,2026-06-30,8.92,46.03,73445.08,,[],[],73ce2c22674495f233a353c1,,[],unavailable
004320,前海开源沪港深乐享生活,002837,英维克,SZ,2026-06-30,8.83,914.23,72736.13,,[],[],73ce2c22674495f233a353c1,,[],unavailable
004320,前海开源沪港深乐享生活,300843,胜蓝股份,SZ,2026-06-30,8.25,434.66,67915.94,,[],[],73ce2c22674495f233a353c1,,[],unavailable
004320,前海开源沪港深乐享生活,603306,华懋科技,SH,2026-06-30,7.89,626.95,65008.45,,[],[],73ce2c22674495f233a353c1,,[],unavailable
004320,前海开源沪港深乐享生活,301629,矽电股份,SZ,2026-06-30,7.09,135.7,58405.71,,[],[],73ce2c22674495f233a353c1,,[],unavailable
004320,前海开源沪港深乐享生活,600330,天通股份,SH,2026-06-30,7.08,1890.78,58311.59,,[],[],73ce2c22674495f233a353c1,,[],unavailable
004320,前海开源沪港深乐享生活,002222,福晶科技,SZ,2026-06-30,5.21,465.03,42912.85,,[],[],73ce2c22674495f233a353c1,,[],unavailable
004320,前海开源沪港深乐享生活,688195,腾景科技,SH,2026-06-30,4.92,210.44,40526.07,,[],[],73ce2c22674495f233a353c1,,[],unavailable
004320,前海开源沪港深乐享生活,06869,长飞光纤光缆,HK,2026-06-30,4.69,174.25,38653.47,,[],[],73ce2c22674495f233a353c1,,[],unmapped_market
004320,前海开源沪港深乐享生活,300548,长芯博创,SZ,2026-06-30,3.12,92.38,25680.69,,[],[],73ce2c22674495f233a353c1,,[],unavailable
021179,易方达产业机遇混合A,688200,华峰测控,SH,2026-06-30,9.21,10.63,5580.92,,[],[],d0b581480092f771ef48868e,,[],unavailable
021179,易方达产业机遇混合A,002371,北方华创,SZ,2026-06-30,9.09,6.23,5509.22,,[],[],d0b581480092f771ef48868e,,[],unavailable
021179,易方达产业机遇混合A,688256,寒武纪,SH,2026-06-30,6.44,2.44,3900.32,,[],[],d0b581480092f771ef48868e,,[],unavailable
021179,易方达产业机遇混合A,688521,芯原股份,SH,2026-06-30,6.39,10.44,3873.11,,[],[],d0b581480092f771ef48868e,,[],unavailable
021179,易方达产业机遇混合A,688233,神工股份,SH,2026-06-30,6.23,17.61,3775.59,,[],[],d0b581480092f771ef48868e,,[],unavailable
021179,易方达产业机遇混合A,688361,中科飞测,SH,2026-06-30,5.31,7.48,3218.03,,[],[],d0b581480092f771ef48868e,,[],unavailable
021179,易方达产业机遇混合A,688372,伟测科技,SH,2026-06-30,5.31,17.3,3217.48,,[],[],d0b581480092f771ef48868e,,[],unavailable
021179,易方达产业机遇混合A,688652,京仪装备,SH,2026-06-30,3.71,11.23,2246.99,,[],[],d0b581480092f771ef48868e,,[],unavailable
021179,易方达产业机遇混合A,688409,富创精密,SH,2026-06-30,3.18,6.3,1928.89,,[],[],d0b581480092f771ef48868e,,[],unavailable
021179,易方达产业机遇混合A,301018,申菱环境,SZ,2026-06-30,2.52,13.19,1524.66,,[],[],d0b581480092f771ef48868e,,[],unavailable
021179,易方达产业机遇混合A,603259,药明康德,SH,2026-06-30,2.4,11.66,1451.79,,[],[],d0b581480092f771ef48868e,,[],unavailable
021179,易方达产业机遇混合A,00175,吉利汽车,HK,2026-06-30,2.38,98.3,1439.48,,[],[],d0b581480092f771ef48868e,,[],unmapped_market
021179,易方达产业机遇混合A,300604,长川科技,SZ,2026-06-30,2.21,3.92,1338.37,,[],[],d0b581480092f771ef48868e,,[],unavailable
021179,易方达产业机遇混合A,300820,英杰电气,SZ,2026-06-30,2.1,14.12,1274.05,,[],[],d0b581480092f771ef48868e,,[],unavailable
021179,易方达产业机遇混合A,688596,正帆科技,SH,2026-06-30,2.05,15.74,1244.78,,[],[],d0b581480092f771ef48868e,,[],unavailable
021179,易方达产业机遇混合A,688785,恒运昌,SH,2026-06-30,1.77,2.21,1071.3,,[],[],d0b581480092f771ef48868e,,[],unavailable
021179,易方达产业机遇混合A,300666,江丰电子,SZ,2026-06-30,1.67,2.75,1013.65,,[],[],d0b581480092f771ef48868e,,[],unavailable
021179,易方达产业机遇混合A,300567,精测电子,SZ,2026-06-30,1.42,2.71,860.82,,[],[],d0b581480092f771ef48868e,,[],unavailable
021179,易方达产业机遇混合A,002536,飞龙股份,SZ,2026-06-30,1.29,16.52,779.41,,[],[],d0b581480092f771ef48868e,,[],unavailable
021179,易方达产业机遇混合A,688605,先锋精科,SH,2026-06-30,1.08,6.28,652.94,,[],[],d0b581480092f771ef48868e,,[],unavailable
021179,易方达产业机遇混合A,002444,巨星科技,SZ,2026-06-30,0.77,15.0,466.5,,[],[],d0b581480092f771ef48868e,,[],unavailable
021179,易方达产业机遇混合A,600660,福耀玻璃,SH,2026-06-30,0.73,8.81,444.38,,[],[],d0b581480092f771ef48868e,,[],unavailable
021179,易方达产业机遇混合A,300037,新宙邦,SZ,2026-06-30,0.49,3.22,298.98,,[],[],d0b581480092f771ef48868e,,[],unavailable
021179,易方达产业机遇混合A,688610,埃科光电,SH,2026-06-30,0.48,1.11,292.35,,[],[],d0b581480092f771ef48868e,,[],unavailable
021179,易方达产业机遇混合A,688352,颀中科技,SH,2026-06-30,0.45,11.26,272.17,,[],[],d0b581480092f771ef48868e,,[],unavailable
021179,易方达产业机遇混合A,603005,晶方科技,SH,2026-06-30,0.4,4.45,239.72,,[],[],d0b581480092f771ef48868e,,[],unavailable
021179,易方达产业机遇混合A,301039,中集车辆,SZ,2026-06-30,0.26,22.7,160.04,,[],[],d0b581480092f771ef48868e,,[],unavailable
021179,易方达产业机遇混合A,688170,德龙激光,SH,2026-06-30,0.2,1.25,120.11,,[],[],d0b581480092f771ef48868e,,[],unavailable
021179,易方达产业机遇混合A,688797,臻宝科技,SH,2026-06-30,0.14,0.13,85.55,,[],[],d0b581480092f771ef48868e,,[],unavailable
021179,易方达产业机遇混合A,600348,华阳股份,SH,2026-06-30,0.13,10.58,80.94,,[],[],d0b581480092f771ef48868e,,[],unavailable
021179,易方达产业机遇混合A,301161,唯万密封,SZ,2026-06-30,0.03,0.49,18.92,,[],[],d0b581480092f771ef48868e,,[],unavailable
021179,易方达产业机遇混合A,002463,沪电股份,SZ,2026-06-30,0.02,0.06,9.17,,[],[],d0b581480092f771ef48868e,,[],unavailable
021179,易方达产业机遇混合A,688635,长进光子,SH,2026-06-30,0.0,0.01,2.25,,[],[],d0b581480092f771ef48868e,,[],unavailable
021179,易方达产业机遇混合A,301669,高特电子,SZ,2026-06-30,0.0,0.04,1.03,,[],[],d0b581480092f771ef48868e,,[],unavailable
021179,易方达产业机遇混合A,001248,华润新能源,SZ,2026-06-30,0.0,0.1,1.01,,[],[],d0b581480092f771ef48868e,,[],unavailable
021179,易方达产业机遇混合A,603435,嘉德利,SH,2026-06-30,0.0,0.01,0.25,,[],[],d0b581480092f771ef48868e,,[],unavailable
021180,易方达产业机遇混合C,688200,华峰测控,SH,2026-06-30,9.21,10.63,5580.92,,[],[],e854b76f39a5e207e6ccf56a,,[],unavailable
021180,易方达产业机遇混合C,002371,北方华创,SZ,2026-06-30,9.09,6.23,5509.22,,[],[],e854b76f39a5e207e6ccf56a,,[],unavailable
021180,易方达产业机遇混合C,688256,寒武纪,SH,2026-06-30,6.44,2.44,3900.32,,[],[],e854b76f39a5e207e6ccf56a,,[],unavailable
021180,易方达产业机遇混合C,688521,芯原股份,SH,2026-06-30,6.39,10.44,3873.11,,[],[],e854b76f39a5e207e6ccf56a,,[],unavailable
021180,易方达产业机遇混合C,688233,神工股份,SH,2026-06-30,6.23,17.61,3775.59,,[],[],e854b76f39a5e207e6ccf56a,,[],unavailable
021180,易方达产业机遇混合C,688361,中科飞测,SH,2026-06-30,5.31,7.48,3218.03,,[],[],e854b76f39a5e207e6ccf56a,,[],unavailable
021180,易方达产业机遇混合C,688372,伟测科技,SH,2026-06-30,5.31,17.3,3217.48,,[],[],e854b76f39a5e207e6ccf56a,,[],unavailable
021180,易方达产业机遇混合C,688652,京仪装备,SH,2026-06-30,3.71,11.23,2246.99,,[],[],e854b76f39a5e207e6ccf56a,,[],unavailable
021180,易方达产业机遇混合C,688409,富创精密,SH,2026-06-30,3.18,6.3,1928.89,,[],[],e854b76f39a5e207e6ccf56a,,[],unavailable
021180,易方达产业机遇混合C,301018,申菱环境,SZ,2026-06-30,2.52,13.19,1524.66,,[],[],e854b76f39a5e207e6ccf56a,,[],unavailable
021180,易方达产业机遇混合C,603259,药明康德,SH,2026-06-30,2.4,11.66,1451.79,,[],[],e854b76f39a5e207e6ccf56a,,[],unavailable
021180,易方达产业机遇混合C,00175,吉利汽车,HK,2026-06-30,2.38,98.3,1439.48,,[],[],e854b76f39a5e207e6ccf56a,,[],unmapped_market
021180,易方达产业机遇混合C,300604,长川科技,SZ,2026-06-30,2.21,3.92,1338.37,,[],[],e854b76f39a5e207e6ccf56a,,[],unavailable
021180,易方达产业机遇混合C,300820,英杰电气,SZ,2026-06-30,2.1,14.12,1274.05,,[],[],e854b76f39a5e207e6ccf56a,,[],unavailable
021180,易方达产业机遇混合C,688596,正帆科技,SH,2026-06-30,2.05,15.74,1244.78,,[],[],e854b76f39a5e207e6ccf56a,,[],unavailable
021180,易方达产业机遇混合C,688785,恒运昌,SH,2026-06-30,1.77,2.21,1071.3,,[],[],e854b76f39a5e207e6ccf56a,,[],unavailable
021180,易方达产业机遇混合C,300666,江丰电子,SZ,2026-06-30,1.67,2.75,1013.65,,[],[],e854b76f39a5e207e6ccf56a,,[],unavailable
021180,易方达产业机遇混合C,300567,精测电子,SZ,2026-06-30,1.42,2.71,860.82,,[],[],e854b76f39a5e207e6ccf56a,,[],unavailable
021180,易方达产业机遇混合C,002536,飞龙股份,SZ,2026-06-30,1.29,16.52,779.41,,[],[],e854b76f39a5e207e6ccf56a,,[],unavailable
021180,易方达产业机遇混合C,688605,先锋精科,SH,2026-06-30,1.08,6.28,652.94,,[],[],e854b76f39a5e207e6ccf56a,,[],unavailable
021180,易方达产业机遇混合C,002444,巨星科技,SZ,2026-06-30,0.77,15.0,466.5,,[],[],e854b76f39a5e207e6ccf56a,,[],unavailable
021180,易方达产业机遇混合C,600660,福耀玻璃,SH,2026-06-30,0.73,8.81,444.38,,[],[],e854b76f39a5e207e6ccf56a,,[],unavailable
021180,易方达产业机遇混合C,300037,新宙邦,SZ,2026-06-30,0.49,3.22,298.98,,[],[],e854b76f39a5e207e6ccf56a,,[],unavailable
021180,易方达产业机遇混合C,688610,埃科光电,SH,2026-06-30,0.48,1.11,292.35,,[],[],e854b76f39a5e207e6ccf56a,,[],unavailable
021180,易方达产业机遇混合C,688352,颀中科技,SH,2026-06-30,0.45,11.26,272.17,,[],[],e854b76f39a5e207e6ccf56a,,[],unavailable
021180,易方达产业机遇混合C,603005,晶方科技,SH,2026-06-30,0.4,4.45,239.72,,[],[],e854b76f39a5e207e6ccf56a,,[],unavailable
021180,易方达产业机遇混合C,301039,中集车辆,SZ,2026-06-30,0.26,22.7,160.04,,[],[],e854b76f39a5e207e6ccf56a,,[],unavailable
021180,易方达产业机遇混合C,688170,德龙激光,SH,2026-06-30,0.2,1.25,120.11,,[],[],e854b76f39a5e207e6ccf56a,,[],unavailable
021180,易方达产业机遇混合C,688797,臻宝科技,SH,2026-06-30,0.14,0.13,85.55,,[],[],e854b76f39a5e207e6ccf56a,,[],unavailable
021180,易方达产业机遇混合C,600348,华阳股份,SH,2026-06-30,0.13,10.58,80.94,,[],[],e854b76f39a5e207e6ccf56a,,[],unavailable
021180,易方达产业机遇混合C,301161,唯万密封,SZ,2026-06-30,0.03,0.49,18.92,,[],[],e854b76f39a5e207e6ccf56a,,[],unavailable
021180,易方达产业机遇混合C,002463,沪电股份,SZ,2026-06-30,0.02,0.06,9.17,,[],[],e854b76f39a5e207e6ccf56a,,[],unavailable
021180,易方达产业机遇混合C,688635,长进光子,SH,2026-06-30,0.0,0.01,2.25,,[],[],e854b76f39a5e207e6ccf56a,,[],unavailable
021180,易方达产业机遇混合C,301669,高特电子,SZ,2026-06-30,0.0,0.04,1.03,,[],[],e854b76f39a5e207e6ccf56a,,[],unavailable
021180,易方达产业机遇混合C,001248,华润新能源,SZ,2026-06-30,0.0,0.1,1.01,,[],[],e854b76f39a5e207e6ccf56a,,[],unavailable
021180,易方达产业机遇混合C,603435,嘉德利,SH,2026-06-30,0.0,0.01,0.25,,[],[],e854b76f39a5e207e6ccf56a,,[],unavailable
011369,华商均衡成长混合A,300308,中际旭创,SZ,2026-06-30,7.13,139.55,177223.17,,[],[],24b3db58455c0334145c6824,,[],unavailable
011369,华商均衡成长混合A,300502,新易盛,SZ,2026-06-30,6.64,271.64,164882.51,,[],[],24b3db58455c0334145c6824,,[],unavailable
011369,华商均衡成长混合A,000636,风华高科,SZ,2026-06-30,5.95,2046.99,147874.43,,[],[],24b3db58455c0334145c6824,,[],unavailable
011369,华商均衡成长混合A,300408,三环集团,SZ,2026-06-30,5.6,833.27,139072.66,,[],[],24b3db58455c0334145c6824,,[],unavailable
011369,华商均衡成长混合A,688498,源杰科技,SH,2026-06-30,3.84,50.53,95297.51,,[],[],24b3db58455c0334145c6824,,[],unavailable
011369,华商均衡成长混合A,605376,博迁新材,SH,2026-06-30,3.6,329.99,89525.64,,[],[],24b3db58455c0334145c6824,,[],unavailable
011369,华商均衡成长混合A,600105,永鼎股份,SH,2026-06-30,3.6,1326.37,89503.25,,[],[],24b3db58455c0334145c6824,,[],unavailable
011369,华商均衡成长混合A,688048,长光华芯,SH,2026-06-30,3.35,165.66,83162.73,,[],[],24b3db58455c0334145c6824,,[],unavailable
011369,华商均衡成长混合A,002428,云南锗业,SZ,2026-06-30,2.88,594.86,71489.72,,[],[],24b3db58455c0334145c6824,,[],unavailable
011369,华商均衡成长混合A,600183,生益科技,SH,2026-06-30,2.68,383.51,66500.63,,[],[],24b3db58455c0334145c6824,,[],unavailable
011369,华商均衡成长混合A,603678,火炬电子,SH,2026-06-30,2.66,796.99,66150.49,,[],[],24b3db58455c0334145c6824,,[],unavailable
011369,华商均衡成长混合A,601869,长飞光纤,SH,2026-06-30,2.45,111.45,60841.21,,[],[],24b3db58455c0334145c6824,,[],unavailable
011369,华商均衡成长混合A,002384,东山精密,SZ,2026-06-30,2.34,221.49,58107.67,,[],[],24b3db58455c0334145c6824,,[],unavailable
011369,华商均衡成长混合A,600487,亨通光电,SH,2026-06-30,1.97,447.04,48878.84,,[],[],24b3db58455c0334145c6824,,[],unavailable
011369,华商均衡成长混合A,300285,国瓷材料,SZ,2026-06-30,1.88,452.84,46724.3,,[],[],24b3db58455c0334145c6824,,[],unavailable
011369,华商均衡成长混合A,688313,仕佳光子,SH,2026-06-30,1.78,240.05,44324.31,,[],[],24b3db58455c0334145c6824,,[],unavailable
011369,华商均衡成长混合A,002916,深南电路,SZ,2026-06-30,1.58,85.81,39293.77,,[],[],24b3db58455c0334145c6824,,[],unavailable
011369,华商均衡成长混合A,002080,中材科技,SZ,2026-06-30,1.55,427.96,38516.76,,[],[],24b3db58455c0334145c6824,,[],unavailable
011369,华商均衡成长混合A,603256,宏和科技,SH,2026-06-30,1.52,142.06,37693.66,,[],[],24b3db58455c0334145c6824,,[],unavailable
011369,华商均衡成长混合A,002859,洁美科技,SZ,2026-06-30,1.48,334.83,36667.75,,[],[],24b3db58455c0334145c6824,,[],unavailable
011369,华商均衡成长混合A,688183,生益电子,SH,2026-06-30,1.2,225.86,29904.18,,[],[],24b3db58455c0334145c6824,,[],unavailable
011369,华商均衡成长混合A,300476,胜宏科技,SZ,2026-06-30,1.15,82.45,28563.33,,[],[],24b3db58455c0334145c6824,,[],unavailable
011369,华商均衡成长混合A,003031,中瓷电子,SZ,2026-06-30,1.13,155.91,28110.92,,[],[],24b3db58455c0334145c6824,,[],unavailable
011369,华商均衡成长混合A,688603,天承科技,SH,2026-06-30,1.08,128.76,26775.35,,[],[],24b3db58455c0334145c6824,,[],unavailable
011369,华商均衡成长混合A,603986,兆易创新,SH,2026-06-30,1.07,32.77,26705.35,,[],[],24b3db58455c0334145c6824,,[],unavailable
011369,华商均衡成长混合A,301377,鼎泰高科,SZ,2026-06-30,1.07,48.3,26608.47,,[],[],24b3db58455c0334145c6824,,[],unavailable
011369,华商均衡成长混合A,688300,联瑞新材,SH,2026-06-30,1.06,107.97,26388.55,,[],[],24b3db58455c0334145c6824,,[],unavailable
011369,华商均衡成长混合A,301526,国际复材,SZ,2026-06-30,1.05,558.41,26060.99,,[],[],24b3db58455c0334145c6824,,[],unavailable
011369,华商均衡成长混合A,002484,江海股份,SZ,2026-06-30,1.04,246.04,25834.2,,[],[],24b3db58455c0334145c6824,,[],unavailable
011369,华商均衡成长混合A,002222,福晶科技,SZ,2026-06-30,1.04,279.44,25787.02,,[],[],24b3db58455c0334145c6824,,[],unavailable
011369,华商均衡成长混合A,688260,昀冢科技,SH,2026-06-30,0.98,168.58,24276.1,,[],[],24b3db58455c0334145c6824,,[],unavailable
011369,华商均衡成长混合A,002463,沪电股份,SZ,2026-06-30,0.89,144.06,22012.37,,[],[],24b3db58455c0334145c6824,,[],unavailable
011369,华商均衡成长混合A,301511,德福科技,SZ,2026-06-30,0.88,151.87,21846.79,,[],[],24b3db58455c0334145c6824,,[],unavailable
011369,华商均衡成长混合A,301150,中一科技,SZ,2026-06-30,0.73,286.4,18074.84,,[],[],24b3db58455c0334145c6824,,[],unavailable
011369,华商均衡成长混合A,002436,兴森科技,SZ,2026-06-30,0.7,343.01,17476.36,,[],[],24b3db58455c0334145c6824,,[],unavailable
011369,华商均衡成长混合A,002741,光华科技,SZ,2026-06-30,0.67,465.35,16631.61,,[],[],24b3db58455c0334145c6824,,[],unavailable
011369,华商均衡成长混合A,688158,优刻得,SH,2026-06-30,0.61,411.94,15142.8,,[],[],24b3db58455c0334145c6824,,[],unavailable
011369,华商均衡成长混合A,300394,天孚通信,SZ,2026-06-30,0.61,49.76,15060.45,,[],[],24b3db58455c0334145c6824,,[],unavailable
011369,华商均衡成长混合A,688766,普冉股份,SH,2026-06-30,0.6,19.48,14930.22,,[],[],24b3db58455c0334145c6824,,[],unavailable
011369,华商均衡成长混合A,301486,致尚科技,SZ,2026-06-30,0.59,69.97,14576.4,,[],[],24b3db58455c0334145c6824,,[],unavailable
011369,华商均衡成长混合A,300548,长芯博创,SZ,2026-06-30,0.55,49.06,13637.35,,[],[],24b3db58455c0334145c6824,,[],unavailable
011369,华商均衡成长混合A,688625,呈和科技,SH,2026-06-30,0.54,159.5,13463.46,,[],[],24b3db58455c0334145c6824,,[],unavailable
011369,华商均衡成长混合A,688545,兴福电子,SH,2026-06-30,0.54,100.41,13360.69,,[],[],24b3db58455c0334145c6824,,[],unavailable
011369,华商均衡成长混合A,605589,圣泉集团,SH,2026-06-30,0.54,209.32,13306.64,,[],[],24b3db58455c0334145c6824,,[],unavailable
011369,华商均衡成长混合A,300620,光库科技,SZ,2026-06-30,0.52,34.48,13040.22,,[],[],24b3db58455c0334145c6824,,[],unavailable
011369,华商均衡成长混合A,688233,神工股份,SH,2026-06-30,0.5,58.52,12547.97,,[],[],24b3db58455c0334145c6824,,[],unavailable
011369,华商均衡成长混合A,600673,东阳光,SH,2026-06-30,0.5,372.66,12513.83,,[],[],24b3db58455c0334145c6824,,[],unavailable
011369,华商均衡成长混合A,688041,海光信息,SH,2026-06-30,0.5,33.67,12466.3,,[],[],24b3db58455c0334145c6824,,[],unavailable
011369,华商均衡成长混合A,601208,东材科技,SH,2026-06-30,0.45,159.44,11286.48,,[],[],24b3db58455c0334145c6824,,[],unavailable
011369,华商均衡成长混合A,688020,方邦股份,SH,2026-06-30,0.45,44.96,11220.94,,[],[],24b3db58455c0334145c6824,,[],unavailable
011369,华商均衡成长混合A,688205,德科立,SH,2026-06-30,0.45,53.49,11136.71,,[],[],24b3db58455c0334145c6824,,[],unavailable
011369,华商均衡成长混合A,600330,天通股份,SH,2026-06-30,0.44,355.42,10961.15,,[],[],24b3db58455c0334145c6824,,[],unavailable
011369,华商均衡成长混合A,300814,中富电路,SZ,2026-06-30,0.41,50.28,10281.54,,[],[],24b3db58455c0334145c6824,,[],unavailable
011369,华商均衡成长混合A,603989,艾华集团,SH,2026-06-30,0.29,139.4,7318.5,,[],[],24b3db58455c0334145c6824,,[],unavailable
011369,华商均衡成长混合A,688167,炬光科技,SH,2026-06-30,0.29,20.17,7145.27,,[],[],24b3db58455c0334145c6824,,[],unavailable
011369,华商均衡成长混合A,301217,铜冠铜箔,SZ,2026-06-30,0.27,40.23,6640.78,,[],[],24b3db58455c0334145c6824,,[],unavailable
011369,华商均衡成长混合A,300868,杰美特,SZ,2026-06-30,0.2,33.51,4916.25,,[],[],24b3db58455c0334145c6824,,[],unavailable
011369,华商均衡成长混合A,688256,寒武纪,SH,2026-06-30,0.1,1.57,2508.84,,[],[],24b3db58455c0334145c6824,,[],unavailable
011370,华商均衡成长混合C,300308,中际旭创,SZ,2026-06-30,7.13,139.55,177223.17,,[],[],c91102da800d1698cc075d8f,,[],unavailable
011370,华商均衡成长混合C,300502,新易盛,SZ,2026-06-30,6.64,271.64,164882.51,,[],[],c91102da800d1698cc075d8f,,[],unavailable
011370,华商均衡成长混合C,000636,风华高科,SZ,2026-06-30,5.95,2046.99,147874.43,,[],[],c91102da800d1698cc075d8f,,[],unavailable
011370,华商均衡成长混合C,300408,三环集团,SZ,2026-06-30,5.6,833.27,139072.66,,[],[],c91102da800d1698cc075d8f,,[],unavailable
011370,华商均衡成长混合C,688498,源杰科技,SH,2026-06-30,3.84,50.53,95297.51,,[],[],c91102da800d1698cc075d8f,,[],unavailable
011370,华商均衡成长混合C,605376,博迁新材,SH,2026-06-30,3.6,329.99,89525.64,,[],[],c91102da800d1698cc075d8f,,[],unavailable
011370,华商均衡成长混合C,600105,永鼎股份,SH,2026-06-30,3.6,1326.37,89503.25,,[],[],c91102da800d1698cc075d8f,,[],unavailable
011370,华商均衡成长混合C,688048,长光华芯,SH,2026-06-30,3.35,165.66,83162.73,,[],[],c91102da800d1698cc075d8f,,[],unavailable
011370,华商均衡成长混合C,002428,云南锗业,SZ,2026-06-30,2.88,594.86,71489.72,,[],[],c91102da800d1698cc075d8f,,[],unavailable
011370,华商均衡成长混合C,600183,生益科技,SH,2026-06-30,2.68,383.51,66500.63,,[],[],c91102da800d1698cc075d8f,,[],unavailable
011370,华商均衡成长混合C,603678,火炬电子,SH,2026-06-30,2.66,796.99,66150.49,,[],[],c91102da800d1698cc075d8f,,[],unavailable
011370,华商均衡成长混合C,601869,长飞光纤,SH,2026-06-30,2.45,111.45,60841.21,,[],[],c91102da800d1698cc075d8f,,[],unavailable
011370,华商均衡成长混合C,002384,东山精密,SZ,2026-06-30,2.34,221.49,58107.67,,[],[],c91102da800d1698cc075d8f,,[],unavailable
011370,华商均衡成长混合C,600487,亨通光电,SH,2026-06-30,1.97,447.04,48878.84,,[],[],c91102da800d1698cc075d8f,,[],unavailable
011370,华商均衡成长混合C,300285,国瓷材料,SZ,2026-06-30,1.88,452.84,46724.3,,[],[],c91102da800d1698cc075d8f,,[],unavailable
011370,华商均衡成长混合C,688313,仕佳光子,SH,2026-06-30,1.78,240.05,44324.31,,[],[],c91102da800d1698cc075d8f,,[],unavailable
011370,华商均衡成长混合C,002916,深南电路,SZ,2026-06-30,1.58,85.81,39293.77,,[],[],c91102da800d1698cc075d8f,,[],unavailable
011370,华商均衡成长混合C,002080,中材科技,SZ,2026-06-30,1.55,427.96,38516.76,,[],[],c91102da800d1698cc075d8f,,[],unavailable
011370,华商均衡成长混合C,603256,宏和科技,SH,2026-06-30,1.52,142.06,37693.66,,[],[],c91102da800d1698cc075d8f,,[],unavailable
011370,华商均衡成长混合C,002859,洁美科技,SZ,2026-06-30,1.48,334.83,36667.75,,[],[],c91102da800d1698cc075d8f,,[],unavailable
011370,华商均衡成长混合C,688183,生益电子,SH,2026-06-30,1.2,225.86,29904.18,,[],[],c91102da800d1698cc075d8f,,[],unavailable
011370,华商均衡成长混合C,300476,胜宏科技,SZ,2026-06-30,1.15,82.45,28563.33,,[],[],c91102da800d1698cc075d8f,,[],unavailable
011370,华商均衡成长混合C,003031,中瓷电子,SZ,2026-06-30,1.13,155.91,28110.92,,[],[],c91102da800d1698cc075d8f,,[],unavailable
011370,华商均衡成长混合C,688603,天承科技,SH,2026-06-30,1.08,128.76,26775.35,,[],[],c91102da800d1698cc075d8f,,[],unavailable
011370,华商均衡成长混合C,603986,兆易创新,SH,2026-06-30,1.07,32.77,26705.35,,[],[],c91102da800d1698cc075d8f,,[],unavailable
011370,华商均衡成长混合C,301377,鼎泰高科,SZ,2026-06-30,1.07,48.3,26608.47,,[],[],c91102da800d1698cc075d8f,,[],unavailable
011370,华商均衡成长混合C,688300,联瑞新材,SH,2026-06-30,1.06,107.97,26388.55,,[],[],c91102da800d1698cc075d8f,,[],unavailable
011370,华商均衡成长混合C,301526,国际复材,SZ,2026-06-30,1.05,558.41,26060.99,,[],[],c91102da800d1698cc075d8f,,[],unavailable
011370,华商均衡成长混合C,002484,江海股份,SZ,2026-06-30,1.04,246.04,25834.2,,[],[],c91102da800d1698cc075d8f,,[],unavailable
011370,华商均衡成长混合C,002222,福晶科技,SZ,2026-06-30,1.04,279.44,25787.02,,[],[],c91102da800d1698cc075d8f,,[],unavailable
011370,华商均衡成长混合C,688260,昀冢科技,SH,2026-06-30,0.98,168.58,24276.1,,[],[],c91102da800d1698cc075d8f,,[],unavailable
011370,华商均衡成长混合C,002463,沪电股份,SZ,2026-06-30,0.89,144.06,22012.37,,[],[],c91102da800d1698cc075d8f,,[],unavailable
011370,华商均衡成长混合C,301511,德福科技,SZ,2026-06-30,0.88,151.87,21846.79,,[],[],c91102da800d1698cc075d8f,,[],unavailable
011370,华商均衡成长混合C,301150,中一科技,SZ,2026-06-30,0.73,286.4,18074.84,,[],[],c91102da800d1698cc075d8f,,[],unavailable
011370,华商均衡成长混合C,002436,兴森科技,SZ,2026-06-30,0.7,343.01,17476.36,,[],[],c91102da800d1698cc075d8f,,[],unavailable
011370,华商均衡成长混合C,002741,光华科技,SZ,2026-06-30,0.67,465.35,16631.61,,[],[],c91102da800d1698cc075d8f,,[],unavailable
011370,华商均衡成长混合C,688158,优刻得,SH,2026-06-30,0.61,411.94,15142.8,,[],[],c91102da800d1698cc075d8f,,[],unavailable
011370,华商均衡成长混合C,300394,天孚通信,SZ,2026-06-30,0.61,49.76,15060.45,,[],[],c91102da800d1698cc075d8f,,[],unavailable
011370,华商均衡成长混合C,688766,普冉股份,SH,2026-06-30,0.6,19.48,14930.22,,[],[],c91102da800d1698cc075d8f,,[],unavailable
011370,华商均衡成长混合C,301486,致尚科技,SZ,2026-06-30,0.59,69.97,14576.4,,[],[],c91102da800d1698cc075d8f,,[],unavailable
011370,华商均衡成长混合C,300548,长芯博创,SZ,2026-06-30,0.55,49.06,13637.35,,[],[],c91102da800d1698cc075d8f,,[],unavailable
011370,华商均衡成长混合C,688625,呈和科技,SH,2026-06-30,0.54,159.5,13463.46,,[],[],c91102da800d1698cc075d8f,,[],unavailable
011370,华商均衡成长混合C,688545,兴福电子,SH,2026-06-30,0.54,100.41,13360.69,,[],[],c91102da800d1698cc075d8f,,[],unavailable
011370,华商均衡成长混合C,605589,圣泉集团,SH,2026-06-30,0.54,209.32,13306.64,,[],[],c91102da800d1698cc075d8f,,[],unavailable
011370,华商均衡成长混合C,300620,光库科技,SZ,2026-06-30,0.52,34.48,13040.22,,[],[],c91102da800d1698cc075d8f,,[],unavailable
011370,华商均衡成长混合C,688233,神工股份,SH,2026-06-30,0.5,58.52,12547.97,,[],[],c91102da800d1698cc075d8f,,[],unavailable
011370,华商均衡成长混合C,600673,东阳光,SH,2026-06-30,0.5,372.66,12513.83,,[],[],c91102da800d1698cc075d8f,,[],unavailable
011370,华商均衡成长混合C,688041,海光信息,SH,2026-06-30,0.5,33.67,12466.3,,[],[],c91102da800d1698cc075d8f,,[],unavailable
011370,华商均衡成长混合C,601208,东材科技,SH,2026-06-30,0.45,159.44,11286.48,,[],[],c91102da800d1698cc075d8f,,[],unavailable
011370,华商均衡成长混合C,688020,方邦股份,SH,2026-06-30,0.45,44.96,11220.94,,[],[],c91102da800d1698cc075d8f,,[],unavailable
011370,华商均衡成长混合C,688205,德科立,SH,2026-06-30,0.45,53.49,11136.71,,[],[],c91102da800d1698cc075d8f,,[],unavailable
011370,华商均衡成长混合C,600330,天通股份,SH,2026-06-30,0.44,355.42,10961.15,,[],[],c91102da800d1698cc075d8f,,[],unavailable
011370,华商均衡成长混合C,300814,中富电路,SZ,2026-06-30,0.41,50.28,10281.54,,[],[],c91102da800d1698cc075d8f,,[],unavailable
011370,华商均衡成长混合C,603989,艾华集团,SH,2026-06-30,0.29,139.4,7318.5,,[],[],c91102da800d1698cc075d8f,,[],unavailable
011370,华商均衡成长混合C,688167,炬光科技,SH,2026-06-30,0.29,20.17,7145.27,,[],[],c91102da800d1698cc075d8f,,[],unavailable
011370,华商均衡成长混合C,301217,铜冠铜箔,SZ,2026-06-30,0.27,40.23,6640.78,,[],[],c91102da800d1698cc075d8f,,[],unavailable
011370,华商均衡成长混合C,300868,杰美特,SZ,2026-06-30,0.2,33.51,4916.25,,[],[],c91102da800d1698cc075d8f,,[],unavailable
011370,华商均衡成长混合C,688256,寒武纪,SH,2026-06-30,0.1,1.57,2508.84,,[],[],c91102da800d1698cc075d8f,,[],unavailable
024459,华商致远回报混合A,300502,新易盛,SZ,2026-06-30,8.94,161.85,98243.62,,[],[],b629934fe1e329f39cfe81c4,,[],unavailable
024459,华商致远回报混合A,300308,中际旭创,SZ,2026-06-30,8.11,70.16,89108.41,,[],[],b629934fe1e329f39cfe81c4,,[],unavailable
024459,华商致远回报混合A,000636,风华高科,SZ,2026-06-30,6.15,935.29,67565.35,,[],[],b629934fe1e329f39cfe81c4,,[],unavailable
024459,华商致远回报混合A,300408,三环集团,SZ,2026-06-30,5.12,337.3,56295.14,,[],[],b629934fe1e329f39cfe81c4,,[],unavailable
024459,华商致远回报混合A,605376,博迁新材,SH,2026-06-30,4.97,201.11,54561.25,,[],[],b629934fe1e329f39cfe81c4,,[],unavailable
024459,华商致远回报混合A,688498,源杰科技,SH,2026-06-30,4.69,27.34,51558.71,,[],[],b629934fe1e329f39cfe81c4,,[],unavailable
024459,华商致远回报混合A,06869,长飞光纤光缆,HK,2026-06-30,4.33,214.46,47572.63,,[],[],b629934fe1e329f39cfe81c4,,[],unmapped_market
024459,华商致远回报混合A,688048,长光华芯,SH,2026-06-30,4.03,88.15,44251.1,,[],[],b629934fe1e329f39cfe81c4,,[],unavailable
024459,华商致远回报混合A,600105,永鼎股份,SH,2026-06-30,3.09,502.85,33932.27,,[],[],b629934fe1e329f39cfe81c4,,[],unavailable
024459,华商致远回报混合A,600183,生益科技,SH,2026-06-30,2.36,149.79,25973.59,,[],[],b629934fe1e329f39cfe81c4,,[],unavailable
024459,华商致远回报混合A,002384,东山精密,SZ,2026-06-30,2.2,92.25,24201.79,,[],[],b629934fe1e329f39cfe81c4,,[],unavailable
024459,华商致远回报混合A,603678,火炬电子,SH,2026-06-30,2.2,291.26,24174.27,,[],[],b629934fe1e329f39cfe81c4,,[],unavailable
024459,华商致远回报混合A,688313,仕佳光子,SH,2026-06-30,2.02,120.22,22199.03,,[],[],b629934fe1e329f39cfe81c4,,[],unavailable
024459,华商致远回报混合A,300476,胜宏科技,SZ,2026-06-30,1.93,61.24,21215.75,,[],[],b629934fe1e329f39cfe81c4,,[],unavailable
024459,华商致远回报混合A,600487,亨通光电,SH,2026-06-30,1.82,183.37,20049.65,,[],[],b629934fe1e329f39cfe81c4,,[],unavailable
024459,华商致远回报混合A,300285,国瓷材料,SZ,2026-06-30,1.82,193.82,19998.2,,[],[],b629934fe1e329f39cfe81c4,,[],unavailable
024459,华商致远回报混合A,603986,兆易创新,SH,2026-06-30,1.72,23.13,18854.21,,[],[],b629934fe1e329f39cfe81c4,,[],unavailable
024459,华商致远回报混合A,002428,云南锗业,SZ,2026-06-30,1.64,150.12,18041.29,,[],[],b629934fe1e329f39cfe81c4,,[],unavailable
024459,华商致远回报混合A,301377,鼎泰高科,SZ,2026-06-30,1.46,29.12,16042.21,,[],[],b629934fe1e329f39cfe81c4,,[],unavailable
024459,华商致远回报混合A,603256,宏和科技,SH,2026-06-30,1.44,59.59,15811.01,,[],[],b629934fe1e329f39cfe81c4,,[],unavailable
024459,华商致远回报混合A,002859,洁美科技,SZ,2026-06-30,1.42,142.88,15646.48,,[],[],b629934fe1e329f39cfe81c4,,[],unavailable
024459,华商致远回报混合A,002222,福晶科技,SZ,2026-06-30,1.34,159.32,14702.3,,[],[],b629934fe1e329f39cfe81c4,,[],unavailable
024459,华商致远回报混合A,002080,中材科技,SZ,2026-06-30,1.33,162.13,14591.95,,[],[],b629934fe1e329f39cfe81c4,,[],unavailable
024459,华商致远回报混合A,688300,联瑞新材,SH,2026-06-30,1.26,56.67,13850.22,,[],[],b629934fe1e329f39cfe81c4,,[],unavailable
024459,华商致远回报混合A,002484,江海股份,SZ,2026-06-30,1.26,131.45,13802.25,,[],[],b629934fe1e329f39cfe81c4,,[],unavailable
024459,华商致远回报混合A,688260,昀冢科技,SH,2026-06-30,1.09,83.38,12007.11,,[],[],b629934fe1e329f39cfe81c4,,[],unavailable
024459,华商致远回报混合A,301150,中一科技,SZ,2026-06-30,0.98,170.31,10748.57,,[],[],b629934fe1e329f39cfe81c4,,[],unavailable
024459,华商致远回报混合A,688766,普冉股份,SH,2026-06-30,0.87,12.43,9530.52,,[],[],b629934fe1e329f39cfe81c4,,[],unavailable
024459,华商致远回报混合A,03896,金山云,HK,2026-06-30,0.81,2211.6,8912.91,,[],[],b629934fe1e329f39cfe81c4,,[],unmapped_market
024459,华商致远回报混合A,300548,长芯博创,SZ,2026-06-30,0.8,31.42,8735.34,,[],[],b629934fe1e329f39cfe81c4,,[],unavailable
024459,华商致远回报混合A,300394,天孚通信,SZ,2026-06-30,0.65,23.52,7119.03,,[],[],b629934fe1e329f39cfe81c4,,[],unavailable
024459,华商致远回报混合A,605589,圣泉集团,SH,2026-06-30,0.62,107.57,6838.22,,[],[],b629934fe1e329f39cfe81c4,,[],unavailable
024459,华商致远回报混合A,688205,德科立,SH,2026-06-30,0.59,30.9,6432.97,,[],[],b629934fe1e329f39cfe81c4,,[],unavailable
024459,华商致远回报混合A,002916,深南电路,SZ,2026-06-30,0.58,13.92,6371.68,,[],[],b629934fe1e329f39cfe81c4,,[],unavailable
024459,华商致远回报混合A,300620,光库科技,SZ,2026-06-30,0.58,16.84,6368.89,,[],[],b629934fe1e329f39cfe81c4,,[],unavailable
024459,华商致远回报混合A,300814,中富电路,SZ,2026-06-30,0.57,30.52,6241.34,,[],[],b629934fe1e329f39cfe81c4,,[],unavailable
024459,华商致远回报混合A,688625,呈和科技,SH,2026-06-30,0.56,73.5,6203.97,,[],[],b629934fe1e329f39cfe81c4,,[],unavailable
024459,华商致远回报混合A,601208,东材科技,SH,2026-06-30,0.46,71.67,5073.52,,[],[],b629934fe1e329f39cfe81c4,,[],unavailable
024459,华商致远回报混合A,003031,中瓷电子,SZ,2026-06-30,0.42,25.48,4594.04,,[],[],b629934fe1e329f39cfe81c4,,[],unavailable
024459,华商致远回报混合A,601231,环旭电子,SH,2026-06-30,0.39,131.14,4248.84,,[],[],b629934fe1e329f39cfe81c4,,[],unavailable
024459,华商致远回报混合A,603002,宏昌电子,SH,2026-06-30,0.39,175.09,4231.93,,[],[],b629934fe1e329f39cfe81c4,,[],unavailable
024459,华商致远回报混合A,301486,致尚科技,SZ,2026-06-30,0.38,20.29,4226.9,,[],[],b629934fe1e329f39cfe81c4,,[],unavailable
024459,华商致远回报混合A,002463,沪电股份,SZ,2026-06-30,0.36,25.74,3933.07,,[],[],b629934fe1e329f39cfe81c4,,[],unavailable
024459,华商致远回报混合A,301511,德福科技,SZ,2026-06-30,0.33,25.02,3599.13,,[],[],b629934fe1e329f39cfe81c4,,[],unavailable
024459,华商致远回报混合A,688603,天承科技,SH,2026-06-30,0.32,16.76,3484.64,,[],[],b629934fe1e329f39cfe81c4,,[],unavailable
024459,华商致远回报混合A,002741,光华科技,SZ,2026-06-30,0.28,86.53,3092.58,,[],[],b629934fe1e329f39cfe81c4,,[],unavailable
024459,华商致远回报混合A,688183,生益电子,SH,2026-06-30,0.28,23.23,3075.96,,[],[],b629934fe1e329f39cfe81c4,,[],unavailable
024459,华商致远回报混合A,600673,东阳光,SH,2026-06-30,0.2,64.47,2164.9,,[],[],b629934fe1e329f39cfe81c4,,[],unavailable
024459,华商致远回报混合A,600330,天通股份,SH,2026-06-30,0.18,63.76,1966.36,,[],[],b629934fe1e329f39cfe81c4,,[],unavailable
024459,华商致远回报混合A,301526,国际复材,SZ,2026-06-30,0.15,35.04,1635.1,,[],[],b629934fe1e329f39cfe81c4,,[],unavailable
024459,华商致远回报混合A,688020,方邦股份,SH,2026-06-30,0.14,6.19,1546.17,,[],[],b629934fe1e329f39cfe81c4,,[],unavailable
024459,华商致远回报混合A,300868,杰美特,SZ,2026-06-30,0.1,7.56,1109.02,,[],[],b629934fe1e329f39cfe81c4,,[],unavailable
024459,华商致远回报混合A,603989,艾华集团,SH,2026-06-30,0.09,19.47,1022.18,,[],[],b629934fe1e329f39cfe81c4,,[],unavailable
024460,华商致远回报混合C,300502,新易盛,SZ,2026-06-30,8.94,161.85,98243.62,,[],[],0a0bbdd5b970189b3cfe73f3,,[],unavailable
024460,华商致远回报混合C,300308,中际旭创,SZ,2026-06-30,8.11,70.16,89108.41,,[],[],0a0bbdd5b970189b3cfe73f3,,[],unavailable
024460,华商致远回报混合C,000636,风华高科,SZ,2026-06-30,6.15,935.29,67565.35,,[],[],0a0bbdd5b970189b3cfe73f3,,[],unavailable
024460,华商致远回报混合C,300408,三环集团,SZ,2026-06-30,5.12,337.3,56295.14,,[],[],0a0bbdd5b970189b3cfe73f3,,[],unavailable
024460,华商致远回报混合C,605376,博迁新材,SH,2026-06-30,4.97,201.11,54561.25,,[],[],0a0bbdd5b970189b3cfe73f3,,[],unavailable
024460,华商致远回报混合C,688498,源杰科技,SH,2026-06-30,4.69,27.34,51558.71,,[],[],0a0bbdd5b970189b3cfe73f3,,[],unavailable
024460,华商致远回报混合C,06869,长飞光纤光缆,HK,2026-06-30,4.33,214.46,47572.63,,[],[],0a0bbdd5b970189b3cfe73f3,,[],unmapped_market
024460,华商致远回报混合C,688048,长光华芯,SH,2026-06-30,4.03,88.15,44251.1,,[],[],0a0bbdd5b970189b3cfe73f3,,[],unavailable
024460,华商致远回报混合C,600105,永鼎股份,SH,2026-06-30,3.09,502.85,33932.27,,[],[],0a0bbdd5b970189b3cfe73f3,,[],unavailable
024460,华商致远回报混合C,600183,生益科技,SH,2026-06-30,2.36,149.79,25973.59,,[],[],0a0bbdd5b970189b3cfe73f3,,[],unavailable
024460,华商致远回报混合C,002384,东山精密,SZ,2026-06-30,2.2,92.25,24201.79,,[],[],0a0bbdd5b970189b3cfe73f3,,[],unavailable
024460,华商致远回报混合C,603678,火炬电子,SH,2026-06-30,2.2,291.26,24174.27,,[],[],0a0bbdd5b970189b3cfe73f3,,[],unavailable
024460,华商致远回报混合C,688313,仕佳光子,SH,2026-06-30,2.02,120.22,22199.03,,[],[],0a0bbdd5b970189b3cfe73f3,,[],unavailable
024460,华商致远回报混合C,300476,胜宏科技,SZ,2026-06-30,1.93,61.24,21215.75,,[],[],0a0bbdd5b970189b3cfe73f3,,[],unavailable
024460,华商致远回报混合C,600487,亨通光电,SH,2026-06-30,1.82,183.37,20049.65,,[],[],0a0bbdd5b970189b3cfe73f3,,[],unavailable
024460,华商致远回报混合C,300285,国瓷材料,SZ,2026-06-30,1.82,193.82,19998.2,,[],[],0a0bbdd5b970189b3cfe73f3,,[],unavailable
024460,华商致远回报混合C,603986,兆易创新,SH,2026-06-30,1.72,23.13,18854.21,,[],[],0a0bbdd5b970189b3cfe73f3,,[],unavailable
024460,华商致远回报混合C,002428,云南锗业,SZ,2026-06-30,1.64,150.12,18041.29,,[],[],0a0bbdd5b970189b3cfe73f3,,[],unavailable
024460,华商致远回报混合C,301377,鼎泰高科,SZ,2026-06-30,1.46,29.12,16042.21,,[],[],0a0bbdd5b970189b3cfe73f3,,[],unavailable
024460,华商致远回报混合C,603256,宏和科技,SH,2026-06-30,1.44,59.59,15811.01,,[],[],0a0bbdd5b970189b3cfe73f3,,[],unavailable
024460,华商致远回报混合C,002859,洁美科技,SZ,2026-06-30,1.42,142.88,15646.48,,[],[],0a0bbdd5b970189b3cfe73f3,,[],unavailable
024460,华商致远回报混合C,002222,福晶科技,SZ,2026-06-30,1.34,159.32,14702.3,,[],[],0a0bbdd5b970189b3cfe73f3,,[],unavailable
024460,华商致远回报混合C,002080,中材科技,SZ,2026-06-30,1.33,162.13,14591.95,,[],[],0a0bbdd5b970189b3cfe73f3,,[],unavailable
024460,华商致远回报混合C,688300,联瑞新材,SH,2026-06-30,1.26,56.67,13850.22,,[],[],0a0bbdd5b970189b3cfe73f3,,[],unavailable
024460,华商致远回报混合C,002484,江海股份,SZ,2026-06-30,1.26,131.45,13802.25,,[],[],0a0bbdd5b970189b3cfe73f3,,[],unavailable
024460,华商致远回报混合C,688260,昀冢科技,SH,2026-06-30,1.09,83.38,12007.11,,[],[],0a0bbdd5b970189b3cfe73f3,,[],unavailable
024460,华商致远回报混合C,301150,中一科技,SZ,2026-06-30,0.98,170.31,10748.57,,[],[],0a0bbdd5b970189b3cfe73f3,,[],unavailable
024460,华商致远回报混合C,688766,普冉股份,SH,2026-06-30,0.87,12.43,9530.52,,[],[],0a0bbdd5b970189b3cfe73f3,,[],unavailable
024460,华商致远回报混合C,03896,金山云,HK,2026-06-30,0.81,2211.6,8912.91,,[],[],0a0bbdd5b970189b3cfe73f3,,[],unmapped_market
024460,华商致远回报混合C,300548,长芯博创,SZ,2026-06-30,0.8,31.42,8735.34,,[],[],0a0bbdd5b970189b3cfe73f3,,[],unavailable
024460,华商致远回报混合C,300394,天孚通信,SZ,2026-06-30,0.65,23.52,7119.03,,[],[],0a0bbdd5b970189b3cfe73f3,,[],unavailable
024460,华商致远回报混合C,605589,圣泉集团,SH,2026-06-30,0.62,107.57,6838.22,,[],[],0a0bbdd5b970189b3cfe73f3,,[],unavailable
024460,华商致远回报混合C,688205,德科立,SH,2026-06-30,0.59,30.9,6432.97,,[],[],0a0bbdd5b970189b3cfe73f3,,[],unavailable
024460,华商致远回报混合C,002916,深南电路,SZ,2026-06-30,0.58,13.92,6371.68,,[],[],0a0bbdd5b970189b3cfe73f3,,[],unavailable
024460,华商致远回报混合C,300620,光库科技,SZ,2026-06-30,0.58,16.84,6368.89,,[],[],0a0bbdd5b970189b3cfe73f3,,[],unavailable
024460,华商致远回报混合C,300814,中富电路,SZ,2026-06-30,0.57,30.52,6241.34,,[],[],0a0bbdd5b970189b3cfe73f3,,[],unavailable
024460,华商致远回报混合C,688625,呈和科技,SH,2026-06-30,0.56,73.5,6203.97,,[],[],0a0bbdd5b970189b3cfe73f3,,[],unavailable
024460,华商致远回报混合C,601208,东材科技,SH,2026-06-30,0.46,71.67,5073.52,,[],[],0a0bbdd5b970189b3cfe73f3,,[],unavailable
024460,华商致远回报混合C,003031,中瓷电子,SZ,2026-06-30,0.42,25.48,4594.04,,[],[],0a0bbdd5b970189b3cfe73f3,,[],unavailable
024460,华商致远回报混合C,601231,环旭电子,SH,2026-06-30,0.39,131.14,4248.84,,[],[],0a0bbdd5b970189b3cfe73f3,,[],unavailable
024460,华商致远回报混合C,603002,宏昌电子,SH,2026-06-30,0.39,175.09,4231.93,,[],[],0a0bbdd5b970189b3cfe73f3,,[],unavailable
024460,华商致远回报混合C,301486,致尚科技,SZ,2026-06-30,0.38,20.29,4226.9,,[],[],0a0bbdd5b970189b3cfe73f3,,[],unavailable
024460,华商致远回报混合C,002463,沪电股份,SZ,2026-06-30,0.36,25.74,3933.07,,[],[],0a0bbdd5b970189b3cfe73f3,,[],unavailable
024460,华商致远回报混合C,301511,德福科技,SZ,2026-06-30,0.33,25.02,3599.13,,[],[],0a0bbdd5b970189b3cfe73f3,,[],unavailable
024460,华商致远回报混合C,688603,天承科技,SH,2026-06-30,0.32,16.76,3484.64,,[],[],0a0bbdd5b970189b3cfe73f3,,[],unavailable
024460,华商致远回报混合C,002741,光华科技,SZ,2026-06-30,0.28,86.53,3092.58,,[],[],0a0bbdd5b970189b3cfe73f3,,[],unavailable
024460,华商致远回报混合C,688183,生益电子,SH,2026-06-30,0.28,23.23,3075.96,,[],[],0a0bbdd5b970189b3cfe73f3,,[],unavailable
024460,华商致远回报混合C,600673,东阳光,SH,2026-06-30,0.2,64.47,2164.9,,[],[],0a0bbdd5b970189b3cfe73f3,,[],unavailable
024460,华商致远回报混合C,600330,天通股份,SH,2026-06-30,0.18,63.76,1966.36,,[],[],0a0bbdd5b970189b3cfe73f3,,[],unavailable
024460,华商致远回报混合C,301526,国际复材,SZ,2026-06-30,0.15,35.04,1635.1,,[],[],0a0bbdd5b970189b3cfe73f3,,[],unavailable
024460,华商致远回报混合C,688020,方邦股份,SH,2026-06-30,0.14,6.19,1546.17,,[],[],0a0bbdd5b970189b3cfe73f3,,[],unavailable
024460,华商致远回报混合C,300868,杰美特,SZ,2026-06-30,0.1,7.56,1109.02,,[],[],0a0bbdd5b970189b3cfe73f3,,[],unavailable
024460,华商致远回报混合C,603989,艾华集团,SH,2026-06-30,0.09,19.47,1022.18,,[],[],0a0bbdd5b970189b3cfe73f3,,[],unavailable
001480,财通成长优选混合A,300502,新易盛,SZ,2026-06-30,9.47,325.2,197399.01,,[],[],ccfb66fd6614312d8d050d4a,,[],unavailable
001480,财通成长优选混合A,688519,南亚新材,SH,2026-06-30,8.75,480.25,182514.25,,[],[],ccfb66fd6614312d8d050d4a,,[],unavailable
001480,财通成长优选混合A,688498,源杰科技,SH,2026-06-30,8.63,95.42,179966.27,,[],[],ccfb66fd6614312d8d050d4a,,[],unavailable
001480,财通成长优选混合A,300408,三环集团,SZ,2026-06-30,7.93,990.63,165335.58,,[],[],ccfb66fd6614312d8d050d4a,,[],unavailable
001480,财通成长优选混合A,301511,德福科技,SZ,2026-06-30,7.92,1147.79,165109.58,,[],[],ccfb66fd6614312d8d050d4a,,[],unavailable
001480,财通成长优选混合A,301377,鼎泰高科,SZ,2026-06-30,7.82,295.88,163000.29,,[],[],ccfb66fd6614312d8d050d4a,,[],unavailable
001480,财通成长优选混合A,301200,大族数控,SZ,2026-06-30,7.1,410.69,148115.31,,[],[],ccfb66fd6614312d8d050d4a,,[],unavailable
001480,财通成长优选混合A,000636,风华高科,SZ,2026-06-30,6.8,1962.09,141741.63,,[],[],ccfb66fd6614312d8d050d4a,,[],unavailable
001480,财通成长优选混合A,605376,博迁新材,SH,2026-06-30,4.28,329.25,89325.53,,[],[],ccfb66fd6614312d8d050d4a,,[],unavailable
001480,财通成长优选混合A,603186,华正新材,SH,2026-06-30,3.61,334.02,75254.71,,[],[],ccfb66fd6614312d8d050d4a,,[],unavailable
001480,财通成长优选混合A,300308,中际旭创,SZ,2026-06-30,3.09,50.74,64435.74,,[],[],ccfb66fd6614312d8d050d4a,,[],unavailable
001480,财通成长优选混合A,300570,太辰光,SZ,2026-06-30,1.38,116.79,28813.26,,[],[],ccfb66fd6614312d8d050d4a,,[],unavailable
001480,财通成长优选混合A,300661,圣邦股份,SZ,2026-06-30,1.19,172.55,24757.16,,[],[],ccfb66fd6614312d8d050d4a,,[],unavailable
001480,财通成长优选混合A,688256,寒武纪,SH,2026-06-30,1.11,14.49,23123.51,,[],[],ccfb66fd6614312d8d050d4a,,[],unavailable
001480,财通成长优选混合A,001389,广合科技,SZ,2026-06-30,1.1,96.77,22958.68,,[],[],ccfb66fd6614312d8d050d4a,,[],unavailable
001480,财通成长优选混合A,600183,生益科技,SH,2026-06-30,1.0,120.37,20872.12,,[],[],ccfb66fd6614312d8d050d4a,,[],unavailable
001480,财通成长优选混合A,688020,方邦股份,SH,2026-06-30,1.0,83.28,20787.89,,[],[],ccfb66fd6614312d8d050d4a,,[],unavailable
001480,财通成长优选混合A,301217,铜冠铜箔,SZ,2026-06-30,0.98,123.51,20387.8,,[],[],ccfb66fd6614312d8d050d4a,,[],unavailable
001480,财通成长优选混合A,301362,民爆光电,SZ,2026-06-30,0.94,107.1,19698.2,,[],[],ccfb66fd6614312d8d050d4a,,[],unavailable
001480,财通成长优选混合A,688700,东威科技,SH,2026-06-30,0.08,18.03,1611.74,,[],[],ccfb66fd6614312d8d050d4a,,[],unavailable
001480,财通成长优选混合A,688795,摩尔线程,SH,2026-06-30,0.04,1.08,732.99,,[],[],ccfb66fd6614312d8d050d4a,,[],unavailable
001480,财通成长优选混合A,688802,沐曦股份,SH,2026-06-30,0.01,0.4,307.09,,[],[],ccfb66fd6614312d8d050d4a,,[],unavailable
001480,财通成长优选混合A,301666,大普微,SZ,2026-06-30,0.0,0.12,56.53,,[],[],ccfb66fd6614312d8d050d4a,,[],unavailable
001480,财通成长优选混合A,001399,惠科股份,SZ,2026-06-30,0.0,1.62,55.14,,[],[],ccfb66fd6614312d8d050d4a,,[],unavailable
001480,财通成长优选混合A,688820,盛合晶微,SH,2026-06-30,0.0,0.24,33.83,,[],[],ccfb66fd6614312d8d050d4a,,[],unavailable
001480,财通成长优选混合A,688781,视涯科技,SH,2026-06-30,0.0,0.63,26.71,,[],[],ccfb66fd6614312d8d050d4a,,[],unavailable
001480,财通成长优选混合A,688808,联讯仪器,SH,2026-06-30,0.0,0.02,25.82,,[],[],ccfb66fd6614312d8d050d4a,,[],unavailable
001480,财通成长优选混合A,688809,强一股份,SH,2026-06-30,0.0,0.03,16.14,,[],[],ccfb66fd6614312d8d050d4a,,[],unavailable
001480,财通成长优选混合A,688818,电科蓝天,SH,2026-06-30,0.0,0.17,12.04,,[],[],ccfb66fd6614312d8d050d4a,,[],unavailable
001480,财通成长优选混合A,301682,宏明电子,SZ,2026-06-30,0.0,0.07,11.43,,[],[],ccfb66fd6614312d8d050d4a,,[],unavailable
001480,财通成长优选混合A,688797,臻宝科技,SH,2026-06-30,0.0,0.02,9.7,,[],[],ccfb66fd6614312d8d050d4a,,[],unavailable
001480,财通成长优选混合A,688712,北芯生命,SH,2026-06-30,0.0,0.15,5.39,,[],[],ccfb66fd6614312d8d050d4a,,[],unavailable
001480,财通成长优选混合A,688785,恒运昌,SH,2026-06-30,0.0,0.01,5.37,,[],[],ccfb66fd6614312d8d050d4a,,[],unavailable
001480,财通成长优选混合A,688807,优迅股份,SH,2026-06-30,0.0,0.01,5.27,,[],[],ccfb66fd6614312d8d050d4a,,[],unavailable
001480,财通成长优选混合A,688813,泰金新能,SH,2026-06-30,0.0,0.02,4.03,,[],[],ccfb66fd6614312d8d050d4a,,[],unavailable
001480,财通成长优选混合A,001257,盛龙股份,SZ,2026-06-30,0.0,0.17,3.61,,[],[],ccfb66fd6614312d8d050d4a,,[],unavailable
001480,财通成长优选混合A,603459,红板科技,SH,2026-06-30,0.0,0.03,2.78,,[],[],ccfb66fd6614312d8d050d4a,,[],unavailable
001480,财通成长优选混合A,001365,天海电子,SZ,2026-06-30,0.0,0.07,2.25,,[],[],ccfb66fd6614312d8d050d4a,,[],unavailable
001480,财通成长优选混合A,688811,有研复材,SH,2026-06-30,0.0,0.08,2.01,,[],[],ccfb66fd6614312d8d050d4a,,[],unavailable
001480,财通成长优选混合A,301696,三瑞智能,SZ,2026-06-30,0.0,0.02,1.87,,[],[],ccfb66fd6614312d8d050d4a,,[],unavailable
001480,财通成长优选混合A,301669,高特电子,SZ,2026-06-30,0.0,0.05,1.55,,[],[],ccfb66fd6614312d8d050d4a,,[],unavailable
001480,财通成长优选混合A,001393,维通利,SZ,2026-06-30,0.0,0.04,1.51,,[],[],ccfb66fd6614312d8d050d4a,,[],unavailable
001480,财通成长优选混合A,603175,超颖电子,SH,2026-06-30,0.0,0.02,1.51,,[],[],ccfb66fd6614312d8d050d4a,,[],unavailable
001480,财通成长优选混合A,301531,春光集团,SZ,2026-06-30,0.0,0.03,1.5,,[],[],ccfb66fd6614312d8d050d4a,,[],unavailable
001480,财通成长优选混合A,301599,理奇智能,SZ,2026-06-30,0.0,0.04,1.41,,[],[],ccfb66fd6614312d8d050d4a,,[],unavailable
001480,财通成长优选混合A,601112,振石股份,SH,2026-06-30,0.0,0.08,1.36,,[],[],ccfb66fd6614312d8d050d4a,,[],unavailable
001480,财通成长优选混合A,301680,固德电材,SZ,2026-06-30,0.0,0.01,1.31,,[],[],ccfb66fd6614312d8d050d4a,,[],unavailable
001480,财通成长优选混合A,688805,健信超导,SH,2026-06-30,0.0,0.03,1.24,,[],[],ccfb66fd6614312d8d050d4a,,[],unavailable
001480,财通成长优选混合A,301683,慧谷新材,SZ,2026-06-30,0.0,0.01,1.17,,[],[],ccfb66fd6614312d8d050d4a,,[],unavailable
001480,财通成长优选混合A,301667,纳百川,SZ,2026-06-30,0.0,0.02,1.09,,[],[],ccfb66fd6614312d8d050d4a,,[],unavailable
001480,财通成长优选混合A,301513,尚水智能,SZ,2026-06-30,0.0,0.01,0.7,,[],[],ccfb66fd6614312d8d050d4a,,[],unavailable
001480,财通成长优选混合A,301449,天溯计量,SZ,2026-06-30,0.0,0.02,0.61,,[],[],ccfb66fd6614312d8d050d4a,,[],unavailable
001480,财通成长优选混合A,603248,锡华科技,SH,2026-06-30,0.0,0.03,0.55,,[],[],ccfb66fd6614312d8d050d4a,,[],unavailable
001480,财通成长优选混合A,603435,嘉德利,SH,2026-06-30,0.0,0.01,0.49,,[],[],ccfb66fd6614312d8d050d4a,,[],unavailable
001480,财通成长优选混合A,603352,至信股份,SH,2026-06-30,0.0,0.01,0.29,,[],[],ccfb66fd6614312d8d050d4a,,[],unavailable
001480,财通成长优选混合A,001396,誉帆科技,SZ,2026-06-30,0.0,0.01,0.24,,[],[],ccfb66fd6614312d8d050d4a,,[],unavailable
001480,财通成长优选混合A,603293,埃泰克,SH,2026-06-30,0.0,0.01,0.24,,[],[],ccfb66fd6614312d8d050d4a,,[],unavailable
001480,财通成长优选混合A,001312,福恩股份,SZ,2026-06-30,0.0,0.01,0.22,,[],[],ccfb66fd6614312d8d050d4a,,[],unavailable
001480,财通成长优选混合A,603284,林平发展,SH,2026-06-30,0.0,0.0,0.16,,[],[],ccfb66fd6614312d8d050d4a,,[],unavailable
001480,财通成长优选混合A,001220,世盟股份,SZ,2026-06-30,0.0,0.01,0.16,,[],[],ccfb66fd6614312d8d050d4a,,[],unavailable
021528,财通成长优选混合C,300502,新易盛,SZ,2026-06-30,9.47,325.2,197399.01,,[],[],184a4129c53ba37f6e400c34,,[],unavailable
021528,财通成长优选混合C,688519,南亚新材,SH,2026-06-30,8.75,480.25,182514.25,,[],[],184a4129c53ba37f6e400c34,,[],unavailable
021528,财通成长优选混合C,688498,源杰科技,SH,2026-06-30,8.63,95.42,179966.27,,[],[],184a4129c53ba37f6e400c34,,[],unavailable
021528,财通成长优选混合C,300408,三环集团,SZ,2026-06-30,7.93,990.63,165335.58,,[],[],184a4129c53ba37f6e400c34,,[],unavailable
021528,财通成长优选混合C,301511,德福科技,SZ,2026-06-30,7.92,1147.79,165109.58,,[],[],184a4129c53ba37f6e400c34,,[],unavailable
021528,财通成长优选混合C,301377,鼎泰高科,SZ,2026-06-30,7.82,295.88,163000.29,,[],[],184a4129c53ba37f6e400c34,,[],unavailable
021528,财通成长优选混合C,301200,大族数控,SZ,2026-06-30,7.1,410.69,148115.31,,[],[],184a4129c53ba37f6e400c34,,[],unavailable
021528,财通成长优选混合C,000636,风华高科,SZ,2026-06-30,6.8,1962.09,141741.63,,[],[],184a4129c53ba37f6e400c34,,[],unavailable
021528,财通成长优选混合C,605376,博迁新材,SH,2026-06-30,4.28,329.25,89325.53,,[],[],184a4129c53ba37f6e400c34,,[],unavailable
021528,财通成长优选混合C,603186,华正新材,SH,2026-06-30,3.61,334.02,75254.71,,[],[],184a4129c53ba37f6e400c34,,[],unavailable
021528,财通成长优选混合C,300308,中际旭创,SZ,2026-06-30,3.09,50.74,64435.74,,[],[],184a4129c53ba37f6e400c34,,[],unavailable
021528,财通成长优选混合C,300570,太辰光,SZ,2026-06-30,1.38,116.79,28813.26,,[],[],184a4129c53ba37f6e400c34,,[],unavailable
021528,财通成长优选混合C,300661,圣邦股份,SZ,2026-06-30,1.19,172.55,24757.16,,[],[],184a4129c53ba37f6e400c34,,[],unavailable
021528,财通成长优选混合C,688256,寒武纪,SH,2026-06-30,1.11,14.49,23123.51,,[],[],184a4129c53ba37f6e400c34,,[],unavailable
021528,财通成长优选混合C,001389,广合科技,SZ,2026-06-30,1.1,96.77,22958.68,,[],[],184a4129c53ba37f6e400c34,,[],unavailable
021528,财通成长优选混合C,600183,生益科技,SH,2026-06-30,1.0,120.37,20872.12,,[],[],184a4129c53ba37f6e400c34,,[],unavailable
021528,财通成长优选混合C,688020,方邦股份,SH,2026-06-30,1.0,83.28,20787.89,,[],[],184a4129c53ba37f6e400c34,,[],unavailable
021528,财通成长优选混合C,301217,铜冠铜箔,SZ,2026-06-30,0.98,123.51,20387.8,,[],[],184a4129c53ba37f6e400c34,,[],unavailable
021528,财通成长优选混合C,301362,民爆光电,SZ,2026-06-30,0.94,107.1,19698.2,,[],[],184a4129c53ba37f6e400c34,,[],unavailable
021528,财通成长优选混合C,688700,东威科技,SH,2026-06-30,0.08,18.03,1611.74,,[],[],184a4129c53ba37f6e400c34,,[],unavailable
021528,财通成长优选混合C,688795,摩尔线程,SH,2026-06-30,0.04,1.08,732.99,,[],[],184a4129c53ba37f6e400c34,,[],unavailable
021528,财通成长优选混合C,688802,沐曦股份,SH,2026-06-30,0.01,0.4,307.09,,[],[],184a4129c53ba37f6e400c34,,[],unavailable
021528,财通成长优选混合C,301666,大普微,SZ,2026-06-30,0.0,0.12,56.53,,[],[],184a4129c53ba37f6e400c34,,[],unavailable
021528,财通成长优选混合C,001399,惠科股份,SZ,2026-06-30,0.0,1.62,55.14,,[],[],184a4129c53ba37f6e400c34,,[],unavailable
021528,财通成长优选混合C,688820,盛合晶微,SH,2026-06-30,0.0,0.24,33.83,,[],[],184a4129c53ba37f6e400c34,,[],unavailable
021528,财通成长优选混合C,688781,视涯科技,SH,2026-06-30,0.0,0.63,26.71,,[],[],184a4129c53ba37f6e400c34,,[],unavailable
021528,财通成长优选混合C,688808,联讯仪器,SH,2026-06-30,0.0,0.02,25.82,,[],[],184a4129c53ba37f6e400c34,,[],unavailable
021528,财通成长优选混合C,688809,强一股份,SH,2026-06-30,0.0,0.03,16.14,,[],[],184a4129c53ba37f6e400c34,,[],unavailable
021528,财通成长优选混合C,688818,电科蓝天,SH,2026-06-30,0.0,0.17,12.04,,[],[],184a4129c53ba37f6e400c34,,[],unavailable
021528,财通成长优选混合C,301682,宏明电子,SZ,2026-06-30,0.0,0.07,11.43,,[],[],184a4129c53ba37f6e400c34,,[],unavailable
021528,财通成长优选混合C,688797,臻宝科技,SH,2026-06-30,0.0,0.02,9.7,,[],[],184a4129c53ba37f6e400c34,,[],unavailable
021528,财通成长优选混合C,688712,北芯生命,SH,2026-06-30,0.0,0.15,5.39,,[],[],184a4129c53ba37f6e400c34,,[],unavailable
021528,财通成长优选混合C,688785,恒运昌,SH,2026-06-30,0.0,0.01,5.37,,[],[],184a4129c53ba37f6e400c34,,[],unavailable
021528,财通成长优选混合C,688807,优迅股份,SH,2026-06-30,0.0,0.01,5.27,,[],[],184a4129c53ba37f6e400c34,,[],unavailable
021528,财通成长优选混合C,688813,泰金新能,SH,2026-06-30,0.0,0.02,4.03,,[],[],184a4129c53ba37f6e400c34,,[],unavailable
021528,财通成长优选混合C,001257,盛龙股份,SZ,2026-06-30,0.0,0.17,3.61,,[],[],184a4129c53ba37f6e400c34,,[],unavailable
021528,财通成长优选混合C,603459,红板科技,SH,2026-06-30,0.0,0.03,2.78,,[],[],184a4129c53ba37f6e400c34,,[],unavailable
021528,财通成长优选混合C,001365,天海电子,SZ,2026-06-30,0.0,0.07,2.25,,[],[],184a4129c53ba37f6e400c34,,[],unavailable
021528,财通成长优选混合C,688811,有研复材,SH,2026-06-30,0.0,0.08,2.01,,[],[],184a4129c53ba37f6e400c34,,[],unavailable
021528,财通成长优选混合C,301696,三瑞智能,SZ,2026-06-30,0.0,0.02,1.87,,[],[],184a4129c53ba37f6e400c34,,[],unavailable
021528,财通成长优选混合C,301669,高特电子,SZ,2026-06-30,0.0,0.05,1.55,,[],[],184a4129c53ba37f6e400c34,,[],unavailable
021528,财通成长优选混合C,001393,维通利,SZ,2026-06-30,0.0,0.04,1.51,,[],[],184a4129c53ba37f6e400c34,,[],unavailable
021528,财通成长优选混合C,603175,超颖电子,SH,2026-06-30,0.0,0.02,1.51,,[],[],184a4129c53ba37f6e400c34,,[],unavailable
021528,财通成长优选混合C,301531,春光集团,SZ,2026-06-30,0.0,0.03,1.5,,[],[],184a4129c53ba37f6e400c34,,[],unavailable
021528,财通成长优选混合C,301599,理奇智能,SZ,2026-06-30,0.0,0.04,1.41,,[],[],184a4129c53ba37f6e400c34,,[],unavailable
021528,财通成长优选混合C,601112,振石股份,SH,2026-06-30,0.0,0.08,1.36,,[],[],184a4129c53ba37f6e400c34,,[],unavailable
021528,财通成长优选混合C,301680,固德电材,SZ,2026-06-30,0.0,0.01,1.31,,[],[],184a4129c53ba37f6e400c34,,[],unavailable
021528,财通成长优选混合C,688805,健信超导,SH,2026-06-30,0.0,0.03,1.24,,[],[],184a4129c53ba37f6e400c34,,[],unavailable
021528,财通成长优选混合C,301683,慧谷新材,SZ,2026-06-30,0.0,0.01,1.17,,[],[],184a4129c53ba37f6e400c34,,[],unavailable
021528,财通成长优选混合C,301667,纳百川,SZ,2026-06-30,0.0,0.02,1.09,,[],[],184a4129c53ba37f6e400c34,,[],unavailable
021528,财通成长优选混合C,301513,尚水智能,SZ,2026-06-30,0.0,0.01,0.7,,[],[],184a4129c53ba37f6e400c34,,[],unavailable
021528,财通成长优选混合C,301449,天溯计量,SZ,2026-06-30,0.0,0.02,0.61,,[],[],184a4129c53ba37f6e400c34,,[],unavailable
021528,财通成长优选混合C,603248,锡华科技,SH,2026-06-30,0.0,0.03,0.55,,[],[],184a4129c53ba37f6e400c34,,[],unavailable
021528,财通成长优选混合C,603435,嘉德利,SH,2026-06-30,0.0,0.01,0.49,,[],[],184a4129c53ba37f6e400c34,,[],unavailable
021528,财通成长优选混合C,603352,至信股份,SH,2026-06-30,0.0,0.01,0.29,,[],[],184a4129c53ba37f6e400c34,,[],unavailable
021528,财通成长优选混合C,001396,誉帆科技,SZ,2026-06-30,0.0,0.01,0.24,,[],[],184a4129c53ba37f6e400c34,,[],unavailable
021528,财通成长优选混合C,603293,埃泰克,SH,2026-06-30,0.0,0.01,0.24,,[],[],184a4129c53ba37f6e400c34,,[],unavailable
021528,财通成长优选混合C,001312,福恩股份,SZ,2026-06-30,0.0,0.01,0.22,,[],[],184a4129c53ba37f6e400c34,,[],unavailable
021528,财通成长优选混合C,603284,林平发展,SH,2026-06-30,0.0,0.0,0.16,,[],[],184a4129c53ba37f6e400c34,,[],unavailable
021528,财通成长优选混合C,001220,世盟股份,SZ,2026-06-30,0.0,0.01,0.16,,[],[],184a4129c53ba37f6e400c34,,[],unavailable
025421,浦银数字经济混合A,300308,中际旭创,SZ,2026-06-30,9.07,39.37,49999.9,,[],[],eb16da985559bd2d3b264bea,,[],unavailable
025421,浦银数字经济混合A,300757,罗博特科,SZ,2026-06-30,7.38,65.67,40648.18,,[],[],eb16da985559bd2d3b264bea,,[],unavailable
025421,浦银数字经济混合A,688498,源杰科技,SH,2026-06-30,7.36,21.49,40537.31,,[],[],eb16da985559bd2d3b264bea,,[],unavailable
025421,浦银数字经济混合A,688167,炬光科技,SH,2026-06-30,7.27,113.1,40060.19,,[],[],eb16da985559bd2d3b264bea,,[],unavailable
025421,浦银数字经济混合A,300394,天孚通信,SZ,2026-06-30,7.0,127.34,38544.48,,[],[],eb16da985559bd2d3b264bea,,[],unavailable
025421,浦银数字经济混合A,300502,新易盛,SZ,2026-06-30,6.76,61.38,37256.14,,[],[],eb16da985559bd2d3b264bea,,[],unavailable
025421,浦银数字经济混合A,300570,太辰光,SZ,2026-06-30,6.39,142.78,35225.01,,[],[],eb16da985559bd2d3b264bea,,[],unavailable
025421,浦银数字经济混合A,300620,光库科技,SZ,2026-06-30,4.94,71.98,27223.25,,[],[],eb16da985559bd2d3b264bea,,[],unavailable
025421,浦银数字经济混合A,688808,联讯仪器,SH,2026-06-30,4.8,11.38,26439.03,,[],[],eb16da985559bd2d3b264bea,,[],unavailable
025421,浦银数字经济混合A,600487,亨通光电,SH,2026-06-30,4.35,219.19,23966.23,,[],[],eb16da985559bd2d3b264bea,,[],unavailable
025421,浦银数字经济混合A,600353,旭光电子,SH,2026-06-30,4.28,517.41,23593.8,,[],[],eb16da985559bd2d3b264bea,,[],unavailable
025421,浦银数字经济混合A,301196,唯科科技,SZ,2026-06-30,3.96,174.09,21834.36,,[],[],eb16da985559bd2d3b264bea,,[],unavailable
025421,浦银数字经济混合A,300976,达瑞电子,SZ,2026-06-30,3.03,209.28,16669.15,,[],[],eb16da985559bd2d3b264bea,,[],unavailable
025421,浦银数字经济混合A,600105,永鼎股份,SH,2026-06-30,2.8,228.24,15401.64,,[],[],eb16da985559bd2d3b264bea,,[],unavailable
025421,浦银数字经济混合A,301205,联特科技,SZ,2026-06-30,2.79,46.03,15378.66,,[],[],eb16da985559bd2d3b264bea,,[],unavailable
025421,浦银数字经济混合A,300548,长芯博创,SZ,2026-06-30,2.24,44.48,12365.61,,[],[],eb16da985559bd2d3b264bea,,[],unavailable
025421,浦银数字经济混合A,002484,江海股份,SZ,2026-06-30,2.22,116.25,12206.54,,[],[],eb16da985559bd2d3b264bea,,[],unavailable
025421,浦银数字经济混合A,688001,华兴源创,SH,2026-06-30,1.9,122.13,10466.27,,[],[],eb16da985559bd2d3b264bea,,[],unavailable
025421,浦银数字经济混合A,688668,鼎通科技,SH,2026-06-30,0.93,13.67,5102.86,,[],[],eb16da985559bd2d3b264bea,,[],unavailable
025421,浦银数字经济混合A,603306,华懋科技,SH,2026-06-30,0.87,46.12,4782.18,,[],[],eb16da985559bd2d3b264bea,,[],unavailable
025421,浦银数字经济混合A,688502,茂莱光学,SH,2026-06-30,0.83,6.58,4561.53,,[],[],eb16da985559bd2d3b264bea,,[],unavailable
025421,浦银数字经济混合A,06869,长飞光纤光缆,HK,2026-06-30,0.44,10.9,2417.92,,[],[],eb16da985559bd2d3b264bea,,[],unmapped_market
025421,浦银数字经济混合A,688127,蓝特光学,SH,2026-06-30,0.42,23.99,2341.32,,[],[],eb16da985559bd2d3b264bea,,[],unavailable
025421,浦银数字经济混合A,002222,福晶科技,SZ,2026-06-30,0.38,22.49,2075.38,,[],[],eb16da985559bd2d3b264bea,,[],unavailable
025421,浦银数字经济混合A,688205,德科立,SH,2026-06-30,0.26,6.84,1423.77,,[],[],eb16da985559bd2d3b264bea,,[],unavailable
025421,浦银数字经济混合A,002273,水晶光电,SZ,2026-06-30,0.22,33.66,1194.26,,[],[],eb16da985559bd2d3b264bea,,[],unavailable
025421,浦银数字经济混合A,01729,汇聚科技,HK,2026-06-30,0.2,74.2,1090.43,,[],[],eb16da985559bd2d3b264bea,,[],unmapped_market
025421,浦银数字经济混合A,002975,博杰股份,SZ,2026-06-30,0.17,6.63,941.18,,[],[],eb16da985559bd2d3b264bea,,[],unavailable
025421,浦银数字经济混合A,600330,天通股份,SH,2026-06-30,0.17,29.74,917.26,,[],[],eb16da985559bd2d3b264bea,,[],unavailable
025421,浦银数字经济混合A,002428,云南锗业,SZ,2026-06-30,0.16,7.39,888.13,,[],[],eb16da985559bd2d3b264bea,,[],unavailable
025421,浦银数字经济混合A,001267,汇绿生态,SZ,2026-06-30,0.16,16.18,865.63,,[],[],eb16da985559bd2d3b264bea,,[],unavailable
025421,浦银数字经济混合A,603031,安孚科技,SH,2026-06-30,0.15,15.57,828.84,,[],[],eb16da985559bd2d3b264bea,,[],unavailable
025421,浦银数字经济混合A,688313,仕佳光子,SH,2026-06-30,0.13,3.88,715.59,,[],[],eb16da985559bd2d3b264bea,,[],unavailable
025421,浦银数字经济混合A,002384,东山精密,SZ,2026-06-30,0.12,2.48,650.63,,[],[],eb16da985559bd2d3b264bea,,[],unavailable
025421,浦银数字经济混合A,688048,长光华芯,SH,2026-06-30,0.12,1.28,644.02,,[],[],eb16da985559bd2d3b264bea,,[],unavailable
025421,浦银数字经济混合A,688195,腾景科技,SH,2026-06-30,0.11,3.11,598.1,,[],[],eb16da985559bd2d3b264bea,,[],unavailable
025421,浦银数字经济混合A,000988,华工科技,SZ,2026-06-30,0.05,1.6,296.24,,[],[],eb16da985559bd2d3b264bea,,[],unavailable
025421,浦银数字经济混合A,688025,杰普特,SH,2026-06-30,0.04,0.49,229.64,,[],[],eb16da985559bd2d3b264bea,,[],unavailable
025421,浦银数字经济混合A,688800,瑞可达,SH,2026-06-30,0.04,2.16,207.75,,[],[],eb16da985559bd2d3b264bea,,[],unavailable
025421,浦银数字经济混合A,002980,华盛昌,SZ,2026-06-30,0.02,1.03,120.27,,[],[],eb16da985559bd2d3b264bea,,[],unavailable
025421,浦银数字经济混合A,002281,光迅科技,SZ,2026-06-30,0.02,0.34,87.36,,[],[],eb16da985559bd2d3b264bea,,[],unavailable
025421,浦银数字经济混合A,301486,致尚科技,SZ,2026-06-30,0.01,0.17,34.64,,[],[],eb16da985559bd2d3b264bea,,[],unavailable
025422,浦银数字经济混合C,300308,中际旭创,SZ,2026-06-30,9.07,39.37,49999.9,,[],[],69bd6c23a790214562e2e9c6,,[],unavailable
025422,浦银数字经济混合C,300757,罗博特科,SZ,2026-06-30,7.38,65.67,40648.18,,[],[],69bd6c23a790214562e2e9c6,,[],unavailable
025422,浦银数字经济混合C,688498,源杰科技,SH,2026-06-30,7.36,21.49,40537.31,,[],[],69bd6c23a790214562e2e9c6,,[],unavailable
025422,浦银数字经济混合C,688167,炬光科技,SH,2026-06-30,7.27,113.1,40060.19,,[],[],69bd6c23a790214562e2e9c6,,[],unavailable
025422,浦银数字经济混合C,300394,天孚通信,SZ,2026-06-30,7.0,127.34,38544.48,,[],[],69bd6c23a790214562e2e9c6,,[],unavailable
025422,浦银数字经济混合C,300502,新易盛,SZ,2026-06-30,6.76,61.38,37256.14,,[],[],69bd6c23a790214562e2e9c6,,[],unavailable
025422,浦银数字经济混合C,300570,太辰光,SZ,2026-06-30,6.39,142.78,35225.01,,[],[],69bd6c23a790214562e2e9c6,,[],unavailable
025422,浦银数字经济混合C,300620,光库科技,SZ,2026-06-30,4.94,71.98,27223.25,,[],[],69bd6c23a790214562e2e9c6,,[],unavailable
025422,浦银数字经济混合C,688808,联讯仪器,SH,2026-06-30,4.8,11.38,26439.03,,[],[],69bd6c23a790214562e2e9c6,,[],unavailable
025422,浦银数字经济混合C,600487,亨通光电,SH,2026-06-30,4.35,219.19,23966.23,,[],[],69bd6c23a790214562e2e9c6,,[],unavailable
025422,浦银数字经济混合C,600353,旭光电子,SH,2026-06-30,4.28,517.41,23593.8,,[],[],69bd6c23a790214562e2e9c6,,[],unavailable
025422,浦银数字经济混合C,301196,唯科科技,SZ,2026-06-30,3.96,174.09,21834.36,,[],[],69bd6c23a790214562e2e9c6,,[],unavailable
025422,浦银数字经济混合C,300976,达瑞电子,SZ,2026-06-30,3.03,209.28,16669.15,,[],[],69bd6c23a790214562e2e9c6,,[],unavailable
025422,浦银数字经济混合C,600105,永鼎股份,SH,2026-06-30,2.8,228.24,15401.64,,[],[],69bd6c23a790214562e2e9c6,,[],unavailable
025422,浦银数字经济混合C,301205,联特科技,SZ,2026-06-30,2.79,46.03,15378.66,,[],[],69bd6c23a790214562e2e9c6,,[],unavailable
025422,浦银数字经济混合C,300548,长芯博创,SZ,2026-06-30,2.24,44.48,12365.61,,[],[],69bd6c23a790214562e2e9c6,,[],unavailable
025422,浦银数字经济混合C,002484,江海股份,SZ,2026-06-30,2.22,116.25,12206.54,,[],[],69bd6c23a790214562e2e9c6,,[],unavailable
025422,浦银数字经济混合C,688001,华兴源创,SH,2026-06-30,1.9,122.13,10466.27,,[],[],69bd6c23a790214562e2e9c6,,[],unavailable
025422,浦银数字经济混合C,688668,鼎通科技,SH,2026-06-30,0.93,13.67,5102.86,,[],[],69bd6c23a790214562e2e9c6,,[],unavailable
025422,浦银数字经济混合C,603306,华懋科技,SH,2026-06-30,0.87,46.12,4782.18,,[],[],69bd6c23a790214562e2e9c6,,[],unavailable
025422,浦银数字经济混合C,688502,茂莱光学,SH,2026-06-30,0.83,6.58,4561.53,,[],[],69bd6c23a790214562e2e9c6,,[],unavailable
025422,浦银数字经济混合C,06869,长飞光纤光缆,HK,2026-06-30,0.44,10.9,2417.92,,[],[],69bd6c23a790214562e2e9c6,,[],unmapped_market
025422,浦银数字经济混合C,688127,蓝特光学,SH,2026-06-30,0.42,23.99,2341.32,,[],[],69bd6c23a790214562e2e9c6,,[],unavailable
025422,浦银数字经济混合C,002222,福晶科技,SZ,2026-06-30,0.38,22.49,2075.38,,[],[],69bd6c23a790214562e2e9c6,,[],unavailable
025422,浦银数字经济混合C,688205,德科立,SH,2026-06-30,0.26,6.84,1423.77,,[],[],69bd6c23a790214562e2e9c6,,[],unavailable
025422,浦银数字经济混合C,002273,水晶光电,SZ,2026-06-30,0.22,33.66,1194.26,,[],[],69bd6c23a790214562e2e9c6,,[],unavailable
025422,浦银数字经济混合C,01729,汇聚科技,HK,2026-06-30,0.2,74.2,1090.43,,[],[],69bd6c23a790214562e2e9c6,,[],unmapped_market
025422,浦银数字经济混合C,002975,博杰股份,SZ,2026-06-30,0.17,6.63,941.18,,[],[],69bd6c23a790214562e2e9c6,,[],unavailable
025422,浦银数字经济混合C,600330,天通股份,SH,2026-06-30,0.17,29.74,917.26,,[],[],69bd6c23a790214562e2e9c6,,[],unavailable
025422,浦银数字经济混合C,002428,云南锗业,SZ,2026-06-30,0.16,7.39,888.13,,[],[],69bd6c23a790214562e2e9c6,,[],unavailable
025422,浦银数字经济混合C,001267,汇绿生态,SZ,2026-06-30,0.16,16.18,865.63,,[],[],69bd6c23a790214562e2e9c6,,[],unavailable
025422,浦银数字经济混合C,603031,安孚科技,SH,2026-06-30,0.15,15.57,828.84,,[],[],69bd6c23a790214562e2e9c6,,[],unavailable
025422,浦银数字经济混合C,688313,仕佳光子,SH,2026-06-30,0.13,3.88,715.59,,[],[],69bd6c23a790214562e2e9c6,,[],unavailable
025422,浦银数字经济混合C,002384,东山精密,SZ,2026-06-30,0.12,2.48,650.63,,[],[],69bd6c23a790214562e2e9c6,,[],unavailable
025422,浦银数字经济混合C,688048,长光华芯,SH,2026-06-30,0.12,1.28,644.02,,[],[],69bd6c23a790214562e2e9c6,,[],unavailable
025422,浦银数字经济混合C,688195,腾景科技,SH,2026-06-30,0.11,3.11,598.1,,[],[],69bd6c23a790214562e2e9c6,,[],unavailable
025422,浦银数字经济混合C,000988,华工科技,SZ,2026-06-30,0.05,1.6,296.24,,[],[],69bd6c23a790214562e2e9c6,,[],unavailable
025422,浦银数字经济混合C,688025,杰普特,SH,2026-06-30,0.04,0.49,229.64,,[],[],69bd6c23a790214562e2e9c6,,[],unavailable
025422,浦银数字经济混合C,688800,瑞可达,SH,2026-06-30,0.04,2.16,207.75,,[],[],69bd6c23a790214562e2e9c6,,[],unavailable
025422,浦银数字经济混合C,002980,华盛昌,SZ,2026-06-30,0.02,1.03,120.27,,[],[],69bd6c23a790214562e2e9c6,,[],unavailable
025422,浦银数字经济混合C,002281,光迅科技,SZ,2026-06-30,0.02,0.34,87.36,,[],[],69bd6c23a790214562e2e9c6,,[],unavailable
025422,浦银数字经济混合C,301486,致尚科技,SZ,2026-06-30,0.01,0.17,34.64,,[],[],69bd6c23a790214562e2e9c6,,[],unavailable
006502,财通集成电路产业股票A,300502,新易盛,SZ,2026-06-30,9.47,128.37,77919.92,,[],[],b655a73e1adc91232cc79723,,[],unavailable
006502,财通集成电路产业股票A,688498,源杰科技,SH,2026-06-30,8.69,37.94,71560.5,,[],[],b655a73e1adc91232cc79723,,[],unavailable
006502,财通集成电路产业股票A,688519,南亚新材,SH,2026-06-30,8.27,179.12,68073.07,,[],[],b655a73e1adc91232cc79723,,[],unavailable
006502,财通集成电路产业股票A,301511,德福科技,SZ,2026-06-30,7.95,455.03,65455.59,,[],[],b655a73e1adc91232cc79723,,[],unavailable
006502,财通集成电路产业股票A,301377,鼎泰高科,SZ,2026-06-30,7.87,117.59,64777.58,,[],[],b655a73e1adc91232cc79723,,[],unavailable
006502,财通集成电路产业股票A,300408,三环集团,SZ,2026-06-30,7.84,386.51,64508.35,,[],[],b655a73e1adc91232cc79723,,[],unavailable
006502,财通集成电路产业股票A,000636,风华高科,SZ,2026-06-30,6.29,717.06,51800.63,,[],[],b655a73e1adc91232cc79723,,[],unavailable
006502,财通集成电路产业股票A,605376,博迁新材,SH,2026-06-30,4.73,143.37,38896.28,,[],[],b655a73e1adc91232cc79723,,[],unavailable
006502,财通集成电路产业股票A,688020,方邦股份,SH,2026-06-30,4.6,151.66,37855.53,,[],[],b655a73e1adc91232cc79723,,[],unavailable
006502,财通集成电路产业股票A,688260,昀冢科技,SH,2026-06-30,3.75,214.53,30891.76,,[],[],b655a73e1adc91232cc79723,,[],unavailable
006502,财通集成电路产业股票A,603186,华正新材,SH,2026-06-30,3.6,131.34,29591.47,,[],[],b655a73e1adc91232cc79723,,[],unavailable
006502,财通集成电路产业股票A,300308,中际旭创,SZ,2026-06-30,3.12,20.2,25649.94,,[],[],b655a73e1adc91232cc79723,,[],unavailable
006502,财通集成电路产业股票A,301200,大族数控,SZ,2026-06-30,2.96,67.58,24372.33,,[],[],b655a73e1adc91232cc79723,,[],unavailable
006502,财通集成电路产业股票A,301362,民爆光电,SZ,2026-06-30,2.09,93.66,17225.95,,[],[],b655a73e1adc91232cc79723,,[],unavailable
006502,财通集成电路产业股票A,300570,太辰光,SZ,2026-06-30,1.08,36.09,8903.76,,[],[],b655a73e1adc91232cc79723,,[],unavailable
006502,财通集成电路产业股票A,300661,圣邦股份,SZ,2026-06-30,1.08,61.8,8866.42,,[],[],b655a73e1adc91232cc79723,,[],unavailable
006502,财通集成电路产业股票A,301217,铜冠铜箔,SZ,2026-06-30,0.96,47.94,7913.34,,[],[],b655a73e1adc91232cc79723,,[],unavailable
006502,财通集成电路产业股票A,688795,摩尔线程,SH,2026-06-30,0.04,0.44,299.88,,[],[],b655a73e1adc91232cc79723,,[],unavailable
006502,财通集成电路产业股票A,688802,沐曦股份,SH,2026-06-30,0.03,0.29,225.21,,[],[],b655a73e1adc91232cc79723,,[],unavailable
006502,财通集成电路产业股票A,688700,东威科技,SH,2026-06-30,0.02,2.2,197.01,,[],[],b655a73e1adc91232cc79723,,[],unavailable
006502,财通集成电路产业股票A,301666,大普微,SZ,2026-06-30,0.01,0.12,56.53,,[],[],b655a73e1adc91232cc79723,,[],unavailable
006502,财通集成电路产业股票A,001399,惠科股份,SZ,2026-06-30,0.01,1.62,55.14,,[],[],b655a73e1adc91232cc79723,,[],unavailable
006502,财通集成电路产业股票A,688820,盛合晶微,SH,2026-06-30,0.0,0.2,28.47,,[],[],b655a73e1adc91232cc79723,,[],unavailable
006502,财通集成电路产业股票A,688781,视涯科技,SH,2026-06-30,0.0,0.63,26.71,,[],[],b655a73e1adc91232cc79723,,[],unavailable
006502,财通集成电路产业股票A,688808,联讯仪器,SH,2026-06-30,0.0,0.02,25.82,,[],[],b655a73e1adc91232cc79723,,[],unavailable
006502,财通集成电路产业股票A,688809,强一股份,SH,2026-06-30,0.0,0.03,16.14,,[],[],b655a73e1adc91232cc79723,,[],unavailable
006502,财通集成电路产业股票A,688818,电科蓝天,SH,2026-06-30,0.0,0.17,12.04,,[],[],b655a73e1adc91232cc79723,,[],unavailable
006502,财通集成电路产业股票A,301682,宏明电子,SZ,2026-06-30,0.0,0.07,11.43,,[],[],b655a73e1adc91232cc79723,,[],unavailable
006502,财通集成电路产业股票A,688797,臻宝科技,SH,2026-06-30,0.0,0.02,9.7,,[],[],b655a73e1adc91232cc79723,,[],unavailable
006502,财通集成电路产业股票A,688712,北芯生命,SH,2026-06-30,0.0,0.15,5.39,,[],[],b655a73e1adc91232cc79723,,[],unavailable
006502,财通集成电路产业股票A,688785,恒运昌,SH,2026-06-30,0.0,0.01,5.37,,[],[],b655a73e1adc91232cc79723,,[],unavailable
006502,财通集成电路产业股票A,688807,优迅股份,SH,2026-06-30,0.0,0.01,5.27,,[],[],b655a73e1adc91232cc79723,,[],unavailable
006502,财通集成电路产业股票A,688813,泰金新能,SH,2026-06-30,0.0,0.02,4.03,,[],[],b655a73e1adc91232cc79723,,[],unavailable
006502,财通集成电路产业股票A,001257,盛龙股份,SZ,2026-06-30,0.0,0.17,3.61,,[],[],b655a73e1adc91232cc79723,,[],unavailable
006502,财通集成电路产业股票A,603459,红板科技,SH,2026-06-30,0.0,0.03,2.78,,[],[],b655a73e1adc91232cc79723,,[],unavailable
006502,财通集成电路产业股票A,001365,天海电子,SZ,2026-06-30,0.0,0.07,2.25,,[],[],b655a73e1adc91232cc79723,,[],unavailable
006502,财通集成电路产业股票A,688811,有研复材,SH,2026-06-30,0.0,0.08,2.01,,[],[],b655a73e1adc91232cc79723,,[],unavailable
006502,财通集成电路产业股票A,301696,三瑞智能,SZ,2026-06-30,0.0,0.02,1.87,,[],[],b655a73e1adc91232cc79723,,[],unavailable
006502,财通集成电路产业股票A,301669,高特电子,SZ,2026-06-30,0.0,0.05,1.55,,[],[],b655a73e1adc91232cc79723,,[],unavailable
006502,财通集成电路产业股票A,001393,维通利,SZ,2026-06-30,0.0,0.04,1.51,,[],[],b655a73e1adc91232cc79723,,[],unavailable
006502,财通集成电路产业股票A,603175,超颖电子,SH,2026-06-30,0.0,0.02,1.51,,[],[],b655a73e1adc91232cc79723,,[],unavailable
006502,财通集成电路产业股票A,301531,春光集团,SZ,2026-06-30,0.0,0.03,1.5,,[],[],b655a73e1adc91232cc79723,,[],unavailable
006502,财通集成电路产业股票A,301599,理奇智能,SZ,2026-06-30,0.0,0.04,1.41,,[],[],b655a73e1adc91232cc79723,,[],unavailable
006502,财通集成电路产业股票A,601112,振石股份,SH,2026-06-30,0.0,0.08,1.36,,[],[],b655a73e1adc91232cc79723,,[],unavailable
006502,财通集成电路产业股票A,301680,固德电材,SZ,2026-06-30,0.0,0.01,1.31,,[],[],b655a73e1adc91232cc79723,,[],unavailable
006502,财通集成电路产业股票A,301683,慧谷新材,SZ,2026-06-30,0.0,0.01,1.17,,[],[],b655a73e1adc91232cc79723,,[],unavailable
006502,财通集成电路产业股票A,301667,纳百川,SZ,2026-06-30,0.0,0.02,1.09,,[],[],b655a73e1adc91232cc79723,,[],unavailable
006502,财通集成电路产业股票A,301513,尚水智能,SZ,2026-06-30,0.0,0.01,0.7,,[],[],b655a73e1adc91232cc79723,,[],unavailable
006502,财通集成电路产业股票A,603248,锡华科技,SH,2026-06-30,0.0,0.03,0.55,,[],[],b655a73e1adc91232cc79723,,[],unavailable
006502,财通集成电路产业股票A,601138,工业富联,SH,2026-06-30,0.0,0.01,0.51,,[],[],b655a73e1adc91232cc79723,,[],unavailable
006502,财通集成电路产业股票A,603435,嘉德利,SH,2026-06-30,0.0,0.01,0.49,,[],[],b655a73e1adc91232cc79723,,[],unavailable
006502,财通集成电路产业股票A,001396,誉帆科技,SZ,2026-06-30,0.0,0.01,0.24,,[],[],b655a73e1adc91232cc79723,,[],unavailable
006502,财通集成电路产业股票A,603293,埃泰克,SH,2026-06-30,0.0,0.01,0.24,,[],[],b655a73e1adc91232cc79723,,[],unavailable
006502,财通集成电路产业股票A,001312,福恩股份,SZ,2026-06-30,0.0,0.01,0.22,,[],[],b655a73e1adc91232cc79723,,[],unavailable
006502,财通集成电路产业股票A,603284,林平发展,SH,2026-06-30,0.0,0.0,0.16,,[],[],b655a73e1adc91232cc79723,,[],unavailable
006502,财通集成电路产业股票A,001220,世盟股份,SZ,2026-06-30,0.0,0.01,0.16,,[],[],b655a73e1adc91232cc79723,,[],unavailable
006502,财通集成电路产业股票A,01810,小米集团-W,HK,2026-06-30,0.0,0.0,0.09,,[],[],b655a73e1adc91232cc79723,,[],unmapped_market
006502,财通集成电路产业股票A,603352,至信股份,SH,2026-06-30,0.0,0.0,0.08,,[],[],b655a73e1adc91232cc79723,,[],unavailable
018358,华富数字经济混合A,300502,新易盛,SZ,2026-06-30,4.76,4.69,2846.83,,[],[],1459d505569b9f98938f037b,,[],unavailable
018358,华富数字经济混合A,300308,中际旭创,SZ,2026-06-30,4.65,2.19,2781.3,,[],[],1459d505569b9f98938f037b,,[],unavailable
018358,华富数字经济混合A,688037,芯源微,SH,2026-06-30,4.32,5.89,2584.25,,[],[],1459d505569b9f98938f037b,,[],unavailable
018358,华富数字经济混合A,603986,兆易创新,SH,2026-06-30,4.25,3.12,2542.8,,[],[],1459d505569b9f98938f037b,,[],unavailable
018358,华富数字经济混合A,688256,寒武纪,SH,2026-06-30,4.23,1.59,2533.25,,[],[],1459d505569b9f98938f037b,,[],unavailable
018358,华富数字经济混合A,688072,拓荆科技,SH,2026-06-30,4.04,2.75,2419.06,,[],[],1459d505569b9f98938f037b,,[],unavailable
018358,华富数字经济混合A,688200,华峰测控,SH,2026-06-30,3.83,4.36,2291.54,,[],[],1459d505569b9f98938f037b,,[],unavailable
018358,华富数字经济混合A,301095,广立微,SZ,2026-06-30,3.78,19.18,2264.2,,[],[],1459d505569b9f98938f037b,,[],unavailable
018358,华富数字经济混合A,688041,海光信息,SH,2026-06-30,3.74,6.05,2241.35,,[],[],1459d505569b9f98938f037b,,[],unavailable
018358,华富数字经济混合A,603005,晶方科技,SH,2026-06-30,3.51,39.02,2102.01,,[],[],1459d505569b9f98938f037b,,[],unavailable
018358,华富数字经济混合A,688981,中芯国际,SH,2026-06-30,3.48,13.13,2085.94,,[],[],1459d505569b9f98938f037b,,[],unavailable
018358,华富数字经济混合A,002371,北方华创,SZ,2026-06-30,3.44,2.33,2061.02,,[],[],1459d505569b9f98938f037b,,[],unavailable
018358,华富数字经济混合A,688012,中微公司,SH,2026-06-30,3.41,4.35,2039.61,,[],[],1459d505569b9f98938f037b,,[],unavailable
018358,华富数字经济混合A,688403,汇成股份,SH,2026-06-30,3.29,49.65,1971.26,,[],[],1459d505569b9f98938f037b,,[],unavailable
018358,华富数字经济混合A,688347,华虹宏力,SH,2026-06-30,2.63,4.67,1572.17,,[],[],1459d505569b9f98938f037b,,[],unavailable
018358,华富数字经济混合A,301123,奕东电子,SZ,2026-06-30,2.57,12.75,1539.18,,[],[],1459d505569b9f98938f037b,,[],unavailable
018358,华富数字经济混合A,301217,铜冠铜箔,SZ,2026-06-30,2.45,8.88,1465.82,,[],[],1459d505569b9f98938f037b,,[],unavailable
018358,华富数字经济混合A,301307,美利信,SZ,2026-06-30,2.13,16.95,1276.17,,[],[],1459d505569b9f98938f037b,,[],unavailable
018358,华富数字经济混合A,688702,盛科通信,SH,2026-06-30,2.04,3.14,1223.36,,[],[],1459d505569b9f98938f037b,,[],unavailable
018358,华富数字经济混合A,300548,长芯博创,SZ,2026-06-30,2.03,4.37,1214.86,,[],[],1459d505569b9f98938f037b,,[],unavailable
018358,华富数字经济混合A,688123,聚辰股份,SH,2026-06-30,1.98,5.56,1182.54,,[],[],1459d505569b9f98938f037b,,[],unavailable
018358,华富数字经济混合A,688313,仕佳光子,SH,2026-06-30,1.93,6.26,1156.76,,[],[],1459d505569b9f98938f037b,,[],unavailable
018358,华富数字经济混合A,300666,江丰电子,SZ,2026-06-30,1.88,3.06,1127.92,,[],[],1459d505569b9f98938f037b,,[],unavailable
018358,华富数字经济混合A,000725,京东方A,SZ,2026-06-30,1.88,129.76,1126.32,,[],[],1459d505569b9f98938f037b,,[],unavailable
018358,华富数字经济混合A,002463,沪电股份,SZ,2026-06-30,1.87,7.33,1120.02,,[],[],1459d505569b9f98938f037b,,[],unavailable
018358,华富数字经济混合A,688172,燕东微,SH,2026-06-30,1.84,13.13,1098.74,,[],[],1459d505569b9f98938f037b,,[],unavailable
018358,华富数字经济混合A,300236,上海新阳,SZ,2026-06-30,1.81,8.22,1080.93,,[],[],1459d505569b9f98938f037b,,[],unavailable
018358,华富数字经济混合A,002837,英维克,SZ,2026-06-30,1.76,13.27,1056.0,,[],[],1459d505569b9f98938f037b,,[],unavailable
018358,华富数字经济混合A,300776,帝尔激光,SZ,2026-06-30,1.75,4.86,1044.71,,[],[],1459d505569b9f98938f037b,,[],unavailable
018358,华富数字经济混合A,600487,亨通光电,SH,2026-06-30,1.5,8.22,898.77,,[],[],1459d505569b9f98938f037b,,[],unavailable
018358,华富数字经济混合A,002080,中材科技,SZ,2026-06-30,1.32,8.75,787.5,,[],[],1459d505569b9f98938f037b,,[],unavailable
018358,华富数字经济混合A,001267,汇绿生态,SZ,2026-06-30,1.17,13.14,702.99,,[],[],1459d505569b9f98938f037b,,[],unavailable
018358,华富数字经济混合A,001248,华润新能源,SZ,2026-06-30,0.03,1.78,18.03,,[],[],1459d505569b9f98938f037b,,[],unavailable
018358,华富数字经济混合A,688797,臻宝科技,SH,2026-06-30,0.01,0.01,6.66,,[],[],1459d505569b9f98938f037b,,[],unavailable
018358,华富数字经济混合A,001399,惠科股份,SZ,2026-06-30,0.01,0.19,5.32,,[],[],1459d505569b9f98938f037b,,[],unavailable
006503,财通集成电路产业股票C,300502,新易盛,SZ,2026-06-30,9.47,128.37,77919.92,,[],[],cb5a2ea73e7daf96fb0bf442,,[],unavailable
006503,财通集成电路产业股票C,688498,源杰科技,SH,2026-06-30,8.69,37.94,71560.5,,[],[],cb5a2ea73e7daf96fb0bf442,,[],unavailable
006503,财通集成电路产业股票C,688519,南亚新材,SH,2026-06-30,8.27,179.12,68073.07,,[],[],cb5a2ea73e7daf96fb0bf442,,[],unavailable
006503,财通集成电路产业股票C,301511,德福科技,SZ,2026-06-30,7.95,455.03,65455.59,,[],[],cb5a2ea73e7daf96fb0bf442,,[],unavailable
006503,财通集成电路产业股票C,301377,鼎泰高科,SZ,2026-06-30,7.87,117.59,64777.58,,[],[],cb5a2ea73e7daf96fb0bf442,,[],unavailable
006503,财通集成电路产业股票C,300408,三环集团,SZ,2026-06-30,7.84,386.51,64508.35,,[],[],cb5a2ea73e7daf96fb0bf442,,[],unavailable
006503,财通集成电路产业股票C,000636,风华高科,SZ,2026-06-30,6.29,717.06,51800.63,,[],[],cb5a2ea73e7daf96fb0bf442,,[],unavailable
006503,财通集成电路产业股票C,605376,博迁新材,SH,2026-06-30,4.73,143.37,38896.28,,[],[],cb5a2ea73e7daf96fb0bf442,,[],unavailable
006503,财通集成电路产业股票C,688020,方邦股份,SH,2026-06-30,4.6,151.66,37855.53,,[],[],cb5a2ea73e7daf96fb0bf442,,[],unavailable
006503,财通集成电路产业股票C,688260,昀冢科技,SH,2026-06-30,3.75,214.53,30891.76,,[],[],cb5a2ea73e7daf96fb0bf442,,[],unavailable
006503,财通集成电路产业股票C,603186,华正新材,SH,2026-06-30,3.6,131.34,29591.47,,[],[],cb5a2ea73e7daf96fb0bf442,,[],unavailable
006503,财通集成电路产业股票C,300308,中际旭创,SZ,2026-06-30,3.12,20.2,25649.94,,[],[],cb5a2ea73e7daf96fb0bf442,,[],unavailable
006503,财通集成电路产业股票C,301200,大族数控,SZ,2026-06-30,2.96,67.58,24372.33,,[],[],cb5a2ea73e7daf96fb0bf442,,[],unavailable
006503,财通集成电路产业股票C,301362,民爆光电,SZ,2026-06-30,2.09,93.66,17225.95,,[],[],cb5a2ea73e7daf96fb0bf442,,[],unavailable
006503,财通集成电路产业股票C,300570,太辰光,SZ,2026-06-30,1.08,36.09,8903.76,,[],[],cb5a2ea73e7daf96fb0bf442,,[],unavailable
006503,财通集成电路产业股票C,300661,圣邦股份,SZ,2026-06-30,1.08,61.8,8866.42,,[],[],cb5a2ea73e7daf96fb0bf442,,[],unavailable
006503,财通集成电路产业股票C,301217,铜冠铜箔,SZ,2026-06-30,0.96,47.94,7913.34,,[],[],cb5a2ea73e7daf96fb0bf442,,[],unavailable
006503,财通集成电路产业股票C,688795,摩尔线程,SH,2026-06-30,0.04,0.44,299.88,,[],[],cb5a2ea73e7daf96fb0bf442,,[],unavailable
006503,财通集成电路产业股票C,688802,沐曦股份,SH,2026-06-30,0.03,0.29,225.21,,[],[],cb5a2ea73e7daf96fb0bf442,,[],unavailable
006503,财通集成电路产业股票C,688700,东威科技,SH,2026-06-30,0.02,2.2,197.01,,[],[],cb5a2ea73e7daf96fb0bf442,,[],unavailable
006503,财通集成电路产业股票C,301666,大普微,SZ,2026-06-30,0.01,0.12,56.53,,[],[],cb5a2ea73e7daf96fb0bf442,,[],unavailable
006503,财通集成电路产业股票C,001399,惠科股份,SZ,2026-06-30,0.01,1.62,55.14,,[],[],cb5a2ea73e7daf96fb0bf442,,[],unavailable
006503,财通集成电路产业股票C,688820,盛合晶微,SH,2026-06-30,0.0,0.2,28.47,,[],[],cb5a2ea73e7daf96fb0bf442,,[],unavailable
006503,财通集成电路产业股票C,688781,视涯科技,SH,2026-06-30,0.0,0.63,26.71,,[],[],cb5a2ea73e7daf96fb0bf442,,[],unavailable
006503,财通集成电路产业股票C,688808,联讯仪器,SH,2026-06-30,0.0,0.02,25.82,,[],[],cb5a2ea73e7daf96fb0bf442,,[],unavailable
006503,财通集成电路产业股票C,688809,强一股份,SH,2026-06-30,0.0,0.03,16.14,,[],[],cb5a2ea73e7daf96fb0bf442,,[],unavailable
006503,财通集成电路产业股票C,688818,电科蓝天,SH,2026-06-30,0.0,0.17,12.04,,[],[],cb5a2ea73e7daf96fb0bf442,,[],unavailable
006503,财通集成电路产业股票C,301682,宏明电子,SZ,2026-06-30,0.0,0.07,11.43,,[],[],cb5a2ea73e7daf96fb0bf442,,[],unavailable
006503,财通集成电路产业股票C,688797,臻宝科技,SH,2026-06-30,0.0,0.02,9.7,,[],[],cb5a2ea73e7daf96fb0bf442,,[],unavailable
006503,财通集成电路产业股票C,688712,北芯生命,SH,2026-06-30,0.0,0.15,5.39,,[],[],cb5a2ea73e7daf96fb0bf442,,[],unavailable
006503,财通集成电路产业股票C,688785,恒运昌,SH,2026-06-30,0.0,0.01,5.37,,[],[],cb5a2ea73e7daf96fb0bf442,,[],unavailable
006503,财通集成电路产业股票C,688807,优迅股份,SH,2026-06-30,0.0,0.01,5.27,,[],[],cb5a2ea73e7daf96fb0bf442,,[],unavailable
006503,财通集成电路产业股票C,688813,泰金新能,SH,2026-06-30,0.0,0.02,4.03,,[],[],cb5a2ea73e7daf96fb0bf442,,[],unavailable
006503,财通集成电路产业股票C,001257,盛龙股份,SZ,2026-06-30,0.0,0.17,3.61,,[],[],cb5a2ea73e7daf96fb0bf442,,[],unavailable
006503,财通集成电路产业股票C,603459,红板科技,SH,2026-06-30,0.0,0.03,2.78,,[],[],cb5a2ea73e7daf96fb0bf442,,[],unavailable
006503,财通集成电路产业股票C,001365,天海电子,SZ,2026-06-30,0.0,0.07,2.25,,[],[],cb5a2ea73e7daf96fb0bf442,,[],unavailable
006503,财通集成电路产业股票C,688811,有研复材,SH,2026-06-30,0.0,0.08,2.01,,[],[],cb5a2ea73e7daf96fb0bf442,,[],unavailable
006503,财通集成电路产业股票C,301696,三瑞智能,SZ,2026-06-30,0.0,0.02,1.87,,[],[],cb5a2ea73e7daf96fb0bf442,,[],unavailable
006503,财通集成电路产业股票C,301669,高特电子,SZ,2026-06-30,0.0,0.05,1.55,,[],[],cb5a2ea73e7daf96fb0bf442,,[],unavailable
006503,财通集成电路产业股票C,001393,维通利,SZ,2026-06-30,0.0,0.04,1.51,,[],[],cb5a2ea73e7daf96fb0bf442,,[],unavailable
006503,财通集成电路产业股票C,603175,超颖电子,SH,2026-06-30,0.0,0.02,1.51,,[],[],cb5a2ea73e7daf96fb0bf442,,[],unavailable
006503,财通集成电路产业股票C,301531,春光集团,SZ,2026-06-30,0.0,0.03,1.5,,[],[],cb5a2ea73e7daf96fb0bf442,,[],unavailable
006503,财通集成电路产业股票C,301599,理奇智能,SZ,2026-06-30,0.0,0.04,1.41,,[],[],cb5a2ea73e7daf96fb0bf442,,[],unavailable
006503,财通集成电路产业股票C,601112,振石股份,SH,2026-06-30,0.0,0.08,1.36,,[],[],cb5a2ea73e7daf96fb0bf442,,[],unavailable
006503,财通集成电路产业股票C,301680,固德电材,SZ,2026-06-30,0.0,0.01,1.31,,[],[],cb5a2ea73e7daf96fb0bf442,,[],unavailable
006503,财通集成电路产业股票C,301683,慧谷新材,SZ,2026-06-30,0.0,0.01,1.17,,[],[],cb5a2ea73e7daf96fb0bf442,,[],unavailable
006503,财通集成电路产业股票C,301667,纳百川,SZ,2026-06-30,0.0,0.02,1.09,,[],[],cb5a2ea73e7daf96fb0bf442,,[],unavailable
006503,财通集成电路产业股票C,301513,尚水智能,SZ,2026-06-30,0.0,0.01,0.7,,[],[],cb5a2ea73e7daf96fb0bf442,,[],unavailable
006503,财通集成电路产业股票C,603248,锡华科技,SH,2026-06-30,0.0,0.03,0.55,,[],[],cb5a2ea73e7daf96fb0bf442,,[],unavailable
006503,财通集成电路产业股票C,601138,工业富联,SH,2026-06-30,0.0,0.01,0.51,,[],[],cb5a2ea73e7daf96fb0bf442,,[],unavailable
006503,财通集成电路产业股票C,603435,嘉德利,SH,2026-06-30,0.0,0.01,0.49,,[],[],cb5a2ea73e7daf96fb0bf442,,[],unavailable
006503,财通集成电路产业股票C,001396,誉帆科技,SZ,2026-06-30,0.0,0.01,0.24,,[],[],cb5a2ea73e7daf96fb0bf442,,[],unavailable
006503,财通集成电路产业股票C,603293,埃泰克,SH,2026-06-30,0.0,0.01,0.24,,[],[],cb5a2ea73e7daf96fb0bf442,,[],unavailable
006503,财通集成电路产业股票C,001312,福恩股份,SZ,2026-06-30,0.0,0.01,0.22,,[],[],cb5a2ea73e7daf96fb0bf442,,[],unavailable
006503,财通集成电路产业股票C,603284,林平发展,SH,2026-06-30,0.0,0.0,0.16,,[],[],cb5a2ea73e7daf96fb0bf442,,[],unavailable
006503,财通集成电路产业股票C,001220,世盟股份,SZ,2026-06-30,0.0,0.01,0.16,,[],[],cb5a2ea73e7daf96fb0bf442,,[],unavailable
006503,财通集成电路产业股票C,01810,小米集团-W,HK,2026-06-30,0.0,0.0,0.09,,[],[],cb5a2ea73e7daf96fb0bf442,,[],unmapped_market
006503,财通集成电路产业股票C,603352,至信股份,SH,2026-06-30,0.0,0.0,0.08,,[],[],cb5a2ea73e7daf96fb0bf442,,[],unavailable
018359,华富数字经济混合C,300502,新易盛,SZ,2026-06-30,4.76,4.69,2846.83,,[],[],5334509cbb2fb36e858d2e64,,[],unavailable
018359,华富数字经济混合C,300308,中际旭创,SZ,2026-06-30,4.65,2.19,2781.3,,[],[],5334509cbb2fb36e858d2e64,,[],unavailable
018359,华富数字经济混合C,688037,芯源微,SH,2026-06-30,4.32,5.89,2584.25,,[],[],5334509cbb2fb36e858d2e64,,[],unavailable
018359,华富数字经济混合C,603986,兆易创新,SH,2026-06-30,4.25,3.12,2542.8,,[],[],5334509cbb2fb36e858d2e64,,[],unavailable
018359,华富数字经济混合C,688256,寒武纪,SH,2026-06-30,4.23,1.59,2533.25,,[],[],5334509cbb2fb36e858d2e64,,[],unavailable
018359,华富数字经济混合C,688072,拓荆科技,SH,2026-06-30,4.04,2.75,2419.06,,[],[],5334509cbb2fb36e858d2e64,,[],unavailable
018359,华富数字经济混合C,688200,华峰测控,SH,2026-06-30,3.83,4.36,2291.54,,[],[],5334509cbb2fb36e858d2e64,,[],unavailable
018359,华富数字经济混合C,301095,广立微,SZ,2026-06-30,3.78,19.18,2264.2,,[],[],5334509cbb2fb36e858d2e64,,[],unavailable
018359,华富数字经济混合C,688041,海光信息,SH,2026-06-30,3.74,6.05,2241.35,,[],[],5334509cbb2fb36e858d2e64,,[],unavailable
018359,华富数字经济混合C,603005,晶方科技,SH,2026-06-30,3.51,39.02,2102.01,,[],[],5334509cbb2fb36e858d2e64,,[],unavailable
018359,华富数字经济混合C,688981,中芯国际,SH,2026-06-30,3.48,13.13,2085.94,,[],[],5334509cbb2fb36e858d2e64,,[],unavailable
018359,华富数字经济混合C,002371,北方华创,SZ,2026-06-30,3.44,2.33,2061.02,,[],[],5334509cbb2fb36e858d2e64,,[],unavailable
018359,华富数字经济混合C,688012,中微公司,SH,2026-06-30,3.41,4.35,2039.61,,[],[],5334509cbb2fb36e858d2e64,,[],unavailable
018359,华富数字经济混合C,688403,汇成股份,SH,2026-06-30,3.29,49.65,1971.26,,[],[],5334509cbb2fb36e858d2e64,,[],unavailable
018359,华富数字经济混合C,688347,华虹宏力,SH,2026-06-30,2.63,4.67,1572.17,,[],[],5334509cbb2fb36e858d2e64,,[],unavailable
018359,华富数字经济混合C,301123,奕东电子,SZ,2026-06-30,2.57,12.75,1539.18,,[],[],5334509cbb2fb36e858d2e64,,[],unavailable
018359,华富数字经济混合C,301217,铜冠铜箔,SZ,2026-06-30,2.45,8.88,1465.82,,[],[],5334509cbb2fb36e858d2e64,,[],unavailable
018359,华富数字经济混合C,301307,美利信,SZ,2026-06-30,2.13,16.95,1276.17,,[],[],5334509cbb2fb36e858d2e64,,[],unavailable
018359,华富数字经济混合C,688702,盛科通信,SH,2026-06-30,2.04,3.14,1223.36,,[],[],5334509cbb2fb36e858d2e64,,[],unavailable
018359,华富数字经济混合C,300548,长芯博创,SZ,2026-06-30,2.03,4.37,1214.86,,[],[],5334509cbb2fb36e858d2e64,,[],unavailable
018359,华富数字经济混合C,688123,聚辰股份,SH,2026-06-30,1.98,5.56,1182.54,,[],[],5334509cbb2fb36e858d2e64,,[],unavailable
018359,华富数字经济混合C,688313,仕佳光子,SH,2026-06-30,1.93,6.26,1156.76,,[],[],5334509cbb2fb36e858d2e64,,[],unavailable
018359,华富数字经济混合C,300666,江丰电子,SZ,2026-06-30,1.88,3.06,1127.92,,[],[],5334509cbb2fb36e858d2e64,,[],unavailable
018359,华富数字经济混合C,000725,京东方A,SZ,2026-06-30,1.88,129.76,1126.32,,[],[],5334509cbb2fb36e858d2e64,,[],unavailable
018359,华富数字经济混合C,002463,沪电股份,SZ,2026-06-30,1.87,7.33,1120.02,,[],[],5334509cbb2fb36e858d2e64,,[],unavailable
018359,华富数字经济混合C,688172,燕东微,SH,2026-06-30,1.84,13.13,1098.74,,[],[],5334509cbb2fb36e858d2e64,,[],unavailable
018359,华富数字经济混合C,300236,上海新阳,SZ,2026-06-30,1.81,8.22,1080.93,,[],[],5334509cbb2fb36e858d2e64,,[],unavailable
018359,华富数字经济混合C,002837,英维克,SZ,2026-06-30,1.76,13.27,1056.0,,[],[],5334509cbb2fb36e858d2e64,,[],unavailable
018359,华富数字经济混合C,300776,帝尔激光,SZ,2026-06-30,1.75,4.86,1044.71,,[],[],5334509cbb2fb36e858d2e64,,[],unavailable
018359,华富数字经济混合C,600487,亨通光电,SH,2026-06-30,1.5,8.22,898.77,,[],[],5334509cbb2fb36e858d2e64,,[],unavailable
018359,华富数字经济混合C,002080,中材科技,SZ,2026-06-30,1.32,8.75,787.5,,[],[],5334509cbb2fb36e858d2e64,,[],unavailable
018359,华富数字经济混合C,001267,汇绿生态,SZ,2026-06-30,1.17,13.14,702.99,,[],[],5334509cbb2fb36e858d2e64,,[],unavailable
018359,华富数字经济混合C,001248,华润新能源,SZ,2026-06-30,0.03,1.78,18.03,,[],[],5334509cbb2fb36e858d2e64,,[],unavailable
018359,华富数字经济混合C,688797,臻宝科技,SH,2026-06-30,0.01,0.01,6.66,,[],[],5334509cbb2fb36e858d2e64,,[],unavailable
018359,华富数字经济混合C,001399,惠科股份,SZ,2026-06-30,0.01,0.19,5.32,,[],[],5334509cbb2fb36e858d2e64,,[],unavailable
005844,东方人工智能主题混合A,688361,中科飞测,SH,2026-06-30,9.55,780.37,335557.72,,[],[],5ff4161435ed47ca39bb946f,,[],unavailable
005844,东方人工智能主题混合A,688037,芯源微,SH,2026-06-30,9.19,735.44,322896.38,,[],[],5ff4161435ed47ca39bb946f,,[],unavailable
005844,东方人工智能主题混合A,688012,中微公司,SH,2026-06-30,9.12,684.0,320455.45,,[],[],5ff4161435ed47ca39bb946f,,[],unavailable
005844,东方人工智能主题混合A,688120,华海清科,SH,2026-06-30,9.08,989.67,318851.72,,[],[],5ff4161435ed47ca39bb946f,,[],unavailable
005844,东方人工智能主题混合A,002371,北方华创,SZ,2026-06-30,8.92,354.33,313424.99,,[],[],5ff4161435ed47ca39bb946f,,[],unavailable
005844,东方人工智能主题混合A,300567,精测电子,SZ,2026-06-30,8.69,961.02,305219.6,,[],[],5ff4161435ed47ca39bb946f,,[],unavailable
005844,东方人工智能主题混合A,688409,富创精密,SH,2026-06-30,7.57,868.18,265881.23,,[],[],5ff4161435ed47ca39bb946f,,[],unavailable
005844,东方人工智能主题混合A,688072,拓荆科技,SH,2026-06-30,7.44,297.12,261322.79,,[],[],5ff4161435ed47ca39bb946f,,[],unavailable
005844,东方人工智能主题混合A,688256,寒武纪,SH,2026-06-30,7.04,155.06,247401.04,,[],[],5ff4161435ed47ca39bb946f,,[],unavailable
005844,东方人工智能主题混合A,688082,盛美上海,SH,2026-06-30,6.87,558.51,241276.75,,[],[],5ff4161435ed47ca39bb946f,,[],unavailable
005844,东方人工智能主题混合A,688652,京仪装备,SH,2026-06-30,4.67,820.0,164138.96,,[],[],5ff4161435ed47ca39bb946f,,[],unavailable
005844,东方人工智能主题混合A,688041,海光信息,SH,2026-06-30,1.38,131.17,48572.81,,[],[],5ff4161435ed47ca39bb946f,,[],unavailable
005844,东方人工智能主题混合A,688200,华峰测控,SH,2026-06-30,0.94,62.72,32935.74,,[],[],5ff4161435ed47ca39bb946f,,[],unavailable
005844,东方人工智能主题混合A,603061,金海通,SH,2026-06-30,0.87,60.8,30534.22,,[],[],5ff4161435ed47ca39bb946f,,[],unavailable
005844,东方人工智能主题混合A,603019,中科曙光,SH,2026-06-30,0.78,253.91,27226.61,,[],[],5ff4161435ed47ca39bb946f,,[],unavailable
005844,东方人工智能主题混合A,688521,芯原股份,SH,2026-06-30,0.52,49.23,18272.3,,[],[],5ff4161435ed47ca39bb946f,,[],unavailable
005844,东方人工智能主题混合A,301269,华大九天,SZ,2026-06-30,0.49,143.15,17095.25,,[],[],5ff4161435ed47ca39bb946f,,[],unavailable
005844,东方人工智能主题混合A,300604,长川科技,SZ,2026-06-30,0.46,47.19,16111.61,,[],[],5ff4161435ed47ca39bb946f,,[],unavailable
005844,东方人工智能主题混合A,688347,华虹宏力,SH,2026-06-30,0.39,40.22,13525.65,,[],[],5ff4161435ed47ca39bb946f,,[],unavailable
005844,东方人工智能主题混合A,688981,中芯国际,SH,2026-06-30,0.34,76.14,12092.67,,[],[],5ff4161435ed47ca39bb946f,,[],unavailable
005844,东方人工智能主题混合A,688729,屹唐股份,SH,2026-06-30,0.19,151.99,6535.73,,[],[],5ff4161435ed47ca39bb946f,,[],unavailable
005844,东方人工智能主题混合A,301312,智立方,SZ,2026-06-30,0.12,37.56,4357.34,,[],[],5ff4161435ed47ca39bb946f,,[],unavailable
005844,东方人工智能主题混合A,688019,安集科技,SH,2026-06-30,0.06,6.59,2237.18,,[],[],5ff4161435ed47ca39bb946f,,[],unavailable
005844,东方人工智能主题混合A,920186,中科仪,BJ,2026-06-30,0.02,6.8,780.19,,[],[],5ff4161435ed47ca39bb946f,,[],unavailable
005844,东方人工智能主题混合A,001248,华润新能源,SZ,2026-06-30,0.0,8.41,85.03,,[],[],5ff4161435ed47ca39bb946f,,[],unavailable
005844,东方人工智能主题混合A,688820,盛合晶微,SH,2026-06-30,0.0,0.24,40.84,,[],[],5ff4161435ed47ca39bb946f,,[],unavailable
005844,东方人工智能主题混合A,688808,联讯仪器,SH,2026-06-30,0.0,0.02,34.01,,[],[],5ff4161435ed47ca39bb946f,,[],unavailable
005844,东方人工智能主题混合A,688795,摩尔线程,SH,2026-06-30,0.0,0.03,24.65,,[],[],5ff4161435ed47ca39bb946f,,[],unavailable
005844,东方人工智能主题混合A,001399,惠科股份,SZ,2026-06-30,0.0,0.65,22.86,,[],[],5ff4161435ed47ca39bb946f,,[],unavailable
005844,东方人工智能主题混合A,688809,强一股份,SH,2026-06-30,0.0,0.03,16.14,,[],[],5ff4161435ed47ca39bb946f,,[],unavailable
005844,东方人工智能主题混合A,688797,臻宝科技,SH,2026-06-30,0.0,0.02,13.29,,[],[],5ff4161435ed47ca39bb946f,,[],unavailable
005844,东方人工智能主题混合A,688818,电科蓝天,SH,2026-06-30,0.0,0.17,12.03,,[],[],5ff4161435ed47ca39bb946f,,[],unavailable
005844,东方人工智能主题混合A,301682,宏明电子,SZ,2026-06-30,0.0,0.07,11.42,,[],[],5ff4161435ed47ca39bb946f,,[],unavailable
005844,东方人工智能主题混合A,001257,盛龙股份,SZ,2026-06-30,0.0,0.17,4.41,,[],[],5ff4161435ed47ca39bb946f,,[],unavailable
005844,东方人工智能主题混合A,688813,泰金新能,SH,2026-06-30,0.0,0.02,4.28,,[],[],5ff4161435ed47ca39bb946f,,[],unavailable
005844,东方人工智能主题混合A,688106,金宏气体,SH,2026-06-30,0.0,0.09,3.54,,[],[],5ff4161435ed47ca39bb946f,,[],unavailable
005844,东方人工智能主题混合A,603459,红板科技,SH,2026-06-30,0.0,0.03,3.29,,[],[],5ff4161435ed47ca39bb946f,,[],unavailable
005844,东方人工智能主题混合A,001365,天海电子,SZ,2026-06-30,0.0,0.07,2.65,,[],[],5ff4161435ed47ca39bb946f,,[],unavailable
005844,东方人工智能主题混合A,688811,有研复材,SH,2026-06-30,0.0,0.08,2.31,,[],[],5ff4161435ed47ca39bb946f,,[],unavailable
005844,东方人工智能主题混合A,301696,三瑞智能,SZ,2026-06-30,0.0,0.02,2.26,,[],[],5ff4161435ed47ca39bb946f,,[],unavailable
005844,东方人工智能主题混合A,301669,高特电子,SZ,2026-06-30,0.0,0.05,2.05,,[],[],5ff4161435ed47ca39bb946f,,[],unavailable
005844,东方人工智能主题混合A,301531,春光集团,SZ,2026-06-30,0.0,0.03,1.94,,[],[],5ff4161435ed47ca39bb946f,,[],unavailable
005844,东方人工智能主题混合A,001393,维通利,SZ,2026-06-30,0.0,0.04,1.88,,[],[],5ff4161435ed47ca39bb946f,,[],unavailable
005844,东方人工智能主题混合A,301599,理奇智能,SZ,2026-06-30,0.0,0.04,1.76,,[],[],5ff4161435ed47ca39bb946f,,[],unavailable
005844,东方人工智能主题混合A,301687,新广益,SZ,2026-06-30,0.0,0.02,1.5,,[],[],5ff4161435ed47ca39bb946f,,[],unavailable
005844,东方人工智能主题混合A,601112,振石股份,SH,2026-06-30,0.0,0.08,1.36,,[],[],5ff4161435ed47ca39bb946f,,[],unavailable
005844,东方人工智能主题混合A,301680,固德电材,SZ,2026-06-30,0.0,0.01,1.31,,[],[],5ff4161435ed47ca39bb946f,,[],unavailable
005844,东方人工智能主题混合A,301683,慧谷新材,SZ,2026-06-30,0.0,0.01,1.24,,[],[],5ff4161435ed47ca39bb946f,,[],unavailable
005844,东方人工智能主题混合A,001369,双欣材料,SZ,2026-06-30,0.0,0.09,1.21,,[],[],5ff4161435ed47ca39bb946f,,[],unavailable
005844,东方人工智能主题混合A,688781,视涯科技,SH,2026-06-30,0.0,0.02,1.03,,[],[],5ff4161435ed47ca39bb946f,,[],unavailable
005844,东方人工智能主题混合A,688816,易思维,SH,2026-06-30,0.0,0.02,1.01,,[],[],5ff4161435ed47ca39bb946f,,[],unavailable
005844,东方人工智能主题混合A,301513,尚水智能,SZ,2026-06-30,0.0,0.01,0.88,,[],[],5ff4161435ed47ca39bb946f,,[],unavailable
005844,东方人工智能主题混合A,688712,北芯生命,SH,2026-06-30,0.0,0.02,0.84,,[],[],5ff4161435ed47ca39bb946f,,[],unavailable
005844,东方人工智能主题混合A,603293,埃泰克,SH,2026-06-30,0.0,0.01,0.28,,[],[],5ff4161435ed47ca39bb946f,,[],unavailable
005844,东方人工智能主题混合A,001396,誉帆科技,SZ,2026-06-30,0.0,0.01,0.24,,[],[],5ff4161435ed47ca39bb946f,,[],unavailable
005844,东方人工智能主题混合A,001312,福恩股份,SZ,2026-06-30,0.0,0.01,0.24,,[],[],5ff4161435ed47ca39bb946f,,[],unavailable
005844,东方人工智能主题混合A,603284,林平发展,SH,2026-06-30,0.0,0.0,0.16,,[],[],5ff4161435ed47ca39bb946f,,[],unavailable
005844,东方人工智能主题混合A,001220,世盟股份,SZ,2026-06-30,0.0,0.01,0.16,,[],[],5ff4161435ed47ca39bb946f,,[],unavailable
017811,东方人工智能主题混合C,688361,中科飞测,SH,2026-06-30,9.55,780.37,335557.72,,[],[],130cb56c4b32e6e83f17f8e1,,[],unavailable
017811,东方人工智能主题混合C,688037,芯源微,SH,2026-06-30,9.19,735.44,322896.38,,[],[],130cb56c4b32e6e83f17f8e1,,[],unavailable
017811,东方人工智能主题混合C,688012,中微公司,SH,2026-06-30,9.12,684.0,320455.45,,[],[],130cb56c4b32e6e83f17f8e1,,[],unavailable
017811,东方人工智能主题混合C,688120,华海清科,SH,2026-06-30,9.08,989.67,318851.72,,[],[],130cb56c4b32e6e83f17f8e1,,[],unavailable
017811,东方人工智能主题混合C,002371,北方华创,SZ,2026-06-30,8.92,354.33,313424.99,,[],[],130cb56c4b32e6e83f17f8e1,,[],unavailable
017811,东方人工智能主题混合C,300567,精测电子,SZ,2026-06-30,8.69,961.02,305219.6,,[],[],130cb56c4b32e6e83f17f8e1,,[],unavailable
017811,东方人工智能主题混合C,688409,富创精密,SH,2026-06-30,7.57,868.18,265881.23,,[],[],130cb56c4b32e6e83f17f8e1,,[],unavailable
017811,东方人工智能主题混合C,688072,拓荆科技,SH,2026-06-30,7.44,297.12,261322.79,,[],[],130cb56c4b32e6e83f17f8e1,,[],unavailable
017811,东方人工智能主题混合C,688256,寒武纪,SH,2026-06-30,7.04,155.06,247401.04,,[],[],130cb56c4b32e6e83f17f8e1,,[],unavailable
017811,东方人工智能主题混合C,688082,盛美上海,SH,2026-06-30,6.87,558.51,241276.75,,[],[],130cb56c4b32e6e83f17f8e1,,[],unavailable
017811,东方人工智能主题混合C,688652,京仪装备,SH,2026-06-30,4.67,820.0,164138.96,,[],[],130cb56c4b32e6e83f17f8e1,,[],unavailable
017811,东方人工智能主题混合C,688041,海光信息,SH,2026-06-30,1.38,131.17,48572.81,,[],[],130cb56c4b32e6e83f17f8e1,,[],unavailable
017811,东方人工智能主题混合C,688200,华峰测控,SH,2026-06-30,0.94,62.72,32935.74,,[],[],130cb56c4b32e6e83f17f8e1,,[],unavailable
017811,东方人工智能主题混合C,603061,金海通,SH,2026-06-30,0.87,60.8,30534.22,,[],[],130cb56c4b32e6e83f17f8e1,,[],unavailable
017811,东方人工智能主题混合C,603019,中科曙光,SH,2026-06-30,0.78,253.91,27226.61,,[],[],130cb56c4b32e6e83f17f8e1,,[],unavailable
017811,东方人工智能主题混合C,688521,芯原股份,SH,2026-06-30,0.52,49.23,18272.3,,[],[],130cb56c4b32e6e83f17f8e1,,[],unavailable
017811,东方人工智能主题混合C,301269,华大九天,SZ,2026-06-30,0.49,143.15,17095.25,,[],[],130cb56c4b32e6e83f17f8e1,,[],unavailable
017811,东方人工智能主题混合C,300604,长川科技,SZ,2026-06-30,0.46,47.19,16111.61,,[],[],130cb56c4b32e6e83f17f8e1,,[],unavailable
017811,东方人工智能主题混合C,688347,华虹宏力,SH,2026-06-30,0.39,40.22,13525.65,,[],[],130cb56c4b32e6e83f17f8e1,,[],unavailable
017811,东方人工智能主题混合C,688981,中芯国际,SH,2026-06-30,0.34,76.14,12092.67,,[],[],130cb56c4b32e6e83f17f8e1,,[],unavailable
017811,东方人工智能主题混合C,688729,屹唐股份,SH,2026-06-30,0.19,151.99,6535.73,,[],[],130cb56c4b32e6e83f17f8e1,,[],unavailable
017811,东方人工智能主题混合C,301312,智立方,SZ,2026-06-30,0.12,37.56,4357.34,,[],[],130cb56c4b32e6e83f17f8e1,,[],unavailable
017811,东方人工智能主题混合C,688019,安集科技,SH,2026-06-30,0.06,6.59,2237.18,,[],[],130cb56c4b32e6e83f17f8e1,,[],unavailable
017811,东方人工智能主题混合C,920186,中科仪,BJ,2026-06-30,0.02,6.8,780.19,,[],[],130cb56c4b32e6e83f17f8e1,,[],unavailable
017811,东方人工智能主题混合C,001248,华润新能源,SZ,2026-06-30,0.0,8.41,85.03,,[],[],130cb56c4b32e6e83f17f8e1,,[],unavailable
017811,东方人工智能主题混合C,688820,盛合晶微,SH,2026-06-30,0.0,0.24,40.84,,[],[],130cb56c4b32e6e83f17f8e1,,[],unavailable
017811,东方人工智能主题混合C,688808,联讯仪器,SH,2026-06-30,0.0,0.02,34.01,,[],[],130cb56c4b32e6e83f17f8e1,,[],unavailable
017811,东方人工智能主题混合C,688795,摩尔线程,SH,2026-06-30,0.0,0.03,24.65,,[],[],130cb56c4b32e6e83f17f8e1,,[],unavailable
017811,东方人工智能主题混合C,001399,惠科股份,SZ,2026-06-30,0.0,0.65,22.86,,[],[],130cb56c4b32e6e83f17f8e1,,[],unavailable
017811,东方人工智能主题混合C,688809,强一股份,SH,2026-06-30,0.0,0.03,16.14,,[],[],130cb56c4b32e6e83f17f8e1,,[],unavailable
017811,东方人工智能主题混合C,688797,臻宝科技,SH,2026-06-30,0.0,0.02,13.29,,[],[],130cb56c4b32e6e83f17f8e1,,[],unavailable
017811,东方人工智能主题混合C,688818,电科蓝天,SH,2026-06-30,0.0,0.17,12.03,,[],[],130cb56c4b32e6e83f17f8e1,,[],unavailable
017811,东方人工智能主题混合C,301682,宏明电子,SZ,2026-06-30,0.0,0.07,11.42,,[],[],130cb56c4b32e6e83f17f8e1,,[],unavailable
017811,东方人工智能主题混合C,001257,盛龙股份,SZ,2026-06-30,0.0,0.17,4.41,,[],[],130cb56c4b32e6e83f17f8e1,,[],unavailable
017811,东方人工智能主题混合C,688813,泰金新能,SH,2026-06-30,0.0,0.02,4.28,,[],[],130cb56c4b32e6e83f17f8e1,,[],unavailable
017811,东方人工智能主题混合C,688106,金宏气体,SH,2026-06-30,0.0,0.09,3.54,,[],[],130cb56c4b32e6e83f17f8e1,,[],unavailable
017811,东方人工智能主题混合C,603459,红板科技,SH,2026-06-30,0.0,0.03,3.29,,[],[],130cb56c4b32e6e83f17f8e1,,[],unavailable
017811,东方人工智能主题混合C,001365,天海电子,SZ,2026-06-30,0.0,0.07,2.65,,[],[],130cb56c4b32e6e83f17f8e1,,[],unavailable
017811,东方人工智能主题混合C,688811,有研复材,SH,2026-06-30,0.0,0.08,2.31,,[],[],130cb56c4b32e6e83f17f8e1,,[],unavailable
017811,东方人工智能主题混合C,301696,三瑞智能,SZ,2026-06-30,0.0,0.02,2.26,,[],[],130cb56c4b32e6e83f17f8e1,,[],unavailable
017811,东方人工智能主题混合C,301669,高特电子,SZ,2026-06-30,0.0,0.05,2.05,,[],[],130cb56c4b32e6e83f17f8e1,,[],unavailable
017811,东方人工智能主题混合C,301531,春光集团,SZ,2026-06-30,0.0,0.03,1.94,,[],[],130cb56c4b32e6e83f17f8e1,,[],unavailable
017811,东方人工智能主题混合C,001393,维通利,SZ,2026-06-30,0.0,0.04,1.88,,[],[],130cb56c4b32e6e83f17f8e1,,[],unavailable
017811,东方人工智能主题混合C,301599,理奇智能,SZ,2026-06-30,0.0,0.04,1.76,,[],[],130cb56c4b32e6e83f17f8e1,,[],unavailable
017811,东方人工智能主题混合C,301687,新广益,SZ,2026-06-30,0.0,0.02,1.5,,[],[],130cb56c4b32e6e83f17f8e1,,[],unavailable
017811,东方人工智能主题混合C,601112,振石股份,SH,2026-06-30,0.0,0.08,1.36,,[],[],130cb56c4b32e6e83f17f8e1,,[],unavailable
017811,东方人工智能主题混合C,301680,固德电材,SZ,2026-06-30,0.0,0.01,1.31,,[],[],130cb56c4b32e6e83f17f8e1,,[],unavailable
017811,东方人工智能主题混合C,301683,慧谷新材,SZ,2026-06-30,0.0,0.01,1.24,,[],[],130cb56c4b32e6e83f17f8e1,,[],unavailable
017811,东方人工智能主题混合C,001369,双欣材料,SZ,2026-06-30,0.0,0.09,1.21,,[],[],130cb56c4b32e6e83f17f8e1,,[],unavailable
017811,东方人工智能主题混合C,688781,视涯科技,SH,2026-06-30,0.0,0.02,1.03,,[],[],130cb56c4b32e6e83f17f8e1,,[],unavailable
017811,东方人工智能主题混合C,688816,易思维,SH,2026-06-30,0.0,0.02,1.01,,[],[],130cb56c4b32e6e83f17f8e1,,[],unavailable
017811,东方人工智能主题混合C,301513,尚水智能,SZ,2026-06-30,0.0,0.01,0.88,,[],[],130cb56c4b32e6e83f17f8e1,,[],unavailable
017811,东方人工智能主题混合C,688712,北芯生命,SH,2026-06-30,0.0,0.02,0.84,,[],[],130cb56c4b32e6e83f17f8e1,,[],unavailable
017811,东方人工智能主题混合C,603293,埃泰克,SH,2026-06-30,0.0,0.01,0.28,,[],[],130cb56c4b32e6e83f17f8e1,,[],unavailable
017811,东方人工智能主题混合C,001396,誉帆科技,SZ,2026-06-30,0.0,0.01,0.24,,[],[],130cb56c4b32e6e83f17f8e1,,[],unavailable
017811,东方人工智能主题混合C,001312,福恩股份,SZ,2026-06-30,0.0,0.01,0.24,,[],[],130cb56c4b32e6e83f17f8e1,,[],unavailable
017811,东方人工智能主题混合C,603284,林平发展,SH,2026-06-30,0.0,0.0,0.16,,[],[],130cb56c4b32e6e83f17f8e1,,[],unavailable
017811,东方人工智能主题混合C,001220,世盟股份,SZ,2026-06-30,0.0,0.01,0.16,,[],[],130cb56c4b32e6e83f17f8e1,,[],unavailable
005825,申万菱信智能驱动股票A,688120,华海清科,SH,2026-06-30,8.29,114.77,36976.08,,[],[],4488295659773d5db2ccd9e4,,[],unavailable
005825,申万菱信智能驱动股票A,300308,中际旭创,SZ,2026-06-30,7.82,27.45,34861.5,,[],[],4488295659773d5db2ccd9e4,,[],unavailable
005825,申万菱信智能驱动股票A,688627,精智达,SH,2026-06-30,7.64,47.65,34068.82,,[],[],4488295659773d5db2ccd9e4,,[],unavailable
005825,申万菱信智能驱动股票A,300567,精测电子,SZ,2026-06-30,7.44,104.49,33186.02,,[],[],4488295659773d5db2ccd9e4,,[],unavailable
005825,申万菱信智能驱动股票A,300666,江丰电子,SZ,2026-06-30,7.19,86.97,32057.14,,[],[],4488295659773d5db2ccd9e4,,[],unavailable
005825,申万菱信智能驱动股票A,300661,圣邦股份,SZ,2026-06-30,6.61,205.36,29465.05,,[],[],4488295659773d5db2ccd9e4,,[],unavailable
005825,申万菱信智能驱动股票A,688025,杰普特,SH,2026-06-30,6.41,60.81,28579.62,,[],[],4488295659773d5db2ccd9e4,,[],unavailable
005825,申万菱信智能驱动股票A,002371,北方华创,SZ,2026-06-30,6.31,31.81,28140.95,,[],[],4488295659773d5db2ccd9e4,,[],unavailable
005825,申万菱信智能驱动股票A,688361,中科飞测,SH,2026-06-30,5.22,54.18,23296.2,,[],[],4488295659773d5db2ccd9e4,,[],unavailable
005825,申万菱信智能驱动股票A,688082,盛美上海,SH,2026-06-30,4.92,50.8,21943.79,,[],[],4488295659773d5db2ccd9e4,,[],unavailable
005825,申万菱信智能驱动股票A,688052,纳芯微,SH,2026-06-30,4.44,68.71,19810.3,,[],[],4488295659773d5db2ccd9e4,,[],unavailable
005825,申万菱信智能驱动股票A,688536,思瑞浦,SH,2026-06-30,3.84,47.09,17144.09,,[],[],4488295659773d5db2ccd9e4,,[],unavailable
005825,申万菱信智能驱动股票A,688531,日联科技,SH,2026-06-30,2.94,73.8,13124.36,,[],[],4488295659773d5db2ccd9e4,,[],unavailable
005825,申万菱信智能驱动股票A,688359,三孚新科,SH,2026-06-30,2.94,66.03,13103.31,,[],[],4488295659773d5db2ccd9e4,,[],unavailable
005825,申万菱信智能驱动股票A,300604,长川科技,SZ,2026-06-30,2.2,28.68,9791.93,,[],[],4488295659773d5db2ccd9e4,,[],unavailable
005825,申万菱信智能驱动股票A,688548,广钢气体,SH,2026-06-30,2.08,178.43,9296.2,,[],[],4488295659773d5db2ccd9e4,,[],unavailable
005825,申万菱信智能驱动股票A,301307,美利信,SZ,2026-06-30,1.89,111.89,8424.2,,[],[],4488295659773d5db2ccd9e4,,[],unavailable
005825,申万菱信智能驱动股票A,688797,臻宝科技,SH,2026-06-30,0.03,0.21,141.86,,[],[],4488295659773d5db2ccd9e4,,[],unavailable
005825,申万菱信智能驱动股票A,301666,大普微,SZ,2026-06-30,0.02,0.17,102.72,,[],[],4488295659773d5db2ccd9e4,,[],unavailable
005825,申万菱信智能驱动股票A,688172,燕东微,SH,2026-06-30,0.02,1.22,102.25,,[],[],4488295659773d5db2ccd9e4,,[],unavailable
005825,申万菱信智能驱动股票A,300054,鼎龙股份,SZ,2026-06-30,0.02,0.75,79.48,,[],[],4488295659773d5db2ccd9e4,,[],unavailable
005825,申万菱信智能驱动股票A,688337,普源精电,SH,2026-06-30,0.02,1.0,74.93,,[],[],4488295659773d5db2ccd9e4,,[],unavailable
005825,申万菱信智能驱动股票A,001399,惠科股份,SZ,2026-06-30,0.01,1.62,60.01,,[],[],4488295659773d5db2ccd9e4,,[],unavailable
005825,申万菱信智能驱动股票A,688635,长进光子,SH,2026-06-30,0.01,0.13,57.14,,[],[],4488295659773d5db2ccd9e4,,[],unavailable
005825,申万菱信智能驱动股票A,688813,泰金新能,SH,2026-06-30,0.01,0.23,48.44,,[],[],4488295659773d5db2ccd9e4,,[],unavailable
005825,申万菱信智能驱动股票A,300394,天孚通信,SZ,2026-06-30,0.01,0.14,42.38,,[],[],4488295659773d5db2ccd9e4,,[],unavailable
005825,申万菱信智能驱动股票A,688820,盛合晶微,SH,2026-06-30,0.01,0.24,40.84,,[],[],4488295659773d5db2ccd9e4,,[],unavailable
005825,申万菱信智能驱动股票A,688802,沐曦股份,SH,2026-06-30,0.01,0.04,34.04,,[],[],4488295659773d5db2ccd9e4,,[],unavailable
005825,申万菱信智能驱动股票A,688808,联讯仪器,SH,2026-06-30,0.01,0.02,34.01,,[],[],4488295659773d5db2ccd9e4,,[],unavailable
005825,申万菱信智能驱动股票A,300223,君正股份,SZ,2026-06-30,0.01,0.13,32.36,,[],[],4488295659773d5db2ccd9e4,,[],unavailable
005825,申万菱信智能驱动股票A,301669,高特电子,SZ,2026-06-30,0.0,0.55,22.24,,[],[],4488295659773d5db2ccd9e4,,[],unavailable
005825,申万菱信智能驱动股票A,301531,春光集团,SZ,2026-06-30,0.0,0.29,21.5,,[],[],4488295659773d5db2ccd9e4,,[],unavailable
005825,申万菱信智能驱动股票A,301599,理奇智能,SZ,2026-06-30,0.0,0.43,19.34,,[],[],4488295659773d5db2ccd9e4,,[],unavailable
005825,申万菱信智能驱动股票A,688790,昂瑞微,SH,2026-06-30,0.0,0.12,16.15,,[],[],4488295659773d5db2ccd9e4,,[],unavailable
005825,申万菱信智能驱动股票A,688781,视涯科技,SH,2026-06-30,0.0,0.32,16.13,,[],[],4488295659773d5db2ccd9e4,,[],unavailable
005825,申万菱信智能驱动股票A,001280,中国铀业,SZ,2026-06-30,0.0,0.24,15.93,,[],[],4488295659773d5db2ccd9e4,,[],unavailable
005825,申万菱信智能驱动股票A,300609,汇纳科技,SZ,2026-06-30,0.0,0.5,15.71,,[],[],4488295659773d5db2ccd9e4,,[],unavailable
005825,申万菱信智能驱动股票A,001257,盛龙股份,SZ,2026-06-30,0.0,0.58,15.7,,[],[],4488295659773d5db2ccd9e4,,[],unavailable
005825,申万菱信智能驱动股票A,301611,珂玛科技,SZ,2026-06-30,0.0,0.08,14.41,,[],[],4488295659773d5db2ccd9e4,,[],unavailable
005825,申万菱信智能驱动股票A,301683,慧谷新材,SZ,2026-06-30,0.0,0.1,13.21,,[],[],4488295659773d5db2ccd9e4,,[],unavailable
005825,申万菱信智能驱动股票A,688008,澜起科技,SH,2026-06-30,0.0,0.04,11.44,,[],[],4488295659773d5db2ccd9e4,,[],unavailable
005825,申万菱信智能驱动股票A,301667,纳百川,SZ,2026-06-30,0.0,0.15,10.86,,[],[],4488295659773d5db2ccd9e4,,[],unavailable
005825,申万菱信智能驱动股票A,301513,尚水智能,SZ,2026-06-30,0.0,0.14,9.5,,[],[],4488295659773d5db2ccd9e4,,[],unavailable
005825,申万菱信智能驱动股票A,001365,天海电子,SZ,2026-06-30,0.0,0.24,9.23,,[],[],4488295659773d5db2ccd9e4,,[],unavailable
005825,申万菱信智能驱动股票A,603986,兆易创新,SH,2026-06-30,0.0,0.01,8.15,,[],[],4488295659773d5db2ccd9e4,,[],unavailable
005825,申万菱信智能驱动股票A,601138,工业富联,SH,2026-06-30,0.0,0.1,7.22,,[],[],4488295659773d5db2ccd9e4,,[],unavailable
005825,申万菱信智能驱动股票A,603435,嘉德利,SH,2026-06-30,0.0,0.1,6.96,,[],[],4488295659773d5db2ccd9e4,,[],unavailable
005825,申万菱信智能驱动股票A,001393,维通利,SZ,2026-06-30,0.0,0.13,6.71,,[],[],4488295659773d5db2ccd9e4,,[],unavailable
005825,申万菱信智能驱动股票A,001237,惠康科技,SZ,2026-06-30,0.0,0.09,6.62,,[],[],4488295659773d5db2ccd9e4,,[],unavailable
005825,申万菱信智能驱动股票A,002463,沪电股份,SZ,2026-06-30,0.0,0.04,6.11,,[],[],4488295659773d5db2ccd9e4,,[],unavailable
005825,申万菱信智能驱动股票A,301606,绿联科技,SZ,2026-06-30,0.0,0.1,6.1,,[],[],4488295659773d5db2ccd9e4,,[],unavailable
005825,申万菱信智能驱动股票A,301449,天溯计量,SZ,2026-06-30,0.0,0.16,6.06,,[],[],4488295659773d5db2ccd9e4,,[],unavailable
005825,申万菱信智能驱动股票A,688727,恒坤新材,SH,2026-06-30,0.0,0.08,5.9,,[],[],4488295659773d5db2ccd9e4,,[],unavailable
005825,申万菱信智能驱动股票A,301638,南网数字,SZ,2026-06-30,0.0,0.23,5.58,,[],[],4488295659773d5db2ccd9e4,,[],unavailable
005825,申万菱信智能驱动股票A,603248,锡华科技,SH,2026-06-30,0.0,0.26,5.47,,[],[],4488295659773d5db2ccd9e4,,[],unavailable
005825,申万菱信智能驱动股票A,688807,优迅股份,SH,2026-06-30,0.0,0.01,5.27,,[],[],4488295659773d5db2ccd9e4,,[],unavailable
005825,申万菱信智能驱动股票A,688796,百奥赛图,SH,2026-06-30,0.0,0.04,4.63,,[],[],4488295659773d5db2ccd9e4,,[],unavailable
005825,申万菱信智能驱动股票A,001396,誉帆科技,SZ,2026-06-30,0.0,0.07,2.44,,[],[],4488295659773d5db2ccd9e4,,[],unavailable
005825,申万菱信智能驱动股票A,002241,歌尔股份,SZ,2026-06-30,0.0,0.1,2.25,,[],[],4488295659773d5db2ccd9e4,,[],unavailable
005825,申万菱信智能驱动股票A,688772,珠海冠宇,SH,2026-06-30,0.0,0.1,1.96,,[],[],4488295659773d5db2ccd9e4,,[],unavailable
005825,申万菱信智能驱动股票A,603284,林平发展,SH,2026-06-30,0.0,0.05,1.62,,[],[],4488295659773d5db2ccd9e4,,[],unavailable
005825,申万菱信智能驱动股票A,001220,世盟股份,SZ,2026-06-30,0.0,0.06,1.61,,[],[],4488295659773d5db2ccd9e4,,[],unavailable
005825,申万菱信智能驱动股票A,688256,寒武纪,SH,2026-06-30,0.0,0.0,1.6,,[],[],4488295659773d5db2ccd9e4,,[],unavailable
005825,申万菱信智能驱动股票A,688775,影石创新,SH,2026-06-30,0.0,0.01,1.39,,[],[],4488295659773d5db2ccd9e4,,[],unavailable
005825,申万菱信智能驱动股票A,688409,富创精密,SH,2026-06-30,0.0,0.0,1.16,,[],[],4488295659773d5db2ccd9e4,,[],unavailable
005825,申万菱信智能驱动股票A,300002,神州泰岳,SZ,2026-06-30,0.0,0.1,0.78,,[],[],4488295659773d5db2ccd9e4,,[],unavailable
005825,申万菱信智能驱动股票A,603293,埃泰克,SH,2026-06-30,0.0,0.01,0.28,,[],[],4488295659773d5db2ccd9e4,,[],unavailable
005825,申万菱信智能驱动股票A,001312,福恩股份,SZ,2026-06-30,0.0,0.01,0.24,,[],[],4488295659773d5db2ccd9e4,,[],unavailable
720001,财通价值动量混合A,300502,新易盛,SZ,2026-06-30,9.48,169.91,103135.98,,[],[],f125351b81803baac0fd1311,,[],unavailable
720001,财通价值动量混合A,688519,南亚新材,SH,2026-06-30,8.89,254.75,96813.29,,[],[],f125351b81803baac0fd1311,,[],unavailable
720001,财通价值动量混合A,688498,源杰科技,SH,2026-06-30,8.13,46.95,88539.02,,[],[],f125351b81803baac0fd1311,,[],unavailable
720001,财通价值动量混合A,300408,三环集团,SZ,2026-06-30,7.86,512.54,85542.36,,[],[],f125351b81803baac0fd1311,,[],unavailable
720001,财通价值动量混合A,301377,鼎泰高科,SZ,2026-06-30,7.84,154.98,85377.82,,[],[],f125351b81803baac0fd1311,,[],unavailable
720001,财通价值动量混合A,301200,大族数控,SZ,2026-06-30,7.68,231.79,83596.36,,[],[],f125351b81803baac0fd1311,,[],unavailable
720001,财通价值动量混合A,301511,德福科技,SZ,2026-06-30,7.52,568.91,81837.73,,[],[],f125351b81803baac0fd1311,,[],unavailable
720001,财通价值动量混合A,000636,风华高科,SZ,2026-06-30,5.66,852.04,61551.01,,[],[],f125351b81803baac0fd1311,,[],unavailable
720001,财通价值动量混合A,605376,博迁新材,SH,2026-06-30,5.39,216.08,58621.74,,[],[],f125351b81803baac0fd1311,,[],unavailable
720001,财通价值动量混合A,300308,中际旭创,SZ,2026-06-30,3.09,26.51,33665.16,,[],[],f125351b81803baac0fd1311,,[],unavailable
720001,财通价值动量混合A,301362,民爆光电,SZ,2026-06-30,2.23,132.1,24296.57,,[],[],f125351b81803baac0fd1311,,[],unavailable
720001,财通价值动量混合A,301217,铜冠铜箔,SZ,2026-06-30,1.71,112.86,18629.12,,[],[],f125351b81803baac0fd1311,,[],unavailable
720001,财通价值动量混合A,300570,太辰光,SZ,2026-06-30,1.02,45.06,11116.75,,[],[],f125351b81803baac0fd1311,,[],unavailable
720001,财通价值动量混合A,688795,摩尔线程,SH,2026-06-30,0.06,0.98,666.38,,[],[],f125351b81803baac0fd1311,,[],unavailable
720001,财通价值动量混合A,688802,沐曦股份,SH,2026-06-30,0.03,0.4,307.09,,[],[],f125351b81803baac0fd1311,,[],unavailable
720001,财通价值动量混合A,301666,大普微,SZ,2026-06-30,0.01,0.12,56.53,,[],[],f125351b81803baac0fd1311,,[],unavailable
720001,财通价值动量混合A,001399,惠科股份,SZ,2026-06-30,0.01,1.62,55.14,,[],[],f125351b81803baac0fd1311,,[],unavailable
720001,财通价值动量混合A,688820,盛合晶微,SH,2026-06-30,0.0,0.24,33.83,,[],[],f125351b81803baac0fd1311,,[],unavailable
720001,财通价值动量混合A,688781,视涯科技,SH,2026-06-30,0.0,0.63,26.71,,[],[],f125351b81803baac0fd1311,,[],unavailable
720001,财通价值动量混合A,688808,联讯仪器,SH,2026-06-30,0.0,0.02,25.82,,[],[],f125351b81803baac0fd1311,,[],unavailable
720001,财通价值动量混合A,688809,强一股份,SH,2026-06-30,0.0,0.03,16.14,,[],[],f125351b81803baac0fd1311,,[],unavailable
720001,财通价值动量混合A,688818,电科蓝天,SH,2026-06-30,0.0,0.17,12.04,,[],[],f125351b81803baac0fd1311,,[],unavailable
720001,财通价值动量混合A,301682,宏明电子,SZ,2026-06-30,0.0,0.07,11.43,,[],[],f125351b81803baac0fd1311,,[],unavailable
720001,财通价值动量混合A,688797,臻宝科技,SH,2026-06-30,0.0,0.02,9.7,,[],[],f125351b81803baac0fd1311,,[],unavailable
720001,财通价值动量混合A,688712,北芯生命,SH,2026-06-30,0.0,0.15,5.39,,[],[],f125351b81803baac0fd1311,,[],unavailable
720001,财通价值动量混合A,688785,恒运昌,SH,2026-06-30,0.0,0.01,5.37,,[],[],f125351b81803baac0fd1311,,[],unavailable
720001,财通价值动量混合A,688807,优迅股份,SH,2026-06-30,0.0,0.01,5.27,,[],[],f125351b81803baac0fd1311,,[],unavailable
720001,财通价值动量混合A,688813,泰金新能,SH,2026-06-30,0.0,0.02,4.03,,[],[],f125351b81803baac0fd1311,,[],unavailable
720001,财通价值动量混合A,001257,盛龙股份,SZ,2026-06-30,0.0,0.17,3.61,,[],[],f125351b81803baac0fd1311,,[],unavailable
720001,财通价值动量混合A,603459,红板科技,SH,2026-06-30,0.0,0.03,2.78,,[],[],f125351b81803baac0fd1311,,[],unavailable
720001,财通价值动量混合A,001365,天海电子,SZ,2026-06-30,0.0,0.07,2.25,,[],[],f125351b81803baac0fd1311,,[],unavailable
720001,财通价值动量混合A,688811,有研复材,SH,2026-06-30,0.0,0.08,2.01,,[],[],f125351b81803baac0fd1311,,[],unavailable
720001,财通价值动量混合A,301696,三瑞智能,SZ,2026-06-30,0.0,0.02,1.87,,[],[],f125351b81803baac0fd1311,,[],unavailable
720001,财通价值动量混合A,301669,高特电子,SZ,2026-06-30,0.0,0.05,1.55,,[],[],f125351b81803baac0fd1311,,[],unavailable
720001,财通价值动量混合A,001393,维通利,SZ,2026-06-30,0.0,0.04,1.51,,[],[],f125351b81803baac0fd1311,,[],unavailable
720001,财通价值动量混合A,603175,超颖电子,SH,2026-06-30,0.0,0.02,1.51,,[],[],f125351b81803baac0fd1311,,[],unavailable
720001,财通价值动量混合A,301531,春光集团,SZ,2026-06-30,0.0,0.03,1.5,,[],[],f125351b81803baac0fd1311,,[],unavailable
720001,财通价值动量混合A,301599,理奇智能,SZ,2026-06-30,0.0,0.04,1.41,,[],[],f125351b81803baac0fd1311,,[],unavailable
720001,财通价值动量混合A,601112,振石股份,SH,2026-06-30,0.0,0.08,1.36,,[],[],f125351b81803baac0fd1311,,[],unavailable
720001,财通价值动量混合A,301680,固德电材,SZ,2026-06-30,0.0,0.01,1.31,,[],[],f125351b81803baac0fd1311,,[],unavailable
720001,财通价值动量混合A,688805,健信超导,SH,2026-06-30,0.0,0.03,1.24,,[],[],f125351b81803baac0fd1311,,[],unavailable
720001,财通价值动量混合A,301683,慧谷新材,SZ,2026-06-30,0.0,0.01,1.17,,[],[],f125351b81803baac0fd1311,,[],unavailable
720001,财通价值动量混合A,301667,纳百川,SZ,2026-06-30,0.0,0.02,1.09,,[],[],f125351b81803baac0fd1311,,[],unavailable
720001,财通价值动量混合A,301513,尚水智能,SZ,2026-06-30,0.0,0.01,0.7,,[],[],f125351b81803baac0fd1311,,[],unavailable
720001,财通价值动量混合A,301449,天溯计量,SZ,2026-06-30,0.0,0.02,0.61,,[],[],f125351b81803baac0fd1311,,[],unavailable
720001,财通价值动量混合A,603248,锡华科技,SH,2026-06-30,0.0,0.03,0.55,,[],[],f125351b81803baac0fd1311,,[],unavailable
720001,财通价值动量混合A,603435,嘉德利,SH,2026-06-30,0.0,0.01,0.49,,[],[],f125351b81803baac0fd1311,,[],unavailable
720001,财通价值动量混合A,603352,至信股份,SH,2026-06-30,0.0,0.01,0.29,,[],[],f125351b81803baac0fd1311,,[],unavailable
720001,财通价值动量混合A,001396,誉帆科技,SZ,2026-06-30,0.0,0.01,0.24,,[],[],f125351b81803baac0fd1311,,[],unavailable
720001,财通价值动量混合A,603293,埃泰克,SH,2026-06-30,0.0,0.01,0.24,,[],[],f125351b81803baac0fd1311,,[],unavailable
720001,财通价值动量混合A,001312,福恩股份,SZ,2026-06-30,0.0,0.01,0.22,,[],[],f125351b81803baac0fd1311,,[],unavailable
720001,财通价值动量混合A,603284,林平发展,SH,2026-06-30,0.0,0.0,0.16,,[],[],f125351b81803baac0fd1311,,[],unavailable
720001,财通价值动量混合A,001220,世盟股份,SZ,2026-06-30,0.0,0.01,0.16,,[],[],f125351b81803baac0fd1311,,[],unavailable
015159,申万菱信智能驱动股票C,688120,华海清科,SH,2026-06-30,8.29,114.77,36976.08,,[],[],3695129a16134f38ac864d0a,,[],unavailable
015159,申万菱信智能驱动股票C,300308,中际旭创,SZ,2026-06-30,7.82,27.45,34861.5,,[],[],3695129a16134f38ac864d0a,,[],unavailable
015159,申万菱信智能驱动股票C,688627,精智达,SH,2026-06-30,7.64,47.65,34068.82,,[],[],3695129a16134f38ac864d0a,,[],unavailable
015159,申万菱信智能驱动股票C,300567,精测电子,SZ,2026-06-30,7.44,104.49,33186.02,,[],[],3695129a16134f38ac864d0a,,[],unavailable
015159,申万菱信智能驱动股票C,300666,江丰电子,SZ,2026-06-30,7.19,86.97,32057.14,,[],[],3695129a16134f38ac864d0a,,[],unavailable
015159,申万菱信智能驱动股票C,300661,圣邦股份,SZ,2026-06-30,6.61,205.36,29465.05,,[],[],3695129a16134f38ac864d0a,,[],unavailable
015159,申万菱信智能驱动股票C,688025,杰普特,SH,2026-06-30,6.41,60.81,28579.62,,[],[],3695129a16134f38ac864d0a,,[],unavailable
015159,申万菱信智能驱动股票C,002371,北方华创,SZ,2026-06-30,6.31,31.81,28140.95,,[],[],3695129a16134f38ac864d0a,,[],unavailable
015159,申万菱信智能驱动股票C,688361,中科飞测,SH,2026-06-30,5.22,54.18,23296.2,,[],[],3695129a16134f38ac864d0a,,[],unavailable
015159,申万菱信智能驱动股票C,688082,盛美上海,SH,2026-06-30,4.92,50.8,21943.79,,[],[],3695129a16134f38ac864d0a,,[],unavailable
021523,财通价值动量混合C,300502,新易盛,SZ,2026-06-30,9.48,169.91,103135.98,,[],[],4232e6de0f7c5729b62e1358,,[],unavailable
021523,财通价值动量混合C,688519,南亚新材,SH,2026-06-30,8.89,254.75,96813.29,,[],[],4232e6de0f7c5729b62e1358,,[],unavailable
021523,财通价值动量混合C,688498,源杰科技,SH,2026-06-30,8.13,46.95,88539.02,,[],[],4232e6de0f7c5729b62e1358,,[],unavailable
021523,财通价值动量混合C,300408,三环集团,SZ,2026-06-30,7.86,512.54,85542.36,,[],[],4232e6de0f7c5729b62e1358,,[],unavailable
021523,财通价值动量混合C,301377,鼎泰高科,SZ,2026-06-30,7.84,154.98,85377.82,,[],[],4232e6de0f7c5729b62e1358,,[],unavailable
021523,财通价值动量混合C,301200,大族数控,SZ,2026-06-30,7.68,231.79,83596.36,,[],[],4232e6de0f7c5729b62e1358,,[],unavailable
021523,财通价值动量混合C,301511,德福科技,SZ,2026-06-30,7.52,568.91,81837.73,,[],[],4232e6de0f7c5729b62e1358,,[],unavailable
021523,财通价值动量混合C,000636,风华高科,SZ,2026-06-30,5.66,852.04,61551.01,,[],[],4232e6de0f7c5729b62e1358,,[],unavailable
021523,财通价值动量混合C,605376,博迁新材,SH,2026-06-30,5.39,216.08,58621.74,,[],[],4232e6de0f7c5729b62e1358,,[],unavailable
021523,财通价值动量混合C,300308,中际旭创,SZ,2026-06-30,3.09,26.51,33665.16,,[],[],4232e6de0f7c5729b62e1358,,[],unavailable
001411,诺安创新驱动混合A,688361,中科飞测,SH,2026-06-30,8.91,19.25,8275.61,,[],[],297e2bc8765ef9cbaf760c67,,[],unavailable
001411,诺安创新驱动混合A,688147,微导纳米,SH,2026-06-30,8.13,46.68,7555.91,,[],[],297e2bc8765ef9cbaf760c67,,[],unavailable
001411,诺安创新驱动混合A,688362,甬矽电子,SH,2026-06-30,7.27,70.07,6754.55,,[],[],297e2bc8765ef9cbaf760c67,,[],unavailable
001411,诺安创新驱动混合A,688347,华虹宏力,SH,2026-06-30,7.07,19.52,6564.31,,[],[],297e2bc8765ef9cbaf760c67,,[],unavailable
001411,诺安创新驱动混合A,002938,鹏鼎控股,SZ,2026-06-30,6.99,61.66,6497.73,,[],[],297e2bc8765ef9cbaf760c67,,[],unavailable
001411,诺安创新驱动混合A,603986,兆易创新,SH,2026-06-30,6.74,7.69,6264.5,,[],[],297e2bc8765ef9cbaf760c67,,[],unavailable
001411,诺安创新驱动混合A,688249,晶合集成,SH,2026-06-30,6.5,102.26,6036.47,,[],[],297e2bc8765ef9cbaf760c67,,[],unavailable
001411,诺安创新驱动混合A,688037,芯源微,SH,2026-06-30,6.48,13.71,6020.56,,[],[],297e2bc8765ef9cbaf760c67,,[],unavailable
001411,诺安创新驱动混合A,300843,胜蓝股份,SZ,2026-06-30,5.16,30.68,4793.75,,[],[],297e2bc8765ef9cbaf760c67,,[],unavailable
001411,诺安创新驱动混合A,300602,飞荣达,SZ,2026-06-30,4.71,85.54,4379.72,,[],[],297e2bc8765ef9cbaf760c67,,[],unavailable
002051,诺安创新驱动混合C,688361,中科飞测,SH,2026-06-30,8.91,19.25,8275.61,,[],[],8e6402b4d60425237474fdc3,,[],unavailable
002051,诺安创新驱动混合C,688147,微导纳米,SH,2026-06-30,8.13,46.68,7555.91,,[],[],8e6402b4d60425237474fdc3,,[],unavailable
002051,诺安创新驱动混合C,688362,甬矽电子,SH,2026-06-30,7.27,70.07,6754.55,,[],[],8e6402b4d60425237474fdc3,,[],unavailable
002051,诺安创新驱动混合C,688347,华虹宏力,SH,2026-06-30,7.07,19.52,6564.31,,[],[],8e6402b4d60425237474fdc3,,[],unavailable
002051,诺安创新驱动混合C,002938,鹏鼎控股,SZ,2026-06-30,6.99,61.66,6497.73,,[],[],8e6402b4d60425237474fdc3,,[],unavailable
002051,诺安创新驱动混合C,603986,兆易创新,SH,2026-06-30,6.74,7.69,6264.5,,[],[],8e6402b4d60425237474fdc3,,[],unavailable
002051,诺安创新驱动混合C,688249,晶合集成,SH,2026-06-30,6.5,102.26,6036.47,,[],[],8e6402b4d60425237474fdc3,,[],unavailable
002051,诺安创新驱动混合C,688037,芯源微,SH,2026-06-30,6.48,13.71,6020.56,,[],[],8e6402b4d60425237474fdc3,,[],unavailable
002051,诺安创新驱动混合C,300843,胜蓝股份,SZ,2026-06-30,5.16,30.68,4793.75,,[],[],8e6402b4d60425237474fdc3,,[],unavailable
002051,诺安创新驱动混合C,300602,飞荣达,SZ,2026-06-30,4.71,85.54,4379.72,,[],[],8e6402b4d60425237474fdc3,,[],unavailable
539002,建信新兴市场混合(QDII)A,TSM,台积电,UNKNOWN,2026-06-30,9.68,22.59,73483.6,,[],[],90b7ad9f35a331eb1a3ec761,,[],unmapped_market
539002,建信新兴市场混合(QDII)A,NVDA,英伟达,UNKNOWN,2026-06-30,9.38,52.24,71190.26,,[],[],90b7ad9f35a331eb1a3ec761,,[],unmapped_market
539002,建信新兴市场混合(QDII)A,000660,SK海力士,SZ,2026-06-30,8.94,5.82,67843.61,,[],[],90b7ad9f35a331eb1a3ec761,,[],unavailable
539002,建信新兴市场混合(QDII)A,005930,三星电子,SZ,2026-06-30,7.8,40.28,59186.73,,[],[],90b7ad9f35a331eb1a3ec761,,[],unavailable
539002,建信新兴市场混合(QDII)A,SNDK,闪迪,UNKNOWN,2026-06-30,7.16,3.51,54326.95,,[],[],90b7ad9f35a331eb1a3ec761,,[],unmapped_market
539002,建信新兴市场混合(QDII)A,AVGO,博通,UNKNOWN,2026-06-30,4.18,12.33,31730.82,,[],[],90b7ad9f35a331eb1a3ec761,,[],unmapped_market
539002,建信新兴市场混合(QDII)A,WDC,西部数据,UNKNOWN,2026-06-30,4.18,7.29,31699.46,,[],[],90b7ad9f35a331eb1a3ec761,,[],unmapped_market
539002,建信新兴市场混合(QDII)A,MU,美光科技,UNKNOWN,2026-06-30,3.99,3.85,30275.61,,[],[],90b7ad9f35a331eb1a3ec761,,[],unmapped_market
539002,建信新兴市场混合(QDII)A,LITE,Lumentum Holdings Inc,UNKNOWN,2026-06-30,3.56,4.62,26983.08,,[],[],90b7ad9f35a331eb1a3ec761,,[],unmapped_market
539002,建信新兴市场混合(QDII)A,GLW,康宁,UNKNOWN,2026-06-30,3.35,14.6,25395.39,,[],[],90b7ad9f35a331eb1a3ec761,,[],unmapped_market
002891,华夏移动互联混合人民币,MU,美光科技,UNKNOWN,2026-06-30,8.16,4.23,33223.77,,[],[],79cedffd22caf02580489ce1,,[],unmapped_market
002891,华夏移动互联混合人民币,SNDK,闪迪,UNKNOWN,2026-06-30,6.53,1.72,26578.88,,[],[],79cedffd22caf02580489ce1,,[],unmapped_market
002891,华夏移动互联混合人民币,ONTO,Onto Innovation Inc,UNKNOWN,2026-06-30,5.55,8.77,22596.14,,[],[],79cedffd22caf02580489ce1,,[],unmapped_market
002891,华夏移动互联混合人民币,AMD,超威半导体,UNKNOWN,2026-06-30,5.3,5.46,21584.0,,[],[],79cedffd22caf02580489ce1,,[],unmapped_market
002891,华夏移动互联混合人民币,INTC,英特尔,UNKNOWN,2026-06-30,4.94,21.12,20085.53,,[],[],79cedffd22caf02580489ce1,,[],unmapped_market
002891,华夏移动互联混合人民币,285A,KIOXIA,UNKNOWN,2026-06-30,4.59,4.95,18664.45,,[],[],79cedffd22caf02580489ce1,,[],unmapped_market
002891,华夏移动互联混合人民币,LITE,Lumentum Holdings Inc,UNKNOWN,2026-06-30,4.43,3.09,18042.09,,[],[],79cedffd22caf02580489ce1,,[],unmapped_market
002891,华夏移动互联混合人民币,TSM,台积电,UNKNOWN,2026-06-30,4.3,5.38,17507.88,,[],[],79cedffd22caf02580489ce1,,[],unmapped_market
002891,华夏移动互联混合人民币,STM,意法半导体,UNKNOWN,2026-06-30,4.28,34.13,17408.89,,[],[],79cedffd22caf02580489ce1,,[],unmapped_market
002891,华夏移动互联混合人民币,ALAB,Astera Labs Inc,UNKNOWN,2026-06-30,3.47,4.29,14115.22,,[],[],79cedffd22caf02580489ce1,,[],unmapped_market
018147,建信新兴市场混合(QDII)C,TSM,台积电,UNKNOWN,2026-06-30,9.68,22.59,73483.6,,[],[],6bf2a70d22576a5ee64b2786,,[],unmapped_market
018147,建信新兴市场混合(QDII)C,NVDA,英伟达,UNKNOWN,2026-06-30,9.38,52.24,71190.26,,[],[],6bf2a70d22576a5ee64b2786,,[],unmapped_market
018147,建信新兴市场混合(QDII)C,000660,SK海力士,SZ,2026-06-30,8.94,5.82,67843.61,,[],[],6bf2a70d22576a5ee64b2786,,[],unavailable
018147,建信新兴市场混合(QDII)C,005930,三星电子,SZ,2026-06-30,7.8,40.28,59186.73,,[],[],6bf2a70d22576a5ee64b2786,,[],unavailable
018147,建信新兴市场混合(QDII)C,SNDK,闪迪,UNKNOWN,2026-06-30,7.16,3.51,54326.95,,[],[],6bf2a70d22576a5ee64b2786,,[],unmapped_market
018147,建信新兴市场混合(QDII)C,AVGO,博通,UNKNOWN,2026-06-30,4.18,12.33,31730.82,,[],[],6bf2a70d22576a5ee64b2786,,[],unmapped_market
018147,建信新兴市场混合(QDII)C,WDC,西部数据,UNKNOWN,2026-06-30,4.18,7.29,31699.46,,[],[],6bf2a70d22576a5ee64b2786,,[],unmapped_market
018147,建信新兴市场混合(QDII)C,MU,美光科技,UNKNOWN,2026-06-30,3.99,3.85,30275.61,,[],[],6bf2a70d22576a5ee64b2786,,[],unmapped_market
018147,建信新兴市场混合(QDII)C,LITE,Lumentum Holdings Inc,UNKNOWN,2026-06-30,3.56,4.62,26983.08,,[],[],6bf2a70d22576a5ee64b2786,,[],unmapped_market
018147,建信新兴市场混合(QDII)C,GLW,康宁,UNKNOWN,2026-06-30,3.35,14.6,25395.39,,[],[],6bf2a70d22576a5ee64b2786,,[],unmapped_market
013840,银华集成电路混合A,688361,中科飞测,SH,2026-06-30,10.55,683.1,293731.24,,[],[],65963d3e910829d3deeefb1d,,[],unavailable
013840,银华集成电路混合A,688037,芯源微,SH,2026-06-30,10.03,636.09,279274.35,,[],[],65963d3e910829d3deeefb1d,,[],unavailable
013840,银华集成电路混合A,688120,华海清科,SH,2026-06-30,9.79,846.28,272654.59,,[],[],65963d3e910829d3deeefb1d,,[],unavailable
013840,银华集成电路混合A,300567,精测电子,SZ,2026-06-30,9.56,838.4,266274.73,,[],[],65963d3e910829d3deeefb1d,,[],unavailable
013840,银华集成电路混合A,002371,北方华创,SZ,2026-06-30,9.41,296.31,262102.65,,[],[],65963d3e910829d3deeefb1d,,[],unavailable
013840,银华集成电路混合A,688012,中微公司,SH,2026-06-30,9.37,556.83,260873.26,,[],[],65963d3e910829d3deeefb1d,,[],unavailable
013840,银华集成电路混合A,688072,拓荆科技,SH,2026-06-30,7.45,235.97,207543.93,,[],[],65963d3e910829d3deeefb1d,,[],unavailable
013840,银华集成电路混合A,688409,富创精密,SH,2026-06-30,6.05,550.28,168523.28,,[],[],65963d3e910829d3deeefb1d,,[],unavailable
013840,银华集成电路混合A,00981,中芯国际,HK,2026-06-30,5.36,1921.55,149205.23,,[],[],65963d3e910829d3deeefb1d,,[],unmapped_market
013840,银华集成电路混合A,01347,华虹宏力,HK,2026-06-30,4.88,726.6,135810.23,,[],[],65963d3e910829d3deeefb1d,,[],unmapped_market
025208,永赢先锋半导体智选混合发起A,603986,兆易创新,SH,2026-06-30,7.92,320.0,260800.0,,[],[],e9e0a0339963c80c514daf1e,,[],unavailable
025208,永赢先锋半导体智选混合发起A,300223,君正股份,SZ,2026-06-30,7.56,1000.0,248900.0,,[],[],e9e0a0339963c80c514daf1e,,[],unavailable
025208,永赢先锋半导体智选混合发起A,001309,德明利,SZ,2026-06-30,7.16,250.0,235725.0,,[],[],e9e0a0339963c80c514daf1e,,[],unavailable
025208,永赢先锋半导体智选混合发起A,301308,江波龙,SZ,2026-06-30,7.06,330.0,232254.0,,[],[],e9e0a0339963c80c514daf1e,,[],unavailable
025208,永赢先锋半导体智选混合发起A,688766,普冉股份,SH,2026-06-30,6.99,300.0,229980.0,,[],[],e9e0a0339963c80c514daf1e,,[],unavailable
025208,永赢先锋半导体智选混合发起A,300475,香农芯创,SZ,2026-06-30,6.84,750.0,225000.0,,[],[],e9e0a0339963c80c514daf1e,,[],unavailable
025208,永赢先锋半导体智选混合发起A,688525,佰维存储,SH,2026-06-30,6.76,450.0,222628.5,,[],[],e9e0a0339963c80c514daf1e,,[],unavailable
025208,永赢先锋半导体智选混合发起A,300661,圣邦股份,SZ,2026-06-30,3.49,800.0,114784.0,,[],[],e9e0a0339963c80c514daf1e,,[],unavailable
025208,永赢先锋半导体智选混合发起A,688536,思瑞浦,SH,2026-06-30,3.32,300.0,109227.0,,[],[],e9e0a0339963c80c514daf1e,,[],unavailable
025208,永赢先锋半导体智选混合发起A,605111,新洁能,SH,2026-06-30,2.95,980.0,97157.2,,[],[],e9e0a0339963c80c514daf1e,,[],unavailable
013841,银华集成电路混合C,688361,中科飞测,SH,2026-06-30,10.55,683.1,293731.24,,[],[],a0989d962a09f1fd1ab4d9f1,,[],unavailable
013841,银华集成电路混合C,688037,芯源微,SH,2026-06-30,10.03,636.09,279274.35,,[],[],a0989d962a09f1fd1ab4d9f1,,[],unavailable
013841,银华集成电路混合C,688120,华海清科,SH,2026-06-30,9.79,846.28,272654.59,,[],[],a0989d962a09f1fd1ab4d9f1,,[],unavailable
013841,银华集成电路混合C,300567,精测电子,SZ,2026-06-30,9.56,838.4,266274.73,,[],[],a0989d962a09f1fd1ab4d9f1,,[],unavailable
013841,银华集成电路混合C,002371,北方华创,SZ,2026-06-30,9.41,296.31,262102.65,,[],[],a0989d962a09f1fd1ab4d9f1,,[],unavailable
013841,银华集成电路混合C,688012,中微公司,SH,2026-06-30,9.37,556.83,260873.26,,[],[],a0989d962a09f1fd1ab4d9f1,,[],unavailable
013841,银华集成电路混合C,688072,拓荆科技,SH,2026-06-30,7.45,235.97,207543.93,,[],[],a0989d962a09f1fd1ab4d9f1,,[],unavailable
013841,银华集成电路混合C,688409,富创精密,SH,2026-06-30,6.05,550.28,168523.28,,[],[],a0989d962a09f1fd1ab4d9f1,,[],unavailable
013841,银华集成电路混合C,00981,中芯国际,HK,2026-06-30,5.36,1921.55,149205.23,,[],[],a0989d962a09f1fd1ab4d9f1,,[],unmapped_market
013841,银华集成电路混合C,01347,华虹宏力,HK,2026-06-30,4.88,726.6,135810.23,,[],[],a0989d962a09f1fd1ab4d9f1,,[],unmapped_market
025209,永赢先锋半导体智选混合发起C,603986,兆易创新,SH,2026-06-30,7.92,320.0,260800.0,,[],[],cae1c0a92896ec7855c89f70,,[],unavailable
025209,永赢先锋半导体智选混合发起C,300223,君正股份,SZ,2026-06-30,7.56,1000.0,248900.0,,[],[],cae1c0a92896ec7855c89f70,,[],unavailable
025209,永赢先锋半导体智选混合发起C,001309,德明利,SZ,2026-06-30,7.16,250.0,235725.0,,[],[],cae1c0a92896ec7855c89f70,,[],unavailable
025209,永赢先锋半导体智选混合发起C,301308,江波龙,SZ,2026-06-30,7.06,330.0,232254.0,,[],[],cae1c0a92896ec7855c89f70,,[],unavailable
025209,永赢先锋半导体智选混合发起C,688766,普冉股份,SH,2026-06-30,6.99,300.0,229980.0,,[],[],cae1c0a92896ec7855c89f70,,[],unavailable
025209,永赢先锋半导体智选混合发起C,300475,香农芯创,SZ,2026-06-30,6.84,750.0,225000.0,,[],[],cae1c0a92896ec7855c89f70,,[],unavailable
025209,永赢先锋半导体智选混合发起C,688525,佰维存储,SH,2026-06-30,6.76,450.0,222628.5,,[],[],cae1c0a92896ec7855c89f70,,[],unavailable
025209,永赢先锋半导体智选混合发起C,300661,圣邦股份,SZ,2026-06-30,3.49,800.0,114784.0,,[],[],cae1c0a92896ec7855c89f70,,[],unavailable
025209,永赢先锋半导体智选混合发起C,688536,思瑞浦,SH,2026-06-30,3.32,300.0,109227.0,,[],[],cae1c0a92896ec7855c89f70,,[],unavailable
025209,永赢先锋半导体智选混合发起C,605111,新洁能,SH,2026-06-30,2.95,980.0,97157.2,,[],[],cae1c0a92896ec7855c89f70,,[],unavailable
001170,宏利复兴混合A,300502,新易盛,SZ,2026-06-30,10.66,210.62,127843.73,,[],[],023e99758f16928a391ceeac,,[],unavailable
001170,宏利复兴混合A,300308,中际旭创,SZ,2026-06-30,9.98,94.21,119646.7,,[],[],023e99758f16928a391ceeac,,[],unavailable
001170,宏利复兴混合A,688498,源杰科技,SH,2026-06-30,9.87,62.73,118308.59,,[],[],023e99758f16928a391ceeac,,[],unavailable
001170,宏利复兴混合A,600183,生益科技,SH,2026-06-30,8.79,607.93,105415.01,,[],[],023e99758f16928a391ceeac,,[],unavailable
001170,宏利复兴混合A,603256,宏和科技,SH,2026-06-30,5.28,238.59,63305.08,,[],[],023e99758f16928a391ceeac,,[],unavailable
001170,宏利复兴混合A,301377,鼎泰高科,SZ,2026-06-30,5.0,108.81,59943.43,,[],[],023e99758f16928a391ceeac,,[],unavailable
001170,宏利复兴混合A,600487,亨通光电,SH,2026-06-30,4.63,508.13,55558.56,,[],[],023e99758f16928a391ceeac,,[],unavailable
001170,宏利复兴混合A,002384,东山精密,SZ,2026-06-30,4.08,186.24,48860.06,,[],[],023e99758f16928a391ceeac,,[],unavailable
001170,宏利复兴混合A,600105,永鼎股份,SH,2026-06-30,3.96,704.3,47526.16,,[],[],023e99758f16928a391ceeac,,[],unavailable
001170,宏利复兴混合A,300570,太辰光,SZ,2026-06-30,3.24,157.54,38865.85,,[],[],023e99758f16928a391ceeac,,[],unavailable
011891,易方达先锋成长混合A,300502,新易盛,SZ,2026-06-30,8.45,183.16,111180.49,,[],[],3a5aed2a327dfceaeb59a665,,[],unavailable
011891,易方达先锋成长混合A,300548,长芯博创,SZ,2026-06-30,8.43,399.08,110944.8,,[],[],3a5aed2a327dfceaeb59a665,,[],unavailable
011891,易方达先锋成长混合A,300308,中际旭创,SZ,2026-06-30,8.22,85.16,108151.3,,[],[],3a5aed2a327dfceaeb59a665,,[],unavailable
011891,易方达先锋成长混合A,688498,源杰科技,SH,2026-06-30,8.2,57.23,107933.52,,[],[],3a5aed2a327dfceaeb59a665,,[],unavailable
011891,易方达先锋成长混合A,300475,香农芯创,SZ,2026-06-30,5.77,253.05,75916.32,,[],[],3a5aed2a327dfceaeb59a665,,[],unavailable
011891,易方达先锋成长混合A,300408,三环集团,SZ,2026-06-30,5.75,453.67,75717.52,,[],[],3a5aed2a327dfceaeb59a665,,[],unavailable
011891,易方达先锋成长混合A,06869,长飞光纤光缆,HK,2026-06-30,5.68,337.15,74789.2,,[],[],3a5aed2a327dfceaeb59a665,,[],unmapped_market
011891,易方达先锋成长混合A,688256,寒武纪,SH,2026-06-30,5.07,41.83,66746.48,,[],[],3a5aed2a327dfceaeb59a665,,[],unavailable
011891,易方达先锋成长混合A,002384,东山精密,SZ,2026-06-30,5.04,252.87,66339.53,,[],[],3a5aed2a327dfceaeb59a665,,[],unavailable
011891,易方达先锋成长混合A,301377,鼎泰高科,SZ,2026-06-30,3.95,106.4,51941.29,,[],[],3a5aed2a327dfceaeb59a665,,[],unavailable
017612,宏利复兴混合C,300502,新易盛,SZ,2026-06-30,10.66,210.62,127843.73,,[],[],a0f84734e8afddec3ce46cae,,[],unavailable
017612,宏利复兴混合C,300308,中际旭创,SZ,2026-06-30,9.98,94.21,119646.7,,[],[],a0f84734e8afddec3ce46cae,,[],unavailable
017612,宏利复兴混合C,688498,源杰科技,SH,2026-06-30,9.87,62.73,118308.59,,[],[],a0f84734e8afddec3ce46cae,,[],unavailable
017612,宏利复兴混合C,600183,生益科技,SH,2026-06-30,8.79,607.93,105415.01,,[],[],a0f84734e8afddec3ce46cae,,[],unavailable
017612,宏利复兴混合C,603256,宏和科技,SH,2026-06-30,5.28,238.59,63305.08,,[],[],a0f84734e8afddec3ce46cae,,[],unavailable
017612,宏利复兴混合C,301377,鼎泰高科,SZ,2026-06-30,5.0,108.81,59943.43,,[],[],a0f84734e8afddec3ce46cae,,[],unavailable
017612,宏利复兴混合C,600487,亨通光电,SH,2026-06-30,4.63,508.13,55558.56,,[],[],a0f84734e8afddec3ce46cae,,[],unavailable
017612,宏利复兴混合C,002384,东山精密,SZ,2026-06-30,4.08,186.24,48860.06,,[],[],a0f84734e8afddec3ce46cae,,[],unavailable
017612,宏利复兴混合C,600105,永鼎股份,SH,2026-06-30,3.96,704.3,47526.16,,[],[],a0f84734e8afddec3ce46cae,,[],unavailable
017612,宏利复兴混合C,300570,太辰光,SZ,2026-06-30,3.24,157.54,38865.85,,[],[],a0f84734e8afddec3ce46cae,,[],unavailable
001437,易方达瑞享混合I,300502,新易盛,SZ,2026-06-30,8.5,271.05,164528.75,,[],[],bc0057352b780aeb348e4f47,,[],unavailable
001437,易方达瑞享混合I,300548,长芯博创,SZ,2026-06-30,8.47,589.37,163846.22,,[],[],bc0057352b780aeb348e4f47,,[],unavailable
001437,易方达瑞享混合I,300308,中际旭创,SZ,2026-06-30,8.26,125.92,159918.02,,[],[],bc0057352b780aeb348e4f47,,[],unavailable
001437,易方达瑞享混合I,688498,源杰科技,SH,2026-06-30,8.26,84.74,159811.91,,[],[],bc0057352b780aeb348e4f47,,[],unavailable
001437,易方达瑞享混合I,300475,香农芯创,SZ,2026-06-30,5.77,372.06,111617.4,,[],[],bc0057352b780aeb348e4f47,,[],unavailable
001437,易方达瑞享混合I,601869,长飞光纤,SH,2026-06-30,5.77,204.4,111581.63,,[],[],bc0057352b780aeb348e4f47,,[],unavailable
001437,易方达瑞享混合I,300408,三环集团,SZ,2026-06-30,5.75,666.6,111255.99,,[],[],bc0057352b780aeb348e4f47,,[],unavailable
001437,易方达瑞享混合I,688256,寒武纪,SH,2026-06-30,5.07,61.46,98060.27,,[],[],bc0057352b780aeb348e4f47,,[],unavailable
001437,易方达瑞享混合I,002384,东山精密,SZ,2026-06-30,5.04,371.51,97465.02,,[],[],bc0057352b780aeb348e4f47,,[],unavailable
001437,易方达瑞享混合I,301377,鼎泰高科,SZ,2026-06-30,3.76,149.0,72737.33,,[],[],bc0057352b780aeb348e4f47,,[],unavailable
011892,易方达先锋成长混合C,300502,新易盛,SZ,2026-06-30,8.45,183.16,111180.49,,[],[],3f203cfae157fe3a1737ba17,,[],unavailable
011892,易方达先锋成长混合C,300548,长芯博创,SZ,2026-06-30,8.43,399.08,110944.8,,[],[],3f203cfae157fe3a1737ba17,,[],unavailable
011892,易方达先锋成长混合C,300308,中际旭创,SZ,2026-06-30,8.22,85.16,108151.3,,[],[],3f203cfae157fe3a1737ba17,,[],unavailable
011892,易方达先锋成长混合C,688498,源杰科技,SH,2026-06-30,8.2,57.23,107933.52,,[],[],3f203cfae157fe3a1737ba17,,[],unavailable
011892,易方达先锋成长混合C,300475,香农芯创,SZ,2026-06-30,5.77,253.05,75916.32,,[],[],3f203cfae157fe3a1737ba17,,[],unavailable
011892,易方达先锋成长混合C,300408,三环集团,SZ,2026-06-30,5.75,453.67,75717.52,,[],[],3f203cfae157fe3a1737ba17,,[],unavailable
011892,易方达先锋成长混合C,06869,长飞光纤光缆,HK,2026-06-30,5.68,337.15,74789.2,,[],[],3f203cfae157fe3a1737ba17,,[],unmapped_market
011892,易方达先锋成长混合C,688256,寒武纪,SH,2026-06-30,5.07,41.83,66746.48,,[],[],3f203cfae157fe3a1737ba17,,[],unavailable
011892,易方达先锋成长混合C,002384,东山精密,SZ,2026-06-30,5.04,252.87,66339.53,,[],[],3f203cfae157fe3a1737ba17,,[],unavailable
011892,易方达先锋成长混合C,301377,鼎泰高科,SZ,2026-06-30,3.95,106.4,51941.29,,[],[],3f203cfae157fe3a1737ba17,,[],unavailable
001438,易方达瑞享混合E,300502,新易盛,SZ,2026-06-30,8.5,271.05,164528.75,,[],[],fa80020fcf6d12f20e7b3c19,,[],unavailable
001438,易方达瑞享混合E,300548,长芯博创,SZ,2026-06-30,8.47,589.37,163846.22,,[],[],fa80020fcf6d12f20e7b3c19,,[],unavailable
001438,易方达瑞享混合E,300308,中际旭创,SZ,2026-06-30,8.26,125.92,159918.02,,[],[],fa80020fcf6d12f20e7b3c19,,[],unavailable
001438,易方达瑞享混合E,688498,源杰科技,SH,2026-06-30,8.26,84.74,159811.91,,[],[],fa80020fcf6d12f20e7b3c19,,[],unavailable
001438,易方达瑞享混合E,300475,香农芯创,SZ,2026-06-30,5.77,372.06,111617.4,,[],[],fa80020fcf6d12f20e7b3c19,,[],unavailable
001438,易方达瑞享混合E,601869,长飞光纤,SH,2026-06-30,5.77,204.4,111581.63,,[],[],fa80020fcf6d12f20e7b3c19,,[],unavailable
001438,易方达瑞享混合E,300408,三环集团,SZ,2026-06-30,5.75,666.6,111255.99,,[],[],fa80020fcf6d12f20e7b3c19,,[],unavailable
001438,易方达瑞享混合E,688256,寒武纪,SH,2026-06-30,5.07,61.46,98060.27,,[],[],fa80020fcf6d12f20e7b3c19,,[],unavailable
001438,易方达瑞享混合E,002384,东山精密,SZ,2026-06-30,5.04,371.51,97465.02,,[],[],fa80020fcf6d12f20e7b3c19,,[],unavailable
001438,易方达瑞享混合E,301377,鼎泰高科,SZ,2026-06-30,3.76,149.0,72737.33,,[],[],fa80020fcf6d12f20e7b3c19,,[],unavailable
481015,工银主题策略混合A,688037,芯源微,SH,2026-06-30,9.67,108.78,47758.54,,[],[],013512a42684bb47c40d7bd2,,[],unavailable
481015,工银主题策略混合A,688361,中科飞测,SH,2026-06-30,8.38,96.24,41382.43,,[],[],013512a42684bb47c40d7bd2,,[],unavailable
481015,工银主题策略混合A,688409,富创精密,SH,2026-06-30,7.69,123.98,37969.09,,[],[],013512a42684bb47c40d7bd2,,[],unavailable
481015,工银主题策略混合A,688347,华虹宏力,SH,2026-06-30,7.34,107.78,36246.08,,[],[],013512a42684bb47c40d7bd2,,[],unavailable
481015,工银主题策略混合A,002371,北方华创,SZ,2026-06-30,7.06,39.38,34835.74,,[],[],013512a42684bb47c40d7bd2,,[],unavailable
481015,工银主题策略混合A,688172,燕东微,SH,2026-06-30,6.8,401.52,33591.25,,[],[],013512a42684bb47c40d7bd2,,[],unavailable
481015,工银主题策略混合A,688120,华海清科,SH,2026-06-30,6.79,104.02,33512.04,,[],[],013512a42684bb47c40d7bd2,,[],unavailable
481015,工银主题策略混合A,688012,中微公司,SH,2026-06-30,6.77,71.38,33439.37,,[],[],013512a42684bb47c40d7bd2,,[],unavailable
481015,工银主题策略混合A,300567,精测电子,SZ,2026-06-30,6.32,98.29,31216.9,,[],[],013512a42684bb47c40d7bd2,,[],unavailable
481015,工银主题策略混合A,688072,拓荆科技,SH,2026-06-30,6.32,35.48,31209.59,,[],[],013512a42684bb47c40d7bd2,,[],unavailable
010115,易方达远见成长混合A,300502,新易盛,SZ,2026-06-30,8.61,194.15,117846.74,,[],[],1ee78a6b803879e98ca42039,,[],unavailable
010115,易方达远见成长混合A,300548,长芯博创,SZ,2026-06-30,8.56,421.59,117201.91,,[],[],1ee78a6b803879e98ca42039,,[],unavailable
010115,易方达远见成长混合A,300308,中际旭创,SZ,2026-06-30,8.16,87.89,111623.09,,[],[],1ee78a6b803879e98ca42039,,[],unavailable
010115,易方达远见成长混合A,688498,源杰科技,SH,2026-06-30,8.15,59.13,111518.24,,[],[],1ee78a6b803879e98ca42039,,[],unavailable
010115,易方达远见成长混合A,06869,长飞光纤光缆,HK,2026-06-30,5.78,356.5,79081.56,,[],[],1ee78a6b803879e98ca42039,,[],unmapped_market
010115,易方达远见成长混合A,300408,三环集团,SZ,2026-06-30,5.78,473.69,79059.63,,[],[],1ee78a6b803879e98ca42039,,[],unavailable
010115,易方达远见成长混合A,300475,香农芯创,SZ,2026-06-30,5.77,263.28,78985.29,,[],[],1ee78a6b803879e98ca42039,,[],unavailable
010115,易方达远见成长混合A,688256,寒武纪,SH,2026-06-30,5.07,43.52,69435.62,,[],[],1ee78a6b803879e98ca42039,,[],unavailable
010115,易方达远见成长混合A,002384,东山精密,SZ,2026-06-30,5.05,263.57,69148.38,,[],[],1ee78a6b803879e98ca42039,,[],unavailable
010115,易方达远见成长混合A,301377,鼎泰高科,SZ,2026-06-30,4.18,117.1,57164.71,,[],[],1ee78a6b803879e98ca42039,,[],unavailable
013312,工银主题策略混合C,688037,芯源微,SH,2026-06-30,9.67,108.78,47758.54,,[],[],5d978c3f42ca1ffe63cad572,,[],unavailable
013312,工银主题策略混合C,688361,中科飞测,SH,2026-06-30,8.38,96.24,41382.43,,[],[],5d978c3f42ca1ffe63cad572,,[],unavailable
013312,工银主题策略混合C,688409,富创精密,SH,2026-06-30,7.69,123.98,37969.09,,[],[],5d978c3f42ca1ffe63cad572,,[],unavailable
013312,工银主题策略混合C,688347,华虹宏力,SH,2026-06-30,7.34,107.78,36246.08,,[],[],5d978c3f42ca1ffe63cad572,,[],unavailable
013312,工银主题策略混合C,002371,北方华创,SZ,2026-06-30,7.06,39.38,34835.74,,[],[],5d978c3f42ca1ffe63cad572,,[],unavailable
013312,工银主题策略混合C,688172,燕东微,SH,2026-06-30,6.8,401.52,33591.25,,[],[],5d978c3f42ca1ffe63cad572,,[],unavailable
013312,工银主题策略混合C,688120,华海清科,SH,2026-06-30,6.79,104.02,33512.04,,[],[],5d978c3f42ca1ffe63cad572,,[],unavailable
013312,工银主题策略混合C,688012,中微公司,SH,2026-06-30,6.77,71.38,33439.37,,[],[],5d978c3f42ca1ffe63cad572,,[],unavailable
013312,工银主题策略混合C,300567,精测电子,SZ,2026-06-30,6.32,98.29,31216.9,,[],[],5d978c3f42ca1ffe63cad572,,[],unavailable
013312,工银主题策略混合C,688072,拓荆科技,SH,2026-06-30,6.32,35.48,31209.59,,[],[],5d978c3f42ca1ffe63cad572,,[],unavailable
001184,易方达新常态混合A,300502,新易盛,SZ,2026-06-30,7.24,132.06,80158.11,,[],[],1fe6697baed041535d002973,,[],unavailable
001184,易方达新常态混合A,002384,东山精密,SZ,2026-06-30,6.21,262.09,68759.31,,[],[],1fe6697baed041535d002973,,[],unavailable
001184,易方达新常态混合A,002371,北方华创,SZ,2026-06-30,5.6,70.12,62027.38,,[],[],1fe6697baed041535d002973,,[],unavailable
001184,易方达新常态混合A,300308,中际旭创,SZ,2026-06-30,5.35,46.69,59296.3,,[],[],1fe6697baed041535d002973,,[],unavailable
001184,易方达新常态混合A,688521,芯原股份,SH,2026-06-30,4.69,140.06,51981.65,,[],[],1fe6697baed041535d002973,,[],unavailable
001184,易方达新常态混合A,688256,寒武纪,SH,2026-06-30,4.2,29.14,46487.94,,[],[],1fe6697baed041535d002973,,[],unavailable
001184,易方达新常态混合A,300433,蓝思科技,SZ,2026-06-30,3.93,811.18,43527.82,,[],[],1fe6697baed041535d002973,,[],unavailable
001184,易方达新常态混合A,300475,香农芯创,SZ,2026-06-30,3.18,117.35,35205.36,,[],[],1fe6697baed041535d002973,,[],unavailable
001184,易方达新常态混合A,600176,中国巨石,SH,2026-06-30,3.13,476.31,34713.47,,[],[],1fe6697baed041535d002973,,[],unavailable
001184,易方达新常态混合A,300666,江丰电子,SZ,2026-06-30,3.13,95.51,34636.53,,[],[],1fe6697baed041535d002973,,[],unavailable
011412,易方达远见成长混合C,300502,新易盛,SZ,2026-06-30,8.61,194.15,117846.74,,[],[],0c89e43edb24b37051f7227b,,[],unavailable
011412,易方达远见成长混合C,300548,长芯博创,SZ,2026-06-30,8.56,421.59,117201.91,,[],[],0c89e43edb24b37051f7227b,,[],unavailable
011412,易方达远见成长混合C,300308,中际旭创,SZ,2026-06-30,8.16,87.89,111623.09,,[],[],0c89e43edb24b37051f7227b,,[],unavailable
011412,易方达远见成长混合C,688498,源杰科技,SH,2026-06-30,8.15,59.13,111518.24,,[],[],0c89e43edb24b37051f7227b,,[],unavailable
011412,易方达远见成长混合C,06869,长飞光纤光缆,HK,2026-06-30,5.78,356.5,79081.56,,[],[],0c89e43edb24b37051f7227b,,[],unmapped_market
011412,易方达远见成长混合C,300408,三环集团,SZ,2026-06-30,5.78,473.69,79059.63,,[],[],0c89e43edb24b37051f7227b,,[],unavailable
011412,易方达远见成长混合C,300475,香农芯创,SZ,2026-06-30,5.77,263.28,78985.29,,[],[],0c89e43edb24b37051f7227b,,[],unavailable
011412,易方达远见成长混合C,688256,寒武纪,SH,2026-06-30,5.07,43.52,69435.62,,[],[],0c89e43edb24b37051f7227b,,[],unavailable
011412,易方达远见成长混合C,002384,东山精密,SZ,2026-06-30,5.05,263.57,69148.38,,[],[],0c89e43edb24b37051f7227b,,[],unavailable
011412,易方达远见成长混合C,301377,鼎泰高科,SZ,2026-06-30,4.18,117.1,57164.71,,[],[],0c89e43edb24b37051f7227b,,[],unavailable
005628,汇安趋势动力股票A,688120,华海清科,SH,2026-06-30,9.92,10.32,3326.12,,[],[],3da8e0ae0fe68a340af3ebf6,,[],unavailable
005628,汇安趋势动力股票A,688019,安集科技,SH,2026-06-30,8.47,8.37,2840.3,,[],[],3da8e0ae0fe68a340af3ebf6,,[],unavailable
005628,汇安趋势动力股票A,688037,芯源微,SH,2026-06-30,7.59,5.8,2545.0,,[],[],3da8e0ae0fe68a340af3ebf6,,[],unavailable
005628,汇安趋势动力股票A,688082,盛美上海,SH,2026-06-30,6.36,4.94,2134.17,,[],[],3da8e0ae0fe68a340af3ebf6,,[],unavailable
005628,汇安趋势动力股票A,688072,拓荆科技,SH,2026-06-30,6.34,2.42,2126.79,,[],[],3da8e0ae0fe68a340af3ebf6,,[],unavailable
005628,汇安趋势动力股票A,002371,北方华创,SZ,2026-06-30,6.31,2.39,2115.43,,[],[],3da8e0ae0fe68a340af3ebf6,,[],unavailable
005628,汇安趋势动力股票A,688012,中微公司,SH,2026-06-30,6.11,4.37,2047.67,,[],[],3da8e0ae0fe68a340af3ebf6,,[],unavailable
005628,汇安趋势动力股票A,688361,中科飞测,SH,2026-06-30,6.03,4.7,2021.34,,[],[],3da8e0ae0fe68a340af3ebf6,,[],unavailable
005628,汇安趋势动力股票A,688809,强一股份,SH,2026-06-30,5.62,3.03,1885.2,,[],[],3da8e0ae0fe68a340af3ebf6,,[],unavailable
005628,汇安趋势动力股票A,301611,珂玛科技,SZ,2026-06-30,5.43,10.12,1822.31,,[],[],3da8e0ae0fe68a340af3ebf6,,[],unavailable
005119,银华智荟内在价值灵活配置混合发起A,688361,中科飞测,SH,2026-06-30,10.35,9.0,3870.0,,[],[],6a248c6c55549454bb3f43fe,,[],unavailable
005119,银华智荟内在价值灵活配置混合发起A,688037,芯源微,SH,2026-06-30,9.45,8.05,3534.35,,[],[],6a248c6c55549454bb3f43fe,,[],unavailable
005119,银华智荟内在价值灵活配置混合发起A,688120,华海清科,SH,2026-06-30,9.41,10.92,3518.21,,[],[],6a248c6c55549454bb3f43fe,,[],unavailable
005119,银华智荟内在价值灵活配置混合发起A,688012,中微公司,SH,2026-06-30,9.02,7.2,3373.67,,[],[],6a248c6c55549454bb3f43fe,,[],unavailable
005119,银华智荟内在价值灵活配置混合发起A,688072,拓荆科技,SH,2026-06-30,8.63,3.67,3226.82,,[],[],6a248c6c55549454bb3f43fe,,[],unavailable
005119,银华智荟内在价值灵活配置混合发起A,002371,北方华创,SZ,2026-06-30,8.47,3.58,3166.72,,[],[],6a248c6c55549454bb3f43fe,,[],unavailable
005119,银华智荟内在价值灵活配置混合发起A,300567,精测电子,SZ,2026-06-30,6.73,7.93,2518.57,,[],[],6a248c6c55549454bb3f43fe,,[],unavailable
005119,银华智荟内在价值灵活配置混合发起A,688409,富创精密,SH,2026-06-30,5.9,7.2,2205.0,,[],[],6a248c6c55549454bb3f43fe,,[],unavailable
005119,银华智荟内在价值灵活配置混合发起A,688347,华虹宏力,SH,2026-06-30,4.86,5.4,1816.02,,[],[],6a248c6c55549454bb3f43fe,,[],unavailable
005119,银华智荟内在价值灵活配置混合发起A,01347,华虹宏力,HK,2026-06-30,4.0,8.0,1495.3,,[],[],6a248c6c55549454bb3f43fe,,[],unmapped_market
008528,华泰柏瑞质量成长A,300308,中际旭创,SZ,2026-06-30,9.99,225.64,286561.02,,[],[],a4912358315207cb8798c45b,,[],unavailable
008528,华泰柏瑞质量成长A,300502,新易盛,SZ,2026-06-30,7.62,359.95,218490.32,,[],[],a4912358315207cb8798c45b,,[],unavailable
008528,华泰柏瑞质量成长A,600487,亨通光电,SH,2026-06-30,7.47,1960.56,214367.11,,[],[],a4912358315207cb8798c45b,,[],unavailable
008528,华泰柏瑞质量成长A,002384,东山精密,SZ,2026-06-30,6.29,687.26,180302.77,,[],[],a4912358315207cb8798c45b,,[],unavailable
008528,华泰柏瑞质量成长A,688498,源杰科技,SH,2026-06-30,6.25,95.08,179319.56,,[],[],a4912358315207cb8798c45b,,[],unavailable
008528,华泰柏瑞质量成长A,06869,长飞光纤光缆,HK,2026-06-30,5.91,763.83,169438.41,,[],[],a4912358315207cb8798c45b,,[],unmapped_market
008528,华泰柏瑞质量成长A,603256,宏和科技,SH,2026-06-30,5.59,604.73,160452.29,,[],[],a4912358315207cb8798c45b,,[],unavailable
008528,华泰柏瑞质量成长A,600183,生益科技,SH,2026-06-30,5.53,915.38,158726.2,,[],[],a4912358315207cb8798c45b,,[],unavailable
008528,华泰柏瑞质量成长A,600176,中国巨石,SH,2026-06-30,5.07,1994.34,145347.46,,[],[],a4912358315207cb8798c45b,,[],unavailable
008528,华泰柏瑞质量成长A,688808,联讯仪器,SH,2026-06-30,4.64,57.34,133140.62,,[],[],a4912358315207cb8798c45b,,[],unavailable
005629,汇安趋势动力股票C,688120,华海清科,SH,2026-06-30,9.92,10.32,3326.12,,[],[],446b637ec75f36b7dff8eeef,,[],unavailable
005629,汇安趋势动力股票C,688019,安集科技,SH,2026-06-30,8.47,8.37,2840.3,,[],[],446b637ec75f36b7dff8eeef,,[],unavailable
005629,汇安趋势动力股票C,688037,芯源微,SH,2026-06-30,7.59,5.8,2545.0,,[],[],446b637ec75f36b7dff8eeef,,[],unavailable
005629,汇安趋势动力股票C,688082,盛美上海,SH,2026-06-30,6.36,4.94,2134.17,,[],[],446b637ec75f36b7dff8eeef,,[],unavailable
005629,汇安趋势动力股票C,688072,拓荆科技,SH,2026-06-30,6.34,2.42,2126.79,,[],[],446b637ec75f36b7dff8eeef,,[],unavailable
005629,汇安趋势动力股票C,002371,北方华创,SZ,2026-06-30,6.31,2.39,2115.43,,[],[],446b637ec75f36b7dff8eeef,,[],unavailable
005629,汇安趋势动力股票C,688012,中微公司,SH,2026-06-30,6.11,4.37,2047.67,,[],[],446b637ec75f36b7dff8eeef,,[],unavailable
005629,汇安趋势动力股票C,688361,中科飞测,SH,2026-06-30,6.03,4.7,2021.34,,[],[],446b637ec75f36b7dff8eeef,,[],unavailable
005629,汇安趋势动力股票C,688809,强一股份,SH,2026-06-30,5.62,3.03,1885.2,,[],[],446b637ec75f36b7dff8eeef,,[],unavailable
005629,汇安趋势动力股票C,301611,珂玛科技,SZ,2026-06-30,5.43,10.12,1822.31,,[],[],446b637ec75f36b7dff8eeef,,[],unavailable
016262,银华智荟内在价值灵活配置混合发起C,688361,中科飞测,SH,2026-06-30,10.35,9.0,3870.0,,[],[],a9af33750667fb98601d143e,,[],unavailable
016262,银华智荟内在价值灵活配置混合发起C,688037,芯源微,SH,2026-06-30,9.45,8.05,3534.35,,[],[],a9af33750667fb98601d143e,,[],unavailable
016262,银华智荟内在价值灵活配置混合发起C,688120,华海清科,SH,2026-06-30,9.41,10.92,3518.21,,[],[],a9af33750667fb98601d143e,,[],unavailable
016262,银华智荟内在价值灵活配置混合发起C,688012,中微公司,SH,2026-06-30,9.02,7.2,3373.67,,[],[],a9af33750667fb98601d143e,,[],unavailable
016262,银华智荟内在价值灵活配置混合发起C,688072,拓荆科技,SH,2026-06-30,8.63,3.67,3226.82,,[],[],a9af33750667fb98601d143e,,[],unavailable
016262,银华智荟内在价值灵活配置混合发起C,002371,北方华创,SZ,2026-06-30,8.47,3.58,3166.72,,[],[],a9af33750667fb98601d143e,,[],unavailable
016262,银华智荟内在价值灵活配置混合发起C,300567,精测电子,SZ,2026-06-30,6.73,7.93,2518.57,,[],[],a9af33750667fb98601d143e,,[],unavailable
016262,银华智荟内在价值灵活配置混合发起C,688409,富创精密,SH,2026-06-30,5.9,7.2,2205.0,,[],[],a9af33750667fb98601d143e,,[],unavailable
016262,银华智荟内在价值灵活配置混合发起C,688347,华虹宏力,SH,2026-06-30,4.86,5.4,1816.02,,[],[],a9af33750667fb98601d143e,,[],unavailable
016262,银华智荟内在价值灵活配置混合发起C,01347,华虹宏力,HK,2026-06-30,4.0,8.0,1495.3,,[],[],a9af33750667fb98601d143e,,[],unmapped_market
