time,open,close,high,low,volume,amount
2026-08-28 13:48:00,280.25,280.25,280.26,280.25,2880.0,807138.1191
2026-08-28 13:49:00,280.98,280.66,282.0,280.66,1234.0,347219.6172
2026-08-28 13:50:00,280.66,281.95,281.98,280.66,594.0,167304.9961
2026-08-28 13:51:00,281.94,281.01,281.94,281.01,1396.0,392475.9648
2026-08-28 13:52:00,281.94,281.95,283.0,281.31,4795.0,1352345.2134
2026-08-28 13:53:00,281.31,282.32,282.32,281.31,1552.0,437451.7695
2026-08-28 13:54:00,282.32,281.31,283.0,281.31,4899.0,1379712.1421
2026-08-28 13:55:00,281.31,280.3,281.31,280.3,8123.0,2279652.7969
2026-08-28 13:56:00,280.3,281.0,281.0,280.3,10045.0,2820684.7661
2026-08-28 13:57:00,280.99,282.0,282.0,280.99,3424.0,964186.2969
2026-08-28 13:58:00,282.0,280.31,282.0,280.3,9004.0,2534349.5215
2026-08-28 13:59:00,280.31,283.0,283.0,280.18,3849.0,1080647.7129
2026-08-28 14:00:00,281.0,282.69,282.98,281.0,7540.0,2128544.6418
2026-08-28 14:01:00,282.6,281.51,282.69,281.5,2685.0,758318.7988
2026-08-28 14:02:00,281.54,281.5,282.4,281.5,4346.0,1224395.1709
2026-08-28 14:03:00,281.5,280.15,281.52,280.15,7097.0,1995125.625
2026-08-28 14:04:00,280.99,280.53,280.99,280.53,1978.0,555470.2139
2026-08-28 14:05:00,280.53,282.18,282.18,280.16,10995.0,3095549.4243
2026-08-28 14:06:00,281.02,280.09,281.02,280.09,6704.0,1880764.8909
2026-08-28 14:07:00,280.19,280.82,280.84,280.18,1740.0,487807.8369
2026-08-28 14:08:00,280.82,280.18,280.83,280.18,3605.0,1011083.1768
2026-08-28 14:09:00,280.18,280.14,280.18,280.02,4092.0,1146269.4404
2026-08-28 14:10:00,280.01,279.2,280.14,279.2,27947.0,7815600.3914
2026-08-28 14:11:00,279.21,281.99,281.99,279.2,16542.0,4634035.825
2026-08-28 14:12:00,281.0,280.93,281.82,280.0,9554.0,2684534.9941
2026-08-28 14:13:00,280.0,281.83,281.83,280.0,3160.0,889210.9531
2026-08-28 14:14:00,281.83,281.96,281.96,280.93,6449.0,1816171.0505
2026-08-28 14:15:00,281.97,282.49,282.5,281.96,7312.0,2063358.3477
2026-08-28 14:16:00,282.49,282.88,283.0,282.01,9846.0,2783158.0151
2026-08-28 14:17:00,283.0,283.05,283.98,282.56,12119.0,3434783.9104
2026-08-28 14:18:00,283.84,283.03,284.0,280.93,14872.0,4208303.8212
2026-08-28 14:19:00,281.21,281.5,283.0,281.21,5452.0,1538277.4063
2026-08-28 14:20:00,282.88,282.56,282.88,281.43,3149.0,887219.6641
2026-08-28 14:21:00,282.62,281.34,282.63,281.33,20181.0,5683957.5928
2026-08-28 14:22:00,281.37,280.96,282.89,280.96,22676.0,6376939.8735
2026-08-28 14:23:00,280.96,282.0,282.9,280.64,21785.0,6121530.4634
2026-08-28 14:24:00,282.0,282.86,282.86,281.83,3806.0,1073672.2435
2026-08-28 14:25:00,282.86,281.95,282.88,281.92,5254.0,1483963.3844
2026-08-28 14:26:00,281.95,282.5,282.58,281.92,4988.0,1408619.0487
2026-08-28 14:27:00,282.5,282.81,282.84,282.47,8428.0,2382969.066
2026-08-28 14:28:00,282.81,282.1,283.0,282.0,9597.0,2712585.2954
2026-08-28 14:29:00,282.88,282.26,283.0,282.11,12532.0,3543526.3457
2026-08-28 14:30:00,282.96,282.04,283.0,282.0,5453.0,1541325.2207
2026-08-28 14:31:00,282.06,283.0,283.07,282.06,13021.0,3677183.459
2026-08-28 14:32:00,283.0,284.49,284.49,282.95,16117.0,4570393.0723
2026-08-28 14:33:00,284.18,283.79,284.18,282.1,10965.0,3106684.2339
2026-08-28 14:34:00,283.77,282.31,283.77,281.88,11472.0,3249942.6055
2026-08-28 14:35:00,283.7,282.4,284.0,281.88,8289.0,2344494.6895
2026-08-28 14:36:00,282.24,282.3,283.7,282.0,9032.0,2549515.3125
2026-08-28 14:37:00,282.3,281.0,282.3,281.0,4184.0,1177380.9219
2026-08-28 14:38:00,281.0,281.0,281.78,281.0,2800.0,786958.7305
2026-08-28 14:39:00,281.01,281.25,281.25,281.01,2295.0,645344.7891
2026-08-28 14:40:00,281.27,280.5,281.68,280.5,16298.0,4580233.2969
2026-08-28 14:41:00,281.0,280.0,281.01,279.88,11622.0,3258070.3916
2026-08-28 14:42:00,279.88,280.98,281.0,279.6,15189.0,4260060.9788
2026-08-28 14:43:00,280.98,280.0,280.99,280.0,6001.0,1684140.3037
2026-08-28 14:44:00,280.0,279.5,280.8,279.0,34144.0,9546225.9377
2026-08-28 14:45:00,279.0,276.01,280.8,276.01,62830.0,17474626.9382
2026-08-28 14:46:00,276.01,277.0,278.09,276.01,44756.0,12395585.1843
2026-08-28 14:47:00,276.71,276.6,278.0,276.3,23202.0,6428275.6415
2026-08-28 14:48:00,276.3,274.3,276.6,274.01,69279.0,19070855.0715
2026-08-28 14:49:00,274.21,273.0,275.99,272.65,77578.0,21222958.9619
2026-08-28 14:50:00,273.03,274.0,275.5,272.2,29831.0,8153217.1746
2026-08-28 14:51:00,274.76,275.0,276.5,274.25,64059.0,17639091.1172
2026-08-28 14:52:00,275.0,274.08,275.7,273.9,55095.0,15135998.3066
2026-08-28 14:53:00,274.5,275.0,275.67,274.02,39542.0,10870349.2491
2026-08-28 14:54:00,275.0,273.31,275.19,273.28,43443.0,11924642.5107
2026-08-28 14:55:00,273.78,274.0,274.6,273.2,49580.0,13580083.1602
2026-08-28 14:56:00,273.55,271.23,274.0,271.15,84616.0,23091991.2358
2026-08-28 14:57:00,271.49,270.02,271.91,268.0,103019.0,27837369.9481
2026-08-28 15:00:00,269.01,269.01,269.01,269.01,112312.0,30213051.6726
2026-08-31 09:31:00,260.41,256.5,265.55,256.0,398676.0,104016961.15
2026-08-31 09:32:00,256.5,253.1,256.5,252.5,176195.0,44928860.0871
2026-08-31 09:33:00,253.5,260.0,262.0,253.1,87403.0,22537811.4242
2026-08-31 09:34:00,260.0,258.07,260.0,255.0,125068.0,32268553.3783
2026-08-31 09:35:00,258.07,260.98,261.69,258.07,40629.0,10588769.9918
2026-08-31 09:36:00,260.73,262.22,262.22,260.73,93843.0,24547508.1068
2026-08-31 09:37:00,262.5,269.69,269.89,262.5,116184.0,30925502.2557
2026-08-31 09:38:00,269.89,275.96,275.98,269.89,92857.0,25414247.5591
2026-08-31 09:39:00,275.96,278.01,279.0,273.0,110523.0,30450757.1455
2026-08-31 09:40:00,278.01,276.5,278.96,272.0,88488.0,24525948.4621
2026-08-31 09:41:00,276.95,274.18,277.0,274.18,35381.0,9764703.8632
2026-08-31 09:42:00,274.18,277.0,277.99,273.5,73688.0,20330922.3168
2026-08-31 09:43:00,277.0,279.0,280.0,275.02,85973.0,23927857.4434
2026-08-31 09:44:00,279.0,276.0,279.0,275.76,30796.0,8561641.5105
2026-08-31 09:45:00,277.77,278.82,280.0,275.75,38514.0,10738229.8793
2026-08-31 09:46:00,278.82,277.87,278.9,276.63,24396.0,6762846.0103
2026-08-31 09:47:00,276.88,279.02,280.21,276.88,58353.0,16279531.0695
2026-08-31 09:48:00,279.8,279.8,280.0,278.0,44301.0,12382801.4106
2026-08-31 09:49:00,279.8,278.0,279.99,277.12,29745.0,8299812.373
2026-08-31 09:50:00,278.0,278.0,278.51,276.66,26235.0,7286566.7078
2026-08-31 09:51:00,278.0,277.6,278.0,275.0,21590.0,5956684.9809
2026-08-31 09:52:00,275.15,275.3,278.51,275.0,43835.0,12145981.2645
2026-08-31 09:53:00,278.0,275.61,278.48,275.3,23813.0,6594033.449
2026-08-31 09:54:00,275.77,275.3,277.97,275.0,15640.0,4306480.3269
2026-08-31 09:55:00,275.01,277.02,277.98,273.6,34159.0,9424261.0068
2026-08-31 09:56:00,277.02,276.55,277.02,275.6,10202.0,2822889.7705
2026-08-31 09:57:00,277.0,279.01,279.33,277.0,33678.0,9352974.0112
2026-08-31 09:58:00,279.0,281.8,282.0,278.5,39305.0,11022546.9116
2026-08-31 09:59:00,281.5,281.14,283.33,277.0,31753.0,8951978.9247
2026-08-31 10:00:00,281.14,278.03,281.68,277.11,14150.0,3968513.9155
2026-08-31 10:01:00,278.1,278.43,279.47,277.2,30526.0,8494782.4361
2026-08-31 10:02:00,278.0,280.89,280.9,276.35,11675.0,3253302.3396
2026-08-31 10:03:00,280.0,281.86,281.86,278.0,40391.0,11314163.2476
2026-08-31 10:04:00,281.97,285.0,285.0,281.0,56131.0,15882857.3141
2026-08-31 10:05:00,283.99,285.39,285.8,283.11,31362.0,8942510.1362
2026-08-31 10:06:00,285.8,287.5,287.82,285.39,31239.0,8962104.9347
2026-08-31 10:07:00,287.5,288.56,289.95,286.0,71490.0,20607409.1286
2026-08-31 10:08:00,288.98,289.95,290.08,286.0,70604.0,20444132.1528
2026-08-31 10:09:00,289.49,286.3,289.95,286.3,28529.0,8223575.7406
2026-08-31 10:10:00,286.32,289.63,289.63,285.0,15078.0,4337522.8008
2026-08-31 10:11:00,289.0,289.68,289.68,288.0,26446.0,7645890.1418
2026-08-31 10:12:00,289.68,288.0,289.8,286.5,18481.0,5329066.9033
2026-08-31 10:13:00,286.0,286.21,288.18,285.5,22650.0,6491897.8779
2026-08-31 10:14:00,286.21,285.0,286.21,283.0,25607.0,7300858.8639
2026-08-31 10:15:00,284.17,284.34,285.42,284.0,25574.0,7277590.2803
2026-08-31 10:16:00,285.03,283.1,285.2,283.0,23937.0,6789125.2627
2026-08-31 10:17:00,283.1,283.58,285.03,283.1,5183.0,1471199.208
2026-08-31 10:18:00,283.58,284.0,285.42,283.38,6807.0,1936984.1738
2026-08-31 10:19:00,285.0,283.58,285.03,283.31,15266.0,4340407.6607
2026-08-31 10:20:00,283.58,282.75,283.58,282.75,3930.0,1113202.6069
2026-08-31 10:21:00,283.0,282.83,283.85,282.83,10961.0,3107328.7085
2026-08-31 10:22:00,282.83,281.46,283.0,280.69,22074.0,6231089.1638
2026-08-31 10:23:00,283.0,281.65,283.0,281.6,3978.0,1122770.0449
2026-08-31 10:24:00,281.66,282.49,282.5,281.08,6614.0,1862840.7886
2026-08-31 10:25:00,282.4,281.19,282.65,280.7,12946.0,3643957.2593
2026-08-31 10:26:00,281.68,282.4,282.9,281.0,7392.0,2085131.2261
2026-08-31 10:27:00,282.85,282.41,282.93,282.41,8690.0,2456453.9165
2026-08-31 10:28:00,282.41,282.0,282.41,281.25,5471.0,1542560.8682
2026-08-31 10:29:00,282.0,283.3,283.51,281.68,9207.0,2604470.0911
2026-08-31 10:30:00,283.3,283.0,283.37,281.83,6982.0,1974713.4521
2026-08-31 10:31:00,283.0,284.02,285.83,283.0,14112.0,4012370.9004
2026-08-31 10:32:00,285.02,284.0,285.02,284.0,4680.0,1329905.5469
2026-08-31 10:33:00,284.0,283.51,284.5,283.0,5182.0,1469633.5592
2026-08-31 10:34:00,283.0,283.51,283.51,282.0,1599.0,452994.5854
2026-08-31 10:35:00,283.51,285.4,285.4,283.49,7657.0,2176008.3679
2026-08-31 10:36:00,285.41,285.47,285.83,284.8,6488.0,1852629.915
2026-08-31 10:37:00,284.8,282.56,285.02,281.77,6422.0,1816645.1423
2026-08-31 10:38:00,282.56,281.77,284.73,281.77,5894.0,1670287.373
2026-08-31 10:39:00,283.66,285.9,285.9,282.5,7531.0,2146408.915
2026-08-31 10:40:00,285.85,285.84,286.0,282.5,7609.0,2173772.4727
2026-08-31 10:41:00,282.68,282.68,282.9,282.61,1200.0,339297.8667
2026-08-31 10:42:00,283.0,285.0,285.0,283.0,1994.0,567193.0869
2026-08-31 10:43:00,285.04,283.2,285.5,283.0,4494.0,1278642.5117
2026-08-31 10:44:00,283.0,283.0,285.0,283.0,5545.0,1570793.625
2026-08-31 10:45:00,283.0,285.0,285.0,283.0,3193.0,908375.1504
2026-08-31 10:46:00,285.03,283.5,285.03,283.0,4157.0,1179064.2109
2026-08-31 10:47:00,283.5,285.01,285.49,283.5,1772.0,504154.7051
2026-08-31 10:48:00,285.41,285.85,285.85,285.41,2015.0,575395.1226
2026-08-31 10:49:00,285.88,286.9,286.99,285.88,11987.0,3431870.4902
2026-08-31 10:50:00,286.2,286.98,286.99,286.2,5703.0,1634010.1976
2026-08-31 10:51:00,286.21,284.02,286.21,284.02,3910.0,1113529.3875
2026-08-31 10:52:00,284.1,284.03,285.39,284.01,5278.0,1501149.4192
2026-08-31 10:53:00,285.17,283.7,285.17,283.7,4476.0,1271856.1299
2026-08-31 10:54:00,283.7,284.03,284.03,283.67,8977.0,2546841.327
2026-08-31 10:55:00,284.03,283.6,284.03,283.6,411.0,116645.6025
2026-08-31 10:56:00,284.0,282.5,285.0,282.5,6750.0,1914536.4482
2026-08-31 10:57:00,282.51,282.5,284.87,282.5,4146.0,1177946.0029
2026-08-31 10:58:00,282.5,281.77,283.0,281.77,6258.0,1769326.6169
2026-08-31 10:59:00,281.77,282.0,282.0,281.77,500.0,140953.9961
2026-08-31 11:00:00,282.12,284.0,284.0,282.12,1668.0,472580.6484
2026-08-31 11:01:00,284.0,281.77,284.02,281.77,6023.0,1703129.7129
2026-08-31 11:02:00,282.9,282.89,282.9,282.89,400.0,113158.0039
2026-08-31 11:03:00,282.18,282.16,282.89,282.16,2000.0,564488.0039
2026-08-31 11:04:00,282.14,282.18,282.19,282.14,3592.0,1013534.8906
2026-08-31 11:05:00,282.18,282.26,283.0,281.8,10995.0,3109157.9951
2026-08-31 11:06:00,282.5,282.58,283.55,282.26,4033.0,1139597.792
2026-08-31 11:07:00,283.0,283.99,283.99,282.58,2249.0,636522.4336
2026-08-31 11:08:00,283.13,282.53,283.13,282.53,1752.0,495323.1919
2026-08-31 11:09:00,283.13,283.13,283.13,283.13,400.0,113252.0
2026-08-31 11:10:00,283.0,284.4,284.4,282.26,6989.0,1981628.9548
2026-08-31 11:11:00,284.48,284.83,284.83,284.01,4859.0,1382843.1641
2026-08-31 11:12:00,284.8,281.82,284.84,281.82,39414.0,11190055.4199
2026-08-31 11:13:00,281.83,283.98,283.98,280.42,7086.0,1999933.8647
2026-08-31 11:14:00,283.63,281.2,283.8,281.2,923.0,260613.396
2026-08-31 11:15:00,281.2,281.2,283.0,280.42,1019.0,286750.5664
2026-08-31 11:16:00,281.47,281.46,281.47,281.46,1715.0,482705.8965
2026-08-31 11:17:00,281.46,281.0,282.89,281.0,3615.0,1017901.4805
2026-08-31 11:18:00,281.0,279.0,281.0,279.0,5940.0,1664549.7427
2026-08-31 11:19:00,279.0,274.82,279.03,274.82,22785.0,6312801.0435
2026-08-31 11:20:00,276.0,276.23,278.88,276.0,7460.0,2073170.5762
2026-08-31 11:21:00,278.8,280.38,281.01,278.8,13658.0,3829748.1689
2026-08-31 11:22:00,281.01,280.47,281.01,278.9,9939.0,2784202.2087
2026-08-31 11:23:00,280.93,280.24,280.96,280.24,1158.0,325039.9189
2026-08-31 11:24:00,279.21,278.87,279.21,276.33,4702.0,1309524.7461
2026-08-31 11:25:00,277.06,278.87,278.87,277.01,5359.0,1487030.7285
2026-08-31 11:26:00,278.87,279.21,279.21,277.45,3259.0,908508.7578
2026-08-31 11:27:00,279.51,281.89,281.89,279.51,2300.0,646426.0078
2026-08-31 11:28:00,281.89,282.0,282.01,281.89,3972.0,1119909.4788
2026-08-31 11:29:00,282.0,280.5,283.0,280.5,7129.0,2007404.4453
2026-08-31 11:30:00,282.75,282.98,282.98,282.75,3963.0,1120827.4072
2026-08-31 13:01:00,282.99,281.33,283.79,281.33,19785.0,5575690.9111
2026-08-31 13:02:00,280.5,280.5,280.5,280.5,257.0,72088.5
2026-08-31 13:03:00,280.5,281.0,281.0,280.5,1557.0,437248.0
2026-08-31 13:04:00,280.5,280.0,280.5,278.82,2820.0,789591.5
2026-08-31 13:05:00,280.0,279.52,280.0,279.0,886.0,247632.9961
2026-08-31 13:06:00,279.07,281.0,281.0,279.07,2831.0,791473.1162
2026-08-31 13:07:00,281.0,280.02,281.27,280.0,1128.0,316624.9902
2026-08-31 13:08:00,280.01,279.66,280.01,279.66,1152.0,322492.0701
2026-08-31 13:09:00,279.72,281.27,281.27,279.12,2793.0,781831.1941
2026-08-31 13:10:00,281.0,280.0,281.99,279.43,4489.0,1260234.0518
2026-08-31 13:11:00,279.8,279.79,280.0,279.57,4286.0,1198827.3071
2026-08-31 13:12:00,279.59,279.94,280.0,279.5,2595.0,725687.9678
2026-08-31 13:13:00,279.59,278.3,279.59,278.3,5147.0,1435689.0757
2026-08-31 13:14:00,278.62,279.0,279.0,278.19,2124.0,591511.897
2026-08-31 13:15:00,279.0,279.01,279.12,278.2,3313.0,924167.3965
2026-08-31 13:16:00,280.03,281.0,281.99,280.03,1265.0,355419.2734
2026-08-31 13:17:00,281.0,280.64,281.0,280.64,500.0,140417.998
2026-08-31 13:18:00,281.32,281.0,281.32,280.68,2998.0,842699.4395
2026-08-31 13:19:00,281.01,282.24,283.66,281.01,6562.0,1855121.8118
2026-08-31 13:20:00,283.66,283.6,283.9,282.36,5199.0,1473102.2354
2026-08-31 13:21:00,283.6,283.61,283.9,283.6,4782.0,1357058.9301
2026-08-31 13:22:00,283.9,283.62,284.0,282.44,4166.0,1181421.2373
2026-08-31 13:23:00,283.61,283.62,283.9,283.61,1206.0,342099.5156
2026-08-31 13:24:00,282.88,282.43,282.88,282.43,474.0,133963.8203
2026-08-31 13:25:00,282.43,282.43,282.43,282.42,1155.0,326200.3684
2026-08-31 13:26:00,282.43,284.04,284.04,282.43,5611.0,1591822.1368
2026-08-31 13:27:00,283.99,283.61,284.98,283.57,2609.0,742416.6467
2026-08-31 13:28:00,283.93,283.93,283.93,283.93,400.0,113572.0
2026-08-31 13:29:00,284.01,284.8,284.83,283.0,13951.0,3971421.0576
2026-08-31 13:30:00,284.79,282.79,284.8,282.79,2658.0,753626.5137
2026-08-31 13:31:00,282.78,284.13,284.79,280.68,7845.0,2224269.4122
2026-08-31 13:32:00,284.13,282.97,284.13,282.97,7230.0,2048584.4356
2026-08-31 13:33:00,282.97,281.57,282.97,280.68,7950.0,2243681.7031
2026-08-31 13:34:00,281.61,281.6,282.97,281.6,2801.0,790168.1973
2026-08-31 13:35:00,282.9,279.98,282.97,278.32,15625.0,4392211.3906
2026-08-31 13:36:00,278.58,280.12,282.87,278.32,8806.0,2475177.4365
2026-08-31 13:37:00,280.01,280.98,281.0,280.0,5361.0,1501949.2262
2026-08-31 13:38:00,280.0,279.18,280.99,279.18,6154.0,1722312.2534
2026-08-31 13:39:00,279.18,279.15,280.44,279.12,7645.0,2135492.96
2026-08-31 13:40:00,279.13,279.76,280.4,279.1,7078.0,1977442.3247
2026-08-31 13:41:00,280.39,280.95,281.0,279.79,7014.0,1968407.5605
2026-08-31 13:42:00,280.98,281.02,281.6,280.89,10114.0,2843899.4622
2026-08-31 13:43:00,280.92,281.88,282.0,280.91,12191.0,3430659.9775
2026-08-31 13:44:00,281.87,282.87,282.87,281.7,11112.0,3134185.7329
2026-08-31 13:45:00,282.84,282.0,282.85,282.0,7725.0,2179294.9296
2026-08-31 13:46:00,282.2,279.2,282.2,279.2,17965.0,5043992.9372
2026-08-31 13:47:00,279.2,279.22,281.0,279.2,6736.0,1886286.3223
2026-08-31 13:48:00,279.22,280.98,280.98,279.21,4877.0,1366922.8447
2026-08-31 13:49:00,280.98,277.0,281.0,277.0,25860.0,7214598.4694
2026-08-31 13:50:00,276.43,276.0,276.43,275.0,29435.0,8126436.1052
2026-08-31 13:51:00,276.0,280.0,280.0,276.0,81720.0,22584276.303
2026-08-31 13:52:00,278.23,280.5,280.5,278.23,9721.0,2721249.4746
2026-08-31 13:53:00,280.51,281.06,281.06,280.5,16778.0,4712836.6665
2026-08-31 13:54:00,280.53,278.8,281.09,278.76,10161.0,2846098.6705
2026-08-31 13:55:00,278.8,278.78,279.32,278.63,4565.0,1272794.958
2026-08-31 13:56:00,279.32,278.83,279.32,278.83,4095.0,1141940.206
2026-08-31 13:57:00,278.83,278.28,278.84,278.28,6896.0,1921592.9138
2026-08-31 13:58:00,278.28,279.84,279.84,278.17,9657.0,2690293.0615
2026-08-31 13:59:00,279.84,281.99,282.0,279.84,19958.0,5600336.9709
2026-08-31 14:00:00,281.57,283.4,283.88,281.55,16224.0,4589749.9878
2026-08-31 14:01:00,283.4,283.99,284.16,282.78,19498.0,5525495.6775
2026-08-31 14:02:00,283.54,282.5,284.0,282.5,15469.0,4384677.9233
2026-08-31 14:03:00,282.5,283.6,283.99,282.5,5811.0,1643993.2485
2026-08-31 14:04:00,283.6,283.9,283.99,283.6,4321.0,1226598.8926
2026-08-31 14:05:00,283.9,283.7,284.02,283.68,10080.0,2862086.0309
2026-08-31 14:06:00,283.68,283.69,283.99,283.68,2480.0,703687.5156
2026-08-31 14:07:00,283.69,283.0,283.69,282.81,11344.0,3215879.8214
2026-08-31 14:08:00,283.0,283.9,283.9,283.0,4544.0,1288761.8828
2026-08-31 14:09:00,283.88,283.81,283.88,283.81,855.0,242701.4063
2026-08-31 14:10:00,283.8,284.3,284.82,283.8,11089.0,3152174.8477
2026-08-31 14:11:00,284.29,285.9,285.9,284.29,14765.0,4210401.4919
2026-08-31 14:12:00,285.9,286.82,286.82,285.8,15445.0,4417743.7766
2026-08-31 14:13:00,286.82,286.41,286.99,286.41,9894.0,2835751.5566
2026-08-31 14:14:00,286.94,287.0,287.0,286.41,8356.0,2397593.7402
2026-08-31 14:15:00,287.0,286.5,287.0,286.5,2078.0,596114.8047
2026-08-31 14:16:00,286.5,286.0,286.5,286.0,4155.0,1189902.9668
2026-08-31 14:17:00,285.59,285.11,286.0,285.11,1103.0,314698.416
2026-08-31 14:18:00,286.0,287.13,287.13,286.0,5263.0,1507261.4742
2026-08-31 14:19:00,287.13,287.15,287.15,286.51,4067.0,1166817.5308
2026-08-31 14:20:00,287.21,287.23,287.3,287.21,2461.0,706920.8789
2026-08-31 14:21:00,287.21,285.0,287.21,285.0,19173.0,5478777.8094
2026-08-31 14:22:00,285.71,285.71,285.71,283.1,14519.0,4124923.4297
2026-08-31 14:23:00,285.68,285.6,285.71,284.66,9380.0,2679228.8594
2026-08-31 14:24:00,285.6,285.6,285.6,284.69,3946.0,1124470.4531
2026-08-31 14:25:00,285.6,287.0,287.0,285.0,23106.0,6597546.8633
2026-08-31 14:26:00,287.0,286.91,287.0,286.9,2881.0,826750.332
2026-08-31 14:27:00,286.91,288.77,288.77,286.73,31445.0,9032976.2048
2026-08-31 14:28:00,288.68,289.68,289.95,288.68,18549.0,5368172.7
2026-08-31 14:29:00,289.95,291.0,291.0,289.93,30144.0,8745283.25
2026-08-31 14:30:00,290.89,290.5,291.0,289.03,22759.0,6602090.8682
2026-08-31 14:31:00,290.02,290.5,290.5,289.0,7971.0,2310292.791
2026-08-31 14:32:00,290.0,287.05,290.0,286.94,11367.0,3280824.2799
2026-08-31 14:33:00,288.0,288.99,288.99,287.0,11356.0,3263048.0703
2026-08-31 14:34:00,288.99,284.01,288.99,284.0,10929.0,3122041.1195
2026-08-31 14:35:00,285.22,284.01,285.92,284.0,16358.0,4650054.1862
2026-08-31 14:36:00,285.92,287.06,288.53,285.18,15426.0,4423260.9849
2026-08-31 14:37:00,287.07,286.01,287.07,286.0,8422.0,2410295.1182
2026-08-31 14:38:00,286.01,286.0,286.1,286.0,11761.0,3363733.3926
2026-08-31 14:39:00,286.05,286.0,287.1,286.0,15166.0,4338572.0156
2026-08-31 14:40:00,286.41,287.0,287.77,285.99,17194.0,4925252.1221
2026-08-31 14:41:00,287.77,285.0,287.77,285.0,10728.0,3066168.7461
2026-08-31 14:42:00,285.01,286.0,286.0,284.05,2958.0,841697.1855
2026-08-31 14:43:00,285.01,284.3,285.01,284.17,7444.0,2115893.0811
2026-08-31 14:44:00,284.21,285.0,285.01,283.02,12622.0,3587787.3433
2026-08-31 14:45:00,285.01,283.51,286.0,283.51,7272.0,2074963.4375
2026-08-31 14:46:00,285.54,286.98,286.98,285.53,5218.0,1493536.1118
2026-08-31 14:47:00,286.69,286.69,286.98,286.19,15132.0,4334352.6494
2026-08-31 14:48:00,286.98,285.0,287.0,285.0,13892.0,3977614.4478
2026-08-31 14:49:00,284.2,286.0,286.0,283.51,15063.0,4291024.5664
2026-08-31 14:50:00,285.55,285.55,286.0,283.56,23737.0,6765209.6963
2026-08-31 14:51:00,285.54,285.54,285.9,284.1,24868.0,7098538.7907
2026-08-31 14:52:00,284.72,284.36,285.8,283.59,16388.0,4666477.8169
2026-08-31 14:53:00,284.95,284.01,285.5,283.67,19496.0,5542866.495
2026-08-31 14:54:00,285.0,283.2,285.0,283.11,17704.0,5024967.7173
2026-08-31 14:55:00,283.22,284.88,284.88,283.06,29852.0,8461142.881
2026-08-31 14:56:00,284.88,284.88,284.98,283.07,23475.0,6671352.3709
2026-08-31 14:57:00,283.96,284.95,284.95,283.51,26568.0,7557416.7085
2026-08-31 15:00:00,285.0,285.0,285.0,285.0,33862.0,9650670.0
2026-09-01 09:31:00,275.85,278.12,280.0,273.5,153121.0,42384331.974
2026-09-01 09:32:00,278.44,282.0,283.99,278.0,67758.0,19116278.0977
2026-09-01 09:33:00,282.0,282.0,283.29,279.88,43961.0,12388270.1864
2026-09-01 09:34:00,282.0,282.2,283.0,280.24,63439.0,17889380.2991
2026-09-01 09:35:00,282.98,282.0,285.0,280.51,30760.0,8721213.0317
2026-09-01 09:36:00,284.68,281.88,284.68,280.66,38310.0,10795699.8088
2026-09-01 09:37:00,281.91,280.54,281.91,277.99,33641.0,9399509.8418
2026-09-01 09:38:00,280.53,277.13,282.03,275.85,82989.0,23073041.9984
2026-09-01 09:39:00,277.13,279.39,281.29,277.03,56573.0,15777213.6591
2026-09-01 09:40:00,279.37,282.97,282.97,279.0,18831.0,5293283.2737
2026-09-01 09:41:00,281.97,279.79,281.97,278.43,49940.0,13974930.6818
2026-09-01 09:42:00,279.87,277.0,281.9,277.0,30884.0,8621935.4975
2026-09-01 09:43:00,277.01,276.69,278.16,275.88,23835.0,6602668.6543
2026-09-01 09:44:00,277.0,277.0,279.25,276.69,24061.0,6668434.4452
2026-09-01 09:45:00,277.0,277.01,278.96,275.23,32700.0,9051458.2563
2026-09-01 09:46:00,277.5,273.88,278.96,273.88,34754.0,9600193.4065
2026-09-01 09:47:00,273.88,275.04,276.0,273.0,47705.0,13077276.527
2026-09-01 09:48:00,274.93,275.03,278.82,274.93,17875.0,4947420.4001
2026-09-01 09:49:00,275.67,275.03,275.68,274.37,19151.0,5268252.2319
2026-09-01 09:50:00,275.03,276.41,278.0,275.0,14565.0,4017733.0262
2026-09-01 09:51:00,277.8,277.98,278.01,275.51,10005.0,2772355.7803
2026-09-01 09:52:00,277.13,276.94,277.68,276.8,10220.0,2832452.6272
2026-09-01 09:53:00,277.44,275.2,277.44,275.01,21337.0,5894076.0222
2026-09-01 09:54:00,276.95,277.19,277.44,275.0,27670.0,7635024.7606
2026-09-01 09:55:00,277.19,276.44,277.44,276.0,9005.0,2493622.7555
2026-09-01 09:56:00,276.44,278.02,278.02,275.63,21793.0,6022180.5668
2026-09-01 09:57:00,278.19,278.63,278.96,277.51,8739.0,2431784.2427
2026-09-01 09:58:00,278.22,278.02,278.78,278.0,20240.0,5636080.6332
2026-09-01 09:59:00,278.77,278.0,278.95,278.0,21080.0,5869967.0
2026-09-01 10:00:00,277.56,277.3,278.0,276.01,13064.0,3625093.8354
2026-09-01 10:01:00,277.3,281.99,281.99,277.3,24714.0,6889957.441
2026-09-01 10:02:00,282.0,286.0,286.88,282.0,54843.0,15646479.6896
2026-09-01 10:03:00,285.0,286.0,288.88,283.81,63096.0,18051882.4787
2026-09-01 10:04:00,286.7,285.0,288.88,284.6,106639.0,30569215.1676
2026-09-01 10:05:00,285.0,284.56,286.87,284.12,45414.0,12971966.1626
2026-09-01 10:06:00,284.56,283.0,284.56,283.0,13418.0,3810051.6758
2026-09-01 10:07:00,283.0,283.26,283.62,282.97,11076.0,3135671.7129
2026-09-01 10:08:00,283.12,281.0,283.12,281.0,19005.0,5361170.2471
2026-09-01 10:09:00,281.01,279.99,281.54,278.58,19938.0,5593161.707
2026-09-01 10:10:00,279.99,278.0,279.99,278.0,30349.0,8449637.4067
2026-09-01 10:11:00,277.74,276.0,278.0,276.0,15877.0,4398160.6652
2026-09-01 10:12:00,276.0,277.0,277.0,274.75,16722.0,4607220.5859
2026-09-01 10:13:00,277.0,276.0,277.05,276.0,9959.0,2753127.7646
2026-09-01 10:14:00,276.0,278.96,278.96,275.75,7723.0,2135456.5234
2026-09-01 10:15:00,277.21,275.25,277.21,275.25,12184.0,3365509.0029
2026-09-01 10:16:00,275.25,274.98,276.13,274.0,27548.0,7574115.4595
2026-09-01 10:17:00,274.99,274.0,276.9,273.43,31326.0,8603248.9868
2026-09-01 10:18:00,276.9,276.9,276.98,273.81,22394.0,6177167.1553
2026-09-01 10:19:00,276.9,274.1,276.9,274.1,10099.0,2778606.6299
2026-09-01 10:20:00,275.4,274.01,277.0,274.0,24921.0,6858207.4805
2026-09-01 10:21:00,274.01,272.02,274.62,272.02,48783.0,13339645.2878
2026-09-01 10:22:00,272.02,272.0,272.63,270.0,64643.0,17542239.3114
2026-09-01 10:23:00,271.26,273.0,273.33,271.26,48406.0,13198524.6445
2026-09-01 10:24:00,273.33,271.58,273.39,271.03,24275.0,6606524.1166
2026-09-01 10:25:00,271.58,272.8,273.4,270.89,30765.0,8381328.3087
2026-09-01 10:26:00,272.8,272.71,273.38,272.7,20496.0,5590907.9448
2026-09-01 10:27:00,272.05,275.19,277.0,272.05,69950.0,19136319.1597
2026-09-01 10:28:00,275.0,274.62,275.0,274.62,5575.0,1532491.8594
2026-09-01 10:29:00,273.66,273.51,273.66,273.51,2619.0,716361.2334
2026-09-01 10:30:00,273.52,272.0,274.68,272.0,11403.0,3117334.3152
2026-09-01 10:31:00,272.0,276.0,276.0,272.0,9078.0,2480110.7207
2026-09-01 10:32:00,274.0,275.9,275.97,273.75,3902.0,1069731.0352
2026-09-01 10:33:00,273.77,273.79,275.9,273.77,1047.0,287314.5654
2026-09-01 10:34:00,274.11,275.95,275.95,273.78,6406.0,1762229.0332
2026-09-01 10:35:00,275.5,275.47,275.5,273.86,1225.0,336567.665
2026-09-01 10:36:00,273.86,275.09,275.9,273.86,2718.0,747896.833
2026-09-01 10:37:00,275.1,273.31,275.77,270.09,29965.0,8143991.3404
2026-09-01 10:38:00,275.6,273.0,275.72,273.0,4398.0,1209586.8145
2026-09-01 10:39:00,272.0,274.01,275.0,272.0,4254.0,1165363.7969
2026-09-01 10:40:00,274.01,274.96,274.96,274.0,3339.0,917203.0645
2026-09-01 10:41:00,274.51,274.52,274.52,274.33,3415.0,937326.0234
2026-09-01 10:42:00,274.53,274.13,274.53,274.13,2373.0,651398.9834
2026-09-01 10:43:00,274.13,273.12,274.13,273.1,5034.0,1375915.859
2026-09-01 10:44:00,273.15,273.36,273.93,273.12,2421.0,662034.0176
2026-09-01 10:45:00,273.36,273.34,273.77,273.34,2151.0,588351.5708
2026-09-01 10:46:00,273.35,274.0,274.0,273.35,2091.0,571930.1289
2026-09-01 10:47:00,273.85,273.43,273.98,273.4,5142.0,1406631.0718
2026-09-01 10:48:00,273.4,271.0,273.45,271.0,21269.0,5790441.1935
2026-09-01 10:49:00,273.0,272.9,273.0,271.0,8135.0,2213936.3667
2026-09-01 10:50:00,272.01,270.63,273.0,270.16,24048.0,6522502.1826
2026-09-01 10:51:00,270.63,271.42,273.06,270.2,21210.0,5761089.8337
2026-09-01 10:52:00,271.42,271.45,272.81,270.37,3546.0,961236.9883
2026-09-01 10:53:00,271.8,270.68,272.78,270.62,6368.0,1726902.9502
2026-09-01 10:54:00,270.77,269.01,271.27,269.0,18814.0,5081830.6604
2026-09-01 10:55:00,269.01,267.0,269.98,266.66,29850.0,7991284.1001
2026-09-01 10:56:00,268.03,269.22,269.8,267.98,18104.0,4866773.6753
2026-09-01 10:57:00,269.22,267.08,269.24,267.08,12038.0,3233168.8438
2026-09-01 10:58:00,268.0,267.52,268.03,267.1,8148.0,2182052.0547
2026-09-01 10:59:00,267.52,269.85,269.85,267.11,20517.0,5500983.2258
2026-09-01 11:00:00,268.89,268.0,269.5,268.0,5776.0,1550981.1011
2026-09-01 11:01:00,268.63,270.99,270.99,268.29,12794.0,3451782.123
2026-09-01 11:02:00,270.23,270.96,270.96,270.0,6278.0,1697757.5994
2026-09-01 11:03:00,270.99,271.53,272.98,270.99,6037.0,1640799.0131
2026-09-01 11:04:00,271.52,271.19,271.53,271.0,4117.0,1116662.9855
2026-09-01 11:05:00,271.09,271.59,271.59,270.99,8528.0,2315020.3804
2026-09-01 11:06:00,271.58,270.83,271.64,270.8,7190.0,1948423.7738
2026-09-01 11:07:00,270.86,270.8,270.86,270.8,1210.0,327720.0188
2026-09-01 11:08:00,270.79,269.76,270.79,269.76,3489.0,942319.5968
2026-09-01 11:09:00,269.77,270.0,270.14,268.25,23359.0,6277994.9014
2026-09-01 11:10:00,270.06,268.53,271.5,268.46,8155.0,2203692.154
2026-09-01 11:11:00,268.58,269.51,270.9,268.58,5777.0,1557647.6484
2026-09-01 11:12:00,269.52,268.59,269.58,268.59,4520.0,1214831.6797
2026-09-01 11:13:00,268.7,266.02,269.14,266.0,19450.0,5198340.2007
2026-09-01 11:14:00,266.03,266.73,270.7,266.03,15376.0,4109043.7459
2026-09-01 11:15:00,266.73,266.78,269.99,266.67,6312.0,1684635.0471
2026-09-01 11:16:00,266.78,265.31,266.84,265.13,13740.0,3658619.9753
2026-09-01 11:17:00,265.92,266.31,266.31,265.92,15384.0,4096444.7529
2026-09-01 11:18:00,266.31,269.99,269.99,266.31,14288.0,3828937.2947
2026-09-01 11:19:00,268.73,268.0,268.75,268.0,4224.0,1132449.9531
2026-09-01 11:20:00,268.0,267.99,269.19,267.68,11797.0,3162379.7869
2026-09-01 11:21:00,268.0,267.96,268.0,267.28,11722.0,3140724.6019
2026-09-01 11:22:00,267.96,267.63,268.0,265.38,23804.0,6338740.9962
2026-09-01 11:23:00,269.85,268.66,269.85,267.63,3732.0,1001744.2229
2026-09-01 11:24:00,268.66,267.03,268.66,267.01,5683.0,1524241.3302
2026-09-01 11:25:00,268.65,268.79,268.79,267.37,19019.0,5106560.2534
2026-09-01 11:26:00,268.79,269.7,269.7,268.79,2170.0,584743.7671
2026-09-01 11:27:00,269.24,269.18,269.7,269.18,8757.0,2359790.4238
2026-09-01 11:28:00,269.24,269.0,269.47,267.82,7212.0,1940282.2348
2026-09-01 11:29:00,269.0,269.83,270.0,268.52,3784.0,1020440.6396
2026-09-01 11:30:00,270.0,270.0,270.0,269.9,2606.0,703575.4023
2026-09-01 13:01:00,270.0,266.49,270.0,266.02,30136.0,8068078.5566
2026-09-01 13:02:00,266.71,268.43,269.49,265.53,18219.0,4868264.8557
2026-09-01 13:03:00,268.43,269.9,269.99,267.17,8277.0,2223764.3286
2026-09-01 13:04:00,269.92,268.84,269.92,267.82,3175.0,855086.6834
2026-09-01 13:05:00,267.81,268.77,268.83,267.8,1940.0,520754.9873
2026-09-01 13:06:00,268.82,267.87,268.82,267.19,7239.0,1938159.7729
2026-09-01 13:07:00,267.87,266.05,267.87,266.05,10342.0,2757455.1304
2026-09-01 13:08:00,266.05,266.09,267.0,266.0,21765.0,5792923.3525
2026-09-01 13:09:00,266.1,266.02,266.12,264.05,40962.0,10857482.8098
2026-09-01 13:10:00,266.02,269.79,269.87,265.23,18124.0,4854444.3718
2026-09-01 13:11:00,266.03,269.11,269.78,266.02,11681.0,3140991.0137
2026-09-01 13:12:00,269.11,269.09,269.78,268.15,11358.0,3053238.3676
2026-09-01 13:13:00,269.78,269.2,270.0,269.2,13159.0,3549304.2725
2026-09-01 13:14:00,269.14,267.0,269.2,266.21,15963.0,4277640.7338
2026-09-01 13:15:00,266.99,267.51,268.99,266.98,4119.0,1102168.0952
2026-09-01 13:16:00,266.99,266.3,267.59,266.21,15409.0,4113190.4766
2026-09-01 13:17:00,267.47,265.17,268.0,264.09,27701.0,7352608.9495
2026-09-01 13:18:00,264.12,264.01,268.95,264.0,18150.0,4808019.3359
2026-09-01 13:19:00,265.5,264.17,265.66,264.12,6617.0,1751945.9265
2026-09-01 13:20:00,265.66,264.13,265.66,264.1,7183.0,1899312.3494
2026-09-01 13:21:00,264.16,264.31,264.31,264.1,12958.0,3423287.9028
2026-09-01 13:22:00,264.88,263.3,264.88,262.06,20329.0,5358599.9969
2026-09-01 13:23:00,262.85,262.27,265.0,262.0,18768.0,4942397.1578
2026-09-01 13:24:00,262.11,263.66,265.0,262.11,5897.0,1555046.9355
2026-09-01 13:25:00,264.33,263.67,264.33,262.3,5385.0,1418916.7717
2026-09-01 13:26:00,263.5,262.68,263.5,262.68,4718.0,1241507.811
2026-09-01 13:27:00,263.21,265.6,265.6,262.68,8963.0,2364715.7781
2026-09-01 13:28:00,265.59,265.3,267.8,265.3,13868.0,3694813.9822
2026-09-01 13:29:00,265.61,263.33,267.12,263.3,9701.0,2576579.9755
2026-09-01 13:30:00,264.79,264.29,265.28,263.36,3632.0,958993.3915
2026-09-01 13:31:00,263.37,263.41,267.11,263.36,35734.0,9471969.2847
2026-09-01 13:32:00,263.4,263.58,264.29,263.4,4681.0,1234336.1187
2026-09-01 13:33:00,263.88,263.74,264.19,263.55,4863.0,1282096.1658
2026-09-01 13:34:00,263.87,262.66,263.87,262.66,30062.0,7917919.7674
2026-09-01 13:35:00,262.64,263.19,263.5,262.64,17299.0,4551471.7085
2026-09-01 13:36:00,263.49,263.36,263.55,263.36,4031.0,1062102.9658
2026-09-01 13:37:00,263.36,263.1,263.49,263.1,7451.0,1961829.7139
2026-09-01 13:38:00,263.3,264.19,264.19,263.13,12461.0,3286638.7852
2026-09-01 13:39:00,264.06,266.89,267.11,264.05,42485.0,11299666.5459
2026-09-01 13:40:00,266.98,267.56,267.56,266.98,9079.0,2424491.4141
2026-09-01 13:41:00,267.57,266.52,267.57,266.52,20887.0,5578786.4338
2026-09-01 13:42:00,266.8,266.08,266.81,266.08,5353.0,1427389.0381
2026-09-01 13:43:00,266.08,266.0,266.66,265.55,7917.0,2108140.4142
2026-09-01 13:44:00,266.8,268.83,268.83,266.8,7887.0,2110256.72
2026-09-01 13:45:00,268.86,268.59,269.58,268.26,13898.0,3738961.9307
2026-09-01 13:46:00,269.0,268.59,269.0,268.59,2427.0,652367.0098
2026-09-01 13:47:00,268.19,268.2,268.92,268.18,3123.0,838488.7608
2026-09-01 13:48:00,268.21,268.22,269.7,268.21,4083.0,1096683.2063
2026-09-01 13:49:00,269.4,268.43,269.4,268.21,3462.0,929267.6699
2026-09-01 13:50:00,268.32,268.4,268.43,268.32,1779.0,477459.3972
2026-09-01 13:51:00,268.4,267.87,268.43,267.0,6369.0,1706856.0161
2026-09-01 13:52:00,267.92,268.41,268.41,267.5,2570.0,688467.8042
2026-09-01 13:53:00,268.24,266.0,268.24,266.0,8063.0,2155378.5014
2026-09-01 13:54:00,266.0,266.36,268.19,266.0,2126.0,568361.1289
2026-09-01 13:55:00,266.78,266.77,268.0,266.77,3095.0,827484.3267
2026-09-01 13:56:00,266.77,266.41,268.0,266.38,3889.0,1037698.0085
2026-09-01 13:57:00,266.41,266.41,268.0,266.41,2830.0,755086.2742
2026-09-01 13:58:00,266.45,266.25,267.27,266.25,7635.0,2034978.0338
2026-09-01 13:59:00,267.25,266.25,267.97,266.24,4494.0,1198916.8151
2026-09-01 14:00:00,266.25,268.0,268.0,266.25,9162.0,2449764.7436
2026-09-01 14:01:00,266.29,269.7,269.7,266.29,8520.0,2287209.5677
2026-09-01 14:02:00,269.7,269.99,270.0,269.69,1850.0,499319.2988
2026-09-01 14:03:00,269.86,269.96,270.0,269.77,4982.0,1344940.4277
2026-09-01 14:04:00,269.96,269.9,269.96,267.64,7446.0,2007506.6551
2026-09-01 14:05:00,269.89,271.46,271.99,269.45,6558.0,1776580.3691
2026-09-01 14:06:00,271.46,269.92,271.52,269.92,5771.0,1562776.8359
2026-09-01 14:07:00,269.92,269.92,270.3,269.92,2400.0,647884.0361
2026-09-01 14:08:00,269.92,268.84,270.29,268.84,1478.0,398799.7832
2026-09-01 14:09:00,267.77,269.82,269.92,267.77,850.0,228706.5
2026-09-01 14:11:00,268.04,267.03,268.43,266.66,6683.0,1787354.1963
2026-09-01 14:12:00,266.66,268.25,268.43,266.66,3940.0,1053637.7693
2026-09-01 14:13:00,266.67,266.0,268.27,265.79,6352.0,1691644.501
2026-09-01 14:14:00,265.79,268.28,268.28,265.57,5768.0,1537310.0781
2026-09-01 14:15:00,265.65,264.11,267.11,264.11,8051.0,2131807.5566
2026-09-01 14:16:00,264.11,265.59,265.59,263.68,8000.0,2119342.6494
2026-09-01 14:17:00,265.03,265.59,265.59,264.3,6148.0,1629379.4491
2026-09-01 14:18:00,264.31,264.5,265.59,264.3,7950.0,2106150.6216
2026-09-01 14:19:00,267.56,266.13,267.57,264.51,12277.0,3269542.9878
2026-09-01 14:20:00,265.02,267.3,267.3,264.51,7347.0,1949881.9812
2026-09-01 14:21:00,264.51,265.86,266.96,264.51,14999.0,3993818.5631
2026-09-01 14:22:00,265.86,267.28,267.3,265.86,9669.0,2575309.9431
2026-09-01 14:23:00,267.04,267.0,267.28,266.3,6564.0,1751582.6104
2026-09-01 14:24:00,267.0,266.45,267.0,266.45,4389.0,1170552.1846
2026-09-01 14:25:00,267.0,267.3,267.3,266.01,9283.0,2475644.8262
2026-09-01 14:26:00,267.3,269.0,269.0,267.29,4792.0,1281945.8369
2026-09-01 14:27:00,268.2,269.9,269.9,267.88,5396.0,1450934.1689
2026-09-01 14:28:00,269.4,269.15,269.92,269.0,6195.0,1669207.0635
2026-09-01 14:29:00,268.52,269.88,269.9,268.52,7322.0,1972371.8655
2026-09-01 14:30:00,269.89,270.24,270.5,268.25,17811.0,4806422.4384
2026-09-01 14:31:00,270.0,269.54,270.22,268.76,9540.0,2567702.6472
2026-09-01 14:32:00,269.54,268.6,269.54,268.25,1822.0,490159.5039
2026-09-01 14:33:00,268.6,268.3,270.2,268.26,6582.0,1770369.2451
2026-09-01 14:34:00,268.3,268.49,269.89,268.3,977.0,262795.0977
2026-09-01 14:35:00,268.5,265.04,269.8,265.02,7985.0,2138357.7734
2026-09-01 14:36:00,266.5,269.47,269.75,266.5,6800.0,1823468.7953
2026-09-01 14:37:00,269.2,269.2,269.2,269.2,200.0,53840.0039
2026-09-01 14:38:00,267.9,266.11,267.98,266.11,3401.0,908138.6191
2026-09-01 14:39:00,266.08,268.63,268.82,266.02,4223.0,1129466.2666
2026-09-01 14:40:00,267.28,268.79,268.79,264.81,14208.0,3788969.0557
2026-09-01 14:41:00,268.79,267.7,269.0,265.1,31583.0,8455246.4005
2026-09-01 14:42:00,267.71,269.55,269.8,267.71,19730.0,5309788.0977
2026-09-01 14:43:00,269.56,269.32,269.56,266.83,13572.0,3647005.7183
2026-09-01 14:44:00,269.0,268.53,269.37,267.3,18080.0,4839898.2271
2026-09-01 14:45:00,268.97,268.87,270.0,267.51,11777.0,3173295.5762
2026-09-01 14:46:00,268.87,269.95,269.96,268.03,11697.0,3140607.7421
2026-09-01 14:47:00,269.9,268.58,269.95,268.58,9018.0,2425809.2173
2026-09-01 14:48:00,268.58,270.0,270.0,268.08,21083.0,5678347.3306
2026-09-01 14:49:00,270.0,270.58,270.65,266.5,23748.0,6378237.9448
2026-09-01 14:50:00,268.62,267.82,270.2,267.82,21059.0,5665307.4287
2026-09-01 14:51:00,269.42,268.63,270.0,268.63,9849.0,2651967.4438
2026-09-01 14:52:00,267.5,267.09,270.0,266.1,56406.0,15100520.6919
2026-09-01 14:53:00,269.0,268.09,270.0,267.01,19209.0,5173312.1685
2026-09-01 14:54:00,268.53,268.0,270.0,266.0,30653.0,8223923.0376
2026-09-01 14:55:00,266.0,265.81,268.0,265.32,17665.0,4696888.1172
2026-09-01 14:56:00,265.89,265.35,267.52,265.0,20163.0,5375144.1945
2026-09-01 14:57:00,265.35,263.9,266.2,263.66,25543.0,6766100.4618
2026-09-01 15:00:00,265.2,265.2,265.2,265.2,32611.0,8648437.5549
2026-09-02 09:31:00,257.0,257.55,259.9,257.0,124282.0,32046630.9738
2026-09-02 09:32:00,257.6,249.99,257.63,249.58,104335.0,26413109.7739
2026-09-02 09:33:00,249.99,249.76,250.0,245.11,73367.0,18209023.3956
2026-09-02 09:34:00,250.97,250.85,252.0,249.76,64501.0,16172474.6467
2026-09-02 09:35:00,250.85,250.05,251.88,248.3,64360.0,16104330.907
2026-09-02 09:36:00,250.05,251.24,251.65,250.0,17351.0,4344001.2473
2026-09-02 09:37:00,251.47,255.24,256.35,250.51,64687.0,16406403.4676
2026-09-02 09:38:00,255.24,255.25,256.0,255.24,73098.0,18685998.9471
2026-09-02 09:39:00,255.25,255.21,255.69,254.22,52560.0,13412433.2011
2026-09-02 09:40:00,255.21,257.99,257.99,254.76,71928.0,18401309.4083
2026-09-02 09:41:00,257.87,263.1,264.0,256.06,45034.0,11767201.7914
2026-09-02 09:42:00,263.1,264.97,266.0,262.01,43396.0,11461668.1794
2026-09-02 09:43:00,264.55,264.41,264.55,261.29,25438.0,6687053.0822
2026-09-02 09:44:00,263.9,265.2,265.52,261.14,16934.0,4459045.5342
2026-09-02 09:45:00,264.0,262.17,264.0,261.14,9992.0,2624357.874
2026-09-02 09:46:00,262.17,259.86,262.55,258.83,13838.0,3607862.8192
2026-09-02 09:47:00,259.87,259.94,261.84,257.28,9960.0,2588937.3972
2026-09-02 09:48:00,259.22,260.0,260.0,257.42,11507.0,2972514.5103
2026-09-02 09:49:00,260.0,262.55,262.55,259.22,12954.0,3377820.6802
2026-09-02 09:50:00,260.36,262.54,262.55,260.36,8124.0,2129686.1033
2026-09-02 09:51:00,260.72,260.31,262.55,259.0,16377.0,4258285.9438
2026-09-02 09:52:00,260.45,260.83,260.97,259.99,12141.0,3161579.1954
2026-09-02 09:53:00,260.83,262.14,262.55,260.83,12725.0,3328143.4731
2026-09-02 09:54:00,261.73,263.7,263.7,261.23,13761.0,3615207.4008
2026-09-02 09:55:00,263.7,262.83,263.81,260.45,19094.0,5018527.4429
2026-09-02 09:56:00,260.76,262.98,262.98,260.76,5170.0,1356984.6035
2026-09-02 09:57:00,262.87,263.88,264.0,262.87,31216.0,8228398.4421
2026-09-02 09:58:00,263.88,261.87,263.9,261.87,12734.0,3348428.623
2026-09-02 09:59:00,262.0,263.0,263.85,261.87,11929.0,3134518.3494
2026-09-02 10:00:00,263.0,263.0,263.43,262.01,20281.0,5329616.1143
2026-09-02 10:01:00,262.93,265.5,265.53,262.93,32556.0,8603281.7429
2026-09-02 10:02:00,265.5,266.88,266.88,265.1,29663.0,7882299.0826
2026-09-02 10:03:00,266.88,263.98,267.9,263.98,28965.0,7702229.9388
2026-09-02 10:04:00,263.41,263.38,263.97,262.48,19739.0,5199367.1018
2026-09-02 10:05:00,262.49,260.11,263.4,258.0,39978.0,10427873.2891
2026-09-02 10:06:00,260.11,262.14,262.85,260.11,6301.0,1647738.144
2026-09-02 10:07:00,262.15,263.4,263.4,262.14,13256.0,3486791.9249
2026-09-02 10:08:00,263.39,261.48,263.39,261.46,19206.0,5047023.8457
2026-09-02 10:09:00,261.46,264.99,264.99,261.46,22615.0,5951210.7144
2026-09-02 10:10:00,264.99,265.5,265.99,264.74,7217.0,1914947.4961
2026-09-02 10:11:00,265.5,264.01,266.65,264.01,19291.0,5117290.5146
2026-09-02 10:12:00,263.81,262.79,264.12,262.48,13767.0,3622217.1211
2026-09-02 10:13:00,262.78,263.0,263.0,262.48,14309.0,3758158.1603
2026-09-02 10:14:00,263.0,264.92,264.92,263.0,7214.0,1904918.5942
2026-09-02 10:15:00,264.92,267.54,267.83,264.83,28834.0,7679424.7422
2026-09-02 10:16:00,267.54,269.8,269.88,267.54,36116.0,9718214.801
2026-09-02 10:17:00,269.82,271.75,271.99,269.74,22683.0,6139040.9763
2026-09-02 10:18:00,271.75,274.04,274.04,271.1,82024.0,22354230.5975
2026-09-02 10:19:00,274.04,277.92,278.37,274.04,85625.0,23623356.7146
2026-09-02 10:20:00,277.92,275.0,277.97,274.83,71200.0,19667601.1757
2026-09-02 10:21:00,275.49,274.0,276.0,273.0,34135.0,9371003.103
2026-09-02 10:22:00,274.4,274.21,275.05,273.91,17978.0,4937590.729
2026-09-02 10:23:00,274.35,274.8,275.0,274.18,10036.0,2755306.9675
2026-09-02 10:24:00,274.79,274.01,275.0,273.37,34459.0,9454600.3923
2026-09-02 10:25:00,274.01,274.45,274.9,274.01,6970.0,1913930.1682
2026-09-02 10:26:00,274.6,276.94,277.0,274.5,29555.0,8140315.2083
2026-09-02 10:27:00,275.98,275.46,277.5,274.49,10152.0,2800949.9424
2026-09-02 10:28:00,274.48,274.32,275.0,273.8,17277.0,4741187.5371
2026-09-02 10:29:00,274.32,274.43,274.48,273.0,33478.0,9166709.1467
2026-09-02 10:30:00,274.41,274.48,274.48,274.35,38114.0,10460746.8633
2026-09-02 10:31:00,274.48,276.7,277.68,274.47,39277.0,10834676.606
2026-09-02 10:32:00,275.69,274.32,275.99,273.0,11287.0,3094488.0859
2026-09-02 10:33:00,274.31,274.86,275.12,274.31,6235.0,1711613.2617
2026-09-02 10:34:00,274.86,274.86,274.86,274.61,4093.0,1124547.1455
2026-09-02 10:35:00,274.79,275.0,275.58,274.7,6153.0,1691907.7061
2026-09-02 10:36:00,274.77,274.62,274.99,274.38,9283.0,2549695.918
2026-09-02 10:37:00,274.83,274.84,274.99,274.7,3768.0,1035933.1152
2026-09-02 10:38:00,274.98,276.49,276.5,274.98,11635.0,3210196.7544
2026-09-02 10:39:00,276.47,278.0,278.0,276.0,52118.0,14453609.6042
2026-09-02 10:40:00,277.97,277.97,277.97,277.16,13221.0,3673130.8456
2026-09-02 10:41:00,277.56,277.13,277.71,277.13,23277.0,6461042.4063
2026-09-02 10:42:00,276.49,275.5,276.8,275.5,4144.0,1144340.7783
2026-09-02 10:43:00,275.93,276.0,276.0,275.5,4090.0,1127550.0039
2026-09-02 10:44:00,276.38,276.8,276.8,275.6,6451.0,1780972.2725
2026-09-02 10:45:00,275.6,275.3,276.2,273.69,15866.0,4367354.4318
2026-09-02 10:46:00,274.0,273.86,274.94,273.76,3300.0,904536.8887
2026-09-02 10:47:00,273.86,273.0,274.84,273.0,14486.0,3960977.0742
2026-09-02 10:48:00,273.0,271.88,273.63,271.88,19169.0,5228940.3193
2026-09-02 10:49:00,272.41,273.01,274.81,271.9,4453.0,1215268.3705
2026-09-02 10:50:00,273.57,273.59,273.59,273.0,3516.0,960378.9141
2026-09-02 10:51:00,274.81,273.91,274.81,273.77,3848.0,1055095.625
2026-09-02 10:52:00,273.79,273.0,273.79,273.0,11154.0,3047502.9766
2026-09-02 10:53:00,273.0,273.49,273.49,273.0,8758.0,2391280.0
2026-09-02 10:54:00,273.49,275.77,275.78,273.49,7081.0,1944115.313
2026-09-02 10:55:00,275.38,273.41,275.38,273.41,6662.0,1830106.0146
2026-09-02 10:56:00,273.49,273.5,274.55,273.49,2855.0,782534.0039
2026-09-02 10:57:00,273.85,273.56,275.5,273.56,4483.0,1229948.4512
2026-09-02 10:58:00,273.56,275.5,275.5,273.43,3096.0,850327.2451
2026-09-02 10:59:00,274.48,274.94,274.94,274.4,2732.0,750064.0615
2026-09-02 11:00:00,274.5,274.08,274.94,273.42,4448.0,1217947.2266
2026-09-02 11:01:00,273.96,272.46,273.99,272.46,3700.0,1011714.0332
2026-09-02 11:02:00,272.46,272.92,272.92,272.46,429.0,116977.3438
2026-09-02 11:03:00,272.99,274.43,274.62,272.48,13102.0,3575078.1113
2026-09-02 11:04:00,274.42,271.23,274.42,271.23,3802.0,1038129.4102
2026-09-02 11:05:00,271.23,272.46,272.46,271.23,2657.0,723066.2471
2026-09-02 11:06:00,272.46,274.37,274.38,271.44,4299.0,1175800.1348
2026-09-02 11:07:00,274.2,273.13,274.37,273.13,2621.0,716669.7495
2026-09-02 11:08:00,273.2,274.12,274.12,273.04,3639.0,994468.7085
2026-09-02 11:09:00,274.0,274.4,274.4,273.96,5581.0,1529682.2502
2026-09-02 11:10:00,274.4,275.0,275.0,274.4,7904.0,2170040.1436
2026-09-02 11:11:00,274.62,273.95,274.91,273.94,3628.0,995198.6435
2026-09-02 11:12:00,274.58,274.04,274.58,274.04,400.0,109723.998
2026-09-02 11:13:00,274.5,274.63,275.49,273.89,11696.0,3207692.8232
2026-09-02 11:14:00,273.62,273.9,273.9,273.3,4462.0,1220448.1152
2026-09-02 11:15:00,274.62,274.08,274.62,273.53,2251.0,616662.499
2026-09-02 11:16:00,273.38,272.92,274.38,272.92,3447.0,942394.4648
2026-09-02 11:17:00,274.0,274.12,275.39,274.0,2000.0,548556.54
2026-09-02 11:18:00,274.74,275.5,275.5,274.74,4113.0,1132024.0645
2026-09-02 11:19:00,275.3,275.45,275.45,274.14,5534.0,1520599.1738
2026-09-02 11:20:00,275.45,276.0,276.0,274.87,3001.0,826774.0098
2026-09-02 11:21:00,275.44,274.5,275.99,274.3,4100.0,1126616.0
2026-09-02 11:22:00,274.3,275.9,275.9,274.3,4220.0,1159095.9941
2026-09-02 11:23:00,275.9,275.89,276.0,275.0,4404.0,1214627.6812
2026-09-02 11:24:00,275.68,275.01,276.0,275.01,3956.0,1091366.0054
2026-09-02 11:25:00,275.01,274.46,276.0,274.46,1937.0,532653.7207
2026-09-02 11:26:00,276.0,274.94,276.13,274.94,3444.0,949463.2148
2026-09-02 11:27:00,274.94,276.7,276.7,274.94,12348.0,3409595.7356
2026-09-02 11:28:00,276.8,277.5,277.68,276.8,3300.0,915223.0498
2026-09-02 11:29:00,277.5,277.61,278.29,277.5,9591.0,2665240.3721
2026-09-02 11:30:00,277.75,280.0,280.0,277.61,32939.0,9199169.4945
2026-09-02 13:01:00,279.79,276.6,280.5,275.12,25112.0,6975171.1582
2026-09-02 13:02:00,277.49,277.0,277.54,276.0,6282.0,1739450.1172
2026-09-02 13:03:00,276.0,276.13,277.7,276.0,5074.0,1404221.7568
2026-09-02 13:04:00,276.59,276.59,279.35,276.56,5082.0,1409306.8584
2026-09-02 13:05:00,276.13,275.73,277.0,275.73,5049.0,1394447.3608
2026-09-02 13:06:00,275.6,276.98,277.7,275.4,12081.0,3331847.7533
2026-09-02 13:07:00,276.98,278.7,278.7,276.98,5643.0,1567939.7832
2026-09-02 13:08:00,277.6,277.99,278.6,276.29,4027.0,1118124.8734
2026-09-02 13:09:00,277.9,277.99,278.0,277.9,1327.0,368849.9624
2026-09-02 13:10:00,278.0,278.7,279.0,278.0,7111.0,1981094.9565
2026-09-02 13:11:00,279.0,276.6,279.0,276.6,6041.0,1677622.4561
2026-09-02 13:12:00,277.0,277.21,277.21,276.72,2289.0,634251.1899
2026-09-02 13:13:00,277.21,277.62,278.99,276.73,4626.0,1285267.0537
2026-09-02 13:14:00,277.67,277.0,277.9,277.0,2071.0,574727.0234
2026-09-02 13:15:00,277.34,277.78,277.9,276.95,4206.0,1166437.4434
2026-09-02 13:16:00,277.78,278.6,278.96,277.66,3085.0,858896.0322
2026-09-02 13:17:00,278.6,278.66,278.66,278.4,3051.0,849989.6655
2026-09-02 13:18:00,278.66,279.0,279.0,278.5,3875.0,1080606.3208
2026-09-02 13:19:00,279.0,279.97,279.97,278.24,3369.0,941407.1084
2026-09-02 13:20:00,279.95,277.97,279.96,277.25,6875.0,1912084.6563
2026-09-02 13:21:00,277.25,277.62,277.62,276.72,3843.0,1065173.9502
2026-09-02 13:22:00,277.62,279.0,279.0,277.01,1600.0,444906.0083
2026-09-02 13:23:00,279.0,278.16,279.0,278.16,800.0,222864.0
2026-09-02 13:24:00,278.96,279.06,279.26,277.4,3700.0,1028213.2197
2026-09-02 13:25:00,278.99,279.28,279.28,277.32,1511.0,421420.876
2026-09-02 13:26:00,279.0,278.5,279.5,278.34,1868.0,521503.1504
2026-09-02 13:27:00,279.0,279.85,279.85,278.99,2445.0,682977.7041
2026-09-02 13:28:00,279.0,278.54,279.9,278.54,3622.0,1011131.7007
2026-09-02 13:29:00,278.51,278.66,278.9,278.42,4554.0,1268906.6914
2026-09-02 13:30:00,278.66,277.45,278.66,277.45,5222.0,1453334.2227
2026-09-02 13:31:00,278.3,278.25,278.31,277.91,1000.0,278215.9961
2026-09-02 13:32:00,278.25,279.0,279.99,278.25,4164.0,1163112.6172
2026-09-02 13:33:00,279.01,278.29,279.45,278.1,3600.0,1003586.0352
2026-09-02 13:34:00,278.29,278.38,279.57,278.29,1400.0,389734.9668
2026-09-02 13:35:00,279.57,278.32,279.98,278.27,4943.0,1378595.4199
2026-09-02 13:36:00,278.67,278.27,279.0,278.02,4308.0,1199033.5483
2026-09-02 13:37:00,278.0,277.76,278.02,277.69,2499.0,694627.9844
2026-09-02 13:38:00,278.02,277.14,278.66,277.14,2645.0,734181.9009
2026-09-02 13:39:00,278.0,276.8,278.5,276.8,6964.0,1931763.9944
2026-09-02 13:40:00,277.0,276.93,277.69,276.88,2600.0,721073.9883
2026-09-02 13:41:00,276.91,278.66,278.66,276.86,4572.0,1271174.2087
2026-09-02 13:42:00,278.65,278.65,278.65,278.07,1000.0,278534.001
2026-09-02 13:43:00,278.36,279.0,279.0,278.36,2700.0,752319.6543
2026-09-02 13:44:00,279.0,279.41,279.88,278.41,5900.0,1645274.6035
2026-09-02 13:45:00,279.35,279.19,279.72,279.0,4200.0,1173007.3086
2026-09-02 13:46:00,279.0,278.13,279.38,278.0,8187.0,2279206.968
2026-09-02 13:47:00,278.0,277.99,278.12,277.86,2159.0,600079.9805
2026-09-02 13:48:00,278.12,277.81,278.12,277.8,1805.0,501675.0039
2026-09-02 13:49:00,278.05,277.97,278.13,277.8,3561.0,989889.8496
2026-09-02 13:50:00,277.8,277.99,277.99,276.93,4487.0,1245412.4688
2026-09-02 13:51:00,278.0,278.91,279.0,277.25,6946.0,1932638.561
2026-09-02 13:52:00,278.92,279.88,279.88,278.92,5903.0,1650045.4927
2026-09-02 13:53:00,279.88,278.48,279.88,278.33,3023.0,843081.2378
2026-09-02 13:54:00,278.94,278.0,278.94,278.0,3500.0,974360.0119
2026-09-02 13:55:00,278.48,278.0,278.48,278.0,1486.0,413210.8633
2026-09-02 13:56:00,278.0,277.99,278.0,277.54,3779.0,1049302.8496
2026-09-02 13:57:00,277.99,279.5,279.5,277.88,3379.0,942116.9824
2026-09-02 13:58:00,279.5,279.87,279.88,279.0,1600.0,447528.6627
2026-09-02 13:59:00,279.8,279.78,279.8,279.0,3971.0,1109415.9551
2026-09-02 14:00:00,278.4,278.99,279.7,278.12,1641.0,457398.9258
2026-09-02 14:01:00,278.99,278.3,279.5,278.0,1800.0,502248.0039
2026-09-02 14:02:00,279.35,279.45,279.49,279.18,3600.0,1005722.0273
2026-09-02 14:03:00,279.43,279.07,279.44,278.88,7059.0,1970314.2832
2026-09-02 14:04:00,279.16,279.77,279.77,279.16,8303.0,2321409.3528
2026-09-02 14:05:00,279.77,279.99,279.99,279.77,10089.0,2823972.53
2026-09-02 14:06:00,279.99,279.67,280.0,279.67,16965.0,4748997.5748
2026-09-02 14:07:00,279.75,280.2,281.0,279.75,33964.0,9514417.1909
2026-09-02 14:08:00,280.2,281.8,282.25,279.79,49032.0,13772361.1206
2026-09-02 14:09:00,281.8,283.32,283.35,281.8,25437.0,7191085.0254
2026-09-02 14:10:00,283.34,281.99,283.88,280.38,23896.0,6759899.2395
2026-09-02 14:11:00,281.97,282.8,282.8,280.56,11929.0,3367419.6282
2026-09-02 14:12:00,282.01,282.98,282.98,281.23,21223.0,5997540.5952
2026-09-02 14:13:00,282.75,284.76,284.86,282.75,30122.0,8556674.2083
2026-09-02 14:14:00,284.75,283.85,284.76,282.0,27760.0,7865419.2651
2026-09-02 14:15:00,283.85,282.5,283.87,282.5,4237.0,1199180.2939
2026-09-02 14:16:00,282.5,281.01,282.5,281.01,3816.0,1076406.5391
2026-09-02 14:17:00,281.0,281.28,281.28,280.0,10521.0,2952795.3823
2026-09-02 14:18:00,281.0,281.96,282.0,280.3,3160.0,888601.5361
2026-09-02 14:19:00,280.61,281.7,281.75,280.2,3366.0,947488.4727
2026-09-02 14:20:00,281.69,282.79,282.79,280.18,6842.0,1927180.0449
2026-09-02 14:21:00,282.79,279.98,283.0,279.98,11256.0,3161842.5839
2026-09-02 14:22:00,279.63,279.68,279.97,279.28,10884.0,3044107.4297
2026-09-02 14:23:00,279.68,280.0,280.0,279.68,7681.0,2150167.748
2026-09-02 14:24:00,280.0,282.0,282.0,279.48,13896.0,3902439.0025
2026-09-02 14:25:00,281.82,281.0,281.99,281.0,5004.0,1409886.8296
2026-09-02 14:26:00,281.0,280.8,281.0,280.0,6168.0,1730379.4775
2026-09-02 14:27:00,280.8,280.96,281.0,280.0,19229.0,5390773.8838
2026-09-02 14:28:00,280.96,281.62,281.69,280.03,15834.0,4446537.9912
2026-09-02 14:29:00,281.0,281.52,281.52,280.01,4900.0,1374898.0977
2026-09-02 14:30:00,280.98,281.0,281.55,280.08,20490.0,5761101.7104
2026-09-02 14:31:00,281.38,282.2,282.66,281.13,8895.0,2506868.2007
2026-09-02 14:32:00,282.2,282.3,283.0,282.0,8645.0,2444841.0771
2026-09-02 14:33:00,282.99,281.55,283.0,281.31,9677.0,2732169.9463
2026-09-02 14:34:00,282.5,282.5,282.9,282.0,4474.0,1264233.1211
2026-09-02 14:35:00,282.5,282.89,282.98,282.05,1600.0,452334.6074
2026-09-02 14:36:00,282.26,282.69,282.69,282.03,2321.0,655400.4831
2026-09-02 14:37:00,282.69,281.58,282.69,281.3,9822.0,2767290.0078
2026-09-02 14:38:00,281.58,282.11,282.12,281.26,9207.0,2593230.7361
2026-09-02 14:39:00,282.11,282.29,282.49,280.87,10442.0,2938939.6519
2026-09-02 14:40:00,281.99,280.9,282.0,280.9,2185.0,614557.5996
2026-09-02 14:41:00,280.9,280.07,280.9,280.0,11736.0,3292555.2148
2026-09-02 14:42:00,280.0,279.11,280.0,279.11,8242.0,2304195.8887
2026-09-02 14:43:00,279.21,279.29,280.07,279.1,14064.0,3930595.3479
2026-09-02 14:44:00,279.9,280.12,281.42,279.9,4840.0,1357379.9956
2026-09-02 14:45:00,280.12,280.0,281.81,280.0,11592.0,3250890.9846
2026-09-02 14:46:00,279.99,280.96,281.13,279.64,20310.0,5701215.7715
2026-09-02 14:47:00,280.96,280.96,281.02,279.61,9406.0,2637443.7966
2026-09-02 14:48:00,279.61,279.98,281.1,279.61,11111.0,3117498.4396
2026-09-02 14:49:00,280.0,280.0,280.8,279.94,2313.0,648087.719
2026-09-02 14:50:00,280.0,280.72,280.76,279.95,3909.0,1095560.3296
2026-09-02 14:51:00,279.99,278.45,279.99,278.44,14582.0,4069033.4307
2026-09-02 14:52:00,278.46,277.36,278.49,277.36,10860.0,3022353.6811
2026-09-02 14:53:00,277.36,277.8,278.34,277.24,12259.0,3404411.989
2026-09-02 14:54:00,277.42,276.0,278.09,276.0,28542.0,7908333.4185
2026-09-02 14:55:00,276.1,276.28,278.0,276.0,36217.0,10023237.0413
2026-09-02 14:56:00,276.28,278.0,278.0,276.0,34768.0,9628490.2043
2026-09-02 14:57:00,277.1,278.99,278.99,276.44,15341.0,4261383.9668
2026-09-02 15:00:00,278.87,278.87,278.87,278.87,22404.0,6247803.4207
2026-09-03 09:31:00,275.5,283.8,284.48,275.5,105355.0,29529843.6396
2026-09-03 09:32:00,283.19,284.66,285.49,282.28,38644.0,10959852.9447
2026-09-03 09:33:00,284.8,285.0,286.0,283.01,55408.0,15772916.1972
2026-09-03 09:34:00,285.0,289.5,289.5,285.0,81585.0,23495975.6812
2026-09-03 09:35:00,289.49,290.47,293.55,288.0,103713.0,30153646.3305
2026-09-03 09:36:00,291.0,294.0,294.5,289.0,179276.0,52399643.8682
2026-09-03 09:37:00,294.5,292.63,296.5,291.0,86539.0,25466578.978
2026-09-03 09:38:00,292.38,295.0,295.79,292.0,53601.0,15738526.3768
2026-09-03 09:39:00,295.28,290.85,295.28,290.75,47401.0,13895826.5741
2026-09-03 09:40:00,290.85,291.14,292.1,289.15,46871.0,13634306.2139
2026-09-03 09:41:00,291.14,288.39,292.55,288.02,26442.0,7680223.4594
2026-09-03 09:42:00,288.4,290.0,291.0,288.09,22558.0,6536669.3696
2026-09-03 09:43:00,291.7,291.7,292.35,289.63,15507.0,4511227.9834
2026-09-03 09:44:00,291.7,290.36,291.87,289.2,19627.0,5699853.864
2026-09-03 09:45:00,290.37,290.05,291.2,290.05,6326.0,1837719.1387
2026-09-03 09:46:00,291.0,290.42,291.0,289.53,9752.0,2829410.9502
2026-09-03 09:47:00,290.88,292.09,293.0,290.88,15845.0,4627977.5889
2026-09-03 09:48:00,291.74,288.43,292.98,287.0,24782.0,7160558.9487
2026-09-03 09:49:00,288.43,289.3,291.43,288.43,18431.0,5352856.0018
2026-09-03 09:50:00,289.3,287.0,289.3,287.0,20809.0,5982599.0874
2026-09-03 09:51:00,286.43,288.99,289.65,286.43,10646.0,3071275.5087
2026-09-03 09:52:00,288.87,286.64,288.99,286.64,23862.0,6860898.3726
2026-09-03 09:53:00,286.64,286.33,287.0,285.4,19016.0,5447071.0261
2026-09-03 09:54:00,286.65,287.52,287.52,286.65,4020.0,1154758.3296
2026-09-03 09:55:00,287.52,291.9,291.9,287.52,16103.0,4671455.502
2026-09-03 09:56:00,290.67,291.29,292.5,290.36,12734.0,3711878.2168
2026-09-03 09:57:00,290.19,290.25,290.3,288.5,10898.0,3155242.5123
2026-09-03 09:58:00,290.0,288.99,290.0,287.72,10945.0,3157759.2207
2026-09-03 09:59:00,288.98,290.6,290.6,288.5,11426.0,3309993.3011
2026-09-03 10:00:00,290.0,288.99,290.46,288.98,2443.0,707408.3008
2026-09-03 10:01:00,288.12,288.93,288.96,288.12,1207.0,348190.916
2026-09-03 10:02:00,288.93,290.76,290.8,288.93,8552.0,2478432.1736
2026-09-03 10:03:00,290.06,288.0,290.06,287.48,21561.0,6229299.8849
2026-09-03 10:04:00,287.5,288.0,288.91,287.5,5500.0,1583372.5547
2026-09-03 10:05:00,288.0,287.62,288.0,287.48,14575.0,4193453.6802
2026-09-03 10:06:00,287.62,290.68,290.68,287.48,13012.0,3754000.2354
2026-09-03 10:07:00,288.95,290.38,290.38,288.6,4967.0,1436329.7949
2026-09-03 10:08:00,289.27,288.0,289.28,288.0,2915.0,841099.7112
2026-09-03 10:09:00,288.69,290.02,290.13,288.69,3035.0,878245.5215
2026-09-03 10:10:00,290.02,289.28,290.02,289.28,3650.0,1057284.5786
2026-09-03 10:11:00,289.14,289.0,289.29,288.87,10464.0,3025210.2866
2026-09-03 10:12:00,288.87,288.87,288.87,288.0,4367.0,1259599.5371
2026-09-03 10:13:00,288.11,288.87,289.29,288.11,2914.0,841747.7798
2026-09-03 10:14:00,288.87,289.97,290.1,287.66,12010.0,3466640.042
2026-09-03 10:15:00,290.0,289.76,290.0,288.88,2030.0,587287.6016
2026-09-03 10:16:00,288.89,288.14,288.89,287.61,8135.0,2346641.7324
2026-09-03 10:17:00,288.14,289.0,289.0,286.66,23213.0,6675726.947
2026-09-03 10:18:00,287.0,288.67,289.0,286.87,3194.0,919752.4736
2026-09-03 10:19:00,288.5,289.08,289.09,288.5,3095.0,893531.5703
2026-09-03 10:20:00,289.0,289.8,290.0,288.91,4269.0,1235972.3488
2026-09-03 10:21:00,289.8,289.68,289.99,289.68,6108.0,1770422.2422
2026-09-03 10:22:00,289.08,288.76,289.08,288.5,673.0,194219.46
2026-09-03 10:23:00,289.07,289.3,289.3,288.5,3184.0,920765.1558
2026-09-03 10:24:00,289.42,289.13,289.42,289.13,3746.0,1083623.4453
2026-09-03 10:25:00,289.21,288.62,289.3,288.59,4387.0,1267672.7529
2026-09-03 10:26:00,288.62,287.77,288.62,287.77,3043.0,877592.7734
2026-09-03 10:27:00,287.77,287.79,287.8,287.77,1384.0,398300.2598
2026-09-03 10:28:00,287.83,287.83,287.83,287.82,700.0,201478.9916
2026-09-03 10:29:00,287.82,287.29,287.82,287.0,12987.0,3731295.6122
2026-09-03 10:30:00,286.6,286.55,286.67,286.5,3444.0,986885.0122
2026-09-03 10:31:00,286.6,287.99,287.99,286.6,1750.0,502729.6621
2026-09-03 10:32:00,287.58,287.58,287.58,287.58,100.0,28757.998
2026-09-03 10:33:00,287.95,287.58,287.98,287.58,9000.0,2591290.3325
2026-09-03 10:34:00,287.54,287.0,287.6,286.51,4851.0,1392680.1838
2026-09-03 10:35:00,286.78,286.0,286.85,286.0,7911.0,2265227.7164
2026-09-03 10:36:00,285.9,286.44,286.89,285.89,19940.0,5710839.9027
2026-09-03 10:37:00,286.89,287.03,287.95,286.89,14780.0,4244242.0288
2026-09-03 10:38:00,287.27,287.28,287.28,286.89,3600.0,1033388.2139
2026-09-03 10:39:00,287.0,286.95,287.27,286.74,8727.0,2504442.5059
2026-09-03 10:40:00,286.95,286.0,286.95,285.89,12719.0,3641190.0957
2026-09-03 10:41:00,286.0,286.52,286.52,285.89,11442.0,3272946.2483
2026-09-03 10:42:00,286.3,284.99,286.3,284.99,15147.0,4326969.651
2026-09-03 10:43:00,285.0,284.24,285.0,284.2,26277.0,7481937.9185
2026-09-03 10:44:00,284.56,284.82,285.5,284.23,12322.0,3505632.7109
2026-09-03 10:45:00,285.04,284.83,285.5,284.81,9300.0,2649462.0973
2026-09-03 10:46:00,284.84,284.93,285.0,284.84,2378.0,677567.2969
2026-09-03 10:47:00,284.93,283.06,284.93,283.0,10568.0,3001396.7991
2026-09-03 10:48:00,284.78,283.96,284.81,283.94,23955.0,6805167.8428
2026-09-03 10:49:00,283.96,286.48,286.5,283.96,9463.0,2695851.1367
2026-09-03 10:50:00,285.2,284.86,285.2,284.85,4093.0,1166215.5577
2026-09-03 10:51:00,284.86,284.86,284.86,284.3,2545.0,724435.7124
2026-09-03 10:52:00,284.45,283.0,284.45,283.0,7965.0,2256926.1616
2026-09-03 10:53:00,283.33,283.78,283.8,282.31,68298.0,19327971.1926
2026-09-03 10:54:00,284.8,283.79,284.8,283.78,3384.0,960709.0166
2026-09-03 10:55:00,284.8,286.0,286.4,284.8,11442.0,3262430.1445
2026-09-03 10:56:00,285.8,285.4,285.8,285.3,1600.0,456927.9807
2026-09-03 10:57:00,285.3,284.96,285.3,284.95,6530.0,1861370.7261
2026-09-03 10:58:00,284.96,284.85,284.97,284.84,5157.0,1469405.0659
2026-09-03 10:59:00,285.43,284.99,285.79,284.71,13739.0,3913152.7805
2026-09-03 11:00:00,284.73,284.32,284.73,284.32,1837.0,522598.4526
2026-09-03 11:01:00,284.39,284.76,285.37,284.33,4634.0,1319543.229
2026-09-03 11:02:00,285.35,286.44,286.44,285.34,9547.0,2730352.8066
2026-09-03 11:03:00,286.16,285.02,286.16,284.32,4224.0,1205380.2273
2026-09-03 11:04:00,285.08,286.6,286.89,285.02,5600.0,1601247.6777
2026-09-03 11:05:00,286.76,286.46,286.79,285.64,4867.0,1395420.5339
2026-09-03 11:06:00,286.61,286.63,287.23,286.61,6248.0,1791907.366
2026-09-03 11:07:00,286.79,286.42,287.0,286.42,1541.0,441781.7837
2026-09-03 11:08:00,286.42,286.13,286.42,286.13,1455.0,416447.1016
2026-09-03 11:09:00,286.13,285.62,286.22,285.62,900.0,257288.1563
2026-09-03 11:10:00,286.61,287.0,287.0,286.61,1219.0,349494.5703
2026-09-03 11:11:00,286.64,286.29,286.64,286.07,3850.0,1102690.3906
2026-09-03 11:12:00,286.35,286.15,286.62,286.14,6124.0,1752642.8363
2026-09-03 11:13:00,286.2,285.59,286.2,285.59,1750.0,500695.0205
2026-09-03 11:14:00,286.13,285.01,286.17,285.01,7710.0,2202680.1826
2026-09-03 11:15:00,285.01,284.0,285.01,283.5,15184.0,4318922.8275
2026-09-03 11:16:00,283.75,283.05,283.75,283.0,5800.0,1641945.4922
2026-09-03 11:17:00,284.58,285.0,285.01,284.58,4420.0,1259073.8088
2026-09-03 11:18:00,285.0,283.2,285.01,283.2,6140.0,1744522.3274
2026-09-03 11:19:00,283.2,282.5,283.22,282.5,5988.0,1694582.0813
2026-09-03 11:20:00,282.55,283.88,283.88,282.55,3094.0,876436.3578
2026-09-03 11:21:00,283.44,283.98,283.98,283.42,2274.0,645296.7205
2026-09-03 11:22:00,284.0,283.28,284.0,283.25,10015.0,2840890.0957
2026-09-03 11:23:00,283.66,284.29,284.57,283.65,3957.0,1123909.4316
2026-09-03 11:24:00,283.99,283.71,285.0,283.69,6300.0,1792414.0859
2026-09-03 11:25:00,283.71,283.72,284.04,283.69,6030.0,1711143.6113
2026-09-03 11:26:00,283.72,283.63,283.85,283.56,4362.0,1237403.3943
2026-09-03 11:27:00,283.63,283.56,283.63,283.56,5492.0,1557643.825
2026-09-03 11:28:00,283.44,285.0,285.9,283.44,11636.0,3301564.3303
2026-09-03 11:29:00,285.0,285.69,285.69,284.62,5144.0,1468459.7813
2026-09-03 11:30:00,285.41,284.94,285.42,284.62,2600.0,741217.8672
2026-09-03 13:01:00,284.92,285.38,285.38,284.62,1500.0,427499.7629
2026-09-03 13:02:00,285.38,285.37,285.39,284.0,14537.0,4135399.6656
2026-09-03 13:03:00,285.35,284.37,285.35,284.37,844.0,240411.4023
2026-09-03 13:04:00,284.78,284.14,284.78,284.03,3504.0,995866.623
2026-09-03 13:05:00,284.04,284.01,284.04,283.04,2700.0,766740.6919
2026-09-03 13:06:00,283.83,283.8,283.83,283.8,1479.0,419775.5522
2026-09-03 13:07:00,283.61,283.38,283.61,282.5,8978.0,2541232.5977
2026-09-03 13:08:00,283.03,283.03,283.03,283.03,10.0,2830.3
2026-09-03 13:09:00,283.03,282.77,283.03,282.77,1109.0,313824.6992
2026-09-03 13:10:00,282.77,281.82,282.77,281.5,6335.0,1786483.6478
2026-09-03 13:11:00,281.95,283.0,283.0,281.95,4426.0,1250532.9165
2026-09-03 13:12:00,283.29,282.99,283.48,282.58,4506.0,1275662.4464
2026-09-03 13:13:00,282.58,282.0,282.58,282.0,2716.0,766946.665
2026-09-03 13:14:00,282.0,282.03,282.58,281.94,5018.0,1415833.1553
2026-09-03 13:15:00,282.03,282.6,282.89,282.03,4382.0,1237893.3125
2026-09-03 13:16:00,282.6,283.01,283.01,282.34,6888.0,1947826.4915
2026-09-03 13:17:00,282.9,283.93,283.97,282.9,8129.0,2303030.9114
2026-09-03 13:18:00,283.66,283.66,283.66,283.03,1999.0,566094.2776
2026-09-03 13:19:00,283.66,284.01,284.01,283.48,8298.0,2355031.1453
2026-09-03 13:20:00,284.0,285.99,285.99,283.86,3421.0,974804.8379
2026-09-03 13:21:00,285.98,284.01,285.98,284.01,2719.0,774273.0449
2026-09-03 13:22:00,283.48,282.94,283.48,282.28,2726.0,771276.2202
2026-09-03 13:23:00,282.94,282.01,282.94,282.01,28061.0,7922347.3301
2026-09-03 13:24:00,282.98,283.0,283.88,282.98,3353.0,950411.7203
2026-09-03 13:25:00,282.53,282.52,284.0,282.52,6300.0,1784968.0898
2026-09-03 13:26:00,283.0,285.0,285.0,282.96,9300.0,2641620.0049
2026-09-03 13:27:00,283.99,282.78,284.98,282.63,18912.0,5358642.4768
2026-09-03 13:28:00,282.78,282.9,284.06,282.68,5016.0,1421862.6289
2026-09-03 13:29:00,282.9,283.41,284.95,282.86,6476.0,1838405.5347
2026-09-03 13:30:00,283.92,283.38,283.92,283.23,1015.0,287728.4557
2026-09-03 13:31:00,283.92,284.64,284.88,283.23,3981.0,1129335.1714
2026-09-03 13:32:00,284.08,284.78,284.8,283.94,1300.0,369974.7197
2026-09-03 13:33:00,284.77,284.88,284.88,284.25,2538.0,722394.4668
2026-09-03 13:34:00,284.63,285.61,286.52,284.63,12388.0,3537981.4629
2026-09-03 13:35:00,285.54,285.98,286.0,285.54,3996.0,1142051.3291
2026-09-03 13:36:00,286.0,286.56,286.61,285.61,9799.0,2806326.6898
2026-09-03 13:37:00,285.86,285.29,286.5,285.0,7746.0,2215899.3259
2026-09-03 13:38:00,286.35,287.84,288.0,285.42,35345.0,10157748.1602
2026-09-03 13:39:00,287.85,287.8,287.85,286.3,6152.0,1769254.6685
2026-09-03 13:40:00,287.78,288.0,288.0,287.29,8503.0,2447078.4922
2026-09-03 13:41:00,288.0,288.8,288.8,287.38,16128.0,4652497.9899
2026-09-03 13:42:00,288.31,287.67,288.79,287.53,5833.0,1680892.768
2026-09-03 13:43:00,287.92,289.71,289.76,287.92,17916.0,5177283.1536
2026-09-03 13:44:00,289.35,289.48,289.68,288.43,10501.0,3035767.5488
2026-09-03 13:45:00,289.4,288.5,289.49,287.68,4966.0,1435402.5579
2026-09-03 13:46:00,288.51,287.98,288.51,285.99,6514.0,1872309.5435
2026-09-03 13:47:00,287.8,286.7,288.49,286.11,12952.0,3721092.6831
2026-09-03 13:48:00,287.09,286.75,287.71,286.6,2295.0,659126.9624
2026-09-03 13:49:00,286.75,286.27,286.99,286.15,3897.0,1115914.1838
2026-09-03 13:50:00,286.99,287.0,287.55,286.49,4043.0,1160614.7861
2026-09-03 13:51:00,287.0,286.71,287.38,286.51,8816.0,2530012.4536
2026-09-03 13:52:00,286.94,288.0,288.0,286.94,8543.0,2458460.0689
2026-09-03 13:53:00,288.0,288.0,288.5,288.0,2164.0,623622.5596
2026-09-03 13:54:00,288.29,289.2,289.2,288.0,2292.0,661135.748
2026-09-03 13:55:00,289.2,289.14,289.4,287.75,10011.0,2888391.4087
2026-09-03 13:56:00,289.12,288.8,289.13,287.84,7211.0,2081130.418
2026-09-03 13:57:00,288.79,287.73,288.81,287.54,2607.0,751491.8711
2026-09-03 13:58:00,287.7,288.31,288.31,287.7,3278.0,944062.0059
2026-09-03 13:59:00,288.31,288.28,288.85,288.03,5768.0,1664148.4143
2026-09-03 14:00:00,288.1,288.55,288.58,287.0,8355.0,2405040.1609
2026-09-03 14:01:00,287.0,288.55,288.56,287.0,4896.0,1410102.6486
2026-09-03 14:02:00,288.55,288.56,288.56,288.49,1500.0,432770.4414
2026-09-03 14:03:00,288.55,291.9,291.98,288.55,38571.0,11178462.0447
2026-09-03 14:04:00,291.89,293.0,293.0,290.43,19261.0,5623426.479
2026-09-03 14:05:00,293.0,292.16,293.8,291.8,12921.0,3780160.8118
2026-09-03 14:06:00,291.98,293.33,293.85,291.98,17569.0,5150717.8618
2026-09-03 14:07:00,293.84,294.3,294.3,292.88,16100.0,4728628.7459
2026-09-03 14:08:00,293.8,294.3,294.36,293.53,13108.0,3854286.2524
2026-09-03 14:09:00,294.29,293.54,294.3,293.54,7804.0,2294907.8359
2026-09-03 14:10:00,293.53,293.33,293.82,293.12,3686.0,1082482.1501
2026-09-03 14:11:00,293.33,293.16,293.82,293.0,7239.0,2123236.3848
2026-09-03 14:12:00,293.16,292.39,293.99,291.03,10716.0,3134646.0273
2026-09-03 14:13:00,292.3,291.03,292.39,290.98,10763.0,3135083.7275
2026-09-03 14:14:00,291.03,290.26,291.03,290.0,15438.0,4481962.3223
2026-09-03 14:15:00,290.25,290.57,290.57,289.69,9616.0,2790051.4248
2026-09-03 14:16:00,290.57,289.9,290.57,289.9,10414.0,3024991.9072
2026-09-03 14:17:00,290.39,290.01,290.45,288.74,3886.0,1126256.3291
2026-09-03 14:18:00,290.45,292.0,292.38,290.45,13489.0,3921356.9336
2026-09-03 14:19:00,292.38,292.5,292.5,291.96,4537.0,1326403.3361
2026-09-03 14:20:00,292.18,290.94,292.8,290.0,8418.0,2451482.3848
2026-09-03 14:21:00,290.92,290.95,290.95,290.72,3576.0,1040308.5917
2026-09-03 14:22:00,290.95,290.0,290.95,290.0,2131.0,619067.9883
2026-09-03 14:23:00,290.0,290.92,290.92,290.0,3021.0,876421.6426
2026-09-03 14:24:00,290.69,289.8,290.69,289.51,13355.0,3869213.1123
2026-09-03 14:25:00,289.83,292.17,292.17,289.81,19767.0,5751048.6289
2026-09-03 14:26:00,291.56,290.36,291.99,290.36,9474.0,2759468.0977
2026-09-03 14:27:00,291.03,291.05,291.05,291.03,1100.0,320148.9364
2026-09-03 14:28:00,290.49,290.45,290.49,290.0,15559.0,4516810.6624
2026-09-03 14:29:00,290.37,290.72,291.07,290.37,9686.0,2817920.624
2026-09-03 14:30:00,290.55,291.07,291.07,290.37,2104.0,612161.0161
2026-09-03 14:31:00,290.72,292.0,292.17,290.37,14348.0,4184503.1615
2026-09-03 14:32:00,292.17,293.5,293.5,292.17,8808.0,2574947.5977
2026-09-03 14:33:00,292.23,291.45,293.0,291.03,14247.0,4159852.8066
2026-09-03 14:34:00,291.99,291.08,292.0,291.08,4678.0,1365281.9282
2026-09-03 14:35:00,291.08,290.6,291.98,290.6,4791.0,1393834.4785
2026-09-03 14:36:00,290.6,291.1,291.98,290.6,5258.0,1530339.6621
2026-09-03 14:37:00,291.81,291.84,291.98,291.0,4420.0,1287990.5498
2026-09-03 14:38:00,291.03,291.06,291.1,291.03,1806.0,525644.3606
2026-09-03 14:39:00,291.05,290.3,291.7,290.3,3463.0,1007682.9795
2026-09-03 14:40:00,290.48,290.05,291.7,290.02,6119.0,1775729.5876
2026-09-03 14:41:00,290.12,290.43,290.44,290.0,5157.0,1496483.3296
2026-09-03 14:42:00,290.43,290.43,291.37,289.84,6187.0,1797442.2983
2026-09-03 14:43:00,290.74,289.44,290.78,289.08,7431.0,2153566.6346
2026-09-03 14:44:00,289.0,289.08,289.44,289.0,8822.0,2550906.583
2026-09-03 14:45:00,289.06,290.0,290.0,289.04,3368.0,975168.4336
2026-09-03 14:46:00,289.5,290.76,290.78,289.5,15730.0,4568119.9253
2026-09-03 14:47:00,290.38,290.63,290.9,289.01,8523.0,2471823.5271
2026-09-03 14:48:00,289.06,289.54,290.0,289.06,2335.0,675972.5557
2026-09-03 14:49:00,289.32,289.4,289.4,289.32,1404.0,406299.5945
2026-09-03 14:50:00,289.4,288.5,289.56,288.5,16763.0,4844334.2725
2026-09-03 14:51:00,288.75,289.13,289.66,288.75,5815.0,1681780.9287
2026-09-03 14:52:00,289.13,289.01,289.6,289.01,13277.0,3838260.8032
2026-09-03 14:53:00,289.01,289.02,289.45,288.75,9471.0,2737769.5237
2026-09-03 14:54:00,289.02,289.0,289.43,288.0,11894.0,3433481.0684
2026-09-03 14:55:00,288.21,288.51,289.0,288.2,13448.0,3883334.7188
2026-09-03 14:56:00,288.85,289.28,289.28,288.85,15459.0,4469258.8545
2026-09-03 14:57:00,289.2,288.26,289.28,288.05,15075.0,4352684.0839
2026-09-03 15:00:00,288.26,288.26,288.26,288.26,24489.0,7059199.3228
2026-09-04 09:31:00,291.0,289.0,294.0,284.64,92592.0,26875808.9095
2026-09-04 09:32:00,290.23,291.73,293.43,289.0,48880.0,14230595.4794
2026-09-04 09:33:00,290.82,292.97,294.0,290.37,48453.0,14196654.0665
2026-09-04 09:34:00,292.97,290.51,293.73,290.0,32224.0,9390412.9985
2026-09-04 09:35:00,290.51,285.42,291.0,285.06,32384.0,9340999.1284
2026-09-04 09:36:00,287.13,289.85,292.0,285.3,54881.0,15840178.8813
2026-09-04 09:37:00,290.0,288.21,290.98,288.2,18928.0,5479709.3932
2026-09-04 09:38:00,289.1,289.0,290.33,288.79,15841.0,4582708.2549
2026-09-04 09:39:00,288.94,288.5,289.8,288.0,13118.0,3786186.9116
2026-09-04 09:40:00,288.5,287.88,289.77,287.88,16128.0,4654384.9526
2026-09-04 09:41:00,287.88,288.15,289.1,287.88,14330.0,4135063.5685
2026-09-04 09:42:00,288.15,285.81,288.5,285.81,17700.0,5078869.1877
2026-09-04 09:43:00,285.81,287.09,287.88,285.81,6319.0,1812015.3378
2026-09-04 09:44:00,287.87,284.01,287.88,283.3,17242.0,4924821.7705
2026-09-04 09:45:00,283.33,285.56,285.63,283.33,14983.0,4268803.3464
2026-09-04 09:46:00,285.52,284.54,285.65,284.0,14122.0,4020475.04
2026-09-04 09:47:00,284.0,285.48,285.62,283.5,18527.0,5266444.9862
2026-09-04 09:48:00,285.48,285.0,286.79,284.61,7831.0,2236348.0098
2026-09-04 09:49:00,285.0,286.0,286.0,283.22,15714.0,4460887.8062
2026-09-04 09:50:00,283.4,282.0,285.68,282.0,27316.0,7737894.2739
2026-09-04 09:51:00,282.01,283.0,284.12,282.0,14663.0,4145096.6422
2026-09-04 09:52:00,283.0,282.11,283.5,282.11,6950.0,1964948.9419
2026-09-04 09:53:00,282.11,281.71,282.5,281.7,20834.0,5874409.6152
2026-09-04 09:54:00,281.88,283.06,283.33,281.88,15138.0,4272706.1643
2026-09-04 09:55:00,281.93,282.01,282.95,281.93,9432.0,2663682.6899
2026-09-04 09:56:00,282.45,283.0,283.0,282.09,8778.0,2480216.7578
2026-09-04 09:57:00,283.06,280.01,283.33,280.01,22113.0,6234304.0803
2026-09-04 09:58:00,280.01,278.5,280.18,278.06,27982.0,7817926.892
2026-09-04 09:59:00,278.4,278.84,279.0,277.49,22373.0,6224154.4722
2026-09-04 10:00:00,278.84,280.18,280.5,278.84,12635.0,3539019.5781
2026-09-04 10:01:00,280.16,281.89,281.89,280.16,14152.0,3975883.8704
2026-09-04 10:02:00,281.9,279.03,281.9,279.0,25331.0,7096549.8633
2026-09-04 10:03:00,279.36,280.0,281.2,279.0,14231.0,3979281.54
2026-09-04 10:04:00,280.03,279.9,281.12,279.66,13051.0,3661683.5259
2026-09-04 10:05:00,280.44,282.9,282.9,280.44,6422.0,1811856.3629
2026-09-04 10:06:00,282.68,282.39,282.68,280.21,16578.0,4666051.1733
2026-09-04 10:07:00,281.98,284.27,284.99,281.84,31959.0,9070886.0466
2026-09-04 10:08:00,284.12,284.0,284.59,283.77,13812.0,3926716.2032
2026-09-04 10:09:00,283.77,282.06,284.13,282.06,10578.0,2995139.0254
2026-09-04 10:10:00,283.89,282.0,283.89,280.0,6211.0,1747588.1348
2026-09-04 10:11:00,283.68,283.99,284.04,283.6,8580.0,2436018.5882
2026-09-04 10:12:00,283.73,284.96,284.96,283.71,4153.0,1181450.3682
2026-09-04 10:13:00,285.6,285.6,286.86,285.6,21331.0,6113005.3477
2026-09-04 10:14:00,285.64,285.37,286.0,285.3,6454.0,1843816.9736
2026-09-04 10:15:00,285.97,285.0,286.34,284.78,9983.0,2852568.5586
2026-09-04 10:16:00,285.44,285.0,285.84,284.73,5304.0,1514236.9231
2026-09-04 10:17:00,285.0,284.01,285.51,284.01,7106.0,2024857.5117
2026-09-04 10:18:00,284.68,284.1,284.68,283.25,4296.0,1221919.8618
2026-09-04 10:19:00,284.11,283.0,284.31,283.0,6307.0,1789873.6797
2026-09-04 10:20:00,282.64,283.99,284.0,282.01,3737.0,1058861.1445
2026-09-04 10:21:00,283.99,284.09,284.09,283.01,6629.0,1880482.0752
2026-09-04 10:22:00,284.68,284.1,284.68,284.1,6683.0,1900309.502
2026-09-04 10:23:00,283.99,283.78,284.15,282.99,11207.0,3176131.541
2026-09-04 10:24:00,283.68,283.85,284.15,283.57,8538.0,2424115.0
2026-09-04 10:25:00,283.87,282.97,284.07,282.95,9026.0,2558979.8027
2026-09-04 10:26:00,282.9,282.01,282.9,282.01,18434.0,5206824.4421
2026-09-04 10:27:00,282.0,281.04,283.9,281.04,13453.0,3794589.2871
2026-09-04 10:28:00,281.07,282.0,282.0,281.0,3334.0,937869.128
2026-09-04 10:29:00,283.0,283.78,283.85,282.45,2130.0,604070.0039
2026-09-04 10:30:00,282.5,281.99,283.68,281.99,5597.0,1580489.8639
2026-09-04 10:31:00,281.7,280.37,282.17,280.37,10186.0,2868923.5193
2026-09-04 10:32:00,280.77,279.92,280.8,279.2,18281.0,5119254.0281
2026-09-04 10:33:00,279.92,280.44,280.56,279.11,3686.0,1031476.0918
2026-09-04 10:34:00,280.01,279.33,280.44,279.33,10632.0,2972861.9443
2026-09-04 10:35:00,279.4,278.05,279.4,278.05,12240.0,3412931.632
2026-09-04 10:36:00,278.12,277.28,278.18,277.27,23084.0,6411300.6055
2026-09-04 10:37:00,277.28,275.51,277.28,275.15,29354.0,8108939.8709
2026-09-04 10:38:00,275.51,275.15,276.9,275.15,32257.0,8886757.1489
2026-09-04 10:39:00,275.3,275.15,275.37,273.33,25678.0,7045987.6555
2026-09-04 10:40:00,275.15,275.0,275.37,274.0,20326.0,5582089.8188
2026-09-04 10:41:00,275.29,274.93,275.32,274.04,17045.0,4682256.5714
2026-09-04 10:42:00,274.93,272.01,274.93,272.0,28291.0,7728905.797
2026-09-04 10:43:00,271.62,271.78,272.67,271.19,36762.0,10005573.4912
2026-09-04 10:44:00,272.4,271.0,272.4,268.8,29158.0,7891147.6886
2026-09-04 10:45:00,271.11,269.1,271.99,269.0,35693.0,9645701.5076
2026-09-04 10:46:00,269.1,271.26,271.68,268.95,35724.0,9629917.4534
2026-09-04 10:47:00,270.89,271.92,272.88,269.6,19039.0,5146188.45
2026-09-04 10:48:00,271.92,269.0,273.0,268.95,46176.0,12508380.9651
2026-09-04 10:49:00,269.0,270.9,270.96,268.95,23482.0,6344035.7206
2026-09-04 10:50:00,270.93,268.95,270.96,268.95,13069.0,3528946.2271
2026-09-04 10:51:00,269.38,268.8,270.2,268.8,8285.0,2235076.918
2026-09-04 10:52:00,268.8,268.47,269.39,268.01,15754.0,4230355.5807
2026-09-04 10:53:00,269.39,269.35,269.5,269.0,4153.0,1118511.8741
2026-09-04 10:54:00,269.5,271.95,273.5,269.5,20468.0,5542340.1038
2026-09-04 10:55:00,271.93,272.0,272.0,270.7,13781.0,3746814.4785
2026-09-04 10:56:00,271.24,273.35,274.77,271.2,13052.0,3563538.4014
2026-09-04 10:57:00,273.35,273.28,273.35,272.09,7065.0,1928140.0352
2026-09-04 10:58:00,272.88,273.95,273.97,272.08,11219.0,3064188.6521
2026-09-04 10:59:00,273.94,273.88,273.95,272.94,11466.0,3139983.1951
2026-09-04 11:00:00,273.88,276.0,276.0,273.41,21480.0,5909980.0139
2026-09-04 11:01:00,275.7,274.39,276.02,274.39,16649.0,4586100.4983
2026-09-04 11:02:00,274.9,275.89,276.86,274.8,10272.0,2832061.5527
2026-09-04 11:03:00,275.44,276.1,276.69,275.44,8689.0,2400943.5046
2026-09-04 11:04:00,276.6,276.65,277.7,276.47,15572.0,4311815.9282
2026-09-04 11:05:00,276.65,276.5,277.66,275.01,10572.0,2920990.6783
2026-09-04 11:06:00,276.49,276.3,276.51,275.98,5488.0,1516115.8062
2026-09-04 11:07:00,276.0,277.0,277.59,276.0,10341.0,2861553.0691
2026-09-04 11:08:00,277.0,276.52,277.0,276.52,5217.0,1444750.6898
2026-09-04 11:09:00,276.79,277.59,277.6,276.1,17030.0,4722228.8606
2026-09-04 11:10:00,277.0,275.71,277.5,275.71,14312.0,3963237.0171
2026-09-04 11:11:00,275.99,276.08,276.53,275.01,10639.0,2935046.8662
2026-09-04 11:12:00,276.03,275.97,276.16,275.93,3417.0,943414.7202
2026-09-04 11:13:00,275.98,275.43,275.98,274.51,8925.0,2459211.0761
2026-09-04 11:14:00,275.8,276.39,277.61,275.8,3705.0,1024651.9607
2026-09-04 11:15:00,276.38,276.5,277.46,275.95,5635.0,1559669.7876
2026-09-04 11:16:00,276.42,276.38,276.46,275.95,2364.0,653168.6925
2026-09-04 11:17:00,276.39,275.46,276.4,275.46,7491.0,2067386.8646
2026-09-04 11:18:00,275.45,274.91,275.45,274.91,2616.0,719492.0117
2026-09-04 11:19:00,274.9,274.51,275.0,273.96,3500.0,960576.5527
2026-09-04 11:20:00,275.0,275.46,275.46,274.9,3435.0,944542.4766
2026-09-04 11:21:00,275.46,274.49,276.55,274.22,7621.0,2095800.8074
2026-09-04 11:22:00,274.94,276.08,276.5,274.94,2642.0,728193.0957
2026-09-04 11:23:00,276.0,275.0,276.07,275.0,4815.0,1327904.3627
2026-09-04 11:24:00,275.0,275.62,275.62,275.0,1903.0,523635.0
2026-09-04 11:25:00,275.62,276.09,276.1,275.0,5392.0,1487262.105
2026-09-04 11:26:00,276.1,275.6,276.49,275.0,4322.0,1191648.2363
2026-09-04 11:27:00,275.58,275.39,275.58,275.0,836.0,230186.043
2026-09-04 11:28:00,275.28,275.01,275.4,275.01,7931.0,2182654.0073
2026-09-04 11:29:00,275.15,275.61,275.61,275.15,600.0,165227.9961
2026-09-04 11:30:00,275.15,275.35,275.62,275.15,2629.0,723661.5859
2026-09-04 13:01:00,275.27,276.09,276.49,274.96,7305.0,2010233.9877
2026-09-04 13:02:00,276.08,276.99,277.0,276.08,3803.0,1052180.7056
2026-09-04 13:03:00,277.0,277.4,277.4,277.0,3375.0,935654.1953
2026-09-04 13:04:00,277.45,277.0,277.89,277.0,10284.0,2851730.5337
2026-09-04 13:05:00,277.0,278.36,278.36,277.0,9976.0,2771115.0039
2026-09-04 13:06:00,278.69,278.35,278.74,278.35,2830.0,788178.6553
2026-09-04 13:07:00,278.35,279.3,279.3,278.35,3128.0,872380.3223
2026-09-04 13:08:00,278.93,276.16,278.93,276.0,34376.0,9515848.995
2026-09-04 13:09:00,276.16,275.57,276.16,275.56,3550.0,979456.5974
2026-09-04 13:10:00,275.38,277.57,277.57,275.38,1802.0,497307.168
2026-09-04 13:11:00,277.17,276.81,277.18,276.81,5901.0,1634663.8516
2026-09-04 13:12:00,276.8,277.0,277.0,276.0,5963.0,1648960.7461
2026-09-04 13:13:00,277.5,277.99,277.99,277.5,3754.0,1043428.7695
2026-09-04 13:14:00,277.74,277.7,277.74,276.0,6692.0,1852135.8125
2026-09-04 13:15:00,277.71,277.74,277.74,276.88,1568.0,435202.2129
2026-09-04 13:16:00,277.74,276.86,278.22,276.86,14081.0,3905679.6533
2026-09-04 13:17:00,276.88,276.87,276.88,276.0,2622.0,724531.1794
2026-09-04 13:18:00,276.0,275.78,276.33,275.78,2720.0,750935.8901
2026-09-04 13:19:00,275.78,277.98,277.98,275.73,16856.0,4661482.0757
2026-09-04 13:20:00,277.61,277.2,277.61,276.86,2660.0,737240.4961
2026-09-04 13:21:00,277.61,277.0,278.05,276.86,12241.0,3394752.3427
2026-09-04 13:22:00,277.02,276.85,277.02,276.73,2574.0,712665.4375
2026-09-04 13:23:00,276.86,276.34,277.0,276.34,3769.0,1042573.6074
2026-09-04 13:24:00,276.33,275.6,276.33,275.6,10338.0,2852324.1929
2026-09-04 13:25:00,275.4,276.0,276.0,275.33,4962.0,1366936.7146
2026-09-04 13:26:00,275.7,275.01,275.7,275.0,20091.0,5526129.7925
2026-09-04 13:27:00,275.24,276.0,276.0,275.01,2405.0,662550.8838
2026-09-04 13:28:00,276.0,275.0,276.98,275.0,3138.0,864097.1514
2026-09-04 13:29:00,274.29,274.9,274.9,274.29,1966.0,540105.6934
2026-09-04 13:30:00,274.9,275.44,275.44,274.9,2022.0,556642.7432
2026-09-04 13:31:00,275.44,275.0,276.85,274.9,5583.0,1537018.438
2026-09-04 13:32:00,276.07,273.59,276.07,273.59,18105.0,4965589.7754
2026-09-04 13:33:00,274.49,275.0,275.0,274.49,2145.0,589453.9893
2026-09-04 13:34:00,275.2,275.0,275.5,275.0,2249.0,618775.4395
2026-09-04 13:35:00,275.39,275.39,275.39,275.39,834.0,229675.2744
2026-09-04 13:36:00,275.39,275.9,276.84,275.2,6807.0,1877532.336
2026-09-04 13:37:00,275.2,276.8,276.8,275.01,861.0,237438.0742
2026-09-04 13:38:00,275.46,275.0,275.46,274.85,3843.0,1056628.4424
2026-09-04 13:39:00,274.07,275.0,275.0,274.07,1225.0,336682.824
2026-09-04 13:40:00,275.0,275.0,275.0,274.99,1150.0,316245.6172
2026-09-04 13:41:00,275.0,275.11,275.11,274.13,3758.0,1032895.7031
2026-09-04 13:42:00,274.66,275.27,275.28,274.66,1238.0,340568.7607
2026-09-04 13:43:00,275.0,275.88,275.88,275.0,2940.0,809852.8789
2026-09-04 13:44:00,275.88,275.41,276.12,275.41,2489.0,686464.0469
2026-09-04 13:45:00,275.41,275.8,276.07,275.41,1459.0,402473.7891
2026-09-04 13:46:00,275.31,275.22,275.31,275.2,2712.0,746491.5483
2026-09-04 13:47:00,275.25,275.6,275.73,275.25,1445.0,398154.0039
2026-09-04 13:48:00,275.55,275.86,275.86,275.55,1954.0,538904.4727
2026-09-04 13:49:00,276.0,276.07,276.12,275.51,4384.0,1208958.8848
2026-09-04 13:50:00,276.07,275.74,276.11,275.71,1212.0,334470.9482
2026-09-04 13:51:00,275.25,275.35,275.45,274.72,3526.0,970390.3192
2026-09-04 13:52:00,275.54,274.76,275.54,274.76,1034.0,284683.4917
2026-09-04 13:53:00,275.5,274.73,275.5,274.02,8020.0,2200846.1387
2026-09-04 13:54:00,274.73,272.22,274.73,272.01,12316.0,3361957.8906
2026-09-04 13:55:00,272.22,271.33,272.22,270.98,12586.0,3419176.3691
2026-09-04 13:56:00,271.34,271.76,271.89,271.34,3093.0,840573.2523
2026-09-04 13:57:00,271.64,272.04,272.04,271.64,4204.0,1142966.0264
2026-09-04 13:58:00,272.04,272.19,272.21,272.04,2222.0,604728.9019
2026-09-04 13:59:00,272.47,271.48,272.47,271.48,5366.0,1459794.2686
2026-09-04 14:00:00,271.74,270.9,271.74,270.9,8638.0,2341966.186
2026-09-04 14:01:00,270.72,270.13,270.9,270.13,10523.0,2843904.7205
2026-09-04 14:02:00,270.09,272.0,273.5,270.02,27339.0,7406991.3806
2026-09-04 14:03:00,272.0,272.0,272.99,270.85,18378.0,4995103.3786
2026-09-04 14:04:00,272.0,272.29,272.29,271.06,7349.0,1998155.9297
2026-09-04 14:05:00,272.27,272.29,272.29,271.46,7385.0,2008279.2905
2026-09-04 14:06:00,272.33,271.06,272.33,271.06,5079.0,1380868.3262
2026-09-04 14:07:00,272.28,271.84,272.28,271.43,1581.0,429735.5762
2026-09-04 14:08:00,272.28,271.87,272.75,271.0,5630.0,1529995.817
2026-09-04 14:09:00,271.87,272.08,272.5,271.59,4569.0,1241467.2417
2026-09-04 14:10:00,272.11,272.28,272.28,271.47,2382.0,647855.5197
2026-09-04 14:11:00,272.22,272.17,272.39,272.17,1803.0,490872.7936
2026-09-04 14:12:00,272.14,272.52,272.76,272.14,7441.0,2028361.9784
2026-09-04 14:13:00,272.8,272.94,273.0,272.41,6680.0,1822921.8735
2026-09-04 14:14:00,272.88,272.41,272.98,272.41,5727.0,1560762.5015
2026-09-04 14:15:00,272.41,271.11,272.41,271.01,11046.0,3000104.3359
2026-09-04 14:16:00,271.14,271.11,271.73,271.05,5087.0,1380264.1514
2026-09-04 14:17:00,271.15,270.21,271.15,269.2,22554.0,6090683.3795
2026-09-04 14:18:00,270.21,270.71,271.0,270.0,8498.0,2295908.0039
2026-09-04 14:19:00,270.57,269.27,270.6,269.27,10244.0,2763109.166
2026-09-04 14:20:00,269.27,269.89,270.15,269.22,6551.0,1767124.5437
2026-09-04 14:21:00,270.13,269.55,270.13,269.55,6639.0,1791456.0586
2026-09-04 14:22:00,269.95,270.8,270.8,269.95,2986.0,807822.1055
2026-09-04 14:23:00,270.8,271.33,271.33,270.64,6840.0,1853745.7197
2026-09-04 14:24:00,271.33,271.93,271.93,271.33,3065.0,833260.3398
2026-09-04 14:25:00,271.78,271.93,271.93,271.78,2906.0,790068.5615
2026-09-04 14:26:00,271.84,272.32,272.32,271.84,2366.0,643682.5986
2026-09-04 14:27:00,272.75,271.94,272.76,271.88,10531.0,2865890.58
2026-09-04 14:28:00,271.94,272.99,272.99,271.94,3248.0,885470.1406
2026-09-04 14:29:00,272.45,271.96,272.45,271.94,7939.0,2160271.1521
2026-09-04 14:30:00,272.09,272.12,272.12,272.05,2796.0,760816.478
2026-09-04 14:31:00,272.28,271.81,272.28,271.8,6046.0,1644834.7214
2026-09-04 14:32:00,271.99,271.88,271.99,271.5,6019.0,1636378.4996
2026-09-04 14:33:00,271.34,271.05,271.98,271.0,5223.0,1416686.98
2026-09-04 14:34:00,271.05,271.05,271.05,270.0,11266.0,3046248.082
2026-09-04 14:35:00,270.05,270.5,271.04,270.05,2650.0,716573.2905
2026-09-04 14:36:00,270.5,270.63,271.0,270.05,7177.0,1940825.6101
2026-09-04 14:37:00,270.63,271.05,271.05,270.06,8914.0,2412903.1738
2026-09-04 14:38:00,270.32,269.7,270.32,269.61,9830.0,2653817.5461
2026-09-04 14:39:00,269.8,270.99,270.99,269.71,5278.0,1425721.5894
2026-09-04 14:40:00,270.99,270.46,270.99,269.85,10906.0,2953190.3655
2026-09-04 14:41:00,270.0,269.48,270.0,269.0,17953.0,4837162.804
2026-09-04 14:42:00,269.01,268.5,269.4,268.0,16480.0,4427465.5078
2026-09-04 14:43:00,268.0,269.4,269.4,268.0,7891.0,2121886.3662
2026-09-04 14:44:00,268.95,268.0,269.4,268.0,9085.0,2441151.9614
2026-09-04 14:45:00,268.02,268.0,269.4,268.0,14515.0,3893712.9004
2026-09-04 14:46:00,268.0,270.05,270.07,268.0,9610.0,2590908.7139
2026-09-04 14:47:00,269.98,268.92,270.0,268.87,5521.0,1486915.5293
2026-09-04 14:48:00,268.92,269.36,269.36,268.86,2950.0,793780.0366
2026-09-04 14:49:00,269.36,269.73,269.74,269.15,4855.0,1308182.9595
2026-09-04 14:50:00,269.73,270.46,270.46,269.73,6339.0,1712233.5305
2026-09-04 14:51:00,270.46,269.67,270.46,269.09,3768.0,1015516.8384
2026-09-04 14:52:00,269.55,271.0,271.0,269.54,17165.0,4643378.166
2026-09-04 14:53:00,269.68,270.98,270.98,269.59,10168.0,2748148.2761
2026-09-04 14:54:00,270.98,271.0,272.2,270.9,10342.0,2803772.3446
2026-09-04 14:55:00,271.0,270.9,271.28,270.0,7478.0,2023537.6523
2026-09-04 14:56:00,270.45,271.29,271.29,270.0,10451.0,2830382.2459
2026-09-04 14:57:00,271.29,268.0,271.73,268.0,14611.0,3950962.3208
2026-09-04 15:00:00,271.0,271.0,271.0,271.0,29030.0,7867130.0
2026-09-07 09:31:00,277.48,284.44,285.5,271.57,105690.0,29504718.6887
2026-09-07 09:32:00,284.88,286.0,287.5,282.27,99461.0,28263784.5981
2026-09-07 09:33:00,286.0,289.1,290.0,286.0,123522.0,35608849.1127
2026-09-07 09:34:00,287.91,291.5,291.5,287.91,98898.0,28651097.3342
2026-09-07 09:35:00,291.0,290.53,293.0,290.05,46954.0,13698333.7029
2026-09-07 09:36:00,290.7,289.11,292.5,289.0,70895.0,20608474.1116
2026-09-07 09:37:00,289.12,288.92,291.4,287.1,37932.0,10983984.031
2026-09-07 09:38:00,288.92,287.55,289.09,286.0,46252.0,13295205.0012
2026-09-07 09:39:00,287.3,286.95,288.0,286.33,35747.0,10264232.7813
2026-09-07 09:40:00,286.96,289.0,289.91,286.95,28378.0,8167644.334
2026-09-07 09:41:00,288.92,290.4,290.9,288.18,54384.0,15793701.6548
2026-09-07 09:42:00,290.3,286.2,290.3,286.0,25212.0,7238303.2146
2026-09-07 09:43:00,286.29,288.71,289.4,286.29,17519.0,5046111.8649
2026-09-07 09:44:00,288.71,287.66,289.6,287.28,17147.0,4951672.8269
2026-09-07 09:45:00,287.71,287.99,289.6,287.71,17349.0,5011396.5104
2026-09-07 09:46:00,288.08,289.79,290.27,287.29,30947.0,8958242.8384
2026-09-07 09:47:00,289.51,289.89,290.28,289.51,12396.0,3595066.7576
2026-09-07 09:48:00,289.89,289.79,290.0,289.79,3378.0,979290.6407
2026-09-07 09:49:00,289.89,292.18,292.18,288.24,76847.0,22328154.0084
2026-09-07 09:50:00,292.0,293.0,294.0,290.08,59201.0,17365584.3025
2026-09-07 09:51:00,293.0,290.43,293.8,290.24,40697.0,11911212.7617
2026-09-07 09:52:00,290.51,293.4,293.6,290.51,31810.0,9304100.3504
2026-09-07 09:53:00,292.9,295.5,296.0,292.9,73628.0,21667416.6394
2026-09-07 09:54:00,295.38,292.88,295.83,292.88,40785.0,12014721.03
2026-09-07 09:55:00,292.42,292.12,294.99,291.58,35855.0,10492091.7095
2026-09-07 09:56:00,292.07,289.5,294.2,289.18,35279.0,10287307.3556
2026-09-07 09:57:00,291.33,290.06,291.85,288.78,18845.0,5458494.5757
2026-09-07 09:58:00,290.03,289.23,290.03,289.2,8625.0,2498568.1494
2026-09-07 09:59:00,289.25,289.25,290.06,289.02,9929.0,2872289.9387
2026-09-07 10:00:00,289.3,288.03,289.3,288.03,9905.0,2857255.8887
2026-09-07 10:01:00,288.12,288.91,289.39,288.12,10211.0,2950062.5212
2026-09-07 10:02:00,288.75,289.0,289.0,287.37,26287.0,7573672.0291
2026-09-07 10:03:00,289.1,288.41,289.1,288.41,6577.0,1899042.21
2026-09-07 10:04:00,288.41,290.03,290.03,288.29,21508.0,6229833.8652
2026-09-07 10:05:00,290.09,288.65,292.0,288.48,9530.0,2764235.2163
2026-09-07 10:06:00,288.48,288.6,288.65,287.38,4260.0,1226683.9946
2026-09-07 10:07:00,288.02,287.0,288.05,287.0,14849.0,4271255.208
2026-09-07 10:08:00,287.01,287.24,287.64,287.0,8194.0,2352667.9138
2026-09-07 10:09:00,287.63,287.0,288.01,287.0,11407.0,3276980.5232
2026-09-07 10:10:00,287.0,288.26,288.58,286.4,10563.0,3032394.6494
2026-09-07 10:11:00,286.6,287.59,288.58,286.55,7136.0,2053452.4028
2026-09-07 10:12:00,287.58,286.74,288.0,286.4,8667.0,2487687.6949
2026-09-07 10:13:00,286.74,286.43,288.43,286.37,12055.0,3454547.897
2026-09-07 10:14:00,286.99,288.56,289.99,286.99,13086.0,3772799.0747
2026-09-07 10:15:00,287.01,287.01,288.66,287.01,11361.0,3267943.9164
2026-09-07 10:16:00,287.0,288.07,288.99,287.0,11316.0,3264083.3221
2026-09-07 10:17:00,287.09,286.6,287.11,285.5,21994.0,6299417.8932
2026-09-07 10:18:00,286.6,285.22,286.6,285.2,15570.0,4450654.6681
2026-09-07 10:19:00,285.2,284.56,285.22,284.55,9324.0,2657032.4507
2026-09-07 10:20:00,284.55,284.0,284.6,284.0,13888.0,3947832.9639
2026-09-07 10:21:00,284.0,285.03,287.26,283.84,18154.0,5182997.6338
2026-09-07 10:22:00,286.17,284.18,286.88,284.18,20468.0,5833410.4463
2026-09-07 10:23:00,284.04,282.59,284.04,282.19,14718.0,4167858.7184
2026-09-07 10:24:00,282.6,282.99,283.84,282.58,8351.0,2362419.8325
2026-09-07 10:25:00,282.99,282.68,283.5,282.66,8445.0,2390147.3602
2026-09-07 10:26:00,283.0,284.35,285.98,282.66,6779.0,1923533.0562
2026-09-07 10:27:00,284.68,283.7,285.9,283.69,6626.0,1883288.3521
2026-09-07 10:28:00,283.81,283.3,285.94,283.3,5874.0,1667493.4268
2026-09-07 10:29:00,283.3,283.31,283.31,283.21,3786.0,1072495.5984
2026-09-07 10:30:00,283.31,283.27,283.31,283.21,3416.0,967688.563
2026-09-07 10:31:00,283.28,284.99,285.0,283.24,8259.0,2350390.0652
2026-09-07 10:32:00,284.35,284.43,284.99,283.3,3147.0,895135.2638
2026-09-07 10:33:00,284.43,284.3,284.5,284.05,4158.0,1182347.1279
2026-09-07 10:34:00,284.29,285.03,285.66,284.29,5117.0,1456488.6392
2026-09-07 10:35:00,285.04,285.25,286.98,285.02,9855.0,2818729.748
2026-09-07 10:36:00,285.25,285.29,286.98,285.25,5141.0,1470112.9541
2026-09-07 10:37:00,285.28,284.68,285.28,284.68,3699.0,1054885.8472
2026-09-07 10:38:00,285.08,285.01,285.16,284.56,4094.0,1166603.8729
2026-09-07 10:39:00,285.01,284.01,285.25,284.01,3319.0,944527.507
2026-09-07 10:40:00,284.01,284.59,284.6,284.01,5765.0,1639486.7783
2026-09-07 10:41:00,284.59,286.93,287.26,284.13,6413.0,1833312.6226
2026-09-07 10:42:00,287.26,288.78,289.64,287.26,25065.0,7229934.1938
2026-09-07 10:43:00,288.78,291.4,294.2,288.56,50456.0,14660877.2617
2026-09-07 10:44:00,291.41,293.13,294.99,291.04,32426.0,9517619.0054
2026-09-07 10:45:00,291.06,292.06,294.24,291.06,18239.0,5350472.7842
2026-09-07 10:46:00,292.06,290.09,292.92,290.09,20289.0,5916603.5957
2026-09-07 10:47:00,290.01,290.62,291.26,290.01,9141.0,2657833.1194
2026-09-07 10:48:00,290.62,290.29,290.8,288.46,31372.0,9088980.8816
2026-09-07 10:49:00,290.29,292.92,292.92,290.0,9266.0,2696561.6191
2026-09-07 10:50:00,291.06,291.15,292.88,291.05,5120.0,1493624.3052
2026-09-07 10:51:00,291.15,290.01,292.3,290.0,9089.0,2643911.0986
2026-09-07 10:52:00,290.22,290.0,290.85,289.99,9000.0,2612923.1636
2026-09-07 10:53:00,290.0,290.19,290.42,289.91,5204.0,1509699.6221
2026-09-07 10:54:00,290.35,290.0,290.35,290.0,4259.0,1235887.7979
2026-09-07 10:55:00,289.38,289.21,289.38,289.21,1325.0,383362.418
2026-09-07 10:56:00,289.21,289.34,289.34,289.17,2605.0,753470.3428
2026-09-07 10:57:00,289.88,289.21,290.0,289.21,3140.0,909661.1426
2026-09-07 10:58:00,289.19,288.0,289.22,288.0,7778.0,2246233.8354
2026-09-07 10:59:00,288.0,289.38,289.39,288.0,5177.0,1496525.0981
2026-09-07 11:00:00,288.37,288.99,289.66,288.37,2632.0,760439.1611
2026-09-07 11:01:00,289.77,289.81,289.99,289.02,1750.0,506776.4727
2026-09-07 11:02:00,289.81,289.79,290.0,289.79,1989.0,576704.4956
2026-09-07 11:03:00,289.78,289.78,289.78,289.77,2431.0,704442.2571
2026-09-07 11:04:00,289.78,290.5,290.5,289.78,9319.0,2703021.251
2026-09-07 11:05:00,290.34,292.2,292.2,290.33,3578.0,1041403.1992
2026-09-07 11:06:00,291.38,291.0,292.18,291.0,3249.0,947377.8301
2026-09-07 11:07:00,291.0,290.0,292.19,289.98,9840.0,2859647.363
2026-09-07 11:08:00,289.99,289.6,290.0,289.6,776.0,224947.5903
2026-09-07 11:09:00,290.0,290.57,291.04,290.0,7483.0,2172052.8749
2026-09-07 11:10:00,290.56,290.2,292.76,290.0,8134.0,2369119.5898
2026-09-07 11:11:00,290.61,291.96,291.96,290.6,8279.0,2408485.9258
2026-09-07 11:12:00,291.3,291.87,292.75,291.29,7533.0,2199578.1191
2026-09-07 11:13:00,292.74,290.61,292.74,290.61,3400.0,990584.8691
2026-09-07 11:14:00,290.61,290.62,290.62,290.0,2512.0,729326.6143
2026-09-07 11:15:00,290.99,292.68,292.68,290.99,1758.0,513062.9607
2026-09-07 11:16:00,292.01,290.62,292.75,290.62,5906.0,1721459.2207
2026-09-07 11:17:00,290.99,290.01,291.0,290.0,5323.0,1545956.8757
2026-09-07 11:18:00,290.01,289.17,290.01,289.17,1466.0,424569.8244
2026-09-07 11:19:00,289.58,290.0,290.0,289.58,2985.0,865567.1716
2026-09-07 11:20:00,290.0,290.0,291.88,290.0,4615.0,1341460.6992
2026-09-07 11:21:00,290.0,290.0,290.24,290.0,3325.0,964364.1953
2026-09-07 11:22:00,290.0,290.0,290.0,290.0,1612.0,467480.0
2026-09-07 11:23:00,290.0,291.99,291.99,290.0,2633.0,766762.1504
2026-09-07 11:24:00,292.0,294.12,294.24,291.99,34583.0,10138376.5844
2026-09-07 11:25:00,294.24,291.0,294.24,291.0,15183.0,4436726.9987
2026-09-07 11:26:00,291.0,291.1,291.11,290.02,7499.0,2181640.5342
2026-09-07 11:27:00,291.13,290.1,291.13,290.0,5662.0,1645886.7657
2026-09-07 11:28:00,290.1,290.2,291.08,290.0,5814.0,1689407.0298
2026-09-07 11:29:00,290.44,290.2,291.0,290.2,4476.0,1299671.8926
2026-09-07 11:30:00,290.2,290.0,290.2,289.71,3265.0,946702.8684
2026-09-07 13:01:00,289.72,290.99,291.08,289.72,8171.0,2375020.3097
2026-09-07 13:02:00,290.13,290.0,290.13,289.46,4823.0,1398058.7871
2026-09-07 13:03:00,289.94,289.57,289.94,288.4,8732.0,2525898.6255
2026-09-07 13:04:00,289.57,291.08,291.08,289.55,5074.0,1470693.0993
2026-09-07 13:05:00,290.0,290.0,291.08,290.0,3114.0,903394.6328
2026-09-07 13:06:00,290.06,290.12,290.76,290.01,12218.0,3549899.6099
2026-09-07 13:07:00,290.12,291.08,291.08,289.07,27657.0,8013302.9268
2026-09-07 13:08:00,292.09,292.52,293.6,291.19,3400.0,994631.9717
2026-09-07 13:09:00,292.43,290.12,292.43,290.12,5709.0,1662184.126
2026-09-07 13:10:00,290.14,290.16,291.3,290.13,2960.0,860416.2842
2026-09-07 13:11:00,290.17,290.93,290.99,289.92,6149.0,1783723.9655
2026-09-07 13:12:00,289.92,289.25,289.92,289.24,3554.0,1028595.4589
2026-09-07 13:13:00,289.57,289.61,290.99,289.29,1500.0,434789.4469
2026-09-07 13:14:00,289.3,288.35,289.3,288.35,3477.0,1004712.9072
2026-09-07 13:15:00,288.39,289.46,290.5,288.39,3496.0,1010890.5281
2026-09-07 13:16:00,289.46,289.46,289.46,289.32,958.0,277236.9902
2026-09-07 13:17:00,290.5,289.84,290.78,289.46,4100.0,1188676.0059
2026-09-07 13:18:00,289.84,290.3,290.3,289.84,3786.0,1097829.1777
2026-09-07 13:19:00,290.3,290.99,290.99,290.0,11083.0,3217296.7148
2026-09-07 13:20:00,290.87,290.72,290.87,290.72,5413.0,1574140.0996
2026-09-07 13:21:00,290.77,292.8,292.8,290.53,27831.0,8102928.583
2026-09-07 13:22:00,292.8,292.35,293.0,292.33,2157.0,631173.0918
2026-09-07 13:23:00,292.16,292.0,292.16,291.26,9300.0,2712444.1025
2026-09-07 13:24:00,291.93,291.29,292.15,291.29,7495.0,2188762.668
2026-09-07 13:25:00,291.28,291.64,291.64,291.28,3588.0,1045229.4727
2026-09-07 13:26:00,291.8,292.0,292.0,291.8,836.0,244049.9941
2026-09-07 13:27:00,292.0,291.83,292.0,291.83,500.0,145965.9961
2026-09-07 13:28:00,291.83,292.0,292.0,291.79,3217.0,939278.8623
2026-09-07 13:29:00,292.03,293.5,293.5,292.03,10243.0,2997890.3936
2026-09-07 13:30:00,293.36,293.0,293.5,293.0,6315.0,1852966.6328
2026-09-07 13:31:00,293.0,294.0,294.0,292.38,12397.0,3641088.2766
2026-09-07 13:32:00,293.99,293.2,294.24,293.2,17787.0,5229843.5005
2026-09-07 13:33:00,293.22,293.0,293.22,292.38,5719.0,1675496.5962
2026-09-07 13:34:00,292.8,292.99,292.99,292.8,896.0,262457.0342
2026-09-07 13:35:00,292.77,292.57,292.77,292.56,1173.0,343258.873
2026-09-07 13:36:00,292.77,293.99,293.99,292.77,5266.0,1543811.3457
2026-09-07 13:37:00,293.99,294.24,294.24,293.3,11945.0,3509383.9551
2026-09-07 13:38:00,294.24,294.12,294.6,294.1,9100.0,2677200.9531
2026-09-07 13:39:00,294.12,294.98,294.98,293.97,9741.0,2866397.3207
2026-09-07 13:40:00,294.98,294.11,294.98,294.06,4498.0,1325458.7877
2026-09-07 13:41:00,294.06,294.0,294.06,293.13,3285.0,964785.9575
2026-09-07 13:42:00,293.95,293.78,293.95,293.75,1200.0,352590.0039
2026-09-07 13:43:00,293.79,293.73,293.79,293.73,1500.0,440664.001
2026-09-07 13:44:00,293.73,293.89,293.89,293.73,1319.0,387581.4886
2026-09-07 13:45:00,293.89,296.79,296.98,293.89,65781.0,19414796.8347
2026-09-07 13:46:00,296.1,294.2,296.79,294.04,15429.0,4562817.0955
2026-09-07 13:47:00,294.19,293.99,294.19,293.99,6113.0,1797935.6563
2026-09-07 13:48:00,294.15,295.1,295.1,294.11,4129.0,1215920.916
2026-09-07 13:49:00,295.06,293.9,295.08,293.62,9793.0,2881364.8574
2026-09-07 13:50:00,293.89,294.06,295.0,293.78,1961.0,577499.4241
2026-09-07 13:51:00,293.86,294.95,294.95,293.84,7105.0,2088768.251
2026-09-07 13:52:00,294.58,293.88,294.97,293.83,6429.0,1891530.0597
2026-09-07 13:53:00,294.26,294.18,294.5,294.05,2881.0,848195.4961
2026-09-07 13:54:00,294.18,294.25,294.5,294.16,1770.0,520925.2773
2026-09-07 13:55:00,294.5,294.72,294.72,294.44,2090.0,615551.4453
2026-09-07 13:56:00,294.66,294.05,294.96,294.02,4004.0,1179516.5605
2026-09-07 13:57:00,294.05,293.88,294.47,293.88,5636.0,1658603.5027
2026-09-07 13:58:00,293.79,294.01,294.01,293.6,1852.0,544142.9868
2026-09-07 13:59:00,294.3,295.0,295.0,294.3,2701.0,796070.1445
2026-09-07 14:00:00,295.0,294.55,295.06,294.55,4075.0,1201642.6508
2026-09-07 14:01:00,294.09,293.44,294.09,293.44,2996.0,880293.1289
2026-09-07 14:02:00,293.69,292.64,293.69,292.64,1207.0,353791.8379
2026-09-07 14:03:00,292.65,292.01,293.26,291.91,23550.0,6880704.6836
2026-09-07 14:04:00,292.41,292.5,292.5,292.41,700.0,204720.0
2026-09-07 14:05:00,293.0,291.9,293.16,291.9,10458.0,3058128.7698
2026-09-07 14:06:00,292.08,291.55,292.08,291.38,5537.0,1614941.4744
2026-09-07 14:07:00,291.55,291.55,291.55,291.45,1997.0,582205.2397
2026-09-07 14:08:00,291.15,290.18,291.15,290.0,7444.0,2163010.1768
2026-09-07 14:09:00,290.15,290.96,290.96,290.06,1700.0,493692.1602
2026-09-07 14:10:00,290.19,290.2,290.21,290.18,896.0,260015.2051
2026-09-07 14:11:00,290.2,290.79,290.95,289.85,6288.0,1824809.1606
2026-09-07 14:12:00,290.95,290.95,290.95,290.53,2130.0,619490.7419
2026-09-07 14:13:00,290.94,290.86,291.5,290.86,5722.0,1665253.9593
2026-09-07 14:14:00,290.85,290.0,290.85,290.0,1678.0,487488.3008
2026-09-07 14:15:00,290.0,290.32,290.32,290.0,1225.0,355314.0
2026-09-07 14:16:00,290.01,290.01,290.01,290.01,50.0,14500.5
2026-09-07 14:17:00,290.5,290.7,290.7,290.5,800.0,232490.0024
2026-09-07 14:18:00,290.7,290.7,290.7,290.59,1450.0,421387.0039
2026-09-07 14:19:00,290.33,290.7,290.79,290.33,1953.0,567641.1064
2026-09-07 14:20:00,290.71,290.7,291.0,290.7,4686.0,1362590.2969
2026-09-07 14:21:00,290.72,291.67,291.67,290.61,9254.0,2692726.3318
2026-09-07 14:22:00,291.57,290.97,291.57,290.97,2981.0,868144.5073
2026-09-07 14:23:00,290.7,290.51,290.72,290.51,3500.0,1017134.7422
2026-09-07 14:24:00,290.51,290.15,290.51,290.12,4727.0,1372458.1592
2026-09-07 14:25:00,290.99,290.18,290.99,290.18,1469.0,426438.4141
2026-09-07 14:26:00,290.59,291.0,291.0,290.59,250.0,72729.5
2026-09-07 14:27:00,290.79,290.97,290.99,290.59,800.0,232668.0
2026-09-07 14:28:00,290.59,290.0,290.59,290.0,7179.0,2083369.9771
2026-09-07 14:29:00,290.02,290.5,290.5,290.0,7347.0,2131763.705
2026-09-07 14:30:00,290.63,290.52,290.77,290.4,2612.0,759038.4183
2026-09-07 14:31:00,290.52,290.57,290.97,290.37,3250.0,944541.5601
2026-09-07 14:32:00,290.18,290.0,290.18,290.0,3520.0,1021237.6687
2026-09-07 14:33:00,290.0,290.16,290.21,290.0,2973.0,862614.2217
2026-09-07 14:34:00,290.17,290.0,290.17,289.8,12570.0,3646433.3046
2026-09-07 14:35:00,289.81,289.75,289.97,289.75,2806.0,813162.9395
2026-09-07 14:36:00,289.5,289.82,289.99,289.31,9320.0,2699931.2211
2026-09-07 14:37:00,289.67,289.97,290.0,289.67,7579.0,2197614.242
2026-09-07 14:38:00,289.95,289.67,290.37,289.67,10935.0,3171497.8976
2026-09-07 14:39:00,289.67,289.82,289.82,289.18,7657.0,2215376.0664
2026-09-07 14:40:00,289.77,289.63,289.82,289.63,885.0,256416.5459
2026-09-07 14:41:00,289.82,290.37,290.96,289.82,12765.0,3709581.1643
2026-09-07 14:42:00,290.26,290.0,290.26,289.99,5038.0,1461093.1807
2026-09-07 14:43:00,289.81,289.34,289.81,289.34,7608.0,2202244.4248
2026-09-07 14:44:00,289.36,290.05,290.79,289.34,6451.0,1870548.5156
2026-09-07 14:45:00,290.01,289.9,290.15,289.9,1000.0,289959.0012
2026-09-07 14:46:00,289.9,290.45,290.45,289.71,5708.0,1656422.7095
2026-09-07 14:47:00,290.45,289.83,290.78,289.83,5001.0,1451099.5708
2026-09-07 14:48:00,289.71,289.82,289.83,289.67,4763.0,1380174.8389
2026-09-07 14:49:00,289.77,289.79,290.61,289.77,6136.0,1779596.251
2026-09-07 14:50:00,289.79,290.0,290.59,289.51,4677.0,1356414.1577
2026-09-07 14:51:00,290.16,291.0,291.35,290.16,35164.0,10230432.2456
2026-09-07 14:52:00,290.77,290.78,291.34,290.35,34391.0,10004422.7515
2026-09-07 14:53:00,290.76,290.8,290.99,289.62,12523.0,3637167.2545
2026-09-07 14:54:00,290.39,289.41,290.42,289.41,15552.0,4507696.7783
2026-09-07 14:55:00,289.38,289.5,289.7,289.13,6923.0,2003655.4445
2026-09-07 14:56:00,289.7,289.43,289.99,289.3,10580.0,3064554.4258
2026-09-07 14:57:00,289.43,289.17,289.98,288.52,21010.0,6075699.103
2026-09-07 15:00:00,290.03,290.03,290.03,290.03,29020.0,8416670.5656
2026-09-08 09:31:00,287.13,281.32,287.13,281.28,90809.0,25788148.9609
2026-09-08 09:32:00,281.41,282.62,284.88,281.32,59071.0,16677886.0349
2026-09-08 09:33:00,282.62,280.17,283.0,280.0,69676.0,19600176.0892
2026-09-08 09:34:00,280.01,280.02,282.03,280.0,67499.0,18956446.0334
2026-09-08 09:35:00,280.02,278.71,280.02,275.51,46826.0,13057329.4798
2026-09-08 09:36:00,278.69,280.59,280.6,277.1,79948.0,22258574.8936
2026-09-08 09:37:00,280.59,284.54,286.21,280.59,67208.0,19100246.184
2026-09-08 09:38:00,284.58,282.88,285.0,282.51,18356.0,5213992.2324
2026-09-08 09:39:00,284.1,285.6,286.64,282.9,32040.0,9122567.1716
2026-09-08 09:40:00,284.45,285.4,286.0,284.45,19931.0,5688107.9415
2026-09-08 09:41:00,286.0,285.68,286.0,284.83,22109.0,6310868.5039
2026-09-08 09:42:00,285.68,284.73,285.68,284.73,2863.0,816116.6353
2026-09-08 09:43:00,284.66,282.22,284.69,282.22,49928.0,14170227.4031
2026-09-08 09:44:00,282.6,281.02,283.17,281.0,10028.0,2829493.7891
2026-09-08 09:45:00,281.07,282.6,282.61,281.02,4028.0,1135033.026
2026-09-08 09:46:00,281.66,279.1,281.66,279.1,26924.0,7553067.5155
2026-09-08 09:47:00,279.5,281.7,283.0,279.11,13064.0,3679441.9874
2026-09-08 09:48:00,281.7,281.39,281.7,280.62,4491.0,1263019.1771
2026-09-08 09:49:00,281.15,278.85,281.15,278.85,16701.0,4667490.241
2026-09-08 09:50:00,278.88,277.41,278.9,277.18,33219.0,9223983.197
2026-09-08 09:51:00,277.4,275.58,277.4,275.52,47086.0,12995438.1724
2026-09-08 09:52:00,275.57,277.24,277.81,275.51,15617.0,4314198.0898
2026-09-08 09:53:00,277.78,278.2,278.83,276.89,18167.0,5050959.2192
2026-09-08 09:54:00,278.2,278.9,280.0,277.26,39905.0,11126121.666
2026-09-08 09:55:00,278.9,279.57,280.61,278.05,46548.0,13026351.9399
2026-09-08 09:56:00,279.83,277.05,279.83,277.05,9169.0,2549860.2205
2026-09-08 09:57:00,277.07,278.56,279.0,277.05,19870.0,5535559.8447
2026-09-08 09:58:00,278.17,277.62,278.19,277.58,6987.0,1941759.698
2026-09-08 09:59:00,277.69,278.64,278.8,277.69,2402.0,667915.2022
2026-09-08 10:00:00,278.8,278.0,279.39,278.0,11409.0,3181977.7354
2026-09-08 10:01:00,278.0,278.02,278.7,277.99,8399.0,2336549.1589
2026-09-08 10:02:00,278.02,279.49,279.49,278.02,5384.0,1501421.7581
2026-09-08 10:03:00,279.45,278.15,279.9,278.15,4106.0,1147412.2168
2026-09-08 10:04:00,278.15,279.6,279.6,278.11,18652.0,5204037.9636
2026-09-08 10:05:00,279.6,280.32,280.82,279.6,7273.0,2037832.699
2026-09-08 10:06:00,280.32,280.99,281.88,279.93,5195.0,1459710.3467
2026-09-08 10:07:00,280.49,280.45,280.97,279.89,3121.0,874269.8459
2026-09-08 10:08:00,280.0,279.89,280.48,279.89,6520.0,1826078.3594
2026-09-08 10:09:00,278.95,279.01,280.21,278.95,5766.0,1610104.1074
2026-09-08 10:10:00,279.17,279.01,279.2,279.0,3053.0,852152.0225
2026-09-08 10:11:00,279.85,280.95,281.0,279.83,7706.0,2160221.8936
2026-09-08 10:12:00,280.2,280.2,280.83,280.2,2725.0,764547.0698
2026-09-08 10:13:00,280.2,279.18,280.2,279.18,2509.0,701788.0322
2026-09-08 10:14:00,279.34,279.93,279.93,279.28,8376.0,2342466.5278
2026-09-08 10:15:00,279.62,279.2,279.62,278.59,23794.0,6638860.0288
2026-09-08 10:16:00,279.12,279.21,279.21,278.2,13405.0,3734546.2998
2026-09-08 10:17:00,279.21,278.95,279.21,278.74,3444.0,960613.011
2026-09-08 10:18:00,278.28,278.18,278.28,278.18,3575.0,994621.2001
2026-09-08 10:19:00,278.18,279.17,279.17,278.0,10959.0,3047738.7046
2026-09-08 10:20:00,278.29,278.97,278.97,278.29,1658.0,461719.2333
2026-09-08 10:21:00,278.72,278.49,279.0,278.49,3564.0,993694.2598
2026-09-08 10:22:00,278.51,276.68,278.51,276.68,25552.0,7089368.2512
2026-09-08 10:23:00,276.68,276.78,277.33,276.08,29163.0,8065985.4602
2026-09-08 10:24:00,276.99,277.35,277.98,276.52,9228.0,2558534.9644
2026-09-08 10:25:00,277.32,278.6,278.9,276.06,30908.0,8579943.6785
2026-09-08 10:26:00,278.9,280.86,280.86,278.8,16559.0,4635503.8154
2026-09-08 10:27:00,280.79,280.2,280.86,280.03,7155.0,2008282.6746
2026-09-08 10:28:00,280.09,280.0,280.09,280.0,3981.0,1114819.418
2026-09-08 10:29:00,280.0,280.58,280.85,280.0,7749.0,2174421.0438
2026-09-08 10:30:00,280.7,280.01,280.78,280.01,4777.0,1339623.0925
2026-09-08 10:31:00,280.06,280.31,280.31,279.7,4599.0,1288313.1902
2026-09-08 10:32:00,280.28,281.24,281.24,280.28,8993.0,2525358.1797
2026-09-08 10:33:00,281.0,279.21,281.32,279.21,15713.0,4405217.8003
2026-09-08 10:34:00,279.21,279.31,279.46,278.51,9447.0,2635547.7871
2026-09-08 10:35:00,280.75,280.3,280.86,279.8,3524.0,988589.1133
2026-09-08 10:36:00,280.3,279.99,280.3,279.32,1624.0,454418.6934
2026-09-08 10:37:00,280.18,279.62,280.77,279.62,800.0,224267.9922
2026-09-08 10:38:00,280.77,281.17,281.17,280.55,9150.0,2568684.0508
2026-09-08 10:39:00,281.14,280.9,281.14,280.0,16018.0,4498242.2317
2026-09-08 10:40:00,280.95,280.98,281.0,280.95,2703.0,759494.9174
2026-09-08 10:41:00,280.97,280.3,280.97,279.8,5811.0,1628796.6836
2026-09-08 10:42:00,279.77,279.72,280.98,279.08,21008.0,5873979.515
2026-09-08 10:43:00,279.73,278.57,279.73,278.18,9701.0,2705211.6123
2026-09-08 10:44:00,278.57,278.96,278.96,278.34,3187.0,888349.6946
2026-09-08 10:45:00,279.17,280.02,280.02,278.4,6749.0,1881355.6499
2026-09-08 10:46:00,279.47,279.98,279.98,279.47,3200.0,894864.0195
2026-09-08 10:47:00,279.97,279.48,280.27,279.48,7711.0,2158266.2861
2026-09-08 10:48:00,279.49,280.88,280.88,279.49,8762.0,2459732.6719
2026-09-08 10:49:00,280.88,280.76,280.88,280.38,5725.0,1607497.8008
2026-09-08 10:50:00,280.75,280.83,280.83,280.36,3663.0,1027796.6378
2026-09-08 10:51:00,280.82,280.0,280.82,279.99,11933.0,3345319.4688
2026-09-08 10:52:00,280.0,279.97,280.01,279.02,3886.0,1087053.5815
2026-09-08 10:53:00,279.95,279.94,279.95,279.93,4206.0,1177450.0859
2026-09-08 10:54:00,279.94,279.63,279.96,279.32,2097.0,586909.3369
2026-09-08 10:55:00,279.63,278.86,280.97,278.86,4016.0,1121449.7119
2026-09-08 10:56:00,278.39,276.8,278.5,276.8,15194.0,4222742.251
2026-09-08 10:57:00,277.21,276.5,277.28,276.01,13050.0,3611844.0271
2026-09-08 10:58:00,276.44,274.0,276.44,273.99,34273.0,9432977.5676
2026-09-08 10:59:00,274.88,274.69,275.01,274.0,15257.0,4186904.3385
2026-09-08 11:00:00,274.69,273.88,274.69,273.81,21837.0,5984979.8711
2026-09-08 11:01:00,273.88,274.76,274.76,273.25,26367.0,7226628.4895
2026-09-08 11:02:00,274.88,274.5,275.72,274.5,11473.0,3155737.4575
2026-09-08 11:03:00,274.49,275.0,275.0,274.19,6691.0,1837398.2736
2026-09-08 11:04:00,275.18,274.19,275.62,274.19,8058.0,2213376.3822
2026-09-08 11:05:00,274.19,273.1,274.59,273.0,18857.0,5156713.4458
2026-09-08 11:06:00,273.1,272.9,273.1,272.0,10870.0,2963972.7322
2026-09-08 11:07:00,272.33,274.04,274.04,272.07,20701.0,5662476.6343
2026-09-08 11:08:00,274.04,273.35,274.04,273.0,4942.0,1350225.9448
2026-09-08 11:09:00,273.13,273.37,273.37,273.12,4357.0,1190288.707
2026-09-08 11:10:00,273.69,275.59,276.4,273.69,4264.0,1172020.8303
2026-09-08 11:11:00,275.59,276.0,277.15,275.4,9034.0,2495021.3862
2026-09-08 11:12:00,276.11,275.0,276.13,275.0,15543.0,4287583.4717
2026-09-08 11:13:00,275.0,275.2,275.2,274.77,4401.0,1210314.3333
2026-09-08 11:14:00,275.24,276.96,276.96,275.2,18923.0,5217177.4043
2026-09-08 11:15:00,276.13,275.0,276.13,274.46,11603.0,3192878.3982
2026-09-08 11:16:00,274.51,274.05,274.52,274.05,1600.0,438908.9883
2026-09-08 11:17:00,274.99,275.62,275.77,274.99,1643.0,452376.6992
2026-09-08 11:18:00,275.5,275.5,275.5,275.5,2026.0,558163.0
2026-09-08 11:20:00,275.55,275.55,275.55,275.55,441.0,121517.5449
2026-09-08 11:21:00,275.25,275.11,275.51,275.11,1530.0,421166.3018
2026-09-08 11:22:00,275.1,274.09,275.1,273.99,24606.0,6758069.2681
2026-09-08 11:23:00,274.13,274.76,274.76,273.79,6928.0,1901196.3672
2026-09-08 11:24:00,274.11,274.11,274.77,274.11,3998.0,1096153.5211
2026-09-08 11:25:00,274.59,275.09,275.09,274.11,6574.0,1805128.7277
2026-09-08 11:26:00,274.46,274.51,274.51,274.46,1441.0,395534.9023
2026-09-08 11:27:00,275.06,275.13,275.13,275.06,945.0,259950.1113
2026-09-08 11:28:00,275.5,275.85,275.86,275.16,1978.0,545229.2571
2026-09-08 11:29:00,275.41,275.63,275.63,275.41,400.0,110208.0
2026-09-08 11:30:00,275.41,276.0,276.5,275.0,19374.0,5346107.959
2026-09-08 13:01:00,276.0,274.67,276.5,274.0,27179.0,7464536.4121
2026-09-08 13:02:00,275.61,276.0,276.0,274.7,4386.0,1208467.0044
2026-09-08 13:03:00,276.0,276.0,276.2,275.65,3253.0,897768.0029
2026-09-08 13:04:00,276.2,276.0,276.2,276.0,9671.0,2669264.001
2026-09-08 13:05:00,276.0,275.0,276.0,275.0,1859.0,511286.0
2026-09-08 13:06:00,274.67,273.67,275.21,272.69,23042.0,6310902.5352
2026-09-08 13:07:00,272.71,272.71,272.72,272.68,10713.0,2921368.3916
2026-09-08 13:08:00,272.7,273.15,273.8,272.59,20176.0,5501984.6426
2026-09-08 13:09:00,273.41,272.51,273.41,272.51,850.0,232019.7373
2026-09-08 13:10:00,273.3,272.91,273.3,272.91,601.0,164097.2969
2026-09-08 13:11:00,272.71,272.54,272.71,272.54,1952.0,532225.5833
2026-09-08 13:12:00,272.53,272.52,272.57,272.1,8438.0,2299130.1006
2026-09-08 13:13:00,272.54,272.68,272.68,272.51,2386.0,650344.4805
2026-09-08 13:14:00,272.81,272.91,272.91,272.8,3006.0,820233.5566
2026-09-08 13:15:00,273.3,273.5,274.05,273.24,5314.0,1453470.8228
2026-09-08 13:16:00,273.19,272.5,273.19,272.5,2425.0,661575.0176
2026-09-08 13:17:00,273.05,273.27,273.39,273.0,4136.0,1129990.0371
2026-09-08 13:18:00,273.0,273.88,273.88,273.0,3680.0,1006441.7773
2026-09-08 13:19:00,273.75,273.9,274.29,273.74,3765.0,1031465.5688
2026-09-08 13:20:00,273.92,273.92,273.92,273.92,418.0,114498.5664
2026-09-08 13:21:00,273.92,274.57,275.05,273.9,9584.0,2628378.8291
2026-09-08 13:22:00,274.57,274.76,274.76,274.57,1316.0,361546.1602
2026-09-08 13:23:00,274.76,274.87,274.87,274.76,1484.0,407765.8516
2026-09-08 13:24:00,274.91,274.57,274.91,274.57,5400.0,1484395.9795
2026-09-08 13:25:00,274.42,274.3,274.78,274.3,2715.0,745166.6055
2026-09-08 13:26:00,273.96,273.33,274.55,272.58,9031.0,2470615.3291
2026-09-08 13:27:00,273.33,274.11,274.79,273.33,7618.0,2087672.1553
2026-09-08 13:28:00,274.9,274.2,275.84,274.2,1930.0,530916.9677
2026-09-08 13:29:00,274.2,274.26,275.82,274.0,7768.0,2133537.6743
2026-09-08 13:31:00,274.93,275.41,275.81,274.58,10808.0,2974236.7949
2026-09-08 13:32:00,275.42,274.93,275.42,274.57,1080.0,296789.6055
2026-09-08 13:33:00,274.57,275.1,275.4,274.3,4750.0,1305412.5117
2026-09-08 13:34:00,275.0,274.88,275.0,274.84,929.0,255431.0
2026-09-08 13:35:00,274.87,274.89,274.89,274.56,4355.0,1196870.1914
2026-09-08 13:36:00,274.56,274.31,274.56,274.3,1612.0,442397.707
2026-09-08 13:37:00,274.33,274.31,274.56,274.31,1410.0,386983.5894
2026-09-08 13:38:00,274.31,274.0,274.31,274.0,2225.0,610111.4138
2026-09-08 13:39:00,273.9,273.5,273.9,273.49,6553.0,1792465.2246
2026-09-08 13:40:00,273.78,273.93,273.94,273.78,2348.0,643138.6545
2026-09-08 13:41:00,273.99,273.9,273.99,273.89,2093.0,573373.6777
2026-09-08 13:42:00,273.87,273.33,273.87,273.33,6525.0,1784749.0061
2026-09-08 13:43:00,273.15,272.01,273.15,271.98,19577.0,5330890.184
2026-09-08 13:44:00,271.96,270.3,271.96,270.3,22576.0,6118689.1674
2026-09-08 13:45:00,270.2,271.3,272.13,270.14,21894.0,5928724.1401
2026-09-08 13:46:00,271.1,270.94,271.1,270.78,7155.0,1938321.2759
2026-09-08 13:47:00,271.02,271.55,271.97,270.95,6625.0,1796522.4473
2026-09-08 13:48:00,271.0,271.48,271.97,271.0,7733.0,2098341.8911
2026-09-08 13:49:00,271.33,271.3,272.29,271.0,5009.0,1359048.8062
2026-09-08 13:50:00,271.0,271.2,272.16,270.95,8782.0,2383061.2639
2026-09-08 13:51:00,272.12,271.46,272.13,271.21,5657.0,1535919.255
2026-09-08 13:52:00,271.5,271.37,271.94,271.37,6031.0,1637514.5063
2026-09-08 13:53:00,271.3,271.57,271.94,271.21,4838.0,1313319.2263
2026-09-08 13:54:00,271.57,271.22,271.94,271.22,3645.0,989241.8391
2026-09-08 13:55:00,271.23,271.3,272.0,271.23,8136.0,2207438.689
2026-09-08 13:56:00,271.3,271.14,272.15,271.14,35015.0,9498938.593
2026-09-08 13:57:00,271.0,270.55,271.14,270.55,3182.0,861847.2808
2026-09-08 13:58:00,270.55,270.54,270.77,270.3,6837.0,1849414.9258
2026-09-08 13:59:00,270.49,270.5,270.92,270.45,4867.0,1316902.6936
2026-09-08 14:00:00,270.5,270.51,270.51,270.5,8737.0,2363372.3809
2026-09-08 14:01:00,270.7,269.46,270.7,269.08,65301.0,17639739.7787
2026-09-08 14:02:00,269.22,269.03,269.67,269.0,28451.0,7657823.9866
2026-09-08 14:03:00,269.03,269.05,269.76,269.03,15643.0,4209067.0718
2026-09-08 14:04:00,269.05,268.89,269.58,268.88,12739.0,3428747.668
2026-09-08 14:05:00,268.88,268.78,268.88,268.78,8938.0,2402555.7065
2026-09-08 14:06:00,268.8,267.03,268.8,267.0,34486.0,9233531.4482
2026-09-08 14:07:00,267.3,267.6,267.88,266.94,12661.0,3383072.7999
2026-09-08 14:08:00,267.6,266.66,267.6,266.18,18299.0,4889101.8651
2026-09-08 14:09:00,266.8,268.0,268.36,266.2,25166.0,6729467.7705
2026-09-08 14:10:00,268.01,267.0,268.02,266.98,24015.0,6418070.6299
2026-09-08 14:11:00,267.3,268.32,268.8,267.3,20468.0,5490976.765
2026-09-08 14:12:00,268.28,267.43,268.28,267.0,15755.0,4215934.4512
2026-09-08 14:13:00,267.43,267.45,267.68,267.0,4361.0,1166305.2954
2026-09-08 14:14:00,267.68,267.83,268.74,267.36,19299.0,5173047.8032
2026-09-08 14:15:00,268.05,268.81,268.81,268.05,7215.0,1937900.6943
2026-09-08 14:16:00,268.79,268.57,268.79,268.5,6617.0,1777463.3262
2026-09-08 14:17:00,268.15,267.89,268.55,267.89,4852.0,1300776.3867
2026-09-08 14:18:00,267.89,267.58,267.89,267.58,4935.0,1321861.4839
2026-09-08 14:19:00,267.81,268.0,268.0,267.61,3245.0,869122.1367
2026-09-08 14:20:00,268.0,267.0,268.0,267.0,13562.0,3626133.6355
2026-09-08 14:21:00,267.0,266.5,267.0,266.5,18222.0,4861533.5239
2026-09-08 14:22:00,266.55,267.18,267.43,266.45,7175.0,1914759.3047
2026-09-08 14:23:00,267.76,268.07,268.07,267.76,400.0,107166.0
2026-09-08 14:24:00,268.26,267.64,268.34,267.61,7799.0,2089127.3086
2026-09-08 14:25:00,267.64,268.8,268.8,267.63,11957.0,3207445.9147
2026-09-08 14:26:00,268.8,269.8,269.81,268.57,13182.0,3552293.1895
2026-09-08 14:27:00,269.81,269.25,269.88,269.25,16743.0,4515937.4348
2026-09-08 14:28:00,269.07,268.85,269.24,268.63,9292.0,2499185.5827
2026-09-08 14:29:00,269.07,269.45,269.51,269.07,5238.0,1410737.8232
2026-09-08 14:30:00,269.45,269.19,269.51,269.11,5600.0,1507855.9121
2026-09-08 14:31:00,269.25,269.48,269.99,269.25,10132.0,2732970.8523
2026-09-08 14:32:00,269.4,269.26,269.42,269.11,5586.0,1503808.0332
2026-09-08 14:33:00,269.28,269.28,269.89,269.28,5403.0,1456033.6338
2026-09-08 14:34:00,269.28,269.5,269.53,269.2,2927.0,788299.3631
2026-09-08 14:35:00,269.54,269.42,269.54,269.12,5347.0,1440281.4751
2026-09-08 14:36:00,269.14,268.91,269.42,268.9,8057.0,2168365.0111
2026-09-08 14:37:00,268.91,268.65,269.0,268.64,16421.0,4416528.5852
2026-09-08 14:38:00,268.64,268.7,268.87,268.64,1686.0,453076.0051
2026-09-08 14:39:00,268.7,268.5,268.7,268.5,2643.0,709920.9456
2026-09-08 14:40:00,268.65,268.51,268.88,268.5,2006.0,538928.3267
2026-09-08 14:41:00,268.87,268.78,269.5,268.78,13017.0,3502673.0693
2026-09-08 14:42:00,268.75,268.89,268.89,268.51,3765.0,1011772.9736
2026-09-08 14:43:00,268.88,268.4,268.88,268.4,4050.0,1088052.1577
2026-09-08 14:44:00,268.86,268.94,269.26,268.51,9081.0,2442480.9324
2026-09-08 14:45:00,269.02,269.12,269.69,269.02,10343.0,2783879.959
2026-09-08 14:46:00,269.6,268.99,269.6,268.7,11445.0,3078882.4854
2026-09-08 14:47:00,268.98,269.45,269.45,268.98,7351.0,1979380.1034
2026-09-08 14:48:00,269.24,269.24,269.44,269.1,3208.0,863846.0535
2026-09-08 14:49:00,269.25,270.39,270.39,269.24,10467.0,2823523.1594
2026-09-08 14:50:00,270.37,270.09,270.38,269.94,3950.0,1067370.6377
2026-09-08 14:51:00,270.09,269.09,270.38,269.09,34723.0,9362580.2471
2026-09-08 14:52:00,269.27,269.44,269.61,269.03,8693.0,2340759.3271
2026-09-08 14:53:00,269.2,269.61,269.71,269.01,5690.0,1532006.2031
2026-09-08 14:54:00,269.61,270.19,270.26,269.6,15468.0,4175947.2141
2026-09-08 14:55:00,270.19,269.71,270.2,269.71,12446.0,3360965.999
2026-09-08 14:56:00,269.71,270.74,270.74,269.71,14669.0,3967161.2422
2026-09-08 14:57:00,270.74,270.95,270.96,270.23,13634.0,3688596.4402
2026-09-08 15:00:00,270.95,270.95,270.95,270.95,17697.0,4795002.4053
2026-09-09 09:31:00,269.0,270.38,274.55,269.0,62211.0,16894718.5613
2026-09-09 09:32:00,270.0,268.0,270.37,267.0,36728.0,9879333.3007
2026-09-09 09:33:00,268.01,269.97,270.0,267.65,17055.0,4586444.7332
2026-09-09 09:34:00,269.82,272.49,273.0,269.68,16221.0,4396519.6929
2026-09-09 09:35:00,272.49,270.01,272.49,270.01,25161.0,6836401.4932
2026-09-09 09:36:00,269.42,266.01,269.42,266.01,30398.0,8131719.3895
2026-09-09 09:37:00,266.1,263.08,266.2,263.02,40194.0,10635341.9194
2026-09-09 09:38:00,263.99,265.2,265.58,263.08,29640.0,7840783.9727
2026-09-09 09:39:00,265.22,267.0,268.2,265.2,30843.0,8212964.2876
2026-09-09 09:40:00,267.0,267.78,267.91,265.21,53904.0,14378908.8345
2026-09-09 09:41:00,266.46,267.27,269.0,266.46,39865.0,10657763.2286
2026-09-09 09:42:00,267.27,268.88,268.95,267.27,7561.0,2028464.8379
2026-09-09 09:43:00,268.0,268.77,268.77,267.85,6971.0,1868507.938
2026-09-09 09:44:00,267.85,266.2,267.85,266.2,7032.0,1877180.0898
2026-09-09 09:45:00,266.3,267.0,267.0,266.3,3686.0,982454.9661
2026-09-09 09:46:00,266.74,266.2,267.29,266.02,10149.0,2702797.5005
2026-09-09 09:47:00,266.2,264.6,266.2,263.98,36098.0,9573502.4752
2026-09-09 09:48:00,264.6,265.0,266.02,264.6,6327.0,1675805.3388
2026-09-09 09:49:00,265.0,265.0,265.82,264.5,9518.0,2521321.7069
2026-09-09 09:50:00,264.5,262.0,264.5,260.52,24158.0,6352384.5654
2026-09-09 09:51:00,260.89,262.0,262.96,260.89,26845.0,7028269.469
2026-09-09 09:52:00,262.0,261.61,262.6,261.44,31996.0,8379102.0232
2026-09-09 09:53:00,261.0,259.0,261.0,258.0,63374.0,16453072.8306
2026-09-09 09:54:00,259.47,260.6,261.66,259.0,29102.0,7575433.4504
2026-09-09 09:55:00,260.99,262.4,262.5,260.99,17390.0,4554446.2488
2026-09-09 09:56:00,262.4,262.25,262.4,261.0,30802.0,8060670.3508
2026-09-09 09:57:00,261.91,262.0,262.5,261.47,11207.0,2933683.1676
2026-09-09 09:58:00,261.52,261.47,262.0,261.0,20029.0,5232494.4382
2026-09-09 09:59:00,261.43,261.0,262.0,260.0,36731.0,9569279.4701
2026-09-09 10:00:00,260.99,261.18,261.18,260.25,7045.0,1837937.3438
2026-09-09 10:01:00,261.98,263.95,264.0,261.22,14058.0,3700448.3116
2026-09-09 10:02:00,262.66,263.18,263.36,262.0,33775.0,8863963.4082
2026-09-09 10:03:00,263.36,262.99,264.76,262.99,24091.0,6358322.925
2026-09-09 10:04:00,262.99,265.0,266.0,262.99,31086.0,8223199.6963
2026-09-09 10:05:00,264.86,263.81,264.86,262.72,4685.0,1235417.7244
2026-09-09 10:06:00,263.0,262.12,263.67,262.12,4025.0,1056913.3594
2026-09-09 10:07:00,262.18,262.01,262.18,262.01,4101.0,1074816.6953
2026-09-09 10:08:00,262.0,262.02,262.02,261.26,4039.0,1056685.9082
2026-09-09 10:09:00,262.04,261.65,262.05,261.65,3698.0,968594.218
2026-09-09 10:10:00,261.3,260.32,261.3,260.32,3678.0,959368.9541
2026-09-09 10:11:00,260.32,261.3,261.3,260.31,2997.0,781884.6172
2026-09-09 10:12:00,261.27,261.43,261.99,261.26,4429.0,1158272.3691
2026-09-09 10:13:00,261.55,261.6,261.66,261.44,6943.0,1816099.4634
2026-09-09 10:14:00,261.6,261.0,261.6,260.62,6814.0,1779790.8311
2026-09-09 10:15:00,261.01,261.0,261.1,260.62,5563.0,1451537.4185
2026-09-09 10:16:00,261.0,260.75,261.0,260.61,4273.0,1114498.8613
2026-09-09 10:17:00,260.87,260.76,260.87,260.31,5990.0,1561448.5532
2026-09-09 10:18:00,261.0,260.63,261.54,260.35,11516.0,3006670.8271
2026-09-09 10:19:00,260.63,260.41,260.99,260.3,13628.0,3550004.0762
2026-09-09 10:20:00,260.2,260.18,260.52,260.15,3519.0,915823.8267
2026-09-09 10:21:00,260.15,260.21,260.21,259.55,42409.0,11026159.7153
2026-09-09 10:22:00,260.18,259.5,260.23,259.48,9827.0,2554384.502
2026-09-09 10:23:00,259.6,259.9,260.19,259.5,28713.0,7455749.4907
2026-09-09 10:24:00,260.19,260.62,260.75,260.0,4239.0,1103364.2749
2026-09-09 10:25:00,260.02,260.88,260.88,260.0,5847.0,1522861.4885
2026-09-09 10:26:00,261.02,260.18,261.28,260.18,1200.0,312937.9941
2026-09-09 10:27:00,260.31,260.0,261.0,260.0,32100.0,8360506.46
2026-09-09 10:28:00,259.93,257.12,260.22,257.12,41223.0,10662734.9749
2026-09-09 10:29:00,257.49,257.22,259.0,257.15,44741.0,11542208.8765
2026-09-09 10:30:00,257.47,256.75,257.47,255.88,25398.0,6507753.7379
2026-09-09 10:31:00,256.01,257.88,258.63,256.0,20314.0,5215261.2463
2026-09-09 10:32:00,257.88,257.0,258.48,257.0,11026.0,2834905.5117
2026-09-09 10:33:00,257.6,257.7,258.21,257.3,4485.0,1154893.7422
2026-09-09 10:34:00,257.8,258.63,259.0,257.8,6142.0,1589091.5444
2026-09-09 10:35:00,258.9,258.01,258.9,258.01,5497.0,1420725.0459
2026-09-09 10:36:00,258.01,258.01,258.63,258.0,11765.0,3038462.771
2026-09-09 10:37:00,258.0,258.1,258.1,258.0,2618.0,675497.4834
2026-09-09 10:38:00,258.1,258.0,258.33,257.63,14805.0,3818974.1394
2026-09-09 10:39:00,258.11,259.5,261.0,258.11,7345.0,1905325.6602
2026-09-09 10:40:00,259.5,260.76,260.82,259.5,1470.0,382211.2969
2026-09-09 10:41:00,260.58,260.99,260.99,260.2,4040.0,1053318.8123
2026-09-09 10:42:00,260.99,260.97,261.0,260.97,900.0,234890.7969
2026-09-09 10:43:00,260.62,260.31,260.62,260.0,2000.0,520578.9961
2026-09-09 10:44:00,260.31,260.31,260.32,260.31,800.0,208250.0
2026-09-09 10:45:00,260.08,260.08,260.08,260.08,200.0,52015.9961
2026-09-09 10:46:00,260.0,260.35,260.9,260.0,3240.0,842698.5598
2026-09-09 10:47:00,260.36,260.9,260.9,260.35,4029.0,1050067.7695
2026-09-09 10:48:00,260.9,260.35,260.9,260.35,7774.0,2025640.1324
2026-09-09 10:49:00,260.35,258.65,260.35,258.65,3179.0,825296.6781
2026-09-09 10:50:00,258.6,260.42,260.42,258.5,13514.0,3503946.5684
2026-09-09 10:51:00,260.42,260.33,260.8,258.5,16129.0,4199358.0898
2026-09-09 10:52:00,259.58,260.0,260.83,259.11,7016.0,1825750.8555
2026-09-09 10:53:00,259.13,260.5,260.5,259.13,1800.0,467121.502
2026-09-09 10:54:00,259.22,259.8,260.26,259.22,600.0,155844.5566
2026-09-09 10:55:00,259.8,260.0,260.0,259.8,866.0,225026.7891
2026-09-09 10:56:00,259.8,259.8,259.81,259.8,817.0,212262.5982
2026-09-09 10:57:00,259.79,259.5,259.81,259.5,2961.0,769192.2031
2026-09-09 10:58:00,260.03,260.5,260.5,259.37,12137.0,3156004.3398
2026-09-09 10:59:00,260.37,260.07,260.37,260.07,1800.0,468566.0
2026-09-09 11:00:00,260.0,260.43,260.61,260.0,1379.0,358873.1016
2026-09-09 11:01:00,260.8,262.0,262.12,260.8,2113.0,552088.1616
2026-09-09 11:02:00,261.99,262.0,262.48,261.36,11576.0,3032709.5195
2026-09-09 11:03:00,261.99,261.3,262.01,261.3,11400.0,2986095.9805
2026-09-09 11:04:00,261.61,261.33,261.61,261.3,600.0,156896.0381
2026-09-09 11:05:00,261.3,261.01,261.3,261.01,565.0,147515.6016
2026-09-09 11:06:00,260.56,260.21,260.89,260.21,1116.0,290740.47
2026-09-09 11:07:00,260.23,260.23,260.23,260.23,201.0,52306.2305
2026-09-09 11:08:00,260.86,261.3,261.3,260.86,1352.0,352731.5957
2026-09-09 11:09:00,261.3,261.3,261.3,261.3,1548.0,404492.375
2026-09-09 11:10:00,261.3,261.3,261.3,261.3,562.0,146850.5898
2026-09-09 11:11:00,261.42,261.33,261.42,261.33,1218.0,318407.9673
2026-09-09 11:12:00,261.33,261.73,261.75,261.3,3647.0,953236.5625
2026-09-09 11:13:00,261.36,261.36,261.36,261.36,205.0,53578.7969
2026-09-09 11:14:00,261.6,261.6,261.69,261.6,936.0,244917.1298
2026-09-09 11:15:00,261.38,261.29,261.38,261.0,13061.0,3412091.1064
2026-09-09 11:16:00,260.38,260.31,260.78,260.31,3956.0,1030053.3555
2026-09-09 11:17:00,260.78,260.72,261.0,260.72,1698.0,442794.5627
2026-09-09 11:18:00,261.0,261.0,261.0,261.0,5000.0,1305000.0
2026-09-09 11:19:00,261.0,262.0,262.0,261.0,9021.0,2357283.0029
2026-09-09 11:20:00,262.4,262.6,262.8,262.4,16433.0,4317968.25
2026-09-09 11:21:00,262.6,263.79,263.79,262.0,7337.0,1927863.4082
2026-09-09 11:22:00,262.66,262.61,262.66,262.61,1156.0,303608.958
2026-09-09 11:23:00,262.51,262.24,262.51,262.24,400.0,104950.0
2026-09-09 11:24:00,262.23,262.17,262.23,261.93,2940.0,770338.7266
2026-09-09 11:26:00,261.01,261.01,261.01,261.01,200.0,52202.0
2026-09-09 11:28:00,261.26,261.71,261.71,261.26,402.0,105113.42
2026-09-09 11:29:00,261.69,261.69,261.69,261.69,250.0,65422.5
2026-09-09 11:30:00,261.32,260.6,261.32,260.6,2709.0,707040.8525
2026-09-09 13:01:00,260.5,259.53,260.53,259.13,9988.0,2595289.6802
2026-09-09 13:02:00,259.76,259.43,260.01,259.43,8367.0,2173697.7246
2026-09-09 13:03:00,259.43,259.73,259.73,259.43,500.0,129775.0039
2026-09-09 13:04:00,259.73,259.5,259.73,259.0,5806.0,1505902.5956
2026-09-09 13:05:00,259.5,259.73,260.01,259.5,5068.0,1317271.5391
2026-09-09 13:06:00,260.01,260.01,260.01,259.51,3676.0,955175.7886
2026-09-09 13:07:00,260.96,259.95,260.96,259.74,1200.0,312058.0117
2026-09-09 13:08:00,259.96,259.83,260.33,259.83,2877.0,747823.0625
2026-09-09 13:09:00,259.2,259.85,259.85,259.2,3626.0,941838.7256
2026-09-09 13:10:00,259.85,259.85,259.85,259.8,2032.0,528005.1973
2026-09-09 13:11:00,260.02,261.0,261.0,259.85,5067.0,1320128.877
2026-09-09 13:12:00,260.2,260.2,260.2,260.2,200.0,52040.0039
2026-09-09 13:13:00,260.4,260.38,260.4,260.38,638.0,166126.4404
2026-09-09 13:14:00,260.38,260.18,260.38,260.18,1368.0,355973.4824
2026-09-09 13:15:00,259.8,259.22,259.8,259.22,6214.0,1612938.2295
2026-09-09 13:16:00,259.45,259.7,259.7,259.22,2422.0,628800.3545
2026-09-09 13:17:00,259.71,259.72,259.73,259.68,8077.0,2097740.0938
2026-09-09 13:18:00,259.72,259.65,259.72,259.44,5659.0,1468932.0239
2026-09-09 13:19:00,259.65,259.66,259.89,259.65,8476.0,2201193.0586
2026-09-09 13:20:00,259.66,259.66,259.66,259.66,200.0,51932.0
2026-09-09 13:21:00,259.65,259.5,259.65,259.5,4215.0,1093886.0938
2026-09-09 13:22:00,259.5,258.8,259.5,258.8,23846.0,6180165.2219
2026-09-09 13:23:00,258.52,258.72,258.72,257.9,33966.0,8777207.5101
2026-09-09 13:24:00,258.0,258.0,258.01,257.9,5594.0,1443157.7988
2026-09-09 13:25:00,258.0,258.8,258.8,257.4,2200.0,568048.3066
2026-09-09 13:26:00,258.8,258.51,258.8,258.51,1100.0,284534.9961
2026-09-09 13:27:00,258.8,259.44,259.44,258.8,1179.0,305271.9141
2026-09-09 13:28:00,259.44,258.8,259.44,258.76,3080.0,797463.2891
2026-09-09 13:29:00,258.76,258.52,258.76,258.52,1200.0,310271.9922
2026-09-09 13:30:00,258.52,258.52,258.53,258.52,2983.0,771169.2402
2026-09-09 13:31:00,258.52,258.0,258.55,258.0,7298.0,1886319.9141
2026-09-09 13:32:00,258.0,258.09,258.09,257.5,3654.0,942669.7959
2026-09-09 13:33:00,257.5,257.5,257.5,257.5,564.0,145230.0
2026-09-09 13:34:00,257.5,258.05,258.05,257.32,2600.0,670428.3608
2026-09-09 13:35:00,258.5,258.5,258.59,258.19,3720.0,961166.7969
2026-09-09 13:36:00,258.8,259.3,259.3,258.8,1000.0,258991.9922
2026-09-09 13:37:00,258.57,258.57,258.57,258.57,200.0,51714.0
2026-09-09 13:38:00,258.57,258.49,258.57,258.49,1022.0,264213.0017
2026-09-09 13:39:00,258.23,258.22,258.23,258.22,1337.0,345242.1445
2026-09-09 13:40:00,258.3,258.57,258.6,258.3,6870.0,1775116.459
2026-09-09 13:41:00,258.67,259.0,259.01,258.67,2383.0,616979.6133
2026-09-09 13:42:00,259.38,259.1,259.39,259.1,700.0,181513.0078
2026-09-09 13:43:00,259.0,258.99,259.0,258.99,4130.0,1069636.1563
2026-09-09 13:44:00,258.68,258.99,258.99,258.68,1031.0,266956.6851
2026-09-09 13:45:00,258.98,258.9,258.98,258.9,1011.0,261812.7891
2026-09-09 13:46:00,258.98,258.69,258.98,258.69,1789.0,463066.5225
2026-09-09 13:47:00,258.68,258.38,260.0,258.38,35843.0,9292945.4277
2026-09-09 13:48:00,258.41,258.37,258.41,258.37,1607.0,415256.5908
2026-09-09 13:49:00,258.42,258.41,258.42,258.41,820.0,211901.7246
2026-09-09 13:50:00,258.42,258.19,258.74,258.19,7205.0,1861532.4585
2026-09-09 13:51:00,258.2,258.19,258.2,258.19,1381.0,356570.3057
2026-09-09 13:52:00,258.2,258.86,258.86,258.2,1818.0,469933.9688
2026-09-09 13:53:00,258.86,259.01,259.01,258.86,1200.0,310719.9863
2026-09-09 13:54:00,259.01,258.86,259.02,258.86,9874.0,2556747.3477
2026-09-09 13:55:00,258.86,258.86,258.86,258.86,797.0,206311.4063
2026-09-09 13:56:00,258.8,258.8,258.81,258.8,864.0,223605.1914
2026-09-09 13:57:00,258.8,258.8,258.8,258.8,300.0,77640.0
2026-09-09 13:58:00,258.8,259.35,259.35,258.8,5936.0,1537585.4858
2026-09-09 13:59:00,259.13,259.22,259.35,258.6,3000.0,777020.25
2026-09-09 14:00:00,259.25,258.9,259.25,258.7,2134.0,552526.606
2026-09-09 14:01:00,258.9,259.26,259.66,258.9,3258.0,844781.449
2026-09-09 14:02:00,259.0,258.85,259.0,258.71,1702.0,440499.6961
2026-09-09 14:03:00,258.58,258.0,258.58,257.32,8303.0,2143585.709
2026-09-09 14:04:00,258.0,257.2,258.0,257.2,8186.0,2110418.0146
2026-09-09 14:05:00,257.2,257.17,257.24,257.0,8682.0,2232154.2148
2026-09-09 14:06:00,257.54,257.2,257.55,257.17,3672.0,944945.6144
2026-09-09 14:07:00,257.2,257.18,257.2,257.18,3173.0,816055.3867
2026-09-09 14:08:00,257.18,256.85,257.18,256.85,29265.0,7521819.7051
2026-09-09 14:09:00,256.87,257.47,258.0,256.87,11069.0,2846325.1592
2026-09-09 14:10:00,257.57,257.57,257.57,257.57,1000.0,257570.0
2026-09-09 14:11:00,257.57,257.5,257.91,257.4,3958.0,1019673.9961
2026-09-09 14:12:00,257.5,257.4,257.5,257.4,700.0,180206.3867
2026-09-09 14:13:00,257.5,257.5,257.5,257.5,542.0,139565.0
2026-09-09 14:14:00,257.6,257.45,257.6,257.45,1000.0,257534.0068
2026-09-09 14:15:00,257.4,257.87,257.87,257.4,2291.0,590093.5166
2026-09-09 14:16:00,257.6,258.64,258.64,257.6,3445.0,888513.0957
2026-09-09 14:17:00,258.7,259.36,259.36,258.7,600.0,155352.0039
2026-09-09 14:18:00,259.02,259.02,259.02,259.02,400.0,103607.9922
2026-09-09 14:19:00,258.86,259.34,259.34,258.86,2090.0,541655.8802
2026-09-09 14:20:00,259.34,259.2,259.34,259.2,6739.0,1747044.418
2026-09-09 14:21:00,259.16,259.16,259.16,259.16,820.0,212511.2031
2026-09-09 14:22:00,259.16,258.72,259.16,258.72,1915.0,495945.418
2026-09-09 14:23:00,258.7,258.73,258.73,258.7,800.0,206972.0078
2026-09-09 14:24:00,258.99,259.35,259.35,258.99,2944.0,762734.5
2026-09-09 14:25:00,259.35,259.54,259.54,259.35,1556.0,403806.252
2026-09-09 14:26:00,259.54,259.5,259.54,259.5,724.0,187904.3701
2026-09-09 14:27:00,259.71,259.09,259.71,259.09,3434.0,891554.0508
2026-09-09 14:28:00,259.09,258.39,259.09,258.09,12484.0,3230287.2949
2026-09-09 14:29:00,258.67,258.65,258.67,258.61,2461.0,636481.2383
2026-09-09 14:30:00,258.11,258.11,258.11,258.11,200.0,51621.9961
2026-09-09 14:31:00,258.4,259.0,259.0,258.4,2016.0,521246.0
2026-09-09 14:32:00,258.65,258.65,258.65,258.11,1591.0,411243.0117
2026-09-09 14:33:00,258.65,258.17,258.65,258.17,8348.0,2157042.6552
2026-09-09 14:34:00,258.59,258.76,258.76,258.22,6750.0,1745190.8086
2026-09-09 14:35:00,258.49,258.5,258.5,258.49,600.0,155096.0
2026-09-09 14:36:00,258.63,259.09,259.09,258.63,2055.0,531859.6963
2026-09-09 14:37:00,259.09,259.5,259.5,259.09,2685.0,696026.625
2026-09-09 14:38:00,259.5,259.5,259.5,259.5,10000.0,2595000.0
2026-09-09 14:39:00,259.09,258.99,259.09,258.97,3075.0,796530.2461
2026-09-09 14:40:00,258.99,258.68,259.3,258.68,10391.0,2691193.1945
2026-09-09 14:41:00,258.68,258.78,258.8,258.67,2064.0,533949.3643
2026-09-09 14:42:00,258.78,258.4,258.78,258.22,10811.0,2794938.0372
2026-09-09 14:43:00,258.76,258.3,258.78,258.3,7103.0,1835205.5449
2026-09-09 14:44:00,258.41,258.3,258.41,258.28,1006.0,259867.7891
2026-09-09 14:45:00,258.3,258.28,258.41,258.28,4040.0,1043648.2227
2026-09-09 14:46:00,258.22,258.0,258.27,258.0,4757.0,1227690.707
2026-09-09 14:47:00,258.0,257.91,258.22,257.6,11568.0,2983319.627
2026-09-09 14:48:00,257.91,257.91,257.92,257.6,3180.0,820083.8474
2026-09-09 14:49:00,257.66,257.02,257.67,257.0,12117.0,3119014.998
2026-09-09 14:50:00,257.02,257.5,257.5,257.02,5654.0,1454720.5967
2026-09-09 14:51:00,257.06,258.54,258.54,257.06,6702.0,1729509.0078
2026-09-09 14:52:00,258.54,258.56,258.8,258.3,5247.0,1356474.4817
2026-09-09 14:53:00,258.3,258.36,258.5,258.13,2574.0,665058.3828
2026-09-09 14:54:00,258.48,258.52,258.58,258.36,4028.0,1041306.9067
2026-09-09 14:55:00,258.56,259.13,259.39,258.56,11509.0,2980297.9653
2026-09-09 14:56:00,259.0,259.14,259.14,258.89,7808.0,2022423.0294
2026-09-09 14:57:00,259.0,258.4,259.09,258.4,12715.0,3292562.6248
2026-09-09 15:00:00,258.58,258.58,258.58,258.58,25573.0,6612666.0032
