序号,代码,名称,最新价,涨跌幅,换手率,市盈率,主力成本,机构参与度,综合得分,上升,目前排名,关注指数,交易日
1,000001,平安银行,11.7,-0.68,0.3,4.42,11.728314771214,0.3644572,68.42000985,44.0,1806.0,90.0,2026-09-09
2,000002,万  科Ａ,3.19,-2.45,1.16,-1.27,3.213705846139,0.333398,62.48091403,-1797.0,3693.0,84.0,2026-09-09
3,000006,深振业Ａ,7.19,-2.31,1.19,-50.7,7.209485923445,0.3213512,62.95253862,-1806.0,3553.0,80.0,2026-09-09
4,000007,全新好,11.77,0.77,2.24,-734.96,11.702521342171,0.2789696,58.24384954,-398.0,4665.0,68.8,2026-09-09
5,000008,神州高铁,2.5,-1.57,0.95,-63.6,2.508768340558,0.280786909091,60.62829374,-1239.0,4181.0,73.6,2026-09-09
6,000009,中国宝安,7.11,-0.28,0.38,-308.38,7.111245019369,0.2298932,60.58704269,-1074.0,4195.0,77.2,2026-09-09
7,000010,*ST美丽,1.69,-5.06,3.35,-57.1,1.721470250095,0.2819864,61.1603801,-2421.0,4042.0,69.6,2026-09-09
8,000011,深物业A,9.18,-3.27,5.97,-40.13,9.243537509405,0.1927136,63.81400956,-2524.0,3301.0,86.0,2026-09-09
9,000012,南  玻Ａ,3.77,-0.79,0.66,-13.62,3.776236562431,0.2686764,60.81253953,-1379.0,4131.0,70.4,2026-09-09
10,000014,沙河股份,10.86,-1.72,3.25,-93.17,10.937514995258,0.1163848,59.98513455,-2157.0,4325.0,76.0,2026-09-09
11,000016,*ST康佳A,,,0.0,-17.14,2.456638278291,0.293998888889,66.85601877,163.0,2288.0,70.4,2026-09-09
12,000017,深中华A,9.26,-1.49,17.8,301.52,9.247393329098,0.238424,62.52598692,-433.0,3676.0,84.4,2026-09-09
13,000019,深粮控股,8.46,10.01,17.01,43.58,8.212076764702,0.4687628,73.67749176,2560.0,578.0,82.4,2026-09-09
14,000020,深华发Ａ,14.9,8.76,6.56,250.96,14.881078413863,0.3534408,77.18872681,242.0,214.0,85.2,2026-09-09
15,000021,深科技,34.99,0.0,2.8,51.02,35.180921792903,0.3058192,66.10174483,277.0,2536.0,72.0,2026-09-09
16,000025,特  力Ａ,15.63,0.26,1.65,39.78,15.605683870575,0.2281412,65.73051261,-780.0,2658.0,78.0,2026-09-09
17,000026,飞亚达,19.38,-1.97,2.13,39.12,19.597822532441,0.2312324,70.55306703,-726.0,1218.0,77.6,2026-09-09
18,000027,深圳能源,6.41,0.79,0.47,8.01,6.387011174109,0.3069776,66.62780651,-924.0,2376.0,77.2,2026-09-09
19,000028,国药一致,20.3,-0.29,0.36,10.25,20.316166118745,0.1621784,69.31952927,1099.0,1542.0,73.6,2026-09-09
20,000029,深深房Ａ,22.8,-0.87,0.57,-1347.29,22.748865466446,0.3006988,64.71721298,-996.0,3012.0,69.6,2026-09-09
21,000030,富奥股份,4.07,-0.25,0.54,18.62,4.072912722286,0.2338088,68.41425887,270.0,1810.0,67.2,2026-09-09
22,000031,大悦城,2.28,-3.8,1.23,-6.76,2.296204437476,0.2507028,61.64520431,-1902.0,3925.0,75.2,2026-09-09
23,000032,深桑达Ａ,14.01,-0.78,1.75,-40.85,14.135710025396,0.1880176,61.59116676,191.0,3934.0,70.8,2026-09-09
24,000034,神州数码,23.17,-1.19,1.59,23.75,23.260754767036,0.2837004,68.14590239,-19.0,1883.0,73.2,2026-09-09
25,000035,中国天楹,5.05,0.4,1.35,28.24,5.032220590787,0.3208832,65.49989772,-1616.0,2731.0,75.6,2026-09-09
26,000036,华联控股,3.97,0.0,1.21,100.59,3.953107368126,0.2805228,65.18568883,139.0,2844.0,70.0,2026-09-09
27,000037,深南电A,9.47,0.53,2.95,143.9,9.41525495313,0.219966,61.20631043,313.0,4035.0,75.2,2026-09-09
28,000039,中集集团,9.6,2.24,1.35,35.0,9.539343422961,0.2843376,72.12609471,2472.0,860.0,83.6,2026-09-09
29,000042,中洲控股,8.54,-1.61,0.58,2.87,8.574953549927,0.0965468,66.02478965,362.0,2557.0,67.6,2026-09-09
30,000045,深纺织Ａ,10.99,-0.18,0.61,54.82,10.962260347416,0.1474888,66.46347088,103.0,2415.0,69.6,2026-09-09
31,000048,京基智农,21.09,-2.81,4.85,-11.43,20.614600274717,0.3442968,56.08125805,-346.0,4972.0,65.2,2026-09-09
32,000049,德赛电池,22.79,-0.57,1.2,21.35,22.78080089092,0.268258,64.32866769,229.0,3156.0,79.2,2026-09-09
33,000050,深天马Ａ,6.51,-1.36,0.69,-10.89,6.544317102314,0.2393676,60.66951683,-1026.0,4173.0,72.4,2026-09-09
34,000055,方大集团,3.61,-1.1,1.21,35.57,3.607427506214,0.1826248,63.43318016,-1902.0,3422.0,66.0,2026-09-09
35,000056,*ST皇庭,2.4,2.13,2.37,-5.21,2.357402317442,0.4488308,73.53658226,1624.0,603.0,69.6,2026-09-09
36,000058,深 赛 格,7.27,-0.41,0.77,85.58,7.247466120928,0.165896,66.85064266,-668.0,2292.0,79.6,2026-09-09
37,000059,华锦股份,5.96,-3.09,5.06,13.05,5.946724860394,0.3013104,72.24791465,200.0,843.0,86.0,2026-09-09
38,000060,中金岭南,6.68,1.37,2.56,12.99,6.640609932581,0.410008,67.48973488,-1299.0,2077.0,75.6,2026-09-09
39,000061,农 产 品,6.8,1.49,2.92,26.62,6.790378365872,0.3221284,80.85126275,48.0,60.0,81.6,2026-09-09
40,000062,深圳华强,23.42,-1.01,1.78,31.29,23.464719236835,0.2212448,64.09819941,-179.0,3216.0,80.0,2026-09-09
41,000063,中兴通讯,33.09,-0.36,1.09,28.75,33.166088047132,0.379636,62.5418723,4.0,3671.0,80.4,2026-09-09
42,000065,北方国际,9.81,-0.81,1.07,17.47,9.826140645839,0.2472544,69.51455997,-353.0,1487.0,80.8,2026-09-09
43,000066,中国长城,14.55,-0.27,2.34,75.21,14.701369187508,0.3084824,59.01274921,-22.0,4525.0,76.4,2026-09-09
44,000068,华控赛格,3.31,-1.19,0.95,-41.31,3.310175039402,0.1893116,60.74913623,585.0,4150.0,67.2,2026-09-09
45,000069,华侨城Ａ,1.85,-1.07,0.6,-2.13,1.845285892403,0.3205932,59.89551658,-1852.0,4343.0,76.8,2026-09-09
46,000070,特发信息,16.69,1.15,10.19,116.76,16.796143697658,0.2984944,64.16882507,-1784.0,3193.0,92.4,2026-09-09
47,000078,ST海王,1.55,-3.13,3.42,-10.0,1.565632733409,0.3469572,57.34084969,-294.0,4809.0,75.6,2026-09-09
48,000088,盐 田 港,4.64,0.87,2.27,17.32,4.678261857366,0.3405248,70.29900711,-734.0,1269.0,75.6,2026-09-09
49,000089,深圳机场,6.65,0.0,0.61,9.26,6.647900698944,0.3326552,69.70434215,-646.0,1428.0,74.4,2026-09-09
50,000090,天健集团,3.57,-2.72,1.01,-10.02,3.587522979524,0.217122,65.7178126,-1627.0,2664.0,69.2,2026-09-09
51,000096,广聚能源,8.42,-0.36,0.97,32.4,8.402522324557,0.0962708,66.64565174,-702.0,2370.0,73.6,2026-09-09
52,000099,中信海直,13.81,-0.14,0.75,42.75,13.798281233201,0.17221,65.38257678,-804.0,2774.0,76.0,2026-09-09
53,000100,TCL科技,4.74,-0.42,1.41,13.66,4.744381619104,0.4417296,70.8858109,1106.0,1148.0,72.4,2026-09-09
54,000151,中成股份,10.42,-0.57,1.17,97.44,10.394736375264,0.1900128,69.64644097,-203.0,1446.0,73.6,2026-09-09
55,000153,丰原药业,6.41,-1.84,2.56,20.89,6.405848413541,0.1442468,66.21778864,-362.0,2488.0,77.6,2026-09-09
56,000155,川能动力,12.11,-0.41,1.13,15.83,12.090053010807,0.3497792,65.60877321,-154.0,2696.0,79.2,2026-09-09
57,000156,华数传媒,7.02,-1.96,0.55,30.95,7.009324353448,0.1548652,68.43160697,-1161.0,1803.0,76.0,2026-09-09
58,000157,中联重科,6.66,-0.3,0.4,13.7,6.652449879187,0.3643624,72.23046865,152.0,845.0,80.4,2026-09-09
59,000158,常山北明,13.29,-3.2,2.52,-93.68,13.338282621104,0.2038628,62.48901635,265.0,3691.0,88.0,2026-09-09
60,000159,国际实业,5.87,-0.17,1.75,92.45,5.834121366565,0.1689384,63.25912873,-1845.0,3470.0,68.4,2026-09-09
61,000166,申万宏源,4.55,0.22,0.2,9.94,4.539302132657,0.4326368,67.98674334,76.0,1931.0,79.6,2026-09-09
62,000301,东方盛虹,14.16,-0.28,0.47,10.4,14.130473896913,0.2844884,75.72220725,-305.0,334.0,85.2,2026-09-09
63,000333,美的集团,86.02,1.02,0.26,12.41,85.499161669066,0.4041388,79.13738982,276.0,119.0,89.6,2026-09-09
64,000338,潍柴动力,27.85,4.66,2.24,15.62,27.73509996848,0.465346,78.29310084,1250.0,158.0,85.6,2026-09-09
65,000400,许继电气,21.6,0.05,0.75,26.45,21.529093960836,0.2583208,72.54976284,1176.0,789.0,82.8,2026-09-09
66,000401,金隅冀东,3.65,-0.82,0.25,-5.06,3.656660947811,0.1491308,60.74189246,-1595.0,4157.0,74.4,2026-09-09
67,000402,金 融 街,2.58,-2.27,1.59,-44.55,2.584962340016,0.3913264,63.50026248,-188.0,3398.0,74.4,2026-09-09
68,000403,派林生物,10.51,-1.31,0.41,59.24,10.568604368764,0.1615132,70.05135845,337.0,1337.0,68.8,2026-09-09
69,000404,长虹华意,7.12,-0.42,0.71,9.89,7.106046990555,0.2106804,66.43048739,-647.0,2429.0,67.2,2026-09-09
70,000407,胜利股份,4.38,0.46,2.07,19.16,4.372379444906,0.2704896,73.31671912,-96.0,634.0,76.8,2026-09-09
71,000408,藏格矿业,78.56,2.98,0.83,16.94,77.57884492582,0.4466448,78.42073861,68.0,152.0,84.4,2026-09-09
72,000409,云鼎科技,9.07,-1.31,0.63,82.74,9.077028305214,0.1321548,69.6610297,409.0,1442.0,76.4,2026-09-09
73,000410,沈阳机床,5.21,-1.7,0.69,-354.76,5.234904896867,0.2273696,63.8222679,284.0,3299.0,81.6,2026-09-09
74,000411,英特集团,10.12,-1.75,0.43,14.64,10.157002494012,0.0928268,70.17569512,600.0,1301.0,70.8,2026-09-09
75,000415,渤海租赁,4.58,0.44,1.26,4.42,4.577255340732,0.2589128,68.19435309,-289.0,1874.0,78.0,2026-09-09
76,000417,合百集团,6.75,1.05,10.63,43.6,6.641163519952,0.2467884,72.53970704,1138.0,791.0,83.2,2026-09-09
77,000419,通程控股,5.33,0.57,1.8,19.69,5.296944959295,0.188912,70.31055418,299.0,1268.0,70.8,2026-09-09
78,000420,吉林化纤,3.74,-0.27,1.72,143.48,3.72266567322,0.2751752,55.76708487,-39.0,5004.0,76.8,2026-09-09
79,000421,南京公用,5.97,-0.33,1.47,20.8,5.953409833547,0.151904,67.15355655,-1475.0,2192.0,78.4,2026-09-09
80,000422,湖北宜化,13.08,0.77,3.74,22.27,12.98969008691,0.3453236,64.5451802,-2080.0,3069.0,84.0,2026-09-09
81,000423,东阿阿胶,46.71,-0.34,0.56,17.37,46.699070318661,0.135192,74.36354658,697.0,489.0,85.2,2026-09-09
82,000425,徐工机械,8.38,0.6,0.86,12.39,8.327188994139,0.3886448,70.62826582,1136.0,1199.0,86.4,2026-09-09
83,000426,兴业银锡,38.66,2.49,2.72,15.17,38.041570373152,0.4193668,78.62763398,213.0,143.0,86.4,2026-09-09
84,000428,华天酒店,5.14,-3.02,11.04,-23.14,5.072047799727,0.3124356,73.58447399,415.0,591.0,88.8,2026-09-09
85,000429,粤高速Ａ,12.62,-0.79,0.73,15.52,12.643284051741,0.1772288,68.62174092,224.0,1750.0,73.2,2026-09-09
86,000430,张家界,7.74,-2.89,9.53,10.16,7.725810966853,0.2388364,64.05775899,-453.0,3232.0,82.4,2026-09-09
87,000488,ST晨鸣,2.22,8.29,2.85,-4.15,2.167596975196,0.3304236,65.54203164,1180.0,2719.0,75.6,2026-09-09
88,000498,山东路桥,4.98,-0.2,0.39,5.29,4.988041024722,0.1818768,68.69392019,286.0,1725.0,72.4,2026-09-09
89,000501,武商集团,7.76,0.52,2.19,22.75,7.692805419379,0.2374096,75.35298471,772.0,370.0,77.6,2026-09-09
90,000503,国新健康,6.97,-1.97,1.04,-33.37,6.991858325471,0.1844164,61.57771204,-1606.0,3937.0,73.6,2026-09-09
91,000504,南华生物,8.65,-0.8,1.44,238.18,8.646237773556,0.1789772,70.28411109,-518.0,1275.0,71.2,2026-09-09
92,000505,京粮控股,7.94,2.85,15.87,359.29,7.849990188702,0.2532412,59.54957675,-351.0,4421.0,87.2,2026-09-09
93,000506,招金黄金,19.28,-0.21,8.21,39.49,19.008764916135,0.2601168,64.01832192,861.0,3244.0,85.2,2026-09-09
94,000507,珠海港,5.16,1.57,2.27,14.6,5.149774373815,0.3226396,70.48696612,2397.0,1232.0,74.0,2026-09-09
95,000509,华塑控股,3.53,-1.12,1.4,-107.25,3.54030342251,0.1936352,57.50067012,-168.0,4785.0,66.8,2026-09-09
96,000510,新金路,17.32,0.58,3.89,-75.83,17.278364798541,0.2724816,61.38809583,656.0,3982.0,72.4,2026-09-09
97,000513,丽珠集团,27.35,0.48,1.15,13.03,27.354446375664,0.2633816,67.16483832,130.0,2189.0,81.2,2026-09-09
98,000514,渝 开 发,4.34,-1.14,1.45,-501.89,4.350503114931,0.1291016,63.99903846,-643.0,3248.0,76.8,2026-09-09
99,000516,国际医学,4.28,0.0,1.01,-73.35,4.254465878245,0.223826,65.20835633,-1142.0,2834.0,78.8,2026-09-09
100,000517,荣安地产,2.14,-3.17,0.99,-21.75,2.149399921123,0.192904,59.70152328,-355.0,4380.0,65.6,2026-09-09
101,000518,四环生物,3.86,-2.53,2.7,-76.92,3.898347760626,0.2856048,63.1957049,-2047.0,3486.0,72.0,2026-09-09
102,000519,中兵红箭,16.63,3.55,8.1,311.28,16.39625149087,0.3102132,79.08358484,105.0,121.0,94.8,2026-09-09
103,000520,凤凰航运,4.53,2.49,8.76,76.69,4.503987384663,0.2658516,75.4651952,2537.0,355.0,83.2,2026-09-09
104,000521,长虹美菱,4.8,-2.83,2.25,42.63,4.818798812384,0.2530272,66.24929006,825.0,2476.0,71.2,2026-09-09
105,000523,红棉股份,4.36,10.1,1.38,52.59,4.36,0.5034832,75.60074821,-261.0,348.0,88.8,2026-09-09
106,000524,岭南控股,10.08,-1.75,1.57,59.86,10.05627264154,0.112194666667,63.63220968,247.0,3359.0,76.4,2026-09-09
107,000525,红太阳,5.06,0.6,4.45,32.94,5.052311742769,0.2680384,61.39733469,-1305.0,3979.0,82.0,2026-09-09
108,000526,学大教育,37.42,-2.55,2.47,7.59,37.617184617946,0.142332,77.31518571,-171.0,203.0,78.8,2026-09-09
109,000528,柳    工,8.36,0.6,1.64,8.02,8.338946984039,0.2935216,66.58916651,-1757.0,2384.0,82.8,2026-09-09
110,000529,广弘控股,5.26,-0.75,1.25,47.19,5.270263438798,0.1256316,62.45536631,-160.0,3701.0,71.6,2026-09-09
111,000530,冰山冷热,5.34,-0.74,2.14,47.76,5.332579175748,0.1835048,62.5311916,-1957.0,3675.0,80.0,2026-09-09
112,000531,穗恒运Ａ,5.78,1.23,1.02,12.39,5.753542596022,0.3252196,66.25700525,-140.0,2473.0,66.4,2026-09-09
113,000532,华金资本,11.3,-0.79,1.09,37.34,11.255805787885,0.110598,64.39065722,-665.0,3131.0,74.0,2026-09-09
114,000533,顺钠股份,11.93,0.85,7.92,79.55,11.85077396457,0.24581,69.32797116,2396.0,1540.0,78.0,2026-09-09
115,000534,万泽股份,25.56,7.21,5.65,51.94,25.207667722619,0.2696432,72.76703755,1599.0,752.0,76.4,2026-09-09
116,000536,华映科技,3.57,-2.46,2.49,-10.97,3.587142263878,0.2667004,61.94922601,-940.0,3849.0,82.0,2026-09-09
117,000537,绿发电力,7.71,1.31,1.17,27.0,7.660010155125,0.2774712,70.12639697,272.0,1316.0,82.0,2026-09-09
118,000538,云南白药,50.47,-0.79,0.29,12.17,50.495135120676,0.2495988,76.63249783,-13.0,253.0,89.2,2026-09-09
119,000539,粤电力Ａ,5.34,3.09,3.47,-25.68,5.297001960072,0.3178432,65.37308567,730.0,2776.0,71.6,2026-09-09
120,000541,佛山照明,5.0,-0.4,0.35,92.06,4.99412075866,0.2285532,60.94057428,-201.0,4098.0,71.2,2026-09-09
121,000543,皖能电力,7.47,0.54,0.97,10.26,7.455706567026,0.3599276,67.86661597,-1123.0,1961.0,76.4,2026-09-09
122,000544,中原环保,7.45,-0.13,0.29,5.57,7.445709850564,0.2553848,64.73985857,-1003.0,3005.0,69.2,2026-09-09
123,000545,金浦钛业,2.28,-2.98,5.42,-78.87,2.304696234828,0.1942184,50.06287616,-13.0,5184.0,74.0,2026-09-09
124,000546,金圆股份,4.79,1.7,1.9,-7.91,4.745514105998,0.232798,68.89786947,812.0,1664.0,70.8,2026-09-09
125,000547,航天发展,14.77,0.89,3.35,-52.81,14.70706916067,0.2578604,61.50319126,849.0,3953.0,75.6,2026-09-09
126,000548,湖南投资,4.72,-0.84,0.86,52.03,4.724359715236,0.1166944,64.04814268,-567.0,3237.0,69.6,2026-09-09
127,000550,江铃汽车,17.48,0.11,0.71,10.21,17.478090785823,0.1038908,70.99643861,390.0,1120.0,78.0,2026-09-09
128,000551,创元科技,12.19,-0.41,1.57,16.44,12.220456791913,0.24745,65.87322968,135.0,2625.0,70.8,2026-09-09
129,000552,甘肃能化,2.71,2.26,3.12,41.65,2.691047617292,0.3090016,63.03994275,107.0,3529.0,76.8,2026-09-09
130,000553,安道麦A,6.08,0.83,0.73,16.37,6.089810008353,0.1957772,64.62401324,-1727.0,3046.0,74.4,2026-09-09
131,000554,泰山石油,6.97,1.46,9.25,15.51,6.914401993157,0.3042524,68.83451068,-1526.0,1686.0,78.8,2026-09-09
132,000555,神州信息,10.79,-1.73,1.03,-18.61,10.79585007905,0.1553768,67.08983298,979.0,2215.0,78.8,2026-09-09
133,000557,西部创业,3.86,0.26,0.54,37.89,3.838397786527,0.1985752,63.8780214,-92.0,3281.0,70.8,2026-09-09
134,000558,天府文旅,4.04,-1.46,3.21,-123.62,4.016775413663,0.252858,54.32352313,-328.0,5108.0,84.4,2026-09-09
135,000559,万向钱潮,10.82,-0.82,0.58,32.42,10.847889354063,0.1981096,63.52061859,-26.0,3394.0,74.4,2026-09-09
136,000560,我爱我家,3.12,-9.3,28.35,45.48,3.163130927267,0.359166,71.41850277,-895.0,1014.0,93.6,2026-09-09
137,000561,烽火电子,7.93,0.38,0.92,-27.33,7.950792826504,0.1496404,56.15514308,94.0,4967.0,76.4,2026-09-09
138,000563,陕国投Ａ,3.02,-0.66,0.63,10.61,3.022994727568,0.2747828,65.48947378,-1610.0,2734.0,74.0,2026-09-09
139,000564,供销大集,1.71,-1.16,3.79,581.58,1.705093093513,0.459764,62.55394882,-845.0,3668.0,93.6,2026-09-09
140,000565,渝三峡Ａ,7.19,9.94,8.9,63.21,7.016073902124,0.503058,73.69462051,3296.0,577.0,78.4,2026-09-09
141,000566,海南海药,4.88,-2.2,4.04,-14.93,4.89413778244,0.2420572,53.86419076,-21.0,5123.0,78.0,2026-09-09
142,000567,海德股份,6.77,1.04,1.78,4.91,6.762850537713,0.2704604,75.25840752,304.0,377.0,80.4,2026-09-09
143,000568,泸州老窖,76.9,-1.13,0.41,13.04,77.079980176447,0.2382028,68.07604489,276.0,1899.0,88.8,2026-09-09
144,000570,苏常柴Ａ,5.37,1.13,1.73,18.04,5.35411214078,0.2611172,70.1742653,-16.0,1302.0,68.4,2026-09-09
145,000571,新大洲A,5.87,-2.0,2.12,-38.99,5.911580996956,0.3249012,52.6655677,-85.0,5158.0,65.2,2026-09-09
146,000572,海马汽车,4.09,0.49,2.95,-34.54,4.066982690108,0.2531776,71.20981697,-203.0,1053.0,75.6,2026-09-09
147,000573,粤宏远Ａ,3.84,-0.78,1.56,27.09,3.850862901069,0.16526,67.68952705,-564.0,2010.0,67.6,2026-09-09
148,000576,甘化科工,8.69,1.05,5.11,53.25,8.627078142191,0.19619,66.29515746,-1615.0,2462.0,82.4,2026-09-09
149,000581,威孚高科,18.38,0.99,0.89,10.62,18.29489083958,0.2393668,73.71035376,1270.0,575.0,78.0,2026-09-09
150,000582,北部湾港,11.09,0.09,3.38,25.02,11.028495174655,0.2869844,63.50076524,929.0,3397.0,85.6,2026-09-09
151,000586,汇源通信,14.73,6.66,12.47,-166.1,14.721226348354,0.2499356,72.17435304,3153.0,852.0,77.6,2026-09-09
152,000589,贵州轮胎,4.4,0.46,1.22,9.54,4.384247109672,0.2917888,69.23716881,-1001.0,1564.0,71.6,2026-09-09
153,000590,古汉医药,9.46,-0.94,1.0,-75.67,9.489217612011,0.0722712,59.13926543,-339.0,4500.0,71.6,2026-09-09
154,000591,太阳能,4.37,0.46,0.97,17.38,4.353442877306,0.3253896,65.39925893,1295.0,2765.0,77.2,2026-09-09
155,000592,平潭发展,8.06,2.03,26.47,-112.06,8.020634380277,0.3076312,76.28041141,194.0,281.0,93.2,2026-09-09
156,000593,德龙汇能,21.87,0.92,2.67,140.24,21.892000490442,0.2503976,62.14953666,202.0,3784.0,73.6,2026-09-09
157,000595,新能股份,5.47,0.0,1.4,107.98,5.443863480455,0.2778596,57.70559418,-38.0,4754.0,75.6,2026-09-09
158,000596,古井贡酒,98.21,-2.76,0.88,11.99,98.46420689713,0.290184,70.90920192,335.0,1142.0,84.4,2026-09-09
159,000597,东北制药,4.84,-1.83,0.84,41.18,4.862386557517,0.239432,70.29670757,682.0,1271.0,79.2,2026-09-09
160,000598,兴蓉环境,7.13,-0.56,0.43,10.42,7.155745783369,0.2381428,72.5540171,159.0,788.0,72.4,2026-09-09
161,000599,青岛双星,4.78,0.21,1.16,40.85,4.758608497512,0.2065244,64.56595252,896.0,3064.0,72.4,2026-09-09
162,000600,建投能源,7.52,1.08,1.88,9.85,7.512456084624,0.3431972,67.05989633,-893.0,2227.0,72.4,2026-09-09
163,000601,韶能股份,6.32,1.94,4.11,19.96,6.280679574472,0.3475748,70.63955722,2577.0,1198.0,70.8,2026-09-09
164,000603,盛达资源,35.3,2.32,6.61,31.22,34.66789176438,0.328006,73.48815965,2172.0,611.0,84.0,2026-09-09
165,000605,渤海股份,6.16,-0.32,0.88,75.74,6.151480407288,0.0965928,61.33830719,-1679.0,3997.0,69.2,2026-09-09
166,000607,华媒控股,3.93,-2.24,2.18,-124.73,3.912917545708,0.1359984,70.10781712,-525.0,1322.0,73.2,2026-09-09
167,000608,阳光股份,7.86,2.88,6.45,-56.75,7.79682577148,0.4089788,71.66616441,2450.0,946.0,73.2,2026-09-09
168,000609,*ST中迪,9.68,-1.83,1.27,-13.73,9.743606139495,0.2071204,56.71405579,-344.0,4899.0,66.0,2026-09-09
169,000610,*ST西旅,8.43,3.95,4.61,-17.06,8.219325847814,0.3310924,69.0085237,470.0,1634.0,81.6,2026-09-09
170,000612,焦作万方,11.39,3.64,4.47,5.52,11.244166346589,0.3709632,76.55803977,52.0,259.0,75.6,2026-09-09
171,000615,*ST美谷,3.34,-0.3,0.34,-13.35,3.322987559528,0.2305372,66.38027523,-52.0,2440.0,71.2,2026-09-09
172,000617,中油资本,7.28,0.41,0.68,13.69,7.286292028724,0.3564304,64.90207483,-1720.0,2934.0,86.0,2026-09-09
173,000619,海螺新材,5.12,-0.78,1.2,-34.95,5.139896376803,0.08175,63.91727359,569.0,3268.0,69.2,2026-09-09
174,000620,盈新发展,3.24,-2.41,12.72,110.48,3.301727123886,0.319876,59.79366653,-3878.0,4358.0,93.6,2026-09-09
175,000623,吉林敖东,18.22,-0.38,0.63,5.31,18.21264761489,0.2667904,69.24583087,140.0,1562.0,77.6,2026-09-09
176,000625,长安汽车,7.18,-0.83,0.46,43.54,7.175913255836,0.294266,70.07822047,-1035.0,1328.0,79.2,2026-09-09
177,000626,远大控股,10.04,-3.65,7.15,11.82,10.048688081852,0.2382176,71.85198922,-327.0,907.0,85.6,2026-09-09
178,000628,高新发展,57.46,8.01,10.02,208.53,56.000316673873,0.3793796,74.9119272,1304.0,424.0,89.2,2026-09-09
179,000629,钒钛股份,3.04,0.33,0.76,63.78,3.035223718967,0.3647552,66.46143819,-1105.0,2417.0,77.6,2026-09-09
180,000630,铜陵有色,6.57,0.46,2.91,14.72,6.575289913605,0.40068,70.66091119,-892.0,1189.0,91.2,2026-09-09
181,000631,顺发恒能,3.03,0.66,0.47,308.62,3.013282994151,0.2620204,64.32512544,825.0,3159.0,66.4,2026-09-09
182,000632,ST三木,4.1,-0.49,2.03,-1.12,4.096695949089,0.3318344,62.36091196,-176.0,3724.0,72.0,2026-09-09
183,000633,合金投资,5.54,0.91,2.07,450.01,5.542096677304,0.1149876,62.67942609,-1686.0,3630.0,70.4,2026-09-09
184,000635,英 力 特,7.53,-0.66,5.3,-6.01,7.482091595596,0.172288461538,58.77285435,-1911.0,4568.0,82.8,2026-09-09
185,000636,风华高科,49.7,-0.26,6.2,98.23,50.415200517744,0.3600912,66.57082942,1899.0,2390.0,86.4,2026-09-09
186,000637,茂化实华,4.38,-1.35,2.17,-34.7,4.379068729726,0.0974388,69.77194413,729.0,1410.0,70.8,2026-09-09
187,000639,ST西王,1.7,0.0,3.26,4.14,1.689605785254,0.3710996,55.35454735,39.0,5036.0,75.6,2026-09-09
188,000650,仁和药业,5.41,-0.92,1.02,12.97,5.414405346628,0.2078492,73.0485992,-59.0,683.0,80.0,2026-09-09
189,000651,格力电器,38.87,1.51,0.64,8.2,38.773145955992,0.4129048,79.33971171,684.0,108.0,91.2,2026-09-09
190,000652,泰达股份,3.61,0.56,0.93,47.41,3.592262126452,0.2987128,67.74711266,-392.0,1994.0,74.0,2026-09-09
191,000655,金岭矿业,7.81,3.99,2.7,19.6,7.685066248941,0.2189436,78.14721979,123.0,163.0,77.2,2026-09-09
192,000656,金科股份,1.25,-1.57,1.46,356.56,1.250828587151,0.5334004,61.45238217,-1073.0,3964.0,78.8,2026-09-09
193,000657,中钨高新,60.5,1.07,3.38,33.2,60.652504627075,0.35927,67.13738093,277.0,2198.0,85.6,2026-09-09
194,000659,珠海中富,3.01,-0.66,1.61,-70.22,2.996531913776,0.221632,59.28197019,491.0,4473.0,70.0,2026-09-09
195,000661,长春高新,74.76,-1.54,0.9,32.08,74.935155880661,0.261042,62.63512147,-1842.0,3644.0,82.4,2026-09-09
196,000663,永安林业,6.34,0.16,3.08,-55.2,6.329423506715,0.1199024,68.22873099,-1249.0,1861.0,72.8,2026-09-09
197,000665,湖北广电,4.18,-2.79,1.77,-9.49,4.187531259174,0.2025796,59.76919275,-1436.0,4363.0,83.2,2026-09-09
198,000668,荣丰控股,21.27,-2.03,0.86,-64.72,21.578427665015,0.3029932,66.20644106,634.0,2496.0,62.4,2026-09-09
199,000669,ST金鸿,4.13,-1.67,0.62,110.85,4.159501782824,0.3548352,62.80855507,33.0,3590.0,66.0,2026-09-09
200,000670,盈方微,7.17,0.7,4.5,-184.85,7.202866649077,0.234788,62.79414256,-1022.0,3597.0,86.8,2026-09-09
201,000672,上峰材料,15.28,0.66,1.8,5.43,15.181715592122,0.2984656,70.21815564,959.0,1289.0,75.6,2026-09-09
202,000676,智度股份,6.92,-3.22,4.33,30.41,6.918040795094,0.24096,66.34364518,-8.0,2454.0,78.4,2026-09-09
203,000677,ST海龙,1.86,-4.62,4.64,45.89,1.884126884359,0.3032688,57.54629026,-2318.0,4781.0,73.2,2026-09-09
204,000678,襄阳轴承,9.31,-1.69,1.55,-103.8,9.331897759832,0.103828,58.765644,-226.0,4570.0,84.8,2026-09-09
205,000679,大连友谊,6.94,-3.74,10.28,-39.55,7.005452930965,0.173952,69.56952112,-582.0,1463.0,82.0,2026-09-09
206,000680,山推股份,10.7,-0.28,1.5,11.78,10.598982867963,0.1930812,70.97056414,274.0,1127.0,81.2,2026-09-09
207,000681,视觉中国,17.22,-4.28,6.3,59.66,17.32020079208,0.2413264,65.92676137,-2004.0,2601.0,82.4,2026-09-09
208,000682,东方电子,11.26,0.54,0.65,18.74,11.234234125982,0.2823312,69.58974135,-325.0,1460.0,72.4,2026-09-09
209,000683,博源化工,6.28,0.64,1.42,14.0,6.243909635171,0.3851912,69.76210009,202.0,1412.0,83.6,2026-09-09
210,000685,中山公用,11.39,-0.09,0.57,5.69,11.37259476745,0.2224268,71.75764119,59.0,927.0,70.4,2026-09-09
211,000686,东北证券,7.98,-0.25,0.5,12.22,7.982362580503,0.3203812,66.73811375,538.0,2338.0,74.0,2026-09-09
212,000688,国城矿业,27.56,-0.58,1.04,18.01,27.552122148818,0.2642356,66.20081689,123.0,2500.0,75.6,2026-09-09
213,000690,宝新能源,5.41,5.66,7.95,9.3,5.352266079608,0.3378236,72.96289629,-225.0,701.0,80.8,2026-09-09
214,000691,亚太实业,9.96,-2.35,2.6,-1387.22,10.041936100207,0.2341924,59.8468723,-460.0,4353.0,62.4,2026-09-09
215,000692,惠天热电,4.34,0.93,2.27,-12.09,4.312243593525,0.2050132,55.70474227,-343.0,5011.0,73.6,2026-09-09
216,000695,滨海能源,14.1,-1.05,2.35,-57.84,14.082222272616,0.203524,57.78863251,-717.0,4738.0,75.2,2026-09-09
217,000697,炼石航空,9.43,1.62,1.39,-129.56,9.420806424185,0.2713232,71.16275617,921.0,1068.0,72.8,2026-09-09
218,000698,ST沈化,3.72,0.27,0.52,19.59,3.72134006158,0.2519968,67.80856469,-1326.0,1977.0,70.0,2026-09-09
219,000700,模塑科技,12.16,2.1,4.91,17.72,12.26962541694,0.3586676,71.81745695,1502.0,915.0,75.2,2026-09-09
220,000701,厦门信达,5.32,0.57,1.88,4.21,5.272068225191,0.2123188,68.45722985,829.0,1792.0,77.2,2026-09-09
221,000702,正虹科技,6.22,-0.48,6.3,-52.08,6.220178344663,0.13737,66.50377588,6.0,2402.0,81.2,2026-09-09
222,000703,恒逸石化,18.65,-1.27,1.81,6.5,18.527757642356,0.363158,76.15961073,-269.0,292.0,83.6,2026-09-09
223,000705,浙江震元,7.33,-1.35,1.49,-91.4,7.344274441218,0.056796,62.35148086,-1549.0,3726.0,72.8,2026-09-09
224,000707,双环科技,4.77,-0.63,1.89,-18.68,4.78926868182,0.1337296,58.17140009,-654.0,4677.0,70.8,2026-09-09
225,000708,中信特钢,13.71,0.37,0.18,11.57,13.67442765693,0.1623904,71.47145168,-146.0,1006.0,76.0,2026-09-09
226,000709,河钢股份,2.15,0.47,0.72,17.43,2.139590194167,0.365432,68.59840627,-65.0,1755.0,76.0,2026-09-09
227,000710,贝瑞基因,8.74,-1.8,2.76,-35.15,8.75154160997,0.1569808,56.29751855,-876.0,4949.0,82.8,2026-09-09
228,000711,京蓝科技,5.19,-6.15,9.17,103.29,5.287292905612,0.380340980392,55.13023434,-275.0,5053.0,78.8,2026-09-09
229,000712,锦龙股份,11.14,-5.99,13.62,350.25,11.209962436592,0.3009552,56.66154192,-345.0,4903.0,84.4,2026-09-09
230,000713,国投丰乐,7.23,2.41,10.81,-92.48,7.25044872738,0.2752624,74.49204605,37.0,469.0,88.0,2026-09-09
231,000715,中兴商业,5.8,-0.17,2.27,34.1,5.794922254839,0.1827668,68.54430974,84.0,1769.0,76.0,2026-09-09
232,000716,黑芝麻,5.73,-1.88,7.56,68.95,5.724265596495,0.1675656,61.03344385,-307.0,4075.0,86.8,2026-09-09
233,000717,中南股份,2.33,0.43,0.73,-107.31,2.316629741396,0.1521536,66.37619242,991.0,2443.0,74.4,2026-09-09
234,000718,苏宁环球,2.03,-0.98,1.12,99.51,2.028156981511,0.2465816,62.88989705,-503.0,3573.0,71.2,2026-09-09
235,000719,中原传媒,12.2,-2.17,0.62,12.35,12.23095517017,0.1381176,68.89164327,-401.0,1668.0,74.0,2026-09-09
236,000720,新能泰山,3.88,1.57,2.04,-64.26,3.858732614105,0.2394028,60.40617876,453.0,4238.0,73.2,2026-09-09
237,000721,西安饮食,7.57,-1.56,7.45,-41.53,7.483147091751,0.1942856,69.33037746,-818.0,1537.0,90.0,2026-09-09
238,000722,湖南发展,13.4,0.6,2.96,23.16,13.302502820508,0.1990376,72.45845349,958.0,802.0,81.2,2026-09-09
239,000723,美锦能源,3.89,0.26,2.26,-14.29,3.862995852837,0.3072744,69.79603034,-977.0,1402.0,88.4,2026-09-09
240,000725,京东方Ａ,5.55,-0.18,2.08,19.59,5.571404668437,0.441832,69.19383873,485.0,1582.0,80.8,2026-09-09
241,000726,鲁  泰Ａ,5.95,-0.67,0.61,9.58,5.944727173109,0.2109976,66.53042955,-1474.0,2399.0,68.8,2026-09-09
242,000727,冠捷科技,2.27,-0.87,1.15,-12.87,2.269377380799,0.3254064,61.86654254,230.0,3872.0,73.6,2026-09-09
243,000728,国元证券,7.74,-0.26,0.52,9.92,7.722893475096,0.3502396,67.7432321,1466.0,1996.0,78.0,2026-09-09
244,000729,燕京啤酒,11.22,-0.8,0.58,11.3,11.199989131701,0.2179048,76.51867049,-93.0,263.0,76.0,2026-09-09
245,000731,四川美丰,7.86,3.69,6.05,-40.35,7.663524982349,0.3094076,70.11803898,1482.0,1321.0,83.2,2026-09-09
246,000733,振华科技,40.66,0.99,1.62,45.7,40.631520121554,0.3026596,72.30121776,1261.0,836.0,73.2,2026-09-09
247,000735,罗 牛 山,7.02,3.08,19.47,-13.06,6.927573381155,0.3284996,76.00989099,1798.0,308.0,94.0,2026-09-09
248,000736,中交发展,4.7,-3.69,3.06,95.82,4.734652252762,0.2349636,61.94302983,1.0,3852.0,82.0,2026-09-09
249,000737,北方铜业,16.47,4.84,14.04,11.24,16.406736500115,0.3759796,77.07661139,-222.0,223.0,94.8,2026-09-09
250,000738,航发控制,20.14,0.95,1.81,61.06,20.121198847982,0.2937316,71.73001444,-164.0,933.0,82.0,2026-09-09
251,000739,普洛药业,22.4,-0.49,1.41,24.84,22.643148618803,0.2915464,72.24449599,-57.0,844.0,76.0,2026-09-09
252,000750,国海证券,3.8,-0.26,0.57,22.03,3.801347036482,0.4061108,66.03779625,372.0,2552.0,76.8,2026-09-09
253,000751,锌业股份,5.12,0.79,3.88,63.99,5.121968926745,0.2833112,58.6806996,-1602.0,4583.0,74.0,2026-09-09
254,000752,*ST西发,8.69,-1.81,0.62,51.68,8.770976888835,0.192338,67.02761291,785.0,2241.0,66.8,2026-09-09
255,000753,漳州发展,5.22,0.97,3.66,59.87,5.186767211137,0.2217932,72.15421168,752.0,854.0,80.8,2026-09-09
256,000755,山西高速,4.85,0.0,0.26,14.5,4.833499526166,0.145498,66.01363156,451.0,2563.0,70.8,2026-09-09
257,000756,新华制药,13.38,-1.04,1.54,31.25,13.358798554712,0.2358068,65.48087741,-1682.0,2738.0,75.2,2026-09-09
258,000757,浩物股份,4.35,-1.36,1.84,61.96,4.356244664594,0.286054,64.37519422,-642.0,3134.0,63.6,2026-09-09
259,000758,中色股份,6.38,1.75,1.72,10.49,6.342023845313,0.272434,71.54422599,735.0,986.0,76.4,2026-09-09
260,000759,中百集团,8.47,10.0,28.37,-9.38,8.287351355297,0.3615476,68.43255068,-1141.0,1802.0,94.4,2026-09-09
261,000761,本钢板材,2.45,0.82,0.68,-2.64,2.4369719582,0.1934088,65.21210657,925.0,2832.0,70.4,2026-09-09
262,000762,西藏矿业,22.85,0.71,2.02,99.06,22.793066474296,0.2223504,62.76577468,-2013.0,3604.0,80.0,2026-09-09
263,000766,通化金马,16.41,-4.43,1.34,1116.19,16.736939936872,0.2983716,58.5617636,-1786.0,4612.0,75.2,2026-09-09
264,000767,晋控电力,3.52,2.62,4.54,45.25,3.499781346123,0.3289276,63.83042431,627.0,3295.0,72.4,2026-09-09
265,000768,中航西飞,23.95,1.7,1.43,68.0,23.956140575947,0.394094,76.84035722,1465.0,238.0,87.6,2026-09-09
266,000776,广发证券,21.64,0.05,0.58,7.27,21.566337518601,0.4210036,73.2931833,-361.0,641.0,85.2,2026-09-09
267,000777,中核科技,17.4,0.52,1.39,53.54,17.32335736733,0.2612204,68.43991711,355.0,1798.0,73.6,2026-09-09
268,000778,新兴铸管,3.78,-0.79,1.41,20.16,3.783952751743,0.3339188,64.00607677,-2046.0,3247.0,82.0,2026-09-09
269,000779,甘咨询,9.65,-4.55,12.66,21.49,9.725703970448,0.2076144,57.71352084,-989.0,4750.0,84.4,2026-09-09
270,000782,恒申新材,8.03,1.9,3.96,-59.4,7.975337541449,0.3814328,57.20254096,-515.0,4829.0,66.4,2026-09-09
271,000783,长江证券,9.05,-0.33,1.26,7.84,9.015167282346,0.3845532,70.98618363,-842.0,1124.0,78.4,2026-09-09
272,000785,居然智家,2.36,-1.26,0.82,37.53,2.360426884909,0.2379556,62.61913864,-453.0,3652.0,74.0,2026-09-09
273,000786,北新建材,16.37,-0.67,0.78,10.13,16.353509696316,0.2832836,70.07253742,-672.0,1331.0,83.6,2026-09-09
274,000788,北大医药,5.63,-1.05,2.17,30.14,5.610751914322,0.2695368,63.01196494,-167.0,3537.0,76.0,2026-09-09
275,000789,万年青,4.27,-2.51,3.21,-35.24,4.28637914636,0.184942,63.14790198,-933.0,3503.0,78.4,2026-09-09
276,000790,华神科技,4.2,-0.71,1.81,214.47,4.202295735401,0.2382824,58.63910383,-645.0,4590.0,71.2,2026-09-09
277,000791,甘肃能源,7.36,1.38,1.05,14.22,7.332895118319,0.3120036,72.91888406,207.0,709.0,70.8,2026-09-09
278,000792,盐湖股份,26.72,-0.41,0.84,11.46,26.618544709433,0.4016576,71.96505293,-172.0,884.0,89.2,2026-09-09
279,000793,ST华闻,2.19,2.82,1.08,82.55,2.192092157747,0.327321764706,58.72639385,211.0,4575.0,73.6,2026-09-09
280,000795,英洛华,8.36,-0.83,0.87,36.19,8.372097996764,0.2024204,62.8953136,295.0,3569.0,74.4,2026-09-09
281,000796,凯撒旅业,4.49,-1.32,4.73,-327.15,4.45420404848,0.2251032,58.59405222,-2311.0,4601.0,88.8,2026-09-09
282,000797,中国武夷,2.64,-1.86,1.87,-4.71,2.644407238381,0.1942548,64.68975019,-1558.0,3019.0,77.6,2026-09-09
283,000798,中水渔业,12.67,9.98,25.82,22.64,12.17429215285,0.3193504,83.8811413,-8.0,14.0,92.0,2026-09-09
284,000799,酒鬼酒,39.13,-0.99,1.32,516.05,39.157270058907,0.2240312,58.64695053,-2.0,4588.0,78.8,2026-09-09
285,000800,一汽解放,6.08,0.5,0.2,48.82,6.064130313786,0.3044496,71.28929622,123.0,1039.0,76.4,2026-09-09
286,000801,四川九洲,12.53,-0.95,0.84,78.42,12.618737658923,0.1572688,68.02663725,432.0,1913.0,77.6,2026-09-09
287,000802,北京文化,4.25,-1.62,9.75,-38.8,4.200041877451,0.222066,57.32785447,-329.0,4813.0,84.4,2026-09-09
288,000803,山高环能,7.89,2.07,2.94,28.26,7.859852279256,0.1842412,70.02788552,368.0,1342.0,72.4,2026-09-09
289,000807,云铝股份,29.03,5.6,3.7,6.55,28.428165866418,0.4954748,86.70712131,10.0,3.0,90.4,2026-09-09
290,000809,和展能源,3.47,0.0,1.28,150.58,3.455538039298,0.1760608,60.83942677,-1385.0,4121.0,64.0,2026-09-09
291,000810,创维数字,9.48,-2.37,2.04,33.64,9.617373606113,0.2032636,62.79463802,-101.0,3596.0,74.4,2026-09-09
292,000811,冰轮环境,37.94,3.07,4.16,60.54,38.079054153794,0.3348296,75.04147411,2363.0,410.0,72.8,2026-09-09
293,000812,陕西金叶,3.95,2.07,3.87,66.4,3.883398961091,0.2590048,66.26775759,2245.0,2469.0,79.2,2026-09-09
294,000813,德展健康,3.48,-2.52,3.89,-62.7,3.474829977335,0.2834584,62.69045579,571.0,3625.0,84.4,2026-09-09
295,000815,美利云,16.28,0.87,7.53,172.59,16.334515103208,0.247516,68.05713477,1883.0,1906.0,78.8,2026-09-09
296,000816,智慧农业,3.19,-0.62,7.22,407.74,3.17062655481,0.296722,67.19643326,140.0,2176.0,91.6,2026-09-09
297,000818,航锦科技,12.24,-0.16,1.46,81.01,12.167230583539,0.208208,55.44193393,5.0,5029.0,72.4,2026-09-09
298,000819,岳阳兴长,12.51,0.24,0.98,161.07,12.48402812726,0.1532596,67.46429174,-32.0,2086.0,67.6,2026-09-09
299,000820,神雾节能,3.66,0.0,2.53,-149.99,3.650102004128,0.119197254902,60.46665427,429.0,4228.0,68.0,2026-09-09
300,000821,ST京机,8.04,4.42,3.4,38.41,8.00172781915,0.3183368,73.59123871,838.0,587.0,76.0,2026-09-09
301,000822,山东海化,4.66,-0.43,2.3,-7.41,4.668861873217,0.2071252,59.81862713,-719.0,4357.0,77.6,2026-09-09
302,000823,超声电子,17.0,2.84,20.18,44.56,16.93882116553,0.3526352,78.20818028,1628.0,162.0,92.8,2026-09-09
303,000825,太钢不锈,3.59,0.28,0.5,75.47,3.579228809993,0.236776,65.00932276,-725.0,2890.0,78.0,2026-09-09
304,000826,*ST启环,1.85,-1.6,0.44,-3.59,1.856145400073,0.2593896,59.79042986,-58.0,4361.0,71.2,2026-09-09
305,000828,东莞控股,10.12,-0.1,0.57,9.56,10.202351112507,0.2459864,69.00319279,-684.0,1638.0,70.4,2026-09-09
306,000829,天音控股,9.25,0.22,1.13,299.22,9.216466276862,0.2295668,71.61958532,-155.0,962.0,78.4,2026-09-09
307,000830,鲁西化工,12.83,-0.62,1.37,12.54,12.840847614995,0.27978,72.60268448,-350.0,776.0,86.0,2026-09-09
308,000831,中国稀土,54.36,-1.09,2.12,121.73,54.723494371156,0.3297852,63.40419851,100.0,3429.0,85.2,2026-09-09
309,000833,粤桂股份,23.22,1.71,22.47,14.98,23.245608285191,0.3435684,78.95709424,-125.0,128.0,93.2,2026-09-09
310,000837,秦川机床,9.79,-1.21,1.22,107.95,9.791587429389,0.208224,60.87585876,397.0,4115.0,83.6,2026-09-09
311,000838,*ST发展,2.38,-7.03,5.54,-26.08,2.450990359378,0.315128909091,47.86107075,-3.0,5192.0,72.4,2026-09-09
312,000839,国安股份,2.9,0.35,2.08,-38.35,2.851585715792,0.4194612,70.09623812,-258.0,1325.0,78.0,2026-09-09
313,000848,承德露露,8.25,-1.43,1.15,14.12,8.277462006341,0.1645416,69.98196692,334.0,1352.0,77.6,2026-09-09
314,000850,华茂股份,4.25,-1.39,0.95,-146.76,4.262347171571,0.187644,65.49764953,-408.0,2732.0,68.4,2026-09-09
315,000852,石化机械,6.03,0.0,6.27,-449.53,5.963954151768,0.2212372,64.47194842,-2353.0,3098.0,88.0,2026-09-09
316,000856,冀东装备,9.1,-1.41,2.8,161.67,9.151805674607,0.1307328,64.81590742,-2167.0,2970.0,78.0,2026-09-09
317,000858,五 粮 液,71.16,-0.68,0.46,15.78,71.113929627925,0.3476532,66.18172444,-1025.0,2504.0,90.8,2026-09-09
318,000859,国风新材,8.67,-2.8,3.61,-122.11,8.788711590589,0.2249088,57.73189594,-1202.0,4745.0,84.8,2026-09-09
319,000860,顺鑫农业,11.12,-1.07,1.73,102.21,11.164412745135,0.1575248,60.97292076,-629.0,4089.0,86.0,2026-09-09
320,000862,银星能源,5.45,-0.18,2.25,22.91,5.407542886966,0.25076,62.63995925,-646.0,3640.0,76.8,2026-09-09
321,000863,三湘印象,4.43,2.07,2.96,-129.84,4.323024518037,0.2824776,70.79959865,1973.0,1161.0,70.0,2026-09-09
322,000868,安凯客车,3.69,0.82,1.18,921.01,3.667848145214,0.1432856,63.43222331,-1682.0,3423.0,75.2,2026-09-09
323,000869,张  裕Ａ,16.9,1.32,0.78,39.52,16.956543264179,0.1720196,67.78130984,79.0,1986.0,70.8,2026-09-09
324,000875,电投绿能,5.01,1.83,1.27,22.46,4.998490481595,0.384486,64.16777302,806.0,3194.0,74.4,2026-09-09
325,000876,新 希 望,7.91,1.15,2.41,-11.53,7.878256622406,0.354188,75.08584423,1034.0,404.0,91.2,2026-09-09
326,000877,天山股份,3.81,-0.78,0.18,-4.24,3.817810070588,0.1716084,61.12232532,-1038.0,4050.0,78.8,2026-09-09
327,000878,云南铜业,18.63,1.69,5.13,11.91,18.665143538858,0.35063,81.69214907,8.0,40.0,93.6,2026-09-09
328,000880,潍柴重机,26.46,4.92,10.4,35.17,26.24159937757,0.2731808,79.52906801,1250.0,99.0,81.6,2026-09-09
329,000881,中广核技,6.79,-0.59,0.66,-26.41,6.79853454796,0.2413928,61.48727774,-77.0,3957.0,73.6,2026-09-09
330,000882,华联股份,1.58,-2.47,2.23,-8.51,1.585656642158,0.3435264,61.90409361,-1816.0,3861.0,75.6,2026-09-09
331,000883,湖北能源,4.59,1.32,0.56,14.84,4.552252499508,0.2996516,67.66809698,-435.0,2015.0,74.8,2026-09-09
332,000885,城发环境,12.22,-0.08,0.33,6.88,12.208601291557,0.2041976,68.94800166,1288.0,1655.0,68.8,2026-09-09
333,000886,海南高速,4.91,0.41,1.63,37.01,4.892989767875,0.1897712,70.77248509,336.0,1168.0,74.8,2026-09-09
334,000887,中鼎股份,20.52,-1.68,1.92,19.85,20.693691852743,0.2938112,70.1868739,-27.0,1298.0,84.4,2026-09-09
335,000888,峨眉山Ａ,10.61,-0.84,3.06,22.8,10.506965852179,0.2607028,70.58291835,22.0,1212.0,83.2,2026-09-09
336,000889,中嘉博创,3.98,-0.75,3.31,14.87,4.01468612822,0.2284412,71.05391792,105.0,1101.0,73.6,2026-09-09
337,000890,法尔胜,8.94,-2.4,19.6,-68.93,9.118257651318,0.2064456,58.00662188,-2613.0,4705.0,92.0,2026-09-09
338,000892,欢瑞世纪,5.06,-9.32,26.33,-17.27,5.102327955494,0.2377744,59.51566211,-1243.0,4424.0,90.8,2026-09-09
339,000893,亚钾国际,43.23,-6.02,3.68,14.79,43.581158335909,0.3463904,76.66260805,-141.0,250.0,82.4,2026-09-09
340,000895,双汇发展,23.89,-0.21,0.26,17.95,23.84443676941,0.181666,74.12856199,86.0,519.0,87.6,2026-09-09
341,000897,津滨发展,1.93,-0.52,1.78,-232.08,1.928353928035,0.293538,60.3486008,-433.0,4254.0,72.0,2026-09-09
342,000898,鞍钢股份,2.1,0.0,0.59,-4.81,2.092026885507,0.2500552,63.70461174,-1429.0,3332.0,75.2,2026-09-09
343,000899,赣能股份,9.62,1.69,1.22,18.71,9.579868664369,0.2293928,71.64755678,878.0,952.0,76.0,2026-09-09
344,000900,现代投资,3.72,0.27,0.69,12.07,3.709688818935,0.2873552,65.06207747,-294.0,2872.0,67.2,2026-09-09
345,000901,航天科技,14.41,0.49,1.75,164.03,14.415053598792,0.2037324,59.60537191,-1047.0,4405.0,74.8,2026-09-09
346,000902,新洋丰,14.82,-0.4,1.03,9.67,14.792674308415,0.2809024,81.28793086,-40.0,47.0,82.0,2026-09-09
347,000903,ST云动,2.13,2.9,2.42,-12.13,2.129826700968,0.4035168,65.12149562,1926.0,2862.0,76.0,2026-09-09
348,000905,厦门港务,9.43,2.61,3.1,20.88,9.325067547419,0.2261776,76.4525841,2045.0,270.0,81.2,2026-09-09
349,000906,浙商中拓,6.32,-0.32,1.62,8.89,6.294867032448,0.1504372,69.20918299,-729.0,1577.0,74.0,2026-09-09
350,000908,石药景峰,6.23,-1.74,0.94,933.91,6.26184326527,0.2704672,61.49821143,374.0,3955.0,68.8,2026-09-09
351,000909,*ST数源,5.01,10.11,2.0,-74.5,4.872846235253,0.4173788,70.71488205,3312.0,1178.0,67.2,2026-09-09
352,000910,大亚圣象,5.45,-0.73,0.52,-7.7,5.461294620128,0.170454,63.18026591,644.0,3490.0,64.8,2026-09-09
353,000911,*ST广糖,7.19,7.96,10.68,-89.79,6.996179168196,0.3134112,62.34905269,-2200.0,3728.0,84.4,2026-09-09
354,000912,泸天化,5.2,9.94,9.43,492.14,5.190877920794,0.4921036,72.1240942,-312.0,861.0,90.0,2026-09-09
355,000913,钱江摩托,11.12,-0.71,0.39,28.93,11.152491289199,0.1162692,63.68921613,613.0,3337.0,68.4,2026-09-09
356,000915,华特达因,26.44,0.34,3.47,13.87,26.690771812457,0.2276228,66.37176322,153.0,2445.0,75.2,2026-09-09
357,000917,电广传媒,7.15,-2.99,1.82,-91.1,7.172756065482,0.2224492,64.99079201,-1064.0,2893.0,79.6,2026-09-09
358,000919,金陵药业,6.7,-1.33,1.59,41.35,6.69420739662,0.12713,65.21110592,-565.0,2833.0,75.6,2026-09-09
359,000920,沃顿科技,11.65,2.01,1.55,20.75,11.578024540305,0.208708,74.9088658,450.0,426.0,67.2,2026-09-09
360,000921,海信家电,27.81,0.51,0.93,11.61,27.785972384905,0.2232924,76.51847107,815.0,264.0,77.2,2026-09-09
361,000922,佳电股份,11.99,0.42,0.72,26.98,11.946143000002,0.305682,62.37740633,105.0,3721.0,74.8,2026-09-09
362,000923,河钢资源,18.55,6.98,9.34,-46.9,18.587926894235,0.4401084,74.75251406,-177.0,446.0,76.8,2026-09-09
363,000925,众合科技,8.64,2.13,9.09,-179.58,8.75127101116,0.2925768,71.20725075,2978.0,1055.0,80.0,2026-09-09
364,000926,福星股份,2.18,-3.54,2.2,-0.74,2.198484573424,0.2297932,55.8426555,-421.0,5000.0,70.4,2026-09-09
365,000927,中国铁物,2.55,0.39,0.72,28.62,2.547906614034,0.3859136,66.71714151,-1070.0,2347.0,70.8,2026-09-09
366,000928,中钢国际,5.74,-3.69,6.26,10.34,5.793707448667,0.2714988,69.40783352,-1444.0,1516.0,88.4,2026-09-09
367,000929,兰州黄河,10.07,-1.85,2.07,-36.22,10.104260754275,0.1294564,64.13541318,-908.0,3207.0,73.6,2026-09-09
368,000930,中粮科技,6.41,9.95,4.76,-35.15,6.300161009438,0.5046144,75.45803289,68.0,356.0,91.6,2026-09-09
369,000931,中 关 村,4.59,-2.96,4.16,-58.01,4.579958664864,0.2302692,58.29334896,-197.0,4658.0,79.6,2026-09-09
370,000932,华菱钢铁,3.68,0.82,1.21,55.96,3.65429039971,0.4122156,67.66912674,-247.0,2014.0,77.2,2026-09-09
371,000933,神火股份,28.91,5.2,3.21,6.8,28.411271895809,0.4266736,82.25443719,35.0,29.0,84.0,2026-09-09
372,000935,四川双马,22.19,2.26,0.78,-312.99,22.041534326412,0.3393132,66.36554205,1369.0,2446.0,71.6,2026-09-09
373,000936,华西股份,5.64,-1.91,1.92,-14.29,5.657290397407,0.2426832,56.79741986,-779.0,4887.0,84.0,2026-09-09
374,000937,冀中能源,4.8,-0.41,1.72,35.34,4.802320348304,0.2287676,60.6279117,-1576.0,4182.0,79.6,2026-09-09
375,000938,紫光股份,33.57,-0.94,4.43,22.15,33.839079478701,0.371476,65.72255317,-827.0,2662.0,85.2,2026-09-09
376,000948,南天信息,13.99,-0.99,1.45,207.86,13.954044816232,0.1618976,64.61696081,250.0,3047.0,77.2,2026-09-09
377,000949,新乡化纤,7.35,-0.94,2.69,17.67,7.311091447945,0.2998768,69.7672746,1276.0,1411.0,76.4,2026-09-09
378,000950,重药控股,5.36,-1.29,0.95,18.04,5.363727929893,0.2455252,66.95080882,-1090.0,2259.0,79.6,2026-09-09
379,000951,中国重汽,22.47,1.72,0.79,13.5,22.39262177024,0.2621376,74.45217812,586.0,477.0,79.6,2026-09-09
380,000952,广济药业,6.69,-2.34,1.77,-19.86,6.739516663532,0.0484784,58.93108489,-625.0,4543.0,72.0,2026-09-09
381,000953,中哲精化,6.5,-0.46,3.02,1502.07,6.509055273986,0.1513008,63.7756498,-2134.0,3311.0,75.6,2026-09-09
382,000955,欣龙控股,4.28,-1.83,1.49,-373.72,4.298865130354,0.1166888,59.76008971,-417.0,4364.0,69.6,2026-09-09
383,000957,中通客车,10.53,1.64,3.15,11.04,10.546694792589,0.2753772,73.60717376,7.0,586.0,80.0,2026-09-09
384,000958,电投产融,5.29,-0.38,0.16,27.48,5.288267274682,0.289184,68.71643368,-490.0,1721.0,76.0,2026-09-09
385,000959,首钢股份,3.76,0.27,0.25,26.53,3.756466484569,0.2224348,69.94658889,-1092.0,1364.0,72.4,2026-09-09
386,000960,锡业股份,34.92,1.69,1.76,19.11,34.813247631783,0.3712612,75.09171615,554.0,403.0,79.2,2026-09-09
387,000962,东方钽业,52.77,-0.88,2.7,113.8,53.20756180764,0.2920032,61.30803569,-219.0,4004.0,83.6,2026-09-09
388,000963,华东医药,26.98,-1.17,0.79,12.71,27.035106167252,0.3402568,71.48098233,-603.0,1003.0,86.8,2026-09-09
389,000965,天保基建,3.41,-1.73,2.9,35.11,3.40067372734,0.2060928,65.30672547,-374.0,2797.0,81.6,2026-09-09
390,000966,长源电力,4.14,2.22,1.47,41.67,4.11123567966,0.3228168,63.72957512,1475.0,3325.0,74.0,2026-09-09
391,000967,盈峰环境,8.04,-0.25,1.23,28.31,8.035303853955,0.3259912,63.99821277,155.0,3249.0,72.8,2026-09-09
392,000968,蓝焰控股,7.6,0.26,3.64,18.61,7.609054510127,0.29428,68.91257944,-1320.0,1659.0,79.2,2026-09-09
393,000969,安泰科技,17.46,0.87,1.49,37.64,17.464933940064,0.2263616,69.95776761,1793.0,1360.0,73.6,2026-09-09
394,000970,中科三环,11.79,-0.34,1.31,145.63,11.778437883557,0.2872512,60.3380156,-746.0,4256.0,72.0,2026-09-09
395,000972,中基健康,4.37,10.08,6.05,-25.57,4.333544023727,0.565054,72.32210944,2616.0,833.0,72.0,2026-09-09
396,000973,佛塑科技,12.1,-0.25,2.04,16.43,12.069675940822,0.2723448,69.78664382,1695.0,1406.0,82.8,2026-09-09
397,000975,山金国际,25.98,0.7,1.32,14.9,25.866768660119,0.31904,71.10606862,-630.0,1080.0,78.0,2026-09-09
398,000977,浪潮信息,71.38,-1.3,4.82,17.76,71.587786904102,0.38331,66.05117305,-792.0,2549.0,86.4,2026-09-09
399,000978,桂林旅游,8.81,9.99,26.04,336.02,8.277171600154,0.4155944,67.94186076,-1584.0,1936.0,88.8,2026-09-09
400,000980,众泰汽车,2.02,9.78,3.44,63.35,2.000701256218,0.4980952,66.0020986,413.0,2569.0,92.4,2026-09-09
401,000981,山子高科,2.71,-1.81,1.53,439.4,2.714578537374,0.2977812,57.11133312,-1008.0,4844.0,79.2,2026-09-09
402,000983,山西焦煤,7.08,2.76,1.65,16.25,6.98433536454,0.331694,66.85563887,-892.0,2289.0,86.8,2026-09-09
403,000985,大庆华科,17.83,-0.39,2.35,304.05,17.685579450665,0.0831532,65.52362881,31.0,2725.0,72.4,2026-09-09
404,000987,越秀资本,7.57,0.0,0.37,6.76,7.568049831997,0.3141404,66.93722965,1455.0,2264.0,73.2,2026-09-09
405,000988,华工科技,108.79,8.22,10.07,46.12,109.812516739061,0.5707,79.9853531,1097.0,84.0,74.8,2026-09-09
406,000989,九芝堂,9.0,-1.32,1.86,15.4,8.992051437391,0.2057308,68.72172781,-1265.0,1719.0,76.4,2026-09-09
407,000990,诚志股份,6.76,0.0,2.07,19.83,6.752358566406,0.3124904,68.46260287,-1370.0,1788.0,78.8,2026-09-09
408,000993,闽东电力,11.47,9.97,6.35,89.29,11.252549149041,0.5118648,72.19491414,3792.0,850.0,78.4,2026-09-09
409,000995,皇台酒业,11.68,-0.51,3.92,-60.53,11.70772575589,0.1835504,62.09766749,-1534.0,3795.0,76.8,2026-09-09
410,000997,新 大 陆,20.38,-2.21,1.85,14.97,20.431214132868,0.2249156,69.73861809,480.0,1422.0,85.2,2026-09-09
411,000998,隆平高科,10.02,-1.28,6.86,-27.0,10.002698575562,0.3147204,75.0219543,-231.0,412.0,94.0,2026-09-09
412,000999,华润三九,24.7,-0.56,0.3,12.3,24.684490598118,0.20083,75.16745879,82.0,391.0,85.2,2026-09-09
413,001201,东瑞股份,13.88,2.97,7.77,-4.21,14.025525139348,0.2750688,68.60029278,-934.0,1754.0,71.6,2026-09-09
414,001202,炬申股份,14.7,-0.41,1.56,41.71,14.650671598457,0.1397952,69.22658752,-265.0,1573.0,66.4,2026-09-09
415,001203,大中矿业,25.63,0.51,1.05,61.01,25.476618525486,0.244544,65.25862868,66.0,2817.0,73.6,2026-09-09
416,001205,盛航股份,15.27,4.09,5.04,19.78,15.105122790218,0.1935804,70.65463155,1078.0,1194.0,68.8,2026-09-09
417,001206,依依股份,16.81,-1.64,2.79,28.19,16.833600084158,0.139506,61.04245801,133.0,4072.0,65.2,2026-09-09
418,001207,联科科技,17.58,0.17,0.7,16.76,17.537473724002,0.1583572,66.97923206,116.0,2255.0,69.6,2026-09-09
419,001208,华菱线缆,14.56,0.9,3.42,81.05,14.521828430025,0.1531056,65.71477806,309.0,2667.0,78.4,2026-09-09
420,001209,洪兴股份,19.15,1.54,2.24,79.76,18.865697398427,0.1208192,72.80338758,771.0,737.0,67.6,2026-09-09
421,001210,金房能源,28.3,-7.06,9.88,25.67,28.992840537387,0.2830228,72.59875959,-269.0,777.0,76.0,2026-09-09
422,001211,双枪科技,24.66,-0.28,3.03,156.88,24.665240885773,0.1278996,62.69574704,-1685.0,3623.0,64.8,2026-09-09
423,001212,中旗新材,33.0,-0.24,1.15,-1532.34,33.196633495966,0.2527892,61.36150634,798.0,3987.0,65.6,2026-09-09
424,001213,中铁特货,3.58,0.28,0.14,39.4,3.572388795955,0.2200572,67.20447538,1128.0,2170.0,69.2,2026-09-09
425,001215,千味央厨,30.48,-1.45,1.76,46.33,30.381378282762,0.1573872,62.14178339,-1085.0,3787.0,62.8,2026-09-09
426,001216,华瓷股份,14.84,-1.98,0.7,21.07,14.949821834061,0.1223452,68.41341584,-819.0,1811.0,67.2,2026-09-09
427,001217,华尔泰,10.64,-0.56,0.96,118.21,10.685299724501,0.1194724,62.20778882,-1906.0,3765.0,68.8,2026-09-09
428,001218,丽臣实业,23.83,-1.37,0.8,10.33,23.940433914797,0.0625028,68.09511083,-1357.0,1894.0,61.6,2026-09-09
429,001219,青岛食品,13.22,0.0,1.42,19.64,13.203633462016,0.1491384,66.74352376,434.0,2336.0,70.4,2026-09-09
430,001220,世盟股份,32.1,0.25,4.16,26.15,32.247945314281,0.176608,73.02491309,2542.0,685.0,62.8,2026-09-09
431,001221,悍高集团,38.19,-2.82,4.27,26.13,38.275923514049,0.177238,74.11192892,107.0,522.0,68.8,2026-09-09
432,001222,源飞宠物,16.37,-1.68,6.08,39.15,16.375931645322,0.1313476,75.1637254,138.0,392.0,77.6,2026-09-09
433,001223,欧克科技,42.06,4.86,4.29,156.63,41.72002287159,0.2832336,69.47444876,1792.0,1497.0,62.0,2026-09-09
434,001225,和泰机电,46.99,-1.14,1.65,117.88,46.470748728574,0.2063292,63.42927555,376.0,3424.0,60.8,2026-09-09
435,001226,拓山重工,46.71,-0.26,1.42,97.29,46.843033128348,0.1245868,61.98912578,-259.0,3836.0,62.0,2026-09-09
436,001227,兰州银行,2.17,-0.46,1.53,7.13,2.172246672773,0.441708,67.50635741,1268.0,2071.0,74.0,2026-09-09
437,001228,永泰运,30.95,-0.42,1.91,33.43,31.017013012618,0.2065344,65.21947628,186.0,2831.0,68.0,2026-09-09
438,001229,魅视科技,40.41,0.75,7.9,688.96,40.818151430724,0.2120596,74.60443016,-81.0,459.0,78.4,2026-09-09
439,001230,劲旅环境,19.46,-2.7,3.56,20.15,19.623902703145,0.225616,65.25090193,-346.0,2818.0,63.2,2026-09-09
440,001231,农心科技,21.68,-6.07,12.03,20.69,22.45631632733,0.1709444,64.60023715,-1693.0,3055.0,69.2,2026-09-09
441,001233,海安集团,43.88,-0.3,1.9,22.21,43.749279193178,0.1807168,72.09038795,1673.0,865.0,64.8,2026-09-09
442,001234,泰慕士,23.49,0.0,1.3,54.78,23.476187914961,0.1043964,63.71084508,435.0,3330.0,67.2,2026-09-09
443,001236,弘业期货,8.19,-0.49,1.39,169.07,8.164091827261,0.1753736,58.5912426,-1472.0,4603.0,75.2,2026-09-09
444,001237,惠康科技,50.65,-0.33,2.51,20.58,50.619387107653,0.2393192,66.05697737,674.0,2546.0,58.4,2026-09-09
445,001238,浙江正特,24.74,-1.9,0.32,35.12,24.87161812575,0.0730024,65.46463444,1611.0,2745.0,60.4,2026-09-09
446,001239,永达股份,12.4,0.49,1.18,427.72,12.397943270081,0.0959536,58.53968294,187.0,4614.0,64.4,2026-09-09
447,001255,博菲电气,27.68,0.51,1.26,1164.23,27.647804598709,0.049482,60.53697667,-1794.0,4203.0,65.6,2026-09-09
448,001256,炜冈科技,22.25,0.09,1.63,9.85,22.217688162797,0.1556104,68.81114783,1994.0,1693.0,56.8,2026-09-09
449,001257,盛龙股份,24.5,0.29,5.22,31.89,24.358767949436,0.2793088,67.7052827,977.0,2007.0,67.2,2026-09-09
450,001258,立新能源,12.1,-0.08,8.84,77.33,12.098427135104,0.223512,66.18064567,1967.0,2506.0,84.0,2026-09-09
451,001259,利仁科技,45.45,-2.07,1.33,260.52,45.801132353846,0.1238864,61.64878821,1047.0,3923.0,59.2,2026-09-09
452,001260,坤泰股份,18.65,-0.96,2.1,313.44,18.650420893959,0.0779896,56.15653985,-624.0,4966.0,68.8,2026-09-09
453,001266,宏英智能,33.22,0.51,3.29,40.35,33.408935068436,0.088682,64.49879249,74.0,3086.0,63.6,2026-09-09
454,001267,汇绿生态,37.03,-1.28,5.23,536.52,37.919016596378,0.2870604,68.17509506,1332.0,1877.0,79.2,2026-09-09
455,001268,联合精密,25.25,-1.56,3.64,-174.3,25.487405631459,0.1665564,57.55139126,81.0,4779.0,71.6,2026-09-09
456,001269,欧晶科技,19.92,0.25,1.32,-42.5,19.958211625616,0.132772,60.52465241,-164.0,4208.0,67.6,2026-09-09
457,001270,铖昌科技,97.02,-0.34,2.21,131.05,97.60380482193,0.3114764,71.56624234,129.0,975.0,71.2,2026-09-09
458,001277,速达股份,31.1,0.03,4.58,25.23,31.077061056687,0.1214672,63.91143445,738.0,3269.0,67.2,2026-09-09
459,001278,一彬科技,16.41,0.37,7.42,-9.94,16.218756378744,0.1193892,57.60782717,-558.0,4769.0,74.0,2026-09-09
460,001279,强邦新材,25.73,-1.23,2.2,174.43,25.828149580857,0.1902388,65.39261024,815.0,2771.0,63.2,2026-09-09
461,001280,中国铀业,69.6,5.94,7.79,72.89,68.502574776192,0.3877248,79.03926327,790.0,123.0,79.6,2026-09-09
462,001282,三联锻造,16.5,0.92,2.15,46.5,16.371338089773,0.1423836,65.9599628,392.0,2581.0,63.6,2026-09-09
463,001283,豪鹏科技,51.05,0.18,3.86,26.93,50.27411106614,0.3405424,71.02342623,-853.0,1113.0,74.8,2026-09-09
464,001285,瑞立科密,43.16,-1.37,2.25,21.0,43.332227812823,0.1997156,71.13455719,536.0,1076.0,66.8,2026-09-09
465,001286,陕西能源,9.68,1.57,1.96,13.47,9.598388161051,0.3404964,75.60083414,667.0,347.0,74.4,2026-09-09
466,001287,中电港,22.48,0.54,1.52,16.65,22.576578457728,0.242026,69.99138054,220.0,1350.0,71.6,2026-09-09
467,001288,运机集团,29.97,-0.4,2.12,92.88,29.733899878364,0.297508,71.08551324,200.0,1089.0,70.0,2026-09-09
468,001289,龙源电力,15.29,0.79,0.08,26.71,15.229270445621,0.1736192,63.26662196,3.0,3466.0,70.0,2026-09-09
469,001296,长江材料,20.64,-3.46,9.03,28.19,20.667020253942,0.2261504,78.06470216,789.0,167.0,78.8,2026-09-09
470,001298,好上好,17.82,-0.22,1.82,26.52,17.854984167108,0.1459592,69.21574713,1870.0,1576.0,74.4,2026-09-09
471,001299,美能能源,10.75,-3.5,5.77,42.29,10.742189715415,0.1658488,69.25141673,-1248.0,1557.0,81.6,2026-09-09
472,001300,三柏硕,12.58,0.48,1.44,-74.51,12.507615625,0.1585604,61.2659136,400.0,4018.0,72.0,2026-09-09
473,001301,尚太科技,54.93,3.6,2.4,25.05,54.135386667294,0.1948896,76.0798514,770.0,300.0,74.4,2026-09-09
474,001306,夏厦精密,54.47,-1.13,2.74,-32.18,54.744619910567,0.1014404,59.61002401,278.0,4402.0,63.6,2026-09-09
475,001308,康冠科技,17.66,-1.62,0.25,19.75,17.770525259838,0.0916988,66.11815268,-871.0,2529.0,64.8,2026-09-09
476,001309,德明利,409.66,-1.72,5.76,7.72,415.35951884303,0.4367464,73.28811685,-555.0,643.0,81.6,2026-09-09
477,001311,多利科技,17.48,-2.78,2.26,20.93,17.662680528307,0.1484988,66.00686233,-166.0,2566.0,65.2,2026-09-09
478,001312,福恩股份,17.55,-0.57,2.22,20.42,17.506169977925,0.1311972,65.46649207,774.0,2744.0,66.4,2026-09-09
479,001313,粤海饲料,8.32,1.59,3.7,60.94,8.307170966957,0.2467472,74.18764122,1052.0,512.0,76.0,2026-09-09
480,001314,亿道信息,49.98,-0.24,1.99,18.21,50.327204931751,0.146942,66.43483354,203.0,2428.0,69.6,2026-09-09
481,001316,润贝航科,31.01,4.87,7.17,22.34,30.532618333158,0.243432,82.35018455,168.0,26.0,79.2,2026-09-09
482,001317,三羊马,51.96,-1.48,4.45,975.52,52.499281234602,0.2257016,65.12272622,41.0,2860.0,75.6,2026-09-09
483,001318,阳光乳业,12.16,-0.98,1.44,37.06,12.15993804638,0.1125648,63.28382806,-1793.0,3463.0,75.6,2026-09-09
484,001319,铭科精技,20.58,-0.29,1.68,27.42,20.540360667634,0.1605272,71.04977709,-153.0,1105.0,68.4,2026-09-09
485,001322,箭牌家居,6.53,-1.21,0.37,-51.64,6.567061721637,0.0914028,64.79229163,-527.0,2982.0,62.4,2026-09-09
486,001323,慕思股份,17.91,-1.86,0.82,21.0,17.848740707737,0.0889072,66.0826679,406.0,2540.0,65.2,2026-09-09
487,001324,长青科技,21.27,2.06,3.97,62.42,21.244564600482,0.2452772,73.14916657,1337.0,664.0,70.8,2026-09-09
488,001325,元创股份,39.5,-0.75,2.74,29.46,39.388423892817,0.1033552,62.54862334,484.0,3669.0,64.0,2026-09-09
489,001326,联域股份,74.31,4.93,9.06,139.66,74.096048739684,0.2983528,69.74571059,563.0,1416.0,70.0,2026-09-09
490,001328,登康口腔,30.81,0.98,1.0,26.16,30.646314124085,0.0771472,73.58274728,1428.0,592.0,64.8,2026-09-09
491,001330,博纳影业,5.86,-4.25,12.67,-23.85,5.865505462153,0.2878648,65.08683615,68.0,2868.0,90.0,2026-09-09
492,001331,胜通能源,43.13,-0.92,1.47,-936.41,43.209134212011,0.3014432,69.12756616,206.0,1599.0,64.0,2026-09-09
493,001332,锡装股份,26.75,-0.52,1.93,21.18,26.734617150449,0.0816136,60.90367208,303.0,4104.0,60.4,2026-09-09
494,001333,光华股份,19.95,-1.14,1.55,30.37,20.017663412934,0.116046,65.57760236,353.0,2707.0,66.4,2026-09-09
495,001335,信凯科技,32.07,-1.5,2.08,27.3,32.301151259729,0.0761316,61.60871255,157.0,3932.0,62.0,2026-09-09
496,001336,楚环科技,18.77,0.48,2.66,57.42,18.720549161214,0.0471984,59.26352814,3.0,4478.0,61.6,2026-09-09
497,001337,四川黄金,51.16,1.51,3.55,24.84,50.486578943207,0.281728,72.19640714,1245.0,849.0,82.4,2026-09-09
498,001338,永顺泰,9.91,0.51,4.73,48.29,9.998827934029,0.2033488,71.32338322,-907.0,1027.0,81.2,2026-09-09
499,001339,智微智能,75.26,-0.05,2.71,31.68,75.948815732439,0.2119324,69.18683558,-96.0,1585.0,70.4,2026-09-09
500,001356,富岭股份,9.26,-3.64,3.03,64.21,9.353402970205,0.1306724,63.18373373,-1448.0,3489.0,71.6,2026-09-09
501,001358,兴欣新材,23.92,-3.51,3.76,38.98,24.17717594283,0.12793,61.76005667,-2337.0,3898.0,62.8,2026-09-09
502,001359,平安电工,82.65,0.45,3.43,80.03,83.514753735784,0.2060484,62.70827554,-191.0,3618.0,61.6,2026-09-09
503,001360,南矿集团,20.0,-0.74,5.64,69.76,20.11883652844,0.1621864,64.89804636,-991.0,2938.0,75.6,2026-09-09
504,001365,天海电子,33.9,-0.76,3.52,30.89,33.936210355693,0.2096216,61.92947303,49.0,3855.0,57.2,2026-09-09
505,001366,播恩集团,14.74,-10.01,16.62,116.36,14.892053045786,0.2586364,73.30363437,-50.0,638.0,82.4,2026-09-09
506,001367,海森药业,20.34,-1.31,0.92,23.57,20.407015219338,0.1025184,66.0169841,-42.0,2562.0,67.2,2026-09-09
507,001368,通达创智,27.23,6.62,7.47,26.69,26.294864982983,0.2401636,79.5505891,151.0,96.0,73.2,2026-09-09
508,001369,双欣材料,12.35,-1.75,2.79,25.91,12.387211110683,0.2372176,63.12655671,-987.0,3510.0,68.0,2026-09-09
509,001373,翔腾新材,29.01,-0.92,2.38,-44.15,29.198861314234,0.0854172,65.20482781,1564.0,2835.0,62.8,2026-09-09
510,001376,百通能源,11.92,-0.33,6.54,30.87,11.843471904528,0.1780728,69.36664313,-1290.0,1526.0,78.0,2026-09-09
511,001378,德冠新材,19.82,-1.25,2.14,28.19,19.942014439035,0.1614168,71.0506813,1640.0,1104.0,57.6,2026-09-09
512,001379,腾达科技,16.36,0.37,2.1,62.25,16.30729128408,0.0939536,71.2529758,1739.0,1043.0,68.8,2026-09-09
513,001380,华纬科技,18.34,1.72,0.95,21.28,18.289897498056,0.1145468,77.59047899,743.0,189.0,68.8,2026-09-09
514,001382,新亚电缆,16.96,0.12,3.47,78.5,16.955201248652,0.1105684,64.10443765,384.0,3215.0,66.8,2026-09-09
515,001386,马可波罗,15.97,-2.8,3.09,22.11,16.13498917879,0.1333024,66.53999887,473.0,2396.0,67.2,2026-09-09
516,001387,雪祺电气,12.2,-0.08,1.89,101.22,12.186420939977,0.1215016,71.01460665,627.0,1115.0,60.4,2026-09-09
517,001388,信通电子,21.82,2.49,4.71,176.8,21.65689886063,0.2256756,70.93885176,3090.0,1135.0,65.2,2026-09-09
518,001389,广合科技,173.92,2.8,4.0,43.02,173.295726195627,0.3660264,85.33775726,25.0,5.0,84.4,2026-09-09
519,001390,古麒绒材,16.94,-1.17,1.49,18.22,16.991771824111,0.1997432,67.53618394,-859.0,2061.0,60.8,2026-09-09
520,001391,国货航,4.15,-0.48,0.77,27.61,4.14727086649,0.2613644,65.6611441,-1215.0,2680.0,72.0,2026-09-09
521,001393,维通利,41.35,-1.9,4.46,37.95,41.811699183415,0.181674,69.61235487,-1086.0,1456.0,66.0,2026-09-09
522,001395,亚联机械,30.14,-1.44,1.74,10.86,30.235848595518,0.0852868,69.59403942,-769.0,1458.0,61.2,2026-09-09
523,001396,誉帆科技,32.28,-1.65,2.62,92.19,32.479293593815,0.105822,68.42895587,1797.0,1805.0,61.6,2026-09-09
524,001400,江顺科技,77.83,-2.31,5.37,58.96,78.535024797236,0.2107464,64.58982288,1534.0,3057.0,68.0,2026-09-09
525,001696,宗申动力,16.13,-3.41,5.55,22.06,16.387776271883,0.2424324,67.82815082,-1580.0,1969.0,91.2,2026-09-09
526,001872,招商港口,23.43,0.77,0.12,10.46,23.375529694149,0.2102772,76.18831435,247.0,289.0,74.4,2026-09-09
527,001896,豫能控股,11.76,0.0,2.51,137.05,11.766386719667,0.2483384,57.79301035,-1163.0,4734.0,72.8,2026-09-09
528,001914,招商积余,9.1,-1.19,0.58,9.63,9.120908652129,0.1226592,75.77046981,160.0,327.0,73.6,2026-09-09
529,001965,招商公路,9.56,-0.62,0.23,12.47,9.582183252421,0.1669596,76.11006273,1355.0,298.0,70.8,2026-09-09
530,001979,招商蛇口,6.82,-1.87,0.64,58.22,6.822911251505,0.3010688,65.33463735,85.0,2790.0,86.8,2026-09-09
531,002001,新 和 成,26.98,1.24,0.6,10.34,26.905085341798,0.414556,78.02586645,666.0,171.0,83.6,2026-09-09
532,002003,伟星股份,11.56,-1.03,1.36,16.63,11.601040862956,0.1386356,71.1579039,497.0,1069.0,72.0,2026-09-09
533,002004,华邦健康,4.59,0.44,1.34,14.23,4.593397851851,0.2531628,71.60055535,-125.0,964.0,77.6,2026-09-09
534,002005,德豪润达,2.39,-0.83,0.59,-456.37,2.393688210848,0.374129215686,56.28876598,-72.0,4950.0,69.2,2026-09-09
535,002006,精工科技,13.93,-0.71,1.4,29.19,13.958327311196,0.1932756,65.18950799,465.0,2843.0,80.0,2026-09-09
536,002007,华兰生物,13.33,-0.07,0.91,31.74,13.368146668583,0.181354,69.15201526,-1190.0,1593.0,85.6,2026-09-09
537,002008,大族激光,94.85,-0.91,5.58,37.91,95.761448827987,0.4024304,76.50363626,-245.0,265.0,88.8,2026-09-09
538,002009,天奇股份,16.11,-0.8,1.7,71.93,16.142200076403,0.1608216,56.8453679,77.0,4880.0,72.4,2026-09-09
539,002010,传化智联,4.74,-0.63,0.53,14.62,4.736412434434,0.291468,62.73785875,-436.0,3608.0,72.4,2026-09-09
540,002011,盾安环境,12.45,4.18,9.73,14.33,11.91211921297,0.407466,84.24036992,92.0,10.0,88.0,2026-09-09
541,002012,凯恩股份,7.36,-0.67,1.64,144.31,7.379998300143,0.253964,61.43192085,-2274.0,3974.0,71.2,2026-09-09
542,002014,永新股份,11.41,0.62,0.54,18.99,11.34355766308,0.1699464,77.09792896,18.0,220.0,66.8,2026-09-09
543,002015,协鑫能科,16.43,-2.9,5.61,24.33,16.487627779525,0.2748488,64.83927001,-557.0,2963.0,90.4,2026-09-09
544,002016,世荣兆业,4.76,-1.65,1.08,35.69,4.767833146944,0.1470568,71.95581109,-419.0,887.0,70.4,2026-09-09
545,002017,东信和平,16.44,-3.97,8.94,55.43,16.567337118497,0.2246324,69.62338118,-1291.0,1452.0,93.2,2026-09-09
546,002019,亿帆医药,9.72,-1.12,0.74,28.83,9.75160617205,0.1957412,64.15666214,-1283.0,3201.0,74.8,2026-09-09
547,002020,京新药业,11.86,-1.0,1.7,14.52,11.860240293383,0.2285556,65.92354075,-1383.0,2603.0,70.0,2026-09-09
548,002021,中捷资源,2.74,-1.79,2.0,-1096.56,2.750156260106,0.1945388,60.94073692,-1401.0,4097.0,66.4,2026-09-09
549,002022,科华生物,5.85,-0.85,0.91,-14.5,5.862810963666,0.1234684,64.1729468,859.0,3191.0,74.4,2026-09-09
550,002023,海特高新,9.7,-0.41,1.37,70.12,9.771354700855,0.2215592,55.189964,7.0,5049.0,73.2,2026-09-09
551,002024,ST易购,1.19,0.0,0.25,43.31,1.19343553185,0.4812192,57.43484018,-715.0,4795.0,76.0,2026-09-09
552,002025,航天电器,64.2,-2.09,2.4,113.79,65.05437060652,0.2757176,64.07234014,-515.0,3229.0,75.6,2026-09-09
553,002026,山东威达,11.86,-3.18,2.41,21.83,11.894448854491,0.3160744,68.94974617,-1064.0,1654.0,78.0,2026-09-09
554,002027,分众传媒,4.88,-1.01,0.67,11.27,4.882282547618,0.3425816,70.95283694,-112.0,1128.0,88.4,2026-09-09
555,002028,思源电气,138.58,-0.62,1.8,37.05,138.669947098499,0.3094372,70.94743386,18.0,1130.0,86.8,2026-09-09
556,002029,七 匹 狼,8.83,-2.97,2.46,-114.01,8.957001560151,0.195254,67.20225427,457.0,2172.0,70.4,2026-09-09
557,002030,达安基因,5.5,-2.14,1.15,-32.06,5.511683154958,0.2613628,60.07245563,-490.0,4303.0,82.4,2026-09-09
558,002031,巨轮智能,5.29,-3.99,5.11,-78.33,5.337402781594,0.2159092,56.92463788,-807.0,4873.0,91.6,2026-09-09
559,002032,苏 泊 尔,39.11,-0.79,0.27,18.03,39.102160021362,0.1095628,68.90946159,115.0,1660.0,77.6,2026-09-09
560,002033,丽江股份,9.3,-1.48,5.24,19.25,9.25425449298,0.273232,71.06820389,-703.0,1096.0,84.4,2026-09-09
561,002034,旺能环境,14.53,-1.22,1.19,9.08,14.576315472434,0.2202788,67.07777514,409.0,2219.0,69.6,2026-09-09
562,002035,华帝股份,4.7,0.64,1.44,11.5,4.671018579487,0.4137596,72.54157396,445.0,790.0,73.2,2026-09-09
563,002036,联创电子,6.49,-4.14,3.46,-9.59,6.582362136187,0.152966363636,50.97856461,-2.0,5177.0,77.2,2026-09-09
564,002037,保利联合,7.17,-0.28,0.74,-11.93,7.154571028299,0.1556828,57.72241,-12.0,4746.0,74.8,2026-09-09
565,002038,双鹭药业,5.9,-2.8,2.83,-11.88,5.933394265913,0.2627068,60.6011836,-1692.0,4189.0,81.2,2026-09-09
566,002039,黔源电力,19.46,1.41,1.06,17.86,19.335912545518,0.261516,70.5308143,1673.0,1223.0,69.6,2026-09-09
567,002040,南 京 港,9.98,10.03,7.28,23.87,9.737325867997,0.4481484,80.53156437,1571.0,68.0,84.4,2026-09-09
568,002041,登海种业,11.66,-3.0,8.45,103.61,11.704036146307,0.2862164,67.57540524,-1675.0,2046.0,88.8,2026-09-09
569,002042,华孚时尚,4.06,-0.25,1.57,19.45,4.049153814512,0.31754,67.32287161,-1309.0,2136.0,71.2,2026-09-09
570,002043,兔 宝 宝,11.58,-0.6,1.05,19.43,11.535121302386,0.1836924,70.20353587,-316.0,1294.0,78.0,2026-09-09
571,002044,美年健康,4.68,-0.85,1.19,-50.22,4.693053101766,0.306044,66.73287802,-1397.0,2341.0,83.2,2026-09-09
572,002045,国光电器,9.14,-3.38,3.61,-33.93,9.181027521578,0.2127988,66.44773083,8.0,2425.0,83.6,2026-09-09
573,002046,国机精工,59.44,9.99,4.05,324.91,58.318438792277,0.5905144,76.75129744,585.0,243.0,83.2,2026-09-09
574,002047,宝鹰股份,3.47,-2.25,2.14,-142.69,3.491142903854,0.3171744,56.75083542,-2359.0,4894.0,78.4,2026-09-09
575,002048,宁波华翔,18.71,-1.84,1.48,10.5,18.877914169591,0.2417072,67.18901133,566.0,2179.0,74.0,2026-09-09
576,002049,紫光国微,61.21,-0.36,1.05,32.35,61.33021614155,0.3113228,66.27825505,367.0,2465.0,76.0,2026-09-09
577,002050,三花智控,36.19,-0.08,0.65,37.25,36.248928876715,0.3525252,74.25973401,1047.0,504.0,72.8,2026-09-09
578,002051,中工国际,8.75,0.81,1.4,41.19,8.70626301728,0.3332952,67.33067377,-338.0,2130.0,71.6,2026-09-09
579,002052,同洲电子,8.76,-1.35,1.26,255.53,8.825873778937,0.3757868,68.10934678,920.0,1890.0,71.6,2026-09-09
580,002053,云南能投,9.95,0.1,1.14,14.91,9.91267729124,0.1690064,62.99314964,-1780.0,3545.0,72.8,2026-09-09
581,002054,德美化工,7.33,-0.54,1.61,18.2,7.329564908657,0.1216536,65.87963389,-477.0,2623.0,72.0,2026-09-09
582,002055,ST得润,6.41,1.42,2.13,32.65,6.435945540096,0.3674692,66.16205489,1508.0,2511.0,74.0,2026-09-09
583,002056,横店东磁,19.94,-0.85,1.03,17.1,19.940167804055,0.2426508,67.28238302,-296.0,2150.0,73.2,2026-09-09
584,002057,中钢天源,8.95,-0.33,1.78,19.86,8.947718663811,0.3201692,64.87857103,-47.0,2949.0,71.6,2026-09-09
585,002058,紫竹高科,16.11,-1.29,1.22,69.62,16.187911243621,0.1255592,61.99414812,79.0,3834.0,64.4,2026-09-09
586,002059,云南旅游,6.01,-4.3,16.38,-21.83,6.069010971521,0.2192464,54.51901705,-1373.0,5097.0,91.2,2026-09-09
587,002060,广东建工,3.23,-0.31,0.77,33.44,3.228405677203,0.179298,65.15348284,-1173.0,2853.0,74.4,2026-09-09
588,002061,浙江交科,3.44,-1.99,1.29,10.3,3.449408967803,0.251218,72.01429255,1119.0,877.0,70.4,2026-09-09
589,002062,宏润建设,9.06,3.19,2.21,50.19,9.01709115586,0.4733416,76.25815236,1868.0,283.0,76.4,2026-09-09
590,002063,远光软件,5.44,-1.45,0.98,68.86,5.456298055152,0.2667196,71.36920804,338.0,1022.0,78.0,2026-09-09
591,002064,华峰化学,10.93,0.18,0.52,13.68,10.895505445627,0.2420024,70.01398069,-779.0,1346.0,78.8,2026-09-09
592,002065,东华软件,6.82,-1.59,0.92,49.09,6.84568305565,0.2221388,68.44340004,-677.0,1796.0,80.4,2026-09-09
593,002066,瑞泰科技,20.9,-1.42,1.23,-117.37,20.940424261693,0.3200696,60.35058517,172.0,4253.0,70.8,2026-09-09
594,002067,景兴纸业,4.16,-1.65,1.89,22.04,4.16325404712,0.2248128,62.63052662,-1119.0,3646.0,70.8,2026-09-09
595,002068,黑猫股份,10.01,10.0,16.94,-34.6,9.582685413456,0.333288,70.80026442,-83.0,1160.0,88.0,2026-09-09
596,002069,獐子岛,4.02,1.77,2.92,111.05,4.005233245104,0.162564,72.42678273,158.0,808.0,76.0,2026-09-09
597,002072,凯瑞德,8.2,-3.53,4.62,-184.21,8.280725646416,0.1767744,58.79886093,-157.0,4560.0,72.4,2026-09-09
598,002073,软控股份,5.84,-0.34,0.86,21.99,5.844967935113,0.1765668,66.83318968,-642.0,2303.0,75.6,2026-09-09
599,002074,国轩高科,25.84,-0.04,0.74,16.92,25.756020915659,0.2765328,66.73344166,524.0,2339.0,80.0,2026-09-09
600,002075,沙钢股份,3.73,-0.53,1.16,29.85,3.717824002889,0.2673656,67.02083933,1380.0,2244.0,71.6,2026-09-09
601,002076,星光股份,2.18,-0.91,1.81,-75.86,2.184520481635,0.2984064,62.29616585,399.0,3742.0,71.6,2026-09-09
602,002077,大港股份,13.74,10.01,14.32,73.1,13.587634243986,0.4441396,70.39394773,3313.0,1253.0,74.0,2026-09-09
603,002078,太阳纸业,14.5,0.62,0.52,10.61,14.451388848419,0.2002908,76.38580519,589.0,275.0,78.4,2026-09-09
604,002079,苏州固锝,9.0,0.67,2.73,52.89,8.990097795475,0.3315964,72.44766595,1681.0,807.0,72.8,2026-09-09
605,002080,中材科技,50.53,1.32,1.84,35.11,50.552044633103,0.332528,72.49100817,37.0,797.0,78.8,2026-09-09
606,002081,金 螳 螂,5.18,-6.83,13.24,22.36,5.298131445188,0.2567168,63.35145512,-2708.0,3442.0,90.0,2026-09-09
607,002082,ST万邦,9.42,0.32,1.11,45.53,9.413339119007,0.2648364,63.59740429,878.0,3372.0,68.0,2026-09-09
608,002083,孚日股份,10.05,1.52,2.58,11.8,9.944316709995,0.3291628,74.62815475,1872.0,457.0,76.4,2026-09-09
609,002084,海鸥住工,6.12,-10.0,20.07,-49.47,6.361739753056,0.273002909091,57.05879421,-245.0,4853.0,80.8,2026-09-09
610,002085,万丰奥威,10.38,-0.29,0.7,26.35,10.421286411376,0.2312832,64.5419972,-692.0,3072.0,75.2,2026-09-09
611,002086,东方海洋,2.27,0.0,5.13,-46.08,2.265229983973,0.32461,62.17172839,920.0,3776.0,83.2,2026-09-09
612,002088,鲁阳节能,7.9,-2.11,0.37,353.5,7.944181964972,0.1076508,61.44321794,106.0,3970.0,66.4,2026-09-09
613,002090,金智科技,9.28,-0.54,0.77,51.83,9.286145922184,0.1699312,68.19624332,1888.0,1872.0,72.0,2026-09-09
614,002091,江苏国泰,7.68,-0.65,0.48,13.33,7.701931526419,0.1970716,68.01243784,427.0,1919.0,73.6,2026-09-09
615,002092,中泰化学,4.98,0.2,2.55,85.69,4.976407606214,0.3545668,68.90701732,-270.0,1662.0,83.6,2026-09-09
616,002093,国脉科技,7.46,-2.99,5.53,-90.58,7.481393534289,0.2225172,72.95365486,-492.0,704.0,92.0,2026-09-09
617,002094,青岛金王,5.75,-3.04,9.5,248.22,5.838568011933,0.182648,58.6808638,-1665.0,4582.0,87.6,2026-09-09
618,002095,生 意 宝,15.8,-3.13,8.76,655.01,15.466102592768,0.250544,75.44027526,-195.0,359.0,87.6,2026-09-09
619,002096,易普力,9.71,-0.61,0.27,18.39,9.721831090432,0.1509212,72.41991744,-686.0,814.0,73.2,2026-09-09
620,002097,山河智能,7.67,0.92,2.29,326.09,7.700204736869,0.2699864,66.41260391,476.0,2432.0,78.8,2026-09-09
621,002098,浔兴股份,8.15,-0.24,1.69,11.93,8.118517209445,0.1233292,74.27716542,1098.0,499.0,74.4,2026-09-09
622,002099,海翔药业,5.47,0.18,2.11,-69.13,5.589256804895,0.3157096,64.24681666,1627.0,3170.0,68.8,2026-09-09
623,002100,天康生物,8.34,0.36,1.67,-12.9,8.372246248395,0.2499152,66.5358888,-43.0,2398.0,83.6,2026-09-09
624,002101,广东鸿图,8.9,0.45,0.6,74.04,8.91799071231,0.2028076,65.30153814,1460.0,2800.0,72.8,2026-09-09
625,002102,ST能特,2.71,5.45,1.57,34.89,2.671636745355,0.4326588,72.96458137,674.0,700.0,67.2,2026-09-09
626,002103,广博股份,6.83,-1.73,1.99,36.63,6.806548375077,0.230842,72.56751277,487.0,785.0,77.2,2026-09-09
627,002104,恒宝股份,12.88,-3.01,16.03,-99.61,12.866048224629,0.2329868,57.43445366,-308.0,4796.0,92.4,2026-09-09
628,002105,信隆健康,6.32,0.0,2.0,144.04,6.334526100844,0.0596424,65.80306429,1584.0,2637.0,71.6,2026-09-09
629,002106,莱宝高科,11.1,3.26,3.75,41.17,11.04477308806,0.3266872,71.59937554,2518.0,965.0,72.0,2026-09-09
630,002107,沃华医药,7.36,2.51,8.06,31.44,7.235561863896,0.2575464,80.1003492,37.0,80.0,80.8,2026-09-09
631,002108,沧州明珠,4.37,-0.68,0.76,27.38,4.378569724675,0.316564,65.90318531,-1351.0,2614.0,72.4,2026-09-09
632,002109,ST兴化,2.93,0.69,0.55,-66.16,2.932151699873,0.2379788,66.12004139,736.0,2528.0,67.2,2026-09-09
633,002110,三钢闽光,3.07,-0.32,1.04,-19.45,3.06831410925,0.2015548,60.52940361,-1237.0,4207.0,70.8,2026-09-09
634,002111,威海广泰,10.1,0.2,1.23,16.92,10.078505775002,0.1080164,68.00297217,373.0,1921.0,74.8,2026-09-09
635,002112,三变科技,15.11,0.2,3.08,83.89,15.102340504165,0.1982924,61.87508006,1002.0,3868.0,78.4,2026-09-09
636,002114,罗平锌电,7.99,2.44,3.16,-19.63,7.92393056161,0.1453848,66.84229359,277.0,2295.0,72.0,2026-09-09
637,002115,三维通信,10.55,-2.13,6.04,84.27,10.573092294156,0.2386256,65.29572345,-1663.0,2803.0,79.6,2026-09-09
638,002116,中国海诚,7.55,-0.13,0.88,17.64,7.508477428152,0.127122,71.46516964,-350.0,1008.0,76.8,2026-09-09
639,002117,东港股份,8.19,-0.97,1.26,21.75,8.166469017383,0.2046956,68.41904359,628.0,1807.0,75.6,2026-09-09
640,002119,康强电子,22.94,-0.52,5.63,67.98,23.223401028016,0.1927268,65.92285334,-1017.0,2604.0,71.6,2026-09-09
641,002120,韵达股份,6.85,-0.15,0.65,9.95,6.842828419362,0.278444,73.39550104,901.0,625.0,74.4,2026-09-09
642,002121,科陆电子,5.26,5.84,6.66,-20.09,5.270557950548,0.3336832,66.98796355,1914.0,2254.0,72.0,2026-09-09
643,002122,ST汇洲,2.8,-0.71,0.58,-39.36,2.792097402654,0.4074256,63.79023305,120.0,3308.0,73.6,2026-09-09
644,002123,梦网科技,8.01,-2.44,1.78,-33.11,8.050239816776,0.163978,58.463238,-565.0,4629.0,74.4,2026-09-09
645,002124,天邦食品,2.52,0.0,8.38,-1.81,2.512080031099,0.3073436,64.63213669,1443.0,3044.0,88.4,2026-09-09
646,002125,湘潭电化,12.28,-0.65,1.56,17.19,12.29952199326,0.2379448,60.26542878,-987.0,4271.0,73.2,2026-09-09
647,002126,银轮股份,40.4,0.75,1.25,37.82,40.454596486354,0.2826804,71.15143864,723.0,1072.0,80.0,2026-09-09
648,002127,南极电商,3.06,-0.97,1.8,72.68,3.058095998265,0.2115828,64.5705686,-1589.0,3062.0,75.6,2026-09-09
649,002128,电投能源,29.13,3.48,0.63,8.6,28.673725815909,0.3041572,77.49337627,7.0,193.0,78.0,2026-09-09
650,002129,TCL中环,9.11,-1.83,1.15,-5.75,9.157569684744,0.3138656,57.792358,-1077.0,4735.0,72.8,2026-09-09
651,002130,沃尔核材,17.57,3.78,5.41,21.7,17.502668254986,0.3214256,80.16525143,1376.0,78.0,80.4,2026-09-09
652,002131,利欧股份,4.61,-3.56,6.29,112.85,4.618493642156,0.2430704,56.33309776,-263.0,4944.0,79.6,2026-09-09
653,002132,恒星科技,4.19,-0.71,2.71,34.91,4.186996717775,0.387516,68.36934561,528.0,1826.0,72.4,2026-09-09
654,002133,广宇集团,2.94,-1.67,3.27,-59.08,2.954177846077,0.1269912,61.00056858,-745.0,4083.0,74.0,2026-09-09
655,002134,天津普林,22.12,1.1,3.39,61.78,22.284385615936,0.193358,62.91299111,-164.0,3564.0,74.4,2026-09-09
656,002135,东南网架,6.23,-0.48,0.69,121.09,6.233138833246,0.1622232,57.35565247,127.0,4805.0,67.6,2026-09-09
657,002136,安 纳 达,12.72,-0.47,1.63,28.14,12.713967524685,0.1724036,64.07467631,-60.0,3228.0,68.4,2026-09-09
658,002137,实益达,7.66,-1.54,2.87,69.05,7.710355865318,0.1523128,58.8053993,-216.0,4559.0,70.0,2026-09-09
659,002138,顺络电子,47.83,-0.56,2.74,43.13,48.020986559678,0.3068092,71.2278603,1301.0,1048.0,88.8,2026-09-09
660,002139,拓邦股份,9.26,-0.75,0.74,44.82,9.283477298283,0.177224,62.90427742,358.0,3568.0,77.6,2026-09-09
661,002140,东华科技,9.32,-0.43,0.43,13.31,9.31429982375,0.1806676,69.78852845,-1085.0,1404.0,76.0,2026-09-09
662,002141,贤丰控股,6.39,-4.77,15.12,105.66,6.466562247911,0.2315076,55.7245844,-406.0,5008.0,83.6,2026-09-09
663,002142,宁波银行,34.66,0.0,0.26,6.91,34.67282638897,0.2871464,75.88298389,239.0,318.0,86.8,2026-09-09
664,002144,宏达高科,11.24,-0.62,1.6,42.23,11.247881111058,0.0640556,61.43637292,132.0,3972.0,63.6,2026-09-09
665,002145,钛能化学,4.31,-0.23,0.72,19.54,4.309959709877,0.3290904,66.93785877,-907.0,2263.0,76.0,2026-09-09
666,002146,荣盛发展,1.23,-1.6,3.27,-2.6,1.227234701862,0.4706496,60.49695161,-600.0,4214.0,85.2,2026-09-09
667,002148,北纬科技,6.53,-1.06,2.09,381.46,6.536961425458,0.1621196,63.59698864,-1633.0,3373.0,73.6,2026-09-09
668,002149,西部材料,34.14,0.41,2.84,186.06,34.284401455314,0.204344,57.1625281,126.0,4835.0,73.2,2026-09-09
669,002150,正泰电源,20.58,0.78,1.38,54.36,20.491001314858,0.2021216,68.59146717,-672.0,1758.0,70.8,2026-09-09
670,002151,北斗星通,28.95,0.84,2.58,192.15,28.927126609792,0.2812684,66.0360593,802.0,2553.0,76.8,2026-09-09
671,002152,广电运通,9.53,-1.24,0.6,27.96,9.535653701062,0.2216532,64.90140486,309.0,2935.0,74.4,2026-09-09
672,002153,石基信息,7.87,-2.24,1.01,417.95,7.890655600793,0.2183916,64.03040757,-702.0,3243.0,82.0,2026-09-09
673,002154,报 喜 鸟,4.12,0.73,1.81,10.32,4.082054929171,0.2425816,73.42475645,1017.0,618.0,74.4,2026-09-09
674,002155,湖南黄金,28.45,10.02,9.47,23.22,27.378930927835,0.490906727273,84.62696802,1124.0,9.0,90.8,2026-09-09
675,002156,通富微电,58.35,0.05,3.14,25.78,58.84419309911,0.346854,67.65758558,-144.0,2020.0,80.4,2026-09-09
676,002157,正邦科技,3.28,0.61,2.59,-20.6,3.291893650892,0.414822,63.77174704,15.0,3314.0,88.4,2026-09-09
677,002158,汉钟精机,26.9,-0.48,1.66,25.65,27.195814466364,0.2603104,67.47062013,-298.0,2082.0,74.4,2026-09-09
678,002159,三特索道,14.16,-1.32,2.14,23.29,14.170689783628,0.1216872,68.27270129,-1006.0,1847.0,69.2,2026-09-09
679,002160,常铝股份,4.17,0.97,1.88,84.63,4.166493590767,0.17765,62.11528989,-1915.0,3789.0,73.6,2026-09-09
680,002161,远 望 谷,6.97,-1.13,1.76,-26.91,6.991250028824,0.2596264,63.7051736,-1146.0,3331.0,74.4,2026-09-09
681,002162,悦心健康,4.51,10.0,12.0,389.03,4.459536312806,0.3734736,78.27766327,1547.0,161.0,75.6,2026-09-09
682,002163,海南发展,9.08,1.23,3.59,-57.3,9.080662389744,0.2010888,71.09296776,394.0,1087.0,82.8,2026-09-09
683,002164,宁波东力,10.77,-0.83,0.96,53.81,10.77435284806,0.1840752,62.04447812,307.0,3814.0,76.0,2026-09-09
684,002165,红 宝 丽,8.09,-4.15,15.62,-350.75,8.164222696455,0.226542,58.27685302,-1134.0,4661.0,88.8,2026-09-09
685,002166,莱茵生物,7.15,-1.38,3.42,46.89,7.196204355518,0.2138248,67.61782647,-1218.0,2033.0,83.2,2026-09-09
686,002167,东方锆业,15.74,2.67,9.37,75.95,15.789876322018,0.3349856,67.04635215,2576.0,2235.0,72.4,2026-09-09
687,002168,ST惠程,3.78,-1.31,0.55,-66.27,3.779530734563,0.3249236,60.49228007,-1624.0,4218.0,68.8,2026-09-09
688,002169,智光电气,12.42,0.32,1.4,110.88,12.42596675361,0.312218,65.04179759,317.0,2881.0,79.2,2026-09-09
689,002170,芭田股份,12.02,0.42,3.14,9.68,11.985263381436,0.3690136,77.96194893,-118.0,176.0,82.4,2026-09-09
690,002171,楚江新材,11.06,7.38,8.33,29.56,10.802156326867,0.3031092,74.44523503,2478.0,478.0,86.0,2026-09-09
691,002172,澳洋健康,4.88,-4.13,36.67,77.32,5.215653116043,0.3423224,63.66227777,-2660.0,3343.0,92.0,2026-09-09
692,002173,创新医疗,18.06,-2.17,4.46,-75.43,18.094252573525,0.1827092,53.22352698,-70.0,5146.0,78.8,2026-09-09
693,002174,游族网络,12.4,-1.51,2.63,24.04,12.411216280385,0.342974,62.28470576,-2050.0,3749.0,87.6,2026-09-09
694,002175,*ST东智,2.56,-0.39,0.83,525.53,2.565216351628,0.3847072,59.93103865,-210.0,4338.0,71.2,2026-09-09
695,002176,江特电机,9.02,-1.2,2.13,-36.04,9.060009084416,0.30024,56.56390103,-2028.0,4914.0,80.0,2026-09-09
696,002177,御银股份,5.93,-1.98,3.62,186.01,5.942647929233,0.2169016,61.22267738,508.0,4026.0,77.6,2026-09-09
697,002178,延华智能,4.72,-1.05,1.05,-147.79,4.716198891937,0.2633016,63.48114712,786.0,3407.0,79.6,2026-09-09
698,002179,中航光电,34.6,1.73,0.85,32.47,34.435034909752,0.374522,75.50242768,1435.0,352.0,82.8,2026-09-09
699,002180,奔图科技,16.65,-0.42,0.47,135.61,16.630249201377,0.19873,62.63584343,-906.0,3643.0,73.2,2026-09-09
700,002181,粤 传 媒,9.46,-8.07,9.38,-160.62,9.516244017178,0.2444396,59.39963739,-2568.0,4448.0,92.8,2026-09-09
701,002182,宝武镁业,12.1,-1.63,1.24,-327.0,12.163729864005,0.230564,54.95216489,-759.0,5070.0,72.8,2026-09-09
702,002183,怡 亚 通,4.51,-0.44,1.94,213.3,4.504508842758,0.3797944,66.85088672,298.0,2291.0,75.6,2026-09-09
703,002184,海得控制,9.86,-1.3,1.17,89.86,9.890274618259,0.092176,61.66580145,77.0,3920.0,72.8,2026-09-09
704,002185,华天科技,16.17,1.25,5.57,33.07,16.218656180265,0.3247156,69.93327397,1976.0,1369.0,72.0,2026-09-09
705,002186,全 聚 德,10.18,0.2,2.52,115.23,10.121568093972,0.1768408,70.82656889,63.0,1158.0,78.0,2026-09-09
706,002187,广百股份,6.0,0.33,2.96,97.56,5.955190602338,0.1445748,71.19351532,1219.0,1058.0,80.0,2026-09-09
707,002188,中天服务,5.67,-1.73,2.53,63.47,5.705168606631,0.063068,66.15329359,-1614.0,2512.0,67.2,2026-09-09
708,002189,中光学,19.51,1.14,1.39,-35.28,19.471350719082,0.2583984,62.52147424,1163.0,3678.0,80.0,2026-09-09
709,002190,成飞集成,26.46,0.84,4.03,-80.56,26.407332217749,0.2942184,64.95784231,1625.0,2906.0,86.0,2026-09-09
710,002191,劲嘉股份,3.67,0.0,0.77,53.75,3.662789050422,0.3482848,61.56778553,931.0,3940.0,69.6,2026-09-09
711,002192,融捷股份,65.46,0.93,4.26,8.48,65.243653863516,0.348194,71.64573059,310.0,954.0,84.4,2026-09-09
712,002193,ST如意,5.09,-3.05,1.48,-7.09,5.180746550209,0.250304,57.38055245,-1128.0,4801.0,70.0,2026-09-09
713,002194,武汉凡谷,10.83,-2.26,16.0,3035.65,10.986155192012,0.2688036,73.4042256,-277.0,622.0,93.6,2026-09-09
714,002195,岩山科技,6.23,-1.58,1.47,296.63,6.238366171075,0.259608,63.33454681,-164.0,3447.0,78.4,2026-09-09
715,002196,方正电机,10.67,-2.65,5.1,108.53,10.729688403121,0.1929,59.79287316,-1048.0,4359.0,79.6,2026-09-09
716,002197,证通电子,6.87,-2.55,2.9,368.97,6.936831535935,0.1561096,57.34531765,-447.0,4808.0,76.0,2026-09-09
717,002198,ST嘉应,3.73,-2.36,1.66,-72.93,3.754681925458,0.3275288,65.95839527,265.0,2582.0,66.0,2026-09-09
718,002199,东晶电子,12.3,-0.81,1.51,-94.64,12.244769702001,0.15163372549,59.47062877,-132.0,4433.0,69.6,2026-09-09
719,002200,交投生态,6.98,-1.13,1.46,29.6,7.002960530912,0.0875008,65.63808319,220.0,2686.0,62.4,2026-09-09
720,002201,九鼎新材,9.16,-1.51,7.29,70.3,9.215813491496,0.1702188,69.7451471,-929.0,1417.0,91.6,2026-09-09
721,002202,金风科技,17.85,0.56,1.69,20.33,17.768484632301,0.3295644,72.7214887,1064.0,760.0,76.4,2026-09-09
722,002203,海亮股份,19.85,2.58,1.14,35.51,19.798794912133,0.4299684,69.83064014,850.0,1391.0,71.2,2026-09-09
723,002204,大连重工,5.35,0.75,1.01,13.94,5.331272936568,0.2666476,72.35515311,-175.0,825.0,76.4,2026-09-09
724,002205,国统股份,11.23,-0.09,1.37,-10.37,11.201916405024,0.0966216,56.13098105,-318.0,4969.0,74.8,2026-09-09
725,002206,海 利 得,5.3,-0.38,0.61,10.42,5.287966595725,0.3094868,67.54174857,42.0,2056.0,68.4,2026-09-09
726,002207,*ST准油,5.92,-2.95,3.73,-41.5,5.969697813203,0.3099704,58.68026844,-1973.0,4584.0,70.8,2026-09-09
727,002208,合肥城建,10.22,-2.67,3.57,-21.29,10.278354045889,0.2214208,59.55345081,-1278.0,4420.0,71.6,2026-09-09
728,002209,达 意 隆,13.79,0.36,2.3,11.83,13.747779131338,0.0826,69.19466772,18.0,1581.0,76.0,2026-09-09
729,002210,飞马国际,2.3,-1.29,1.72,178.46,2.301319192312,0.3046372,64.87364801,-1323.0,2952.0,71.2,2026-09-09
730,002211,ST宏达,3.97,-0.5,1.23,420.44,3.983298316169,0.2838924,60.94884617,-1292.0,4094.0,70.4,2026-09-09
731,002212,天融信,6.53,-2.1,4.6,-14.11,6.499030852378,0.289562,64.65912012,-354.0,3030.0,82.4,2026-09-09
732,002213,大为股份,27.66,-1.11,3.17,140.26,27.859716584971,0.1905712,57.44257007,-35.0,4792.0,75.6,2026-09-09
733,002214,大立科技,16.96,-1.85,1.66,-53.72,17.063577151011,0.260857843137,60.52404542,-1617.0,4209.0,72.8,2026-09-09
734,002215,诺 普 信,10.82,0.93,5.14,7.11,10.883629393086,0.3587132,79.25875455,128.0,114.0,82.4,2026-09-09
735,002216,三全食品,11.98,-1.16,0.91,14.44,11.956807408145,0.1576396,69.017597,-858.0,1630.0,78.4,2026-09-09
736,002217,ST合力泰,1.46,-1.35,1.19,2186.15,1.461017746937,0.4534492,61.32688647,-1810.0,4000.0,72.8,2026-09-09
737,002218,拓日新能,4.04,-0.25,1.6,-49.15,4.025459590445,0.1770812,58.4093295,-650.0,4639.0,77.6,2026-09-09
738,002219,新里程,2.19,-3.1,2.9,411.74,2.204173015846,0.299852,63.43345333,-2262.0,3421.0,81.2,2026-09-09
739,002221,东华能源,6.12,-1.13,1.49,22.4,6.135550333076,0.2364856,66.77170327,-1799.0,2326.0,79.6,2026-09-09
740,002222,福晶科技,66.51,0.03,3.35,86.57,67.271044807939,0.2933684,74.42498214,886.0,480.0,79.6,2026-09-09
741,002223,鱼跃医疗,25.71,0.23,0.47,15.29,25.706658664072,0.1909288,69.16836591,-127.0,1587.0,84.8,2026-09-09
742,002224,三 力 士,4.13,-0.48,6.73,-161.05,4.053852244597,0.303848,71.77030463,-292.0,922.0,79.6,2026-09-09
743,002225,濮耐股份,3.7,-0.27,1.96,141.04,3.71221779243,0.2647528,60.01925904,-155.0,4317.0,66.0,2026-09-09
744,002226,江南化工,5.16,-0.58,0.43,26.86,5.16824190362,0.2751288,68.63882826,-1178.0,1744.0,74.4,2026-09-09
745,002227,*ST特迅,6.75,-1.89,0.36,-23.38,6.791839464883,0.129978,61.47325542,-660.0,3959.0,70.8,2026-09-09
746,002228,合兴包装,3.26,-0.91,1.37,20.84,3.260933884398,0.1686052,61.33831913,-294.0,3996.0,71.2,2026-09-09
747,002229,鸿博股份,11.79,-3.04,9.69,-56.47,11.817223379309,0.1777264,56.50331947,-219.0,4923.0,86.8,2026-09-09
748,002230,科大讯飞,39.04,-0.59,0.75,-230.03,39.031677912776,0.280048,68.64455734,213.0,1741.0,81.6,2026-09-09
749,002232,启明信息,14.32,-1.1,0.53,189.8,14.385485851245,0.0844196,64.87571916,436.0,2950.0,76.4,2026-09-09
750,002233,塔牌集团,7.14,-0.7,0.7,19.1,7.157970860696,0.2395168,70.13701266,415.0,1314.0,72.4,2026-09-09
751,002234,民和股份,8.56,1.06,2.6,-15.68,8.519443227327,0.1506824,65.26791187,436.0,2814.0,75.2,2026-09-09
752,002235,安妮股份,8.4,-3.34,4.47,1702.74,8.41139952118,0.237972,53.91390602,-98.0,5120.0,80.8,2026-09-09
753,002236,大华股份,16.15,-0.31,0.71,11.08,16.137369455291,0.2774108,67.72395646,-164.0,2001.0,82.4,2026-09-09
754,002237,恒邦股份,14.97,1.84,2.18,15.92,14.860492302947,0.3051648,74.38079434,887.0,486.0,80.4,2026-09-09
755,002238,天威视讯,6.64,-2.78,0.7,-58.88,6.638417139889,0.1200208,68.78212388,-459.0,1701.0,75.2,2026-09-09
756,002239,奥特佳,2.58,0.0,1.09,43.58,2.575562705433,0.3379692,70.19351457,498.0,1296.0,75.6,2026-09-09
757,002240,盛新锂能,28.96,-0.07,2.18,13.1,28.93293009457,0.2498264,63.63815472,31.0,3356.0,76.8,2026-09-09
758,002241,歌尔股份,23.01,-2.83,2.46,27.93,23.13355455407,0.349594,67.90901608,-1437.0,1947.0,86.4,2026-09-09
759,002242,九阳股份,8.5,-2.41,0.71,45.18,8.534740184225,0.149044,60.92961774,-229.0,4101.0,74.4,2026-09-09
760,002243,力合科创,7.44,-1.85,0.76,35.18,7.467775069895,0.1917792,64.49461878,-1092.0,3087.0,75.6,2026-09-09
761,002244,滨江集团,8.4,-2.33,0.83,8.43,8.427451071204,0.3279992,71.54272427,-553.0,987.0,78.8,2026-09-09
762,002245,蔚蓝锂芯,17.8,-1.71,2.35,29.79,17.997244239561,0.2709488,67.35929841,445.0,2122.0,75.6,2026-09-09
763,002246,北化股份,22.87,0.57,2.84,27.87,22.899328019628,0.2866672,71.09841005,-602.0,1085.0,88.0,2026-09-09
764,002247,聚力文化,2.51,-0.79,2.43,69.37,2.506270148645,0.198834,71.21829469,300.0,1050.0,67.6,2026-09-09
765,002248,华东数控,9.74,-1.81,3.58,116.67,9.76530174178,0.1649548,59.99300662,508.0,4321.0,85.2,2026-09-09
766,002249,大洋电机,6.76,0.6,1.55,19.94,6.767345948851,0.2948816,67.92928661,1989.0,1939.0,78.8,2026-09-09
767,002250,联化科技,14.83,0.61,1.19,18.12,14.811748849472,0.2176924,65.48551657,200.0,2737.0,74.8,2026-09-09
768,002251,步步高,3.97,-2.22,6.54,37.26,3.981117708952,0.255294,65.6965151,-2110.0,2671.0,86.0,2026-09-09
769,002252,上海莱士,4.99,-1.38,0.45,24.88,5.008741381673,0.3395728,71.66229258,-761.0,947.0,80.0,2026-09-09
770,002253,川大智胜,10.23,-1.35,1.74,-39.1,10.30232512654,0.0729296,58.33379516,15.0,4650.0,76.0,2026-09-09
771,002254,泰和新材,12.57,-0.4,1.61,96.86,12.664262032397,0.2128156,58.27131464,-15.0,4663.0,68.4,2026-09-09
772,002255,海陆重工,7.88,0.0,1.27,20.33,7.875665642231,0.2266824,65.88484356,286.0,2621.0,72.4,2026-09-09
773,002256,兆新股份,3.35,-1.18,1.42,927.58,3.347908979399,0.2845984,57.871055,-356.0,4722.0,78.8,2026-09-09
774,002258,利尔化学,15.7,0.96,8.86,25.18,15.951886484427,0.438612,73.29350565,-378.0,640.0,85.6,2026-09-09
775,002259,升达林业,4.41,0.0,2.49,18.54,4.447390646236,0.2521608,71.08098873,928.0,1093.0,69.6,2026-09-09
776,002261,拓维信息,25.74,-0.19,2.76,234.25,25.50311901465,0.2855876,62.13577236,310.0,3788.0,73.6,2026-09-09
777,002262,恩华药业,22.05,-0.77,0.48,15.08,22.083643025483,0.233218,71.76041292,-483.0,925.0,77.2,2026-09-09
778,002263,大东南,3.23,0.62,1.99,307.94,3.216070119268,0.34352,61.18526459,913.0,4037.0,71.2,2026-09-09
779,002264,新 华 都,7.5,-2.72,14.06,19.06,7.344036440248,0.3050984,83.95279111,-11.0,13.0,90.4,2026-09-09
780,002265,建设工业,21.67,2.75,3.51,166.04,21.550608477096,0.2812716,77.24133716,764.0,212.0,90.0,2026-09-09
781,002266,浙富控股,4.97,3.11,1.59,9.57,4.914828338834,0.3860716,78.88340985,145.0,133.0,72.8,2026-09-09
782,002267,陕天然气,7.63,1.33,1.67,10.5,7.6455270435,0.1928336,69.44229472,-111.0,1505.0,70.8,2026-09-09
783,002268,电科网安,14.04,-0.71,0.63,-34.71,14.045839913919,0.1813196,59.73138573,179.0,4370.0,74.8,2026-09-09
784,002269,美邦服饰,1.52,-0.65,2.12,-45.16,1.512752088687,0.386154,54.68266997,-713.0,5088.0,76.4,2026-09-09
785,002270,华明装备,19.7,-0.56,0.84,22.64,19.718469723402,0.1780336,70.28792193,-518.0,1274.0,76.0,2026-09-09
786,002271,东方雨虹,10.89,-0.82,1.86,21.2,10.861519674113,0.3284788,67.61861695,-1099.0,2032.0,88.0,2026-09-09
787,002272,川润股份,16.7,0.72,4.19,-121.67,16.636273851646,0.2590296,55.1111057,-55.0,5056.0,80.0,2026-09-09
788,002273,水晶光电,25.49,1.07,2.03,33.8,25.507542187796,0.3514084,76.22633775,724.0,285.0,74.0,2026-09-09
789,002274,华昌化工,6.62,-1.05,11.14,25.61,6.737543927843,0.286655090909,66.47615776,-2257.0,2408.0,90.0,2026-09-09
790,002275,桂林三金,12.43,-0.16,0.24,14.01,12.405078871496,0.2490512,67.9241153,1299.0,1943.0,67.6,2026-09-09
791,002276,万马股份,10.3,0.39,1.18,24.88,10.325305751574,0.1977716,67.75373356,547.0,1990.0,76.4,2026-09-09
792,002277,友阿股份,6.12,-0.49,1.71,60.24,6.065836051741,0.2971552,58.60396826,-171.0,4597.0,79.6,2026-09-09
793,002278,神开股份,8.44,-0.94,3.97,116.69,8.433679226392,0.1699868,66.65138688,-1816.0,2366.0,83.6,2026-09-09
794,002279,久其软件,6.91,-2.68,4.0,-119.61,6.943559245454,0.1796636,66.46139453,295.0,2418.0,84.8,2026-09-09
795,002281,光迅科技,182.79,1.6,5.08,129.96,186.759129951466,0.4564156,81.67415936,428.0,41.0,88.0,2026-09-09
796,002282,博深股份,6.19,-0.64,0.42,20.43,6.193802509294,0.0842028,66.93573358,-35.0,2265.0,68.4,2026-09-09
797,002283,天润工业,8.06,1.38,2.03,16.98,8.038409933237,0.2464628,69.24676976,2244.0,1561.0,67.6,2026-09-09
798,002284,亚太股份,10.3,-0.29,3.59,14.19,10.396513600042,0.2942476,74.04037534,-446.0,532.0,87.2,2026-09-09
799,002285,世联行,2.45,-5.77,8.86,-71.79,2.482034788678,0.3180508,70.07577366,-1085.0,1330.0,88.4,2026-09-09
800,002286,保龄宝,9.77,5.62,17.86,22.55,9.564241685239,0.2572428,79.62249028,-15.0,94.0,86.4,2026-09-09
801,002287,奇正藏药,19.98,-1.14,0.25,15.39,20.018460332169,0.0840968,64.96317499,-1421.0,2903.0,72.0,2026-09-09
802,002289,宇顺电子,36.58,1.75,1.8,18.28,36.989365346074,0.32965,72.95093675,1800.0,705.0,71.2,2026-09-09
803,002290,禾盛新材,67.43,-0.28,2.71,61.41,67.939619884143,0.3684196,73.11964503,124.0,672.0,81.2,2026-09-09
804,002291,遥望科技,5.72,-2.72,3.76,17.31,5.709525794268,0.18841,61.82079485,-92.0,3882.0,83.6,2026-09-09
805,002292,奥飞娱乐,8.75,-0.46,5.42,37.14,8.740619431848,0.2566356,68.43753486,-1440.0,1800.0,80.8,2026-09-09
806,002293,罗莱生活,11.2,-0.18,0.44,18.81,11.134873990182,0.1140884,71.29500526,-325.0,1038.0,70.8,2026-09-09
807,002294,信立泰,31.49,1.32,0.99,45.35,31.09780115556,0.284244,70.71634344,1486.0,1177.0,72.4,2026-09-09
808,002295,精艺股份,11.58,9.97,2.91,367.05,11.58,0.3804128,75.2446871,50.0,382.0,86.4,2026-09-09
809,002296,辉煌科技,9.17,-0.22,1.81,15.14,9.1785238553,0.2499924,63.81021378,-997.0,3302.0,73.6,2026-09-09
810,002297,博云新材,22.5,0.81,31.52,37.88,22.388348784695,0.3090292,77.79493477,-124.0,184.0,95.2,2026-09-09
811,002298,中电鑫龙,8.25,-2.14,3.21,69.92,8.289438631473,0.1844548,57.8518885,133.0,4725.0,83.6,2026-09-09
812,002299,圣农发展,17.22,0.58,0.71,21.29,17.168983853903,0.2004176,74.98571903,-16.0,415.0,82.8,2026-09-09
813,002300,太阳电缆,8.28,2.48,16.0,160.29,8.335573035965,0.232514,68.54095806,692.0,1770.0,90.0,2026-09-09
814,002301,齐心集团,8.13,2.26,1.6,38.33,8.048803428341,0.331466,71.99661483,2532.0,880.0,70.0,2026-09-09
815,002302,西部建设,4.84,-0.62,0.43,-14.68,4.822419463229,0.1390144,61.14725136,-213.0,4045.0,75.2,2026-09-09
816,002303,美盈森,5.55,-0.36,4.04,32.72,5.513156622754,0.3456208,72.70325826,107.0,762.0,72.4,2026-09-09
817,002304,洋河股份,39.12,-1.41,0.3,11.33,39.271660260496,0.2352512,62.30990187,184.0,3739.0,85.2,2026-09-09
818,002305,*ST南置,2.11,-0.47,0.75,105.5,2.10985506581,0.456116,63.33401762,122.0,3448.0,70.4,2026-09-09
819,002306,ST云网,2.45,3.38,2.06,-55.75,2.432156394524,0.3363848,70.84927446,1470.0,1152.0,70.8,2026-09-09
820,002307,北新路桥,3.16,-0.94,1.79,-10.09,3.17117050077,0.2873384,56.0779604,-181.0,4974.0,76.8,2026-09-09
821,002309,中利集团,3.04,-0.98,2.58,39.78,3.035326818114,0.2738316,55.80844846,-823.0,5001.0,78.0,2026-09-09
822,002310,东方新能,2.34,-0.43,1.22,2263.99,2.343444434409,0.3898248,61.58251305,-326.0,3935.0,77.2,2026-09-09
823,002311,海大集团,44.09,-0.77,0.41,22.68,44.115840068926,0.1798604,70.01595939,-733.0,1344.0,80.8,2026-09-09
824,002312,川发龙蟒,9.55,2.25,7.46,39.91,9.594015809581,0.2983736,74.87690981,-387.0,432.0,93.6,2026-09-09
825,002313,日海智能,8.66,-0.8,1.7,112.04,8.756874836314,0.1296528,60.15254576,-292.0,4285.0,78.8,2026-09-09
826,002314,南山控股,2.28,-1.72,1.77,-4.83,2.287233228514,0.1916184,62.18827361,-1906.0,3772.0,70.8,2026-09-09
827,002315,焦点科技,24.96,-2.04,2.7,19.81,25.015680205188,0.1815764,72.01337625,-364.0,878.0,81.6,2026-09-09
828,002316,亚联发展,4.66,-0.43,3.28,2056.42,4.638896615431,0.0730216,60.51609717,-2088.0,4210.0,73.6,2026-09-09
829,002317,众生药业,25.01,-3.47,2.35,95.39,25.241880537072,0.2830036,64.25191879,-2294.0,3168.0,77.2,2026-09-09
830,002318,久立特材,19.14,0.0,0.95,23.82,19.061822698803,0.2157924,69.27575691,329.0,1552.0,74.4,2026-09-09
831,002319,乐通股份,10.45,-2.61,3.2,163.41,10.543296601205,0.2504436,56.55834855,-81.0,4917.0,62.8,2026-09-09
832,002320,海峡股份,7.5,3.88,4.31,62.04,7.431028996116,0.3079988,80.33353815,97.0,72.0,86.0,2026-09-09
833,002321,华英农业,2.21,-1.78,2.76,-80.49,2.224548043822,0.1829492,64.60448726,-1182.0,3051.0,76.8,2026-09-09
834,002322,理工能科,12.27,-0.89,1.33,18.62,12.258682989984,0.1193912,67.44505881,252.0,2092.0,74.8,2026-09-09
835,002323,*ST雅博,1.27,-0.78,1.16,-18.52,1.268169135543,0.504896,53.0979224,-11.0,5150.0,68.4,2026-09-09
836,002324,普利特,9.44,-2.98,4.73,62.74,9.5323172645,0.2241504,64.35643371,-2517.0,3143.0,83.6,2026-09-09
837,002326,永太科技,17.65,-0.17,1.33,29.81,17.667677076422,0.2425992,62.51522483,-66.0,3682.0,71.6,2026-09-09
838,002327,富安娜,6.32,-0.78,0.9,22.68,6.327860222578,0.1253244,66.81289134,-793.0,2310.0,69.2,2026-09-09
839,002328,新朋股份,9.08,-2.47,14.69,10.17,9.197273746099,0.2542028,64.39851764,-991.0,3129.0,88.8,2026-09-09
840,002329,皇氏集团,3.97,-2.22,5.0,-45.2,3.987092770215,0.2221596,49.45562339,-3.0,5188.0,83.2,2026-09-09
841,002330,得利斯,4.33,-1.14,2.05,244.5,4.346581814831,0.130412,60.65117439,-394.0,4175.0,78.4,2026-09-09
842,002331,皖通科技,7.08,-1.8,1.66,-23.03,7.082759180931,0.1753844,61.96128142,-749.0,3846.0,69.2,2026-09-09
843,002332,仙琚制药,8.81,-0.45,0.92,17.82,8.809258906064,0.1698864,68.49589965,-315.0,1782.0,72.8,2026-09-09
844,002333,罗普斯金,5.57,-0.54,0.81,93.58,5.531264048069,0.1381864,61.96405849,595.0,3843.0,71.6,2026-09-09
845,002334,英威腾,6.64,-1.19,1.14,207.09,6.664831742379,0.2011408,61.59631656,-844.0,3933.0,74.8,2026-09-09
846,002335,科华数据,30.06,-0.4,1.89,28.62,30.080269583973,0.2517624,67.91866993,119.0,1944.0,81.6,2026-09-09
847,002337,赛象科技,4.78,-0.83,0.83,57.29,4.780160422315,0.1574064,66.50295807,1654.0,2403.0,69.6,2026-09-09
848,002338,奥普光电,40.41,-0.96,0.95,80.42,40.750706966372,0.1557068,64.55393154,305.0,3066.0,76.4,2026-09-09
849,002339,积成电子,7.47,-0.8,1.54,-24.83,7.484688807289,0.1584364,60.38754623,373.0,4246.0,74.8,2026-09-09
850,002340,格林美,6.4,-0.31,0.98,15.17,6.400269124371,0.3458384,63.88864846,-747.0,3275.0,77.2,2026-09-09
851,002342,巨力索具,8.15,1.49,7.37,1029.45,8.116971630936,0.2124628,66.99245101,-24.0,2253.0,75.6,2026-09-09
852,002343,慈文传媒,5.97,-3.55,20.66,-42.55,5.822310640589,0.2293752,73.27748752,-277.0,646.0,88.4,2026-09-09
853,002344,海宁皮城,4.15,-0.48,0.66,45.26,4.138478762346,0.1425692,63.69789955,-502.0,3336.0,70.8,2026-09-09
854,002345,潮宏基,9.47,-1.15,1.6,9.97,9.423065362268,0.1644124,70.61502606,-879.0,1203.0,77.2,2026-09-09
855,002346,柘中股份,18.45,-0.27,1.04,12.71,18.449170369086,0.1675384,69.68818673,290.0,1435.0,66.4,2026-09-09
856,002347,泰尔股份,6.27,-0.79,1.65,-80.09,6.270773978322,0.1235876,62.34753793,1160.0,3729.0,76.0,2026-09-09
857,002348,高乐股份,10.82,0.65,1.22,-185.04,10.79976144891,0.3365048,63.08766892,1156.0,3520.0,74.0,2026-09-09
858,002349,精华制药,9.26,9.98,14.97,28.27,8.891658623288,0.4446796,82.27361089,22.0,28.0,93.2,2026-09-09
859,002350,北京科锐,14.6,-0.07,1.21,-190.11,14.56514502201,0.3289168,63.16807776,-48.0,3496.0,70.8,2026-09-09
860,002351,漫步者,9.93,-1.59,1.19,20.91,9.941979358702,0.1381704,75.48008832,936.0,354.0,78.4,2026-09-09
861,002352,顺丰控股,31.62,-0.69,0.28,15.13,31.588609263218,0.2766012,73.05290628,154.0,682.0,84.4,2026-09-09
862,002353,杰瑞股份,125.7,-0.06,2.45,53.81,127.340169858228,0.3594216,75.89541766,40.0,317.0,86.4,2026-09-09
863,002354,天娱数科,7.93,-4.0,18.09,161.1,7.975827588604,0.2599504,64.68412046,-925.0,3020.0,91.6,2026-09-09
864,002355,兴民智通,4.8,-2.44,1.89,-7.49,4.839992628679,0.191894,55.67957396,27.0,5014.0,74.0,2026-09-09
865,002356,鹏飞绿能,2.9,0.0,0.99,-133.31,2.895510746099,0.1883652,65.9201242,-1492.0,2605.0,68.0,2026-09-09
866,002357,富临运业,12.99,3.1,9.48,6.44,12.801600885587,0.3127132,81.18015818,28.0,53.0,82.8,2026-09-09
867,002358,森源电气,5.46,0.92,1.2,49.26,5.43073402418,0.1929168,60.47648143,-426.0,4223.0,72.8,2026-09-09
868,002360,ST同德,5.61,1.08,1.38,-23.25,5.651397449646,0.3457128,53.37372531,10.0,5142.0,63.2,2026-09-09
869,002361,神剑股份,10.12,-1.46,9.22,-154.22,10.145044828922,0.1801296,55.8564878,7.0,4998.0,78.4,2026-09-09
870,002362,汉王科技,15.78,-2.65,1.78,-22.38,15.863623023916,0.1375416,60.47975006,239.0,4221.0,75.2,2026-09-09
871,002363,隆基机械,6.9,-0.86,0.53,33.91,6.918157692134,0.0938884,69.5593228,420.0,1471.0,70.8,2026-09-09
872,002364,中恒电气,36.7,-0.3,4.34,188.07,37.082997872848,0.312016,70.00763399,1254.0,1348.0,81.6,2026-09-09
873,002365,永安药业,15.53,-3.42,17.46,52.71,15.616471263509,0.255184,63.58981607,-2762.0,3376.0,90.4,2026-09-09
874,002366,融发核电,6.15,3.54,4.54,-282.63,6.067750916701,0.3087112,71.9450063,2090.0,890.0,79.6,2026-09-09
875,002367,康力电梯,5.78,-1.2,1.18,24.03,5.78130759543,0.26874,64.82954949,-1408.0,2964.0,68.0,2026-09-09
876,002368,太极股份,13.66,-2.36,1.28,-12.06,13.736248152879,0.2044628,59.55783636,-851.0,4416.0,82.0,2026-09-09
877,002369,卓翼科技,6.04,-2.11,2.48,-26.07,6.051643629124,0.1789724,54.92895994,15.0,5072.0,76.4,2026-09-09
878,002370,亚太药业,5.57,-3.13,5.83,-4768.79,5.584748908129,0.224316,64.03049938,-1922.0,3242.0,88.4,2026-09-09
879,002371,北方华创,646.4,-0.23,0.52,69.6,646.303355611587,0.372984,69.39339335,302.0,1518.0,81.6,2026-09-09
880,002372,伟星新材,8.44,-1.4,0.46,17.23,8.451439199685,0.0864952,72.33779046,280.0,830.0,75.6,2026-09-09
881,002373,千方科技,7.54,-1.82,1.01,-285.62,7.547771246281,0.2228376,70.21926314,828.0,1288.0,74.4,2026-09-09
882,002374,中锐股份,3.14,-1.26,1.07,-12.55,3.152262512504,0.2277064,53.99759891,-6.0,5118.0,69.2,2026-09-09
883,002375,亚厦股份,3.85,-2.04,0.96,16.8,3.866166580768,0.1890548,71.26543724,87.0,1042.0,73.2,2026-09-09
884,002376,新北洋,6.64,-0.15,1.1,50.62,6.684434470021,0.2503736,70.92052794,549.0,1138.0,70.0,2026-09-09
885,002377,国创高新,3.15,10.14,19.7,76.0,3.07407139466,0.4629988,79.74604555,1720.0,91.0,68.8,2026-09-09
886,002378,章源钨业,23.84,-0.13,1.98,20.83,23.767500282164,0.2527648,65.668294,112.0,2678.0,74.0,2026-09-09
887,002379,宏桥控股,19.68,3.52,4.93,8.2,19.428090727949,0.3755828,83.21848263,20.0,21.0,83.6,2026-09-09
888,002380,科远智慧,27.46,-1.61,2.54,20.33,27.578080070781,0.1430064,67.56075929,562.0,2054.0,72.8,2026-09-09
889,002381,双箭股份,5.7,-0.87,1.41,67.47,5.724281510393,0.1286076,63.67291017,-1695.0,3338.0,68.4,2026-09-09
890,002382,蓝帆医疗,6.01,-1.31,0.76,31.65,6.018397708952,0.1486824,63.14287884,-1850.0,3507.0,75.2,2026-09-09
891,002383,合众思壮,7.86,0.64,10.25,-82.15,7.809790668587,0.2573792,71.79368526,672.0,918.0,90.0,2026-09-09
892,002384,东山精密,196.06,5.17,6.02,60.72,193.758285576398,0.5442016,78.53160055,1501.0,146.0,82.4,2026-09-09
893,002385,大北农,3.6,-0.28,6.34,-11.39,3.604072077688,0.350028,67.37665089,-1502.0,2112.0,94.4,2026-09-09
894,002386,天原股份,6.0,0.5,0.99,18.66,5.973218500882,0.3420424,64.91119799,-657.0,2932.0,73.6,2026-09-09
895,002387,维信诺,7.02,-0.14,0.64,-3.23,6.998480406954,0.2798508,63.47574132,1323.0,3409.0,74.8,2026-09-09
896,002388,新亚制程,6.51,3.66,6.28,-140.79,6.365027842395,0.3633188,70.27875149,2921.0,1276.0,72.0,2026-09-09
897,002389,航天彩虹,19.68,-0.4,3.14,128.59,19.649933323707,0.3052812,60.46492061,-1155.0,4229.0,89.2,2026-09-09
898,002390,信邦制药,3.08,-1.6,1.34,30.06,3.084950776762,0.212972,67.4909412,-1245.0,2076.0,74.0,2026-09-09
899,002391,长青股份,5.58,0.0,1.82,33.59,5.571756408204,0.1107328,61.80875778,-558.0,3886.0,71.6,2026-09-09
900,002392,北京利尔,7.87,1.42,0.99,12.19,7.845243073478,0.2468144,71.02575803,271.0,1112.0,66.4,2026-09-09
901,002393,力生制药,14.14,-1.12,0.54,27.83,14.140870537202,0.1527112,63.52398484,-1817.0,3393.0,70.8,2026-09-09
902,002394,联发股份,10.7,-0.93,1.61,89.39,10.689891733415,0.2332476,67.87806162,711.0,1957.0,68.8,2026-09-09
903,002395,双象股份,13.17,-1.42,1.8,21.75,13.213366807594,0.1617816,71.05469487,17.0,1099.0,78.0,2026-09-09
904,002396,星网锐捷,35.81,-4.07,13.3,36.39,36.432081210196,0.3228632,64.11924351,-1160.0,3212.0,86.4,2026-09-09
905,002397,梦洁股份,3.95,1.02,2.49,43.42,3.92511924806,0.2778308,70.64168466,1072.0,1197.0,71.6,2026-09-09
906,002398,垒知集团,4.29,-1.15,1.39,25.55,4.29110389868,0.2124604,66.76521276,-1333.0,2327.0,71.2,2026-09-09
907,002399,海普瑞,9.99,-0.4,0.27,26.62,9.967170206938,0.2285352,66.59679245,885.0,2380.0,74.8,2026-09-09
908,002400,省广集团,6.71,-3.59,4.67,167.18,6.74120984919,0.2507236,66.05920142,-2093.0,2545.0,88.8,2026-09-09
909,002401,中远海科,12.63,1.69,1.52,145.47,12.581537326802,0.1870844,75.44780439,762.0,358.0,75.2,2026-09-09
910,002402,和而泰,18.41,-1.34,1.74,35.46,18.491087793275,0.2105556,65.91523426,320.0,2609.0,74.0,2026-09-09
911,002403,爱仕达,12.41,-9.08,21.8,-22.63,12.749054800356,0.2848828,70.89443376,2285.0,1145.0,92.0,2026-09-09
912,002404,嘉欣丝绸,6.07,0.33,2.89,16.61,6.050934026894,0.197508,65.36590564,-402.0,2778.0,69.2,2026-09-09
913,002405,四维图新,6.24,-1.42,1.35,-15.13,6.257473438075,0.2553192,65.49729253,582.0,2733.0,78.4,2026-09-09
914,002406,远东传动,6.77,-0.73,1.65,24.59,6.756154998653,0.2276504,67.55023502,-1001.0,2055.0,76.0,2026-09-09
915,002407,多氟多,33.69,0.51,7.04,39.18,33.548304580577,0.2890004,61.33990008,66.0,3995.0,84.4,2026-09-09
916,002408,齐翔腾达,5.69,1.25,1.12,69.49,5.668617904431,0.2974936,69.52293408,-1064.0,1483.0,78.4,2026-09-09
917,002409,雅克科技,131.52,-0.45,4.32,55.8,132.432637638783,0.3558304,69.82405721,-570.0,1393.0,79.2,2026-09-09
918,002410,广联达,8.55,-3.61,2.2,35.25,8.610652839067,0.225876,69.74472369,280.0,1418.0,79.6,2026-09-09
919,002412,汉森制药,9.63,-2.53,12.89,22.73,9.76999720506,0.2084772,60.83431447,-868.0,4123.0,81.2,2026-09-09
920,002413,雷科防务,8.18,0.0,2.29,-297.79,8.18937696977,0.2082292,62.6894012,1141.0,3627.0,74.4,2026-09-09
921,002414,高德红外,12.59,0.24,1.33,19.9,12.541744750824,0.3228592,72.07499942,-435.0,868.0,72.8,2026-09-09
922,002415,海康威视,33.75,0.3,0.71,19.59,33.650167543188,0.3285672,73.58961292,107.0,588.0,84.8,2026-09-09
923,002416,爱施德,9.52,-2.06,1.21,126.96,9.551265552621,0.2422044,71.73716113,-391.0,932.0,81.2,2026-09-09
924,002418,康盛股份,5.16,-6.35,19.35,352.15,5.224356318505,0.218852,59.69996027,-1573.0,4382.0,87.2,2026-09-09
925,002419,天虹股份,4.92,-0.4,1.53,24.76,4.92684888731,0.26529,71.11181646,1043.0,1078.0,78.4,2026-09-09
926,002420,毅昌科技,6.26,-0.16,1.37,30.67,6.290942907311,0.1499276,72.83950986,-13.0,729.0,67.2,2026-09-09
927,002421,达实智能,3.31,-2.93,5.76,-192.85,3.318775480937,0.2222732,56.45206309,-579.0,4930.0,77.2,2026-09-09
928,002422,科伦药业,40.37,-0.96,0.86,28.47,40.47065087659,0.2219752,66.24086869,-75.0,2480.0,78.4,2026-09-09
929,002423,中粮资本,9.8,-1.01,0.64,12.31,9.788736943261,0.2050656,66.12062197,-1605.0,2527.0,84.0,2026-09-09
930,002424,ST百灵,4.72,0.43,0.76,108.89,4.68533487218,0.3805164,59.72845441,-857.0,4371.0,74.8,2026-09-09
931,002425,凯撒文化,3.33,-4.31,4.73,319.2,3.328204337581,0.2213064,57.95583798,-105.0,4712.0,74.8,2026-09-09
932,002426,胜利精密,2.69,-1.82,1.76,-23.25,2.697787090722,0.3314152,53.74009662,-416.0,5129.0,73.2,2026-09-09
933,002427,尤夫股份,4.92,-1.8,1.74,304.99,4.931034924715,0.1800808,58.91589122,89.0,4544.0,78.8,2026-09-09
934,002428,云南锗业,91.43,1.53,8.36,402.01,92.88986825582,0.3949824,66.77889926,2340.0,2323.0,81.2,2026-09-09
935,002429,兆驰股份,7.99,0.38,0.97,46.23,8.043509551526,0.3466576,71.56150517,1405.0,978.0,75.6,2026-09-09
936,002430,杭氧股份,27.09,-1.35,1.02,23.53,27.118862942339,0.2688332,69.94268191,-1102.0,1366.0,82.8,2026-09-09
937,002431,ST棕榈,1.37,-2.84,1.04,-4.69,1.381961509165,0.3804688,56.35153884,-117.0,4940.0,70.8,2026-09-09
938,002432,九安医疗,65.3,-2.77,5.81,4.96,65.02671069232,0.368542,68.24058407,-363.0,1857.0,79.2,2026-09-09
939,002434,万里扬,5.88,0.17,1.01,54.86,5.911253236169,0.2564824,53.81256523,-10.0,5126.0,69.6,2026-09-09
940,002436,兴森科技,39.45,-1.67,11.39,303.38,39.83175480441,0.4182232,68.67720056,-1623.0,1728.0,95.2,2026-09-09
941,002437,誉衡药业,3.7,-8.19,21.3,25.95,3.785963044673,0.270376,63.9539655,-1953.0,3256.0,84.0,2026-09-09
942,002438,江苏神通,13.9,-0.14,1.33,23.43,13.79622959962,0.2058188,71.03496355,1397.0,1107.0,74.0,2026-09-09
943,002439,启明星辰,13.3,-0.89,1.19,261.67,13.34836295023,0.3073216,60.74667636,7.0,4153.0,77.6,2026-09-09
944,002440,闰土股份,12.69,-0.24,3.19,11.38,12.686582971315,0.2763052,71.40789244,-711.0,1016.0,75.6,2026-09-09
945,002441,众业达,8.22,0.49,1.11,14.18,8.208010703123,0.1906496,71.05239975,1263.0,1103.0,73.2,2026-09-09
946,002442,龙星科技,5.57,3.72,5.62,39.46,5.532773056852,0.1886648,70.51122284,1465.0,1228.0,69.6,2026-09-09
947,002443,金洲管道,11.48,0.53,4.0,34.84,11.376120928128,0.38783,76.1196849,435.0,295.0,83.2,2026-09-09
948,002444,巨星科技,29.43,1.06,0.51,13.47,29.216146618801,0.2537316,74.64348545,891.0,455.0,75.2,2026-09-09
949,002445,中南文化,3.16,-3.07,3.17,122.77,3.16707231779,0.289388181818,60.69398667,-445.0,4166.0,79.2,2026-09-09
950,002446,盛路通信,8.18,0.0,3.3,102.73,8.248637902257,0.2748368,59.17017789,-1398.0,4497.0,74.0,2026-09-09
951,002448,中原内配,12.1,3.77,5.74,10.29,12.106782577295,0.2922696,77.44621809,1612.0,195.0,75.6,2026-09-09
952,002449,国星光电,6.57,-0.9,1.25,-41.61,6.589111632996,0.254468,63.55325739,949.0,3388.0,79.6,2026-09-09
953,002451,摩恩电气,7.89,0.25,2.87,301.26,7.869243470647,0.1888544,66.82176039,-259.0,2308.0,81.2,2026-09-09
954,002452,长高电气,12.36,1.39,3.27,6.59,12.275431570238,0.2299164,73.21558855,7.0,655.0,76.4,2026-09-09
955,002453,华软科技,4.61,0.0,0.93,-24.59,4.596565473797,0.109602,60.14697214,695.0,4286.0,69.2,2026-09-09
956,002454,松芝股份,5.12,-0.19,0.66,18.07,5.12613988231,0.190682,66.39447182,-995.0,2437.0,70.0,2026-09-09
957,002455,百川股份,7.6,-1.94,3.79,38.79,7.638639207227,0.1886984,54.10794221,-25.0,5114.0,78.0,2026-09-09
958,002456,欧菲光,7.27,-2.42,1.94,-28.65,7.332319473104,0.2771408,57.26722377,-149.0,4821.0,74.0,2026-09-09
959,002457,青龙管业,12.12,-5.9,14.53,139.32,12.313626985186,0.2502956,65.64848387,-2458.0,2682.0,84.0,2026-09-09
960,002458,益生股份,9.45,1.18,4.51,21.99,9.405847895845,0.2458408,74.1930289,-194.0,511.0,85.6,2026-09-09
961,002459,晶澳科技,6.89,-0.43,0.56,-4.28,6.880813704655,0.277458,57.98400813,83.0,4709.0,76.0,2026-09-09
962,002460,赣锋锂业,49.11,0.04,1.74,12.09,48.967976815708,0.323388,66.91453605,-824.0,2275.0,84.0,2026-09-09
963,002461,珠江啤酒,8.7,-1.02,0.16,14.29,8.716447017685,0.0839872,70.91508239,-31.0,1140.0,70.8,2026-09-09
964,002462,嘉事堂,12.4,-0.72,0.58,20.85,12.41996082156,0.1009288,66.20342605,136.0,2497.0,67.6,2026-09-09
965,002463,沪电股份,127.55,2.12,2.47,41.98,128.209074367271,0.4471928,83.84321704,54.0,15.0,93.2,2026-09-09
966,002465,海格通信,10.21,0.0,1.81,-69.93,10.259239199248,0.296776,56.53537837,-836.0,4921.0,77.2,2026-09-09
967,002466,天齐锂业,45.56,-0.07,1.62,9.2,45.463159332371,0.3508228,65.90795053,-1029.0,2611.0,85.2,2026-09-09
968,002467,二六三,4.74,-1.86,1.8,-169.33,4.749021245908,0.2336472,56.18623064,-45.0,4960.0,74.0,2026-09-09
969,002468,申通快递,14.21,-0.77,0.68,10.51,14.261961254868,0.2706412,70.78532256,-270.0,1166.0,72.8,2026-09-09
970,002469,三维化学,6.51,-0.76,1.62,59.47,6.505828930149,0.2560604,71.90157063,516.0,898.0,79.6,2026-09-09
971,002470,金正大,2.78,9.88,3.24,-9.19,2.78,0.5210636,77.27118235,-124.0,206.0,93.2,2026-09-09
972,002471,中超控股,5.84,1.39,3.73,-314.8,5.783425738102,0.256088,60.72825512,731.0,4160.0,76.4,2026-09-09
973,002472,双环传动,37.22,0.43,2.15,26.96,37.024648096329,0.296746,69.68254042,436.0,1437.0,81.2,2026-09-09
974,002474,榕基软件,6.45,-1.98,2.44,-84.07,6.466210337725,0.1464684,58.94271948,-335.0,4541.0,82.8,2026-09-09
975,002475,立讯精密,55.86,1.45,0.98,27.56,55.969497344667,0.46077,77.8400149,357.0,182.0,87.2,2026-09-09
976,002476,新叶股份,5.23,-1.88,1.33,79.72,5.249566037505,0.1986808,67.94941626,-180.0,1934.0,75.2,2026-09-09
977,002478,常宝股份,6.81,-1.02,2.29,22.84,6.834574238641,0.1734696,68.65384706,-129.0,1737.0,78.0,2026-09-09
978,002479,富春环保,6.2,0.16,1.56,8.36,6.183797725965,0.1958636,72.42519528,-214.0,810.0,72.0,2026-09-09
979,002480,新筑股份,5.38,-1.28,0.57,-20.64,5.392694743076,0.212544,57.70755065,-694.0,4753.0,69.6,2026-09-09
980,002481,双塔食品,4.53,-1.31,1.99,84.3,4.562506982143,0.1618768,60.55152275,-1244.0,4199.0,80.4,2026-09-09
981,002482,广田集团,1.37,-0.72,1.2,-56.38,1.365867642844,0.4548436,63.34714595,-382.0,3443.0,71.2,2026-09-09
982,002483,润邦股份,6.47,0.94,7.79,24.58,6.416565241207,0.2910548,71.02665228,-903.0,1111.0,84.0,2026-09-09
983,002484,江海股份,58.97,-1.06,4.23,65.42,59.861542942911,0.3370248,66.25461548,-334.0,2474.0,87.6,2026-09-09
984,002485,ST雪发,5.99,1.87,0.43,-62.83,5.961291171512,0.145866,62.64648491,1436.0,3638.0,60.0,2026-09-09
985,002486,嘉麟杰,2.88,-4.0,6.14,67.22,2.89864391781,0.2192376,59.12610079,-336.0,4502.0,74.8,2026-09-09
986,002487,大金重工,32.57,-1.63,2.63,20.07,32.756303490494,0.2286344,67.79003231,-294.0,1982.0,79.6,2026-09-09
987,002488,金固股份,7.92,-1.12,1.05,89.04,7.953227985825,0.1972144,59.55824208,133.0,4415.0,74.0,2026-09-09
988,002489,浙江永强,2.85,-0.7,0.73,-768.58,2.842544337845,0.2373016,62.03027099,-1267.0,3820.0,71.6,2026-09-09
989,002490,山东墨龙,7.99,-3.73,10.44,781.32,8.034061202418,0.2173272,55.54296343,-1362.0,5021.0,88.8,2026-09-09
990,002491,通鼎互联,22.22,3.59,16.63,67.47,22.07547252556,0.321918,64.95375526,-1165.0,2909.0,90.0,2026-09-09
991,002492,恒基达鑫,6.23,0.97,2.04,-37.82,6.238141766235,0.1311144,62.43643449,488.0,3706.0,66.8,2026-09-09
992,002493,荣盛石化,15.14,4.49,0.63,14.8,14.824984492632,0.426874,84.10048978,13.0,12.0,86.0,2026-09-09
993,002494,华斯股份,4.89,-0.81,1.98,-128.36,4.910388314975,0.054248,63.80077735,-1131.0,3305.0,67.2,2026-09-09
994,002495,佳隆股份,2.5,-1.19,2.58,164.7,2.488123131546,0.1788624,69.23227656,801.0,1567.0,70.4,2026-09-09
995,002496,辉丰股份,2.29,0.0,4.07,92.25,2.316842145727,0.2727468,54.35266207,-399.0,5106.0,70.8,2026-09-09
996,002497,雅化集团,17.81,-0.17,1.83,8.44,17.830943332645,0.2446044,68.90755051,-958.0,1661.0,73.6,2026-09-09
997,002498,汉缆股份,7.08,9.94,4.45,37.5,6.962697177528,0.5469872,81.07310456,1941.0,56.0,83.2,2026-09-09
998,002500,山西证券,5.35,-0.19,0.44,15.93,5.352174751361,0.3115772,64.05765163,1287.0,3233.0,74.4,2026-09-09
999,002501,*ST利源,1.28,-1.54,0.61,-68.15,1.281634812555,0.431386,52.14041572,-503.0,5169.0,69.6,2026-09-09
1000,002506,协鑫集成,2.59,-1.52,2.54,-17.61,2.589938010876,0.2464136,54.63443525,1.0,5090.0,74.4,2026-09-09
1001,002507,涪陵榨菜,11.39,-1.21,1.3,16.07,11.395447603535,0.3068308,71.08505198,165.0,1090.0,82.4,2026-09-09
1002,002508,老板电器,15.93,0.57,0.72,13.02,15.865158344189,0.1626704,76.00112873,725.0,309.0,78.8,2026-09-09
1003,002510,天汽模,5.66,-0.7,1.05,299.7,5.668628016887,0.213114,58.37899216,-562.0,4645.0,76.8,2026-09-09
1004,002511,中顺洁柔,7.29,-0.55,0.62,20.71,7.284109816367,0.2236596,68.8288791,-734.0,1689.0,76.4,2026-09-09
1005,002512,ST达华,4.28,-0.23,1.23,70.88,4.264474635664,0.348898,65.99131238,190.0,2572.0,73.6,2026-09-09
1006,002513,蓝丰生化,5.8,2.11,3.21,-18.21,5.740227670213,0.1322332,67.78973632,1537.0,1983.0,71.6,2026-09-09
1007,002514,*ST宝馨,2.19,-4.37,9.44,-19.29,2.209892056606,0.234222,53.64907882,-76.0,5134.0,82.4,2026-09-09
1008,002515,金字火腿,7.94,-0.13,8.52,-591.25,7.962543790735,0.4235312,65.01582869,1249.0,2888.0,84.4,2026-09-09
1009,002516,旷达科技,5.99,-1.8,2.55,39.34,6.041945257673,0.2149404,70.5008888,-1033.0,1229.0,82.0,2026-09-09
1010,002517,恺英网络,17.1,-3.55,2.72,12.79,17.215181396493,0.3055588,74.10515899,-181.0,523.0,86.4,2026-09-09
1011,002518,科士达,35.3,-0.2,3.0,35.42,35.594635016027,0.318676,71.40789121,-24.0,1017.0,82.0,2026-09-09
1012,002519,银河电子,5.75,0.7,2.57,595.18,5.7504676108,0.2202752,61.50142416,93.0,3954.0,79.2,2026-09-09
1013,002520,日发精机,6.48,-0.31,3.59,48.5,6.40070480111,0.2335536,57.47972265,-14.0,4787.0,77.2,2026-09-09
1014,002521,齐峰新材,6.61,-0.3,0.85,23.27,6.606342085353,0.1910488,62.10216545,168.0,3794.0,62.0,2026-09-09
1015,002522,浙江众成,5.24,-0.19,1.79,44.0,5.255517999654,0.2507828,58.44003897,180.0,4633.0,68.0,2026-09-09
1016,002523,天桥起重,3.56,-0.84,1.08,38.19,3.558220976127,0.2165104,68.33903939,538.0,1834.0,71.6,2026-09-09
1017,002524,光正眼科,4.15,-1.19,2.09,60.16,4.164241466468,0.1235912,63.735041,-1747.0,3324.0,70.4,2026-09-09
1018,002526,山东矿机,2.77,-1.07,1.07,393.07,2.774175409258,0.241228,61.79735012,-1244.0,3891.0,75.2,2026-09-09
1019,002527,新时达,11.12,-1.68,1.09,-326.91,11.180139257694,0.1863444,56.81215768,-60.0,4886.0,74.4,2026-09-09
1020,002528,*ST英飞,7.51,1.21,2.27,-40.78,7.489445142724,0.4611804,61.81255904,24.0,3884.0,83.6,2026-09-09
1021,002529,海源复材,7.2,-0.69,1.87,-19.26,7.246108385084,0.1376556,59.72346156,-1721.0,4373.0,72.8,2026-09-09
1022,002530,金财互联,7.39,-1.6,1.5,66.23,7.402973018772,0.2278112,64.40999556,816.0,3122.0,77.2,2026-09-09
1023,002531,天顺风能,6.28,-0.95,1.37,48.63,6.269744679388,0.2219412,61.98449022,154.0,3838.0,76.8,2026-09-09
1024,002532,天山铝业,14.04,6.04,3.46,7.78,13.781930531176,0.3910228,75.30945537,-186.0,374.0,83.2,2026-09-09
1025,002533,金杯电工,11.27,0.36,0.85,13.05,11.23056058591,0.2174776,71.20157426,461.0,1057.0,73.6,2026-09-09
1026,002534,西子洁能,16.4,-1.32,0.96,-136.14,16.404447033134,0.2073948,64.53143129,-711.0,3074.0,76.4,2026-09-09
1027,002535,林州重机,2.57,-1.91,1.77,-17.09,2.584706710959,0.0755772,61.13574862,892.0,4048.0,70.0,2026-09-09
1028,002536,飞龙股份,56.82,-3.02,10.39,215.69,56.834924843506,0.430574,72.29228302,-421.0,837.0,93.6,2026-09-09
1029,002537,海联金汇,6.24,-2.5,3.09,28.03,6.281289215582,0.1920748,65.6079984,-1164.0,2697.0,89.6,2026-09-09
1030,002538,ST司特,7.08,0.14,0.68,27.37,7.060099790733,0.3677048,64.93189857,-2014.0,2923.0,70.0,2026-09-09
1031,002539,云图控股,13.34,0.68,1.55,11.38,13.332057878151,0.2405864,69.97780373,-489.0,1356.0,76.0,2026-09-09
1032,002540,亚太科技,5.4,2.66,1.87,42.03,5.378414134649,0.180028,74.35164575,2094.0,490.0,73.2,2026-09-09
1033,002541,鸿路钢构,19.68,-2.43,1.46,15.82,19.797912679046,0.1640912,71.64213161,313.0,955.0,75.2,2026-09-09
1034,002542,*ST中岩,1.68,-2.33,0.68,-8.84,1.696245494577,0.2897108,59.69059805,85.0,4387.0,72.4,2026-09-09
1035,002543,万和电气,7.18,-3.36,1.8,43.44,7.20528860243,0.1451428,65.94562927,76.0,2588.0,78.8,2026-09-09
1036,002544,普天科技,16.14,-0.25,1.63,-220.37,16.241208206361,0.19752,66.64749955,-207.0,2367.0,73.6,2026-09-09
1037,002545,东方铁塔,17.49,-2.51,2.58,11.15,17.585043445581,0.2293556,72.31027855,-763.0,834.0,75.6,2026-09-09
1038,002546,新联电子,7.77,0.0,1.22,7.15,7.747255590956,0.242444,61.29615386,-411.0,4006.0,71.2,2026-09-09
1039,002547,*ST春兴,2.6,-3.7,2.3,-9.37,2.628080379941,0.2995568,59.10386354,-1752.0,4507.0,73.6,2026-09-09
1040,002548,金新农,4.72,1.51,9.72,-5.03,4.700025304421,0.2722236,74.54316214,1292.0,464.0,82.0,2026-09-09
1041,002549,凯美特气,13.66,-1.23,1.78,216.65,13.745250664189,0.1309268,56.51168718,-896.0,4922.0,72.8,2026-09-09
1042,002550,千红制药,6.66,0.6,1.1,27.89,6.600980479359,0.295546,69.55708398,236.0,1473.0,75.6,2026-09-09
1043,002551,尚荣医疗,3.35,-1.47,1.75,-90.53,3.353125830488,0.1323672,60.2494584,-1666.0,4276.0,75.2,2026-09-09
1044,002552,宝鼎科技,47.52,0.11,6.29,67.8,48.112727021761,0.3175,69.44000716,2024.0,1506.0,83.2,2026-09-09
1045,002553,南方精工,17.25,-2.32,6.03,50.51,17.437657617342,0.1627248,67.96064125,-262.0,1933.0,90.8,2026-09-09
1046,002554,惠博普,2.98,-1.0,2.29,-18.72,2.999594994996,0.204236,55.79417917,-534.0,5003.0,74.8,2026-09-09
1047,002555,三七互娱,18.39,-2.39,1.68,11.52,18.469358332109,0.3288184,66.86518532,-166.0,2286.0,86.0,2026-09-09
1048,002556,辉隆股份,5.7,1.79,3.91,23.67,5.696857368365,0.245562,76.68965572,-191.0,246.0,80.0,2026-09-09
1049,002557,洽洽食品,19.0,-2.41,1.68,19.54,19.082352371148,0.2541352,69.84107471,635.0,1387.0,80.8,2026-09-09
1050,002558,巨人网络,26.13,-4.64,3.99,11.58,26.340957897855,0.339838,72.08236933,-516.0,866.0,84.0,2026-09-09
1051,002559,亚威股份,9.06,0.67,4.0,64.11,9.080203328617,0.2815656,69.98973825,1971.0,1351.0,71.2,2026-09-09
1052,002560,通达股份,6.36,2.09,3.93,89.58,6.32939712007,0.2432572,72.60973807,2249.0,775.0,72.0,2026-09-09
1053,002561,徐家汇,7.57,-0.26,2.25,-63.04,7.56662761636,0.1484756,62.9110091,230.0,3565.0,80.0,2026-09-09
1054,002562,兄弟科技,5.19,-1.33,3.79,30.25,5.173361259766,0.2171084,68.80026944,-1117.0,1699.0,87.6,2026-09-09
1055,002563,森马服饰,5.77,-0.69,0.48,16.22,5.743400054338,0.1615072,76.71321312,815.0,245.0,73.2,2026-09-09
1056,002564,天沃科技,5.35,-1.11,8.55,-29.55,5.249822153783,0.2320584,72.97381698,726.0,698.0,88.0,2026-09-09
1057,002565,顺灏股份,8.57,-1.15,2.69,143.13,8.586697521283,0.1626116,56.99402576,120.0,4862.0,72.8,2026-09-09
1058,002566,益盛药业,7.32,1.1,4.34,45.14,7.289928647878,0.1895376,65.30439114,1242.0,2798.0,70.4,2026-09-09
1059,002567,唐人神,4.14,0.0,2.55,-2.84,4.142773809987,0.265016,66.74704104,-1247.0,2334.0,84.0,2026-09-09
1060,002568,百润股份,18.13,-1.25,1.28,19.72,18.201083289853,0.1757252,71.93062086,-412.0,893.0,76.4,2026-09-09
1061,002569,*ST步森,10.61,-2.12,0.53,-57.37,10.726735239113,0.20344,57.82150874,18.0,4728.0,62.0,2026-09-09
1062,002570,贝因美,4.76,0.0,7.47,36.01,4.819395084379,0.2406208,67.58474206,2053.0,2043.0,76.4,2026-09-09
1063,002571,德力股份,11.64,-1.27,1.8,-39.75,11.704603341496,0.2534476,60.60409835,-107.0,4188.0,74.0,2026-09-09
1064,002572,索菲亚,7.77,-1.27,1.14,60.43,7.782637599827,0.1518344,65.66872245,432.0,2677.0,76.4,2026-09-09
1065,002573,清新环境,3.3,-0.3,0.63,50.53,3.299138595951,0.2026744,62.60887038,-1326.0,3654.0,73.6,2026-09-09
1066,002574,明牌珠宝,5.29,0.57,2.24,-73.95,5.249030154288,0.1264096,60.28758015,-231.0,4267.0,74.0,2026-09-09
1067,002575,群兴玩具,5.38,-2.18,2.36,-34.13,5.400142788907,0.1616064,58.71043216,342.0,4578.0,78.0,2026-09-09
1068,002576,通达动力,14.66,-0.81,0.99,28.93,14.712690052085,0.1102656,64.36524138,-141.0,3140.0,72.0,2026-09-09
1069,002577,雷柏科技,18.43,-3.36,1.28,173.41,18.659466372646,0.1785252,62.2955598,15.0,3743.0,72.8,2026-09-09
1070,002578,闽发铝业,4.23,-0.24,5.02,-816.8,4.217437079567,0.2584852,67.65528097,1434.0,2021.0,80.8,2026-09-09
1071,002579,中京电子,16.81,-1.47,31.63,-57.31,17.002383223189,0.3377028,64.41453462,-1854.0,3119.0,95.2,2026-09-09
1072,002580,圣阳股份,20.23,-4.21,14.35,41.57,20.543865199424,0.2332352,61.26982193,287.0,4015.0,91.6,2026-09-09
1073,002581,*ST未名,5.41,-1.28,1.43,-18.69,5.448099898848,0.283852,65.46758455,1677.0,2743.0,79.6,2026-09-09
1074,002582,好想你,10.75,-1.92,7.6,3.23,10.727649216943,0.1982948,61.0302517,-2845.0,4077.0,89.6,2026-09-09
1075,002583,海能达,8.58,0.12,1.5,183.14,8.610757295349,0.2244052,62.02670594,-502.0,3821.0,77.6,2026-09-09
1076,002584,西陇科学,8.06,-0.86,2.99,59.84,8.115339250466,0.1631944,61.35550342,61.0,3990.0,72.0,2026-09-09
1077,002585,双星新材,8.98,-0.33,3.29,111.95,9.048515878444,0.2484,58.09713679,247.0,4690.0,84.0,2026-09-09
1078,002586,围海股份,4.01,-1.72,0.67,308.16,4.031676135191,0.293811764706,61.31714444,-148.0,4002.0,66.0,2026-09-09
1079,002587,奥拓电子,5.51,-1.43,1.72,131.94,5.535369025484,0.1515008,58.53886592,54.0,4615.0,70.8,2026-09-09
1080,002588,史丹利,8.47,-0.7,3.96,8.96,8.48660668577,0.2274032,64.19282427,-1551.0,3189.0,82.4,2026-09-09
1081,002589,瑞康医药,3.23,-3.87,5.42,218.23,3.251352031098,0.2275868,65.58555691,-12.0,2702.0,82.4,2026-09-09
1082,002590,万安科技,9.82,-1.01,0.74,29.08,9.861649226857,0.0756208,65.91623983,536.0,2607.0,74.4,2026-09-09
1083,002591,恒大高新,6.53,-0.31,3.44,162.2,6.53440056838,0.1686784,67.72100969,1831.0,2002.0,71.2,2026-09-09
1084,002592,ST八菱,6.6,-1.49,0.91,16.25,6.637416291854,0.148736,63.57206893,48.0,3381.0,67.6,2026-09-09
1085,002593,日上集团,4.72,2.39,4.87,21.97,4.710303376534,0.222274,80.5287425,362.0,69.0,73.6,2026-09-09
1086,002594,比亚迪,85.88,-0.8,0.52,31.76,85.854291846787,0.3661448,72.67581857,-77.0,765.0,82.8,2026-09-09
1087,002595,豪迈科技,40.86,-0.15,0.54,20.91,40.935800249222,0.2698748,72.77597554,1161.0,749.0,73.2,2026-09-09
1088,002596,海南瑞泽,3.49,0.0,1.42,-35.11,3.469040471575,0.2313768,58.23622654,-1446.0,4667.0,72.0,2026-09-09
1089,002597,金禾实业,22.48,1.26,3.19,24.98,22.571773965753,0.2822524,67.32961429,-1552.0,2131.0,79.6,2026-09-09
1090,002598,ST章鼓,7.05,-0.84,0.39,29.0,7.071110314544,0.1818268,63.57185689,-70.0,3382.0,70.4,2026-09-09
1091,002599,盛通股份,5.84,-1.85,1.98,-86.97,5.847889854506,0.241594,62.41929159,-109.0,3713.0,73.6,2026-09-09
1092,002600,领益智造,12.44,0.08,0.86,66.14,12.389643803995,0.2918112,68.3294286,-89.0,1835.0,80.4,2026-09-09
1093,002601,龙佰集团,15.74,0.0,0.49,22.24,15.763686104917,0.1953524,64.52002473,144.0,3082.0,76.0,2026-09-09
1094,002602,世纪华通,15.78,-2.17,1.59,12.92,15.85915113555,0.3762176,78.94443123,30.0,129.0,90.4,2026-09-09
1095,002603,以岭药业,15.7,-1.2,0.78,17.32,15.706191772552,0.2540028,67.88438492,-853.0,1954.0,82.4,2026-09-09
1096,002605,姚记科技,17.21,-2.71,2.1,16.63,17.259712364391,0.1479676,63.64587199,-201.0,3353.0,74.4,2026-09-09
1097,002606,大连电瓷,12.93,0.54,3.33,18.35,12.858552531117,0.3367132,69.6234219,518.0,1451.0,72.4,2026-09-09
1098,002607,中公教育,2.08,-2.35,2.45,87.6,2.073967336438,0.2820296,64.52949312,-2045.0,3075.0,74.8,2026-09-09
1099,002608,江苏国信,7.61,0.26,0.48,7.9,7.577582107231,0.1912372,66.75707009,-565.0,2331.0,72.0,2026-09-09
1100,002609,捷顺科技,7.79,-1.14,0.8,58.51,7.791761304751,0.1038248,69.03771442,-602.0,1624.0,71.6,2026-09-09
1101,002611,东方精工,14.52,-0.68,1.08,2.3,14.547425983526,0.261932,68.40118886,317.0,1814.0,75.6,2026-09-09
1102,002612,朗姿股份,16.6,-1.19,1.84,33.0,16.604677836126,0.1056368,72.82198213,-68.0,735.0,81.2,2026-09-09
1103,002613,北玻股份,3.46,-1.14,1.79,276.75,3.467694436216,0.150216,64.00649849,-41.0,3246.0,69.6,2026-09-09
1104,002614,奥佳华,5.72,-1.55,1.85,-24.13,5.73664777467,0.1967796,70.44611354,-464.0,1240.0,74.8,2026-09-09
1105,002615,哈尔斯,6.54,-0.61,1.61,37.46,6.526754936886,0.1597172,66.45524011,-670.0,2422.0,68.4,2026-09-09
1106,002616,长青集团,4.99,0.4,1.37,13.88,4.976187573427,0.1635664,67.54084443,50.0,2058.0,72.8,2026-09-09
1107,002617,露笑科技,6.5,3.67,8.31,54.16,6.402169537193,0.3226224,70.33956497,1431.0,1264.0,75.6,2026-09-09
1108,002620,*ST瑞和,5.8,-2.68,1.87,-26.07,5.825751879064,0.2554796,60.3857496,-993.0,4247.0,69.2,2026-09-09
1109,002622,皓宸医疗,2.65,-2.21,2.05,-79.35,2.663044383142,0.0930732,63.47094431,-737.0,3410.0,77.2,2026-09-09
1110,002623,亚玛顿,16.13,-1.35,2.48,-14.71,16.211789875409,0.2623684,64.37060804,-244.0,3138.0,69.6,2026-09-09
1111,002624,完美世界,10.85,-5.73,3.73,-88.86,11.034555600714,0.2410164,61.84156813,-644.0,3879.0,82.0,2026-09-09
1112,002625,光启技术,27.9,0.07,0.79,94.28,28.030095860287,0.311926,66.21983684,68.0,2486.0,77.6,2026-09-09
1113,002626,金达威,16.79,-1.41,0.58,30.11,16.845247163351,0.1601324,65.42641059,-1250.0,2756.0,80.4,2026-09-09
1114,002627,三峡旅游,7.22,-2.04,1.75,32.02,7.212763709115,0.1277552,65.52006606,330.0,2728.0,76.0,2026-09-09
1115,002628,成都路桥,5.17,-0.77,1.91,-59.44,5.170753504875,0.3154876,57.72237025,-4.0,4747.0,76.8,2026-09-09
1116,002629,仁智股份,4.87,-3.56,3.2,-85.56,4.926405764122,0.1511576,64.89228082,-2255.0,2941.0,70.4,2026-09-09
1117,002630,*ST华西,1.68,-2.33,1.04,-17.37,1.691402763209,0.3478728,56.23205887,-1039.0,4954.0,71.6,2026-09-09
1118,002631,德尔未来,10.87,-1.09,3.22,-193.5,11.075470056538,0.37438,67.92556892,936.0,1941.0,82.0,2026-09-09
1119,002632,道明光学,9.22,-0.22,5.17,32.78,9.09142461229,0.2326132,70.42048261,469.0,1245.0,87.6,2026-09-09
1120,002633,申科股份,14.75,-0.27,0.79,113.0,14.747899409666,0.162472,68.67373321,1703.0,1730.0,64.8,2026-09-09
1121,002634,*ST棒杰,4.31,-0.92,0.77,-3.52,4.326419319943,0.2379072,59.18662576,-416.0,4493.0,64.4,2026-09-09
1122,002635,安洁科技,14.78,-0.34,2.93,29.72,14.849001276724,0.1560792,58.62717352,-9.0,4593.0,70.4,2026-09-09
1123,002636,金安国纪,69.5,1.25,6.87,33.03,69.941755890132,0.3897452,75.77648017,118.0,326.0,87.6,2026-09-09
1124,002637,赞宇科技,13.43,-0.89,9.08,22.67,13.437301429518,0.2871976,71.02772491,-974.0,1110.0,82.0,2026-09-09
1125,002638,勤上股份,4.28,-2.51,2.67,-76.25,4.323793585346,0.308976,60.01149483,-1271.0,4319.0,74.8,2026-09-09
1126,002639,雪人集团,14.03,-5.07,15.84,883.5,14.037760553356,0.2248792,62.58572769,-3089.0,3661.0,95.6,2026-09-09
1127,002640,跨境通,3.48,-1.69,4.31,14.68,3.472400541181,0.2410228,59.95801922,-786.0,4333.0,80.8,2026-09-09
1128,002641,公元股份,4.01,-0.5,0.51,160.73,4.000182534312,0.2488084,70.872431,-129.0,1149.0,68.8,2026-09-09
1129,002642,荣联科技,7.16,-0.56,1.18,444.17,7.189385557099,0.1983616,67.01825473,1890.0,2245.0,73.2,2026-09-09
1130,002643,万润股份,12.89,1.1,1.59,33.27,12.907187556908,0.2726532,70.69377596,702.0,1183.0,71.6,2026-09-09
1131,002644,佛慈制药,8.82,-0.45,1.33,56.67,8.783729908279,0.1415964,65.39709417,-1728.0,2767.0,78.0,2026-09-09
1132,002645,华宏科技,17.99,1.07,2.22,19.77,17.919458039538,0.2599232,69.18458909,2178.0,1586.0,75.6,2026-09-09
1133,002646,天佑德酒,7.26,-1.63,1.46,165.62,7.2961331489,0.1248564,67.53747999,934.0,2059.0,79.6,2026-09-09
1134,002647,仁东控股,11.29,-2.5,1.58,124.56,11.35898777317,0.3634096,60.81523762,-150.0,4129.0,78.8,2026-09-09
1135,002648,卫星化学,28.18,1.77,1.27,7.62,27.940970650455,0.4202148,84.64257193,8.0,8.0,83.2,2026-09-09
1136,002649,博彦科技,9.53,-2.16,1.93,40.06,9.556667229814,0.18977,66.12576352,1007.0,2525.0,74.0,2026-09-09
1137,002650,ST加加,6.1,-2.56,0.28,81.28,6.146312038605,0.1825012,59.86581217,-2362.0,4348.0,66.0,2026-09-09
1138,002651,利君股份,8.81,0.57,4.16,144.89,8.772235492276,0.186566,64.57083641,170.0,3061.0,85.6,2026-09-09
1139,002652,扬子新材,4.94,7.63,9.06,-285.52,4.787648862572,0.2365348,74.63674922,49.0,456.0,72.0,2026-09-09
1140,002653,海思科,63.1,-2.95,1.41,42.29,63.213766313542,0.2495656,73.23247991,-223.0,653.0,76.0,2026-09-09
1141,002654,万润科技,13.7,-1.79,5.08,191.94,13.874453517781,0.2720684,63.3914211,445.0,3434.0,77.2,2026-09-09
1142,002655,共达电声,37.0,-5.37,7.98,489.77,37.896666620891,0.3593716,62.2988886,-3327.0,3741.0,82.8,2026-09-09
1143,002656,摩登大道,2.91,-1.69,1.5,-75.5,2.923774964448,0.259879411765,59.43201108,107.0,4444.0,65.6,2026-09-09
1144,002657,中科金财,15.99,-2.2,1.94,-18.94,16.052383431789,0.1213808,54.98721471,22.0,5066.0,75.2,2026-09-09
1145,002658,雪迪龙,7.69,-0.77,1.46,43.75,7.686116129278,0.1973264,68.03634274,235.0,1910.0,79.2,2026-09-09
1146,002659,凯文教育,4.69,-2.7,2.49,1403.95,4.694090725996,0.158544,65.02991942,-2127.0,2885.0,71.6,2026-09-09
1147,002660,茂硕电源,7.89,-2.35,3.8,-46.22,7.895241895678,0.1370368,62.58775669,-379.0,3659.0,81.6,2026-09-09
1148,002661,克明食品,8.73,0.58,7.51,-30.45,8.850619217431,0.211636,71.08357403,87.0,1092.0,77.6,2026-09-09
1149,002662,峰璟股份,3.3,-0.6,0.55,91.89,3.308231318246,0.2146968,65.38507186,-221.0,2773.0,69.2,2026-09-09
1150,002663,普邦股份,1.77,-2.21,1.2,-147.69,1.768339696802,0.2340336,62.01436691,-1508.0,3825.0,68.8,2026-09-09
1151,002664,信质集团,15.23,-0.65,0.7,61.62,15.293161040322,0.1192076,62.21727756,286.0,3762.0,68.0,2026-09-09
1152,002666,德联集团,4.33,-0.69,1.54,30.42,4.316962881103,0.1339828,63.7763993,-1750.0,3310.0,71.2,2026-09-09
1153,002667,*ST威领,18.12,0.33,3.07,-120.52,18.100647454318,0.557914,63.66673582,517.0,3340.0,77.2,2026-09-09
1154,002668,TCL智家,9.22,0.77,1.27,9.77,9.260077867098,0.3261896,74.68431485,1545.0,449.0,76.8,2026-09-09
1155,002669,康达新材,12.43,0.97,3.37,65.75,12.399415563385,0.260386,69.47468812,1224.0,1496.0,71.6,2026-09-09
1156,002670,国盛证券,12.34,-0.24,1.38,55.38,12.349930693793,0.2568544,57.7404553,144.0,4744.0,86.8,2026-09-09
1157,002671,龙泉股份,4.12,-0.48,1.65,264.6,4.128366557888,0.116374,65.45335242,-1694.0,2749.0,70.0,2026-09-09
1158,002672,东江环保,3.8,0.0,0.6,-7.82,3.809380516419,0.0600492,59.59386178,-213.0,4408.0,64.4,2026-09-09
1159,002673,西部证券,6.85,-0.29,0.33,14.79,6.847851588968,0.2206628,63.45615481,197.0,3415.0,81.2,2026-09-09
1160,002674,兴业科技,19.37,-7.98,10.9,67.05,20.337984032875,0.2181796,61.03216877,-3116.0,4076.0,66.0,2026-09-09
1161,002675,东诚药业,12.62,0.08,0.82,55.51,12.608778569334,0.1961992,67.84820135,1470.0,1966.0,70.4,2026-09-09
1162,002676,顺威股份,5.35,-0.56,0.97,29.02,5.338955855444,0.1579904,65.44329201,-1372.0,2753.0,70.4,2026-09-09
1163,002677,浙江美大,6.48,-1.67,0.7,-195.48,6.480198435613,0.117899454545,62.45536464,571.0,3702.0,64.0,2026-09-09
1164,002678,珠江钢琴,4.7,-1.88,0.81,-25.33,4.718534216476,0.1493568,57.35555877,196.0,4806.0,70.4,2026-09-09
1165,002679,福建金森,11.37,-0.87,10.31,-98.68,11.370500683993,0.1282556,66.67449707,-1053.0,2360.0,78.0,2026-09-09
1166,002681,奋达科技,4.75,-2.66,2.09,1165.77,4.782465081724,0.1806016,56.97316392,-218.0,4867.0,74.8,2026-09-09
1167,002682,龙洲股份,5.37,-0.92,4.69,-16.41,5.319663668964,0.199686,53.33203397,-707.0,5144.0,86.0,2026-09-09
1168,002683,广东宏大,30.65,0.92,1.47,22.39,30.433368078489,0.3278768,78.85543462,105.0,134.0,75.2,2026-09-09
1169,002685,华东重机,5.37,-1.1,1.84,43.59,5.374818936541,0.2557448,62.08224397,345.0,3801.0,81.6,2026-09-09
1170,002686,亿利达,6.45,-1.53,1.83,1423.89,6.46111320991,0.1977384,62.93439642,1448.0,3556.0,76.0,2026-09-09
1171,002687,乔治白,6.41,-0.93,6.18,138.92,6.528797801059,0.2472552,72.71660523,-41.0,761.0,70.4,2026-09-09
1172,002688,金河生物,5.49,0.18,2.2,17.56,5.506270121866,0.1684464,69.46796916,-1014.0,1499.0,78.4,2026-09-09
1173,002689,ST远智,2.99,-0.66,0.37,849.13,2.991010119216,0.2759976,70.23238361,1814.0,1286.0,72.4,2026-09-09
1174,002690,美亚光电,15.84,-0.81,0.71,22.19,15.904427353519,0.138454,75.07072538,152.0,407.0,74.0,2026-09-09
1175,002691,*ST冀凯,4.46,-2.19,0.76,-13.41,4.458128516901,0.2658556,58.58596952,92.0,4605.0,66.0,2026-09-09
1176,002692,远程股份,4.47,1.13,2.86,-23.28,4.503824349039,0.2517964,67.56890246,116.0,2051.0,68.0,2026-09-09
1177,002693,双成药业,8.74,-2.02,2.3,132.98,8.731395124638,0.1887032,66.11286638,1221.0,2532.0,71.6,2026-09-09
1178,002694,*ST顾地,2.52,-4.18,0.48,-52.0,2.583161048253,0.1653248,67.11298786,220.0,2206.0,65.2,2026-09-09
1179,002695,煌上煌,10.64,0.09,1.26,34.51,10.69626441936,0.2619684,64.08011639,11.0,3225.0,71.6,2026-09-09
1180,002696,百洋股份,7.76,2.78,18.2,-16.25,7.779870152311,0.2409624,74.17902381,-53.0,513.0,84.0,2026-09-09
1181,002697,红旗连锁,4.92,-0.2,2.17,12.49,4.901601139533,0.2611196,73.11996383,-146.0,670.0,80.4,2026-09-09
1182,002698,博实股份,11.7,-2.42,1.31,25.5,11.74479923338,0.202428,71.30967232,72.0,1030.0,70.8,2026-09-09
1183,002700,万憬能源,6.86,2.85,1.58,40.99,6.794933717847,0.1782452,75.33712922,241.0,372.0,61.2,2026-09-09
1184,002701,奥瑞金,4.54,-0.66,0.53,7.61,4.554596610031,0.2721032,70.02096853,-937.0,1343.0,69.6,2026-09-09
1185,002702,海欣食品,6.45,-5.01,37.96,-121.93,6.53567264794,0.2656936,67.8289707,-309.0,1968.0,93.6,2026-09-09
1186,002703,浙江世宝,16.52,-2.42,7.55,65.51,16.606878895584,0.2184108,64.72158951,-1754.0,3008.0,86.4,2026-09-09
1187,002705,新宝股份,11.27,-1.05,0.33,33.53,11.302818922353,0.2358316,63.5541671,122.0,3387.0,69.6,2026-09-09
1188,002706,良信股份,9.19,0.22,2.17,33.51,9.157783167336,0.2411748,63.03160532,150.0,3531.0,82.8,2026-09-09
1189,002707,众信旅游,5.71,-0.52,2.67,91.34,5.653523913742,0.218046,70.12406684,1681.0,1317.0,81.2,2026-09-09
1190,002708,光洋股份,16.48,1.42,10.33,80.97,16.532492913357,0.2817124,71.29701294,1222.0,1036.0,90.4,2026-09-09
1191,002709,天赐材料,33.66,-0.03,2.07,11.99,33.588448321954,0.319128,67.87192696,196.0,1958.0,73.6,2026-09-09
1192,002712,思美传媒,5.19,-3.53,4.2,1385.64,5.185705824119,0.1523264,68.15467864,-711.0,1881.0,79.6,2026-09-09
1193,002713,东易日盛,9.7,-1.72,3.07,-351.3,9.731540247245,0.258210980392,60.8266938,-617.0,4125.0,80.4,2026-09-09
1194,002714,牧原股份,43.25,0.05,0.87,-20.54,43.163785138444,0.4066504,72.59623731,896.0,780.0,92.0,2026-09-09
1195,002715,登云股份,13.99,-1.55,1.34,233.72,14.016583178173,0.1035184,60.03276874,-591.0,4313.0,66.4,2026-09-09
1196,002716,湖南白银,10.8,1.79,9.23,90.67,10.604954434023,0.3228208,70.15539397,2365.0,1305.0,88.4,2026-09-09
1197,002717,*ST岭南,0.95,-3.06,3.26,-3.05,0.953257083813,0.4742572,52.46247715,-135.0,5167.0,74.0,2026-09-09
1198,002718,友邦吊顶,82.98,-1.44,0.82,-5980.65,83.147909618783,0.3335072,60.94800787,891.0,4095.0,60.8,2026-09-09
1199,002719,ST麦趣,6.82,-2.43,2.05,-12.76,6.856379174971,0.180802,56.74757916,-164.0,4895.0,71.2,2026-09-09
1200,002721,金一文化,2.96,-2.31,6.33,105.41,2.926943678181,0.3052256,68.82853801,-1164.0,1690.0,82.0,2026-09-09
1201,002722,物产金轮,13.38,-0.22,1.0,17.45,13.467443905489,0.1066924,71.58030967,-354.0,970.0,71.2,2026-09-09
1202,002723,小崧股份,8.08,0.12,1.64,-22.41,8.045332386502,0.28601,60.27354352,-1670.0,4270.0,66.0,2026-09-09
1203,002724,海洋王,7.15,-1.38,2.63,97.09,7.228425383499,0.1570732,66.9341369,-101.0,2267.0,80.8,2026-09-09
1204,002725,跃岭股份,11.41,0.35,1.19,-122.58,11.410366162042,0.1372756,59.37506868,623.0,4456.0,71.2,2026-09-09
1205,002726,ST龙大,2.69,-2.18,4.09,-18.91,2.700971586414,0.2592408,54.92539164,-160.0,5073.0,80.0,2026-09-09
1206,002727,一心堂,11.28,-0.62,0.91,12.86,11.2563853073,0.1808296,72.04623254,202.0,876.0,78.0,2026-09-09
1207,002728,特一药业,9.45,-1.25,3.29,77.97,9.453433420305,0.2160872,65.71317239,-1687.0,2668.0,78.0,2026-09-09
1208,002729,好利科技,14.01,0.72,2.05,91.07,13.970336265276,0.194533090909,67.05832198,1974.0,2228.0,66.0,2026-09-09
1209,002730,电光科技,23.75,0.55,1.75,111.35,23.90894291929,0.2629336,68.12571583,890.0,1887.0,75.6,2026-09-09
1210,002731,*ST萃华,,,0.0,0.85,0.77,0.06431172043,59.96493965,314.0,4329.0,68.4,2026-09-09
1211,002732,燕塘乳业,14.59,-1.22,1.22,81.8,14.675893716731,0.0585844,60.35716039,-1873.0,4252.0,70.4,2026-09-09
1212,002733,雄韬股份,18.17,-0.06,2.44,72.62,18.243845203666,0.1665372,62.15963754,1077.0,3779.0,73.6,2026-09-09
1213,002734,利民股份,17.41,-1.42,4.8,14.99,17.425509427406,0.3222876,70.5623528,-1105.0,1217.0,78.8,2026-09-09
1214,002735,王子新材,11.78,-0.84,2.9,198.02,11.801062349801,0.1213888,56.97404608,-23.0,4866.0,74.8,2026-09-09
1215,002736,国信证券,10.1,-0.2,0.14,9.02,10.093049735248,0.3086252,69.78271537,322.0,1408.0,79.2,2026-09-09
1216,002737,葵花药业,11.7,-1.1,0.65,42.99,11.712783708113,0.1114176,59.07363253,-989.0,4511.0,76.0,2026-09-09
1217,002738,中矿资源,49.0,-0.59,1.99,16.08,49.108567568142,0.2831024,73.27964052,-286.0,644.0,82.0,2026-09-09
1218,002739,儒意电影,8.99,2.51,4.89,-61.27,8.856859317013,0.3522036,67.9019871,1432.0,1949.0,87.2,2026-09-09
1219,002741,光华科技,23.74,-0.63,3.46,58.99,24.006343203375,0.2399704,62.89268391,-1036.0,3572.0,71.2,2026-09-09
1220,002742,冀衡医药,4.41,-4.34,10.19,-74.9,4.442288655545,0.16299,52.48898495,16.0,5166.0,75.2,2026-09-09
1221,002743,ST富煌,4.53,2.95,12.4,-2.56,4.48287264584,0.3442,65.43981679,1328.0,2754.0,70.0,2026-09-09
1222,002745,木林森,11.3,2.73,4.88,12.68,11.231938577195,0.4241164,69.81554108,2352.0,1396.0,66.8,2026-09-09
1223,002746,仙坛股份,6.88,0.29,3.54,16.4,6.910557760863,0.1876284,73.11975969,220.0,671.0,78.0,2026-09-09
1224,002747,埃斯顿,30.06,-0.56,3.1,90.25,30.040453140473,0.2596332,63.1584582,296.0,3500.0,73.6,2026-09-09
1225,002748,世龙实业,12.39,-1.12,1.33,14.86,12.401225573359,0.1102232,68.06620827,-1183.0,1904.0,74.0,2026-09-09
1226,002749,国光股份,9.19,0.77,1.17,13.93,9.14576719988,0.1321032,73.16521935,-598.0,661.0,74.4,2026-09-09
1227,002752,昇兴股份,6.48,1.57,2.0,13.0,6.456805576914,0.1861252,74.47899079,206.0,473.0,76.8,2026-09-09
1228,002753,永东股份,7.04,2.18,3.11,45.7,7.027219899899,0.2480192,71.81012536,2777.0,916.0,67.6,2026-09-09
1229,002755,奥赛康,11.92,-1.97,0.74,45.86,11.993362093744,0.1605684,63.24745896,-1710.0,3473.0,73.2,2026-09-09
1230,002756,永兴材料,43.26,0.37,2.17,12.16,43.063036870602,0.2435412,67.63205825,1526.0,2027.0,74.4,2026-09-09
1231,002757,南兴股份,17.31,-1.93,5.46,32.39,17.403732776361,0.1430552,66.83069006,-162.0,2304.0,82.0,2026-09-09
1232,002758,浙农股份,9.27,-0.32,3.48,13.56,9.293466586725,0.2180096,75.19529366,-240.0,389.0,80.0,2026-09-09
1233,002759,ST天际,15.84,-0.63,2.79,17.58,15.768746362064,0.206635098039,59.72299726,219.0,4374.0,71.2,2026-09-09
1234,002760,凤形股份,18.37,-0.05,1.76,127.44,18.363173667164,0.0672412,62.95327722,-1580.0,3552.0,66.0,2026-09-09
1235,002761,浙江建投,7.49,-1.71,1.37,19.89,7.524695953693,0.2127228,70.34718703,-626.0,1263.0,84.8,2026-09-09
1236,002762,金发拉比,9.39,-0.42,2.58,1955.74,9.397958244018,0.181168,65.40898106,1774.0,2761.0,73.2,2026-09-09
1237,002763,汇洁股份,7.59,-0.91,1.06,11.3,7.585625912692,0.081858,67.529479,-712.0,2064.0,71.6,2026-09-09
1238,002765,蓝黛科技,7.26,-0.41,1.89,-327.7,7.33690890063,0.2638496,66.82692477,1150.0,2307.0,76.8,2026-09-09
1239,002766,索菱股份,4.17,-2.34,2.12,-43.61,4.204026387575,0.1992032,57.43978715,305.0,4793.0,75.2,2026-09-09
1240,002767,先锋电子,18.36,-0.76,1.02,102.66,18.438263428915,0.060482,64.05795247,-1239.0,3231.0,66.8,2026-09-09
1241,002768,国恩股份,61.08,0.61,1.82,20.36,60.659028202322,0.368518,77.89048151,327.0,180.0,68.4,2026-09-09
1242,002769,普路通,7.73,-0.51,2.08,89.21,7.744645807254,0.1450088,59.30028914,-91.0,4468.0,78.4,2026-09-09
1243,002771,真视通,14.51,-1.76,4.28,-60.86,14.633220646097,0.1767028,63.74754024,104.0,3321.0,76.4,2026-09-09
1244,002772,众兴菌业,12.29,-0.89,7.41,12.07,12.322396911252,0.23763,74.34317881,-465.0,493.0,84.0,2026-09-09
1245,002773,康弘药业,20.05,-0.64,0.48,16.35,20.066068673774,0.2826356,74.26109821,73.0,502.0,72.0,2026-09-09
1246,002774,快意电梯,16.1,2.55,4.15,154.01,16.032269242616,0.3266404,67.20636193,1495.0,2169.0,62.8,2026-09-09
1247,002775,文科股份,3.56,-0.84,1.65,-48.86,3.569143671826,0.1858572,59.34545941,631.0,4461.0,66.4,2026-09-09
1248,002777,久远银海,12.78,-1.46,1.14,97.25,12.814109266689,0.1993708,71.10624311,689.0,1079.0,74.4,2026-09-09
1249,002778,中晟高科,17.04,1.31,2.06,-101.09,17.000948325244,0.107972,61.22124503,330.0,4027.0,69.6,2026-09-09
1250,002779,中坚科技,80.8,-2.37,1.55,-980.46,80.996709760707,0.3698336,68.76218511,-1310.0,1706.0,74.0,2026-09-09
1251,002780,三夫户外,13.86,-1.0,3.04,21.54,13.909138031913,0.1022952,68.63192447,-942.0,1746.0,74.4,2026-09-09
1252,002782,可立克,15.41,-0.19,1.52,53.13,15.525728534321,0.1404708,69.35782339,1694.0,1528.0,70.8,2026-09-09
1253,002783,凯龙股份,8.2,0.24,1.94,26.58,8.191831278621,0.2431592,64.12364411,-615.0,3210.0,77.2,2026-09-09
1254,002785,万里石,35.83,-2.24,3.09,158.17,36.057699530516,0.3770468,65.30219302,-771.0,2799.0,73.2,2026-09-09
1255,002786,银宝山新,7.82,-1.88,1.35,57.18,7.832334573718,0.121224,60.42133344,85.0,4236.0,73.2,2026-09-09
1256,002787,华源控股,24.73,2.06,11.47,54.74,24.605798358546,0.3515488,78.37260303,129.0,156.0,82.8,2026-09-09
1257,002788,鹭燕医药,11.59,-2.61,3.96,15.74,11.606529598596,0.1908792,73.33530206,667.0,631.0,79.6,2026-09-09
1258,002789,*ST建艺,13.28,-2.35,1.95,-7.38,13.434217040159,0.3330236,69.09282419,141.0,1608.0,70.4,2026-09-09
1259,002790,瑞尔特,7.69,10.01,8.52,-151.92,7.69,0.47471,76.68142756,305.0,247.0,78.4,2026-09-09
1260,002791,坚朗五金,15.1,-1.63,1.35,-41.6,15.138780640451,0.1699676,62.84571088,86.0,3583.0,70.0,2026-09-09
1261,002792,通宇通讯,30.73,-2.88,13.53,-360.43,31.147519885595,0.2731496,59.85613867,-2575.0,4351.0,86.8,2026-09-09
1262,002793,罗欣药业,4.74,-1.66,1.8,51.62,4.742928510371,0.2467348,65.75655234,-475.0,2651.0,71.2,2026-09-09
1263,002795,永和智控,7.55,4.86,7.23,26.3,7.506283721052,0.3163304,69.95573222,2779.0,1361.0,68.8,2026-09-09
1264,002796,世嘉科技,29.05,-1.86,4.01,-90.06,29.657360785216,0.1830668,57.25146195,-752.0,4823.0,76.0,2026-09-09
1265,002797,第一创业,6.43,-0.92,0.86,19.64,6.441180166558,0.3316104,62.06389076,-1056.0,3806.0,77.6,2026-09-09
1266,002798,帝欧水华,6.85,-0.44,2.38,-68.61,6.803918549291,0.2622148,67.91745337,1311.0,1945.0,68.0,2026-09-09
1267,002799,环球印务,7.04,-0.56,1.37,105.02,7.028760277815,0.0532152,59.96468863,-1529.0,4330.0,69.2,2026-09-09
1268,002800,天顺股份,15.3,-1.86,1.65,-152.9,15.367686023843,0.0843488,57.70962513,-224.0,4751.0,72.8,2026-09-09
1269,002801,微光股份,27.76,0.47,1.11,16.16,27.71662124288,0.2219064,74.22104899,718.0,507.0,69.2,2026-09-09
1270,002802,洪汇新材,12.58,-0.79,1.24,39.72,12.59039736075,0.0798116,65.42705321,-1503.0,2755.0,66.8,2026-09-09
1271,002803,吉宏股份,20.42,-0.78,2.56,29.64,20.39347269829,0.3240496,65.0940035,-1725.0,2866.0,72.8,2026-09-09
1272,002805,丰元股份,17.02,0.24,2.46,16.33,17.037325768534,0.186702,61.87221351,1075.0,3870.0,69.6,2026-09-09
1273,002806,华锋股份,14.67,1.45,2.56,-74.58,14.652144713125,0.181238,59.44221096,641.0,4441.0,67.2,2026-09-09
1274,002807,江阴银行,4.23,0.24,1.47,6.61,4.230296417459,0.4579344,72.35089125,675.0,826.0,71.6,2026-09-09
1275,002809,红墙股份,8.82,-0.79,2.4,-73.07,8.824987106631,0.0721984,56.98137502,-320.0,4865.0,70.4,2026-09-09
1276,002810,山东赫达,22.0,1.48,1.41,17.97,21.856767107582,0.2470116,73.19572948,1514.0,657.0,66.4,2026-09-09
1277,002811,郑中设计,14.5,-1.09,3.1,20.73,14.576647930059,0.1593912,74.34393089,-98.0,492.0,78.8,2026-09-09
1278,002812,恩捷股份,49.16,2.35,2.24,29.4,48.815640918885,0.2995436,70.67853047,2846.0,1185.0,74.4,2026-09-09
1279,002813,路畅科技,22.16,-0.76,0.82,-60.38,22.193137775961,0.0869964,59.91294908,-342.0,4340.0,72.4,2026-09-09
1280,002815,崇达技术,18.06,5.74,17.28,73.22,18.115709473369,0.3448724,62.62454585,-1114.0,3648.0,88.4,2026-09-09
1281,002816,*ST和科,22.83,-1.93,1.11,-62.42,22.937938773678,0.3603132,58.30150432,263.0,4654.0,61.6,2026-09-09
1282,002817,黄山胶囊,6.9,0.44,1.26,34.24,6.88444807361,0.0879116,71.42855114,-221.0,1012.0,66.4,2026-09-09
1283,002818,富森美,11.49,1.59,1.85,6.89,11.381129381783,0.3149544,73.01486178,76.0,688.0,71.6,2026-09-09
1284,002819,东方中科,22.46,3.12,2.2,-78.08,22.206379278816,0.2148084,72.27310266,2114.0,840.0,80.0,2026-09-09
1285,002820,桂发祥,10.46,-2.06,4.99,-151.68,10.496655526197,0.1071636,58.71560078,73.0,4577.0,81.6,2026-09-09
1286,002821,凯莱英,173.05,-0.72,2.46,59.96,173.710009695148,0.3634708,76.68082405,-164.0,248.0,88.4,2026-09-09
1287,002822,ST中装,3.05,-0.65,0.28,-135.05,3.056071850788,0.1503616,60.08333398,26.0,4301.0,65.2,2026-09-09
1288,002823,凯中精密,13.1,-0.3,1.18,20.49,13.09702723209,0.1115744,62.38074655,215.0,3720.0,70.0,2026-09-09
1289,002824,和胜股份,25.01,-2.15,7.41,44.08,25.433718715556,0.2873968,65.03609574,-1559.0,2882.0,80.8,2026-09-09
1290,002825,纳尔股份,10.27,-1.06,1.88,38.6,10.304130835977,0.1144048,72.0982662,-460.0,864.0,74.8,2026-09-09
1291,002826,易明医药,18.09,0.33,1.53,25.87,18.001748779564,0.180824,72.07254383,1293.0,869.0,67.2,2026-09-09
1292,002827,高争民爆,65.61,2.28,4.8,280.07,64.35533067204,0.3976556,76.92822397,430.0,233.0,88.0,2026-09-09
1293,002828,贝肯能源,12.12,-3.04,8.25,-9.8,12.177014022131,0.257975272727,60.08440952,-959.0,4300.0,76.8,2026-09-09
1294,002829,星网宇达,20.49,-0.87,3.21,19.13,20.62634156634,0.1641352,64.38344215,1439.0,3133.0,74.8,2026-09-09
1295,002830,名雕股份,15.25,-1.61,3.02,172.36,15.342490798988,0.1065012,66.28385493,-1844.0,2463.0,64.8,2026-09-09
1296,002831,裕同科技,29.13,3.37,2.26,32.64,28.866235347209,0.28876,69.08574378,-211.0,1609.0,70.4,2026-09-09
1297,002832,比音勒芬,26.09,-1.77,1.42,15.18,26.124219637723,0.2222872,78.90017777,27.0,131.0,74.8,2026-09-09
1298,002833,弘亚数控,18.65,0.21,1.04,15.71,18.558370115088,0.1004536,73.40967603,35.0,621.0,66.0,2026-09-09
1299,002835,同为股份,12.85,-1.53,1.16,25.58,12.898513889832,0.0872552,71.30462056,863.0,1031.0,71.2,2026-09-09
1300,002836,新宏泽,10.46,0.38,1.31,48.13,10.392626744213,0.065236,64.84139883,-460.0,2962.0,65.2,2026-09-09
1301,002837,英维克,62.43,-0.9,3.26,215.76,62.812551167905,0.3224084,68.76082978,-243.0,1707.0,91.2,2026-09-09
1302,002838,道恩股份,25.55,0.16,1.17,25.79,25.679003242631,0.2016476,74.75519846,78.0,445.0,77.6,2026-09-09
1303,002839,张家港行,4.48,1.59,1.59,5.36,4.456514237368,0.425536,72.59732812,367.0,779.0,73.6,2026-09-09
1304,002840,华统股份,9.03,-0.66,1.68,-7.6,9.050732435477,0.2035084,60.90282615,132.0,4105.0,74.4,2026-09-09
1305,002841,视源股份,46.72,-0.38,0.85,10.74,47.040513907166,0.1674984,74.09018449,-395.0,528.0,69.6,2026-09-09
1306,002842,翔鹭钨业,34.55,0.58,8.38,11.72,34.816419807488,0.281776,63.65384777,548.0,3346.0,82.4,2026-09-09
1307,002843,泰嘉股份,16.18,-0.43,2.31,72.31,16.264775860432,0.1418116,57.04914823,-302.0,4854.0,69.6,2026-09-09
1308,002845,同兴达,13.66,1.86,3.51,213.41,13.716168904579,0.2374508,69.4300837,2586.0,1511.0,68.0,2026-09-09
1309,002846,英联股份,10.84,-0.64,1.41,70.36,10.875889184675,0.0886924,62.50946017,-70.0,3683.0,75.6,2026-09-09
1310,002847,盐津铺子,45.79,-2.78,1.22,14.55,46.005372519963,0.2276652,67.32763774,-1687.0,2133.0,76.0,2026-09-09
1311,002848,高斯贝尔,13.95,1.9,3.19,-222.42,13.887120211799,0.3590948,70.90869932,1554.0,1143.0,69.2,2026-09-09
1312,002849,威星智能,18.1,0.84,2.45,41.76,18.027937823641,0.223828,68.74120229,324.0,1715.0,67.6,2026-09-09
1313,002850,科达利,175.6,-1.13,0.86,26.66,176.375034205985,0.238062,67.44172772,-109.0,2094.0,71.6,2026-09-09
1314,002851,麦格米特,127.06,-1.2,4.6,147.44,128.062419714818,0.3886072,67.90733349,-1375.0,1948.0,87.6,2026-09-09
1315,002852,道道全,9.38,-2.6,9.9,95.68,9.337755471284,0.2347136,69.5159396,-1363.0,1485.0,84.8,2026-09-09
1316,002853,皮阿诺,21.47,0.42,1.31,-471.57,21.342539908611,0.2894532,63.59813529,1161.0,3371.0,64.8,2026-09-09
1317,002855,捷荣技术,16.65,-10.0,4.86,-52.82,17.030593144794,0.178274,56.68486637,-403.0,4900.0,86.4,2026-09-09
1318,002856,*ST美芝,21.3,-4.7,7.27,-47.96,21.500738571238,0.3036736,58.98293171,-168.0,4530.0,72.4,2026-09-09
1319,002857,三晖电气,18.21,-2.62,2.36,-26.68,18.305552039033,0.194932,56.22845574,-206.0,4955.0,65.2,2026-09-09
1320,002858,力盛体育,12.09,-3.28,4.3,70.45,12.096764107658,0.1177592,69.15834314,-1357.0,1591.0,71.2,2026-09-09
1321,002859,洁美科技,61.66,-0.19,2.21,101.52,61.971666773181,0.275208,65.91532348,359.0,2608.0,80.8,2026-09-09
1322,002860,星帅尔,16.16,-5.39,5.89,28.38,16.209623737278,0.3356412,64.44735148,-347.0,3110.0,63.6,2026-09-09
1323,002861,瀛通通讯,15.26,-3.11,2.48,-24.99,15.441005919375,0.1765688,55.12191614,-163.0,5055.0,69.6,2026-09-09
1324,002862,实丰文化,16.04,-0.99,5.93,440.59,16.009960267731,0.1762572,70.00261247,1210.0,1349.0,82.8,2026-09-09
1325,002863,今飞凯达,4.94,1.65,2.09,29.88,4.890551763728,0.2217976,68.32437211,1381.0,1837.0,73.2,2026-09-09
1326,002864,盘龙药业,21.86,-1.26,2.39,35.26,21.922484670641,0.1624632,66.06681008,-1501.0,2543.0,76.0,2026-09-09
1327,002865,钧达股份,38.6,-1.25,2.21,-23.74,38.867476599825,0.159822,60.50652883,-401.0,4212.0,72.4,2026-09-09
1328,002866,传艺科技,14.33,-1.38,1.87,96.23,14.385064901048,0.1194468,58.31156041,-404.0,4652.0,74.0,2026-09-09
1329,002867,周大生,10.74,-0.37,0.64,12.96,10.719843701201,0.152438,68.19553736,9.0,1873.0,75.2,2026-09-09
1330,002868,绿康生化,25.28,-4.57,6.91,268.51,25.619988011878,0.1979976,68.57796028,-1442.0,1764.0,78.4,2026-09-09
1331,002869,金溢科技,15.73,-2.3,1.26,-35.67,15.856722613517,0.0692512,58.33062874,36.0,4651.0,73.6,2026-09-09
1332,002870,香山股份,,,0.0,-329.14,51.076363465296,0.16113,65.94057534,416.0,2592.0,75.2,2026-09-09
1333,002871,伟隆股份,19.2,-1.03,2.71,49.1,19.237373898787,0.26521,66.21468198,71.0,2490.0,67.6,2026-09-09
1334,002872,ST天圣,5.87,-3.61,2.48,-38.61,5.979996437712,0.2112356,59.71942328,-2337.0,4375.0,64.8,2026-09-09
1335,002873,新天药业,8.52,-1.73,1.59,213.9,8.579506737827,0.0634632,65.12232105,1302.0,2861.0,71.6,2026-09-09
1336,002875,安奈儿,13.75,-1.01,3.19,-357.07,13.703342739791,0.1704144,64.43313847,762.0,3112.0,76.4,2026-09-09
1337,002876,三利谱,28.73,0.6,1.53,35.55,28.617548286035,0.1251488,68.28306423,540.0,1845.0,64.4,2026-09-09
1338,002877,智能自控,7.61,-0.52,1.51,100.79,7.604899040053,0.1632576,65.93953805,655.0,2594.0,70.4,2026-09-09
1339,002878,元隆雅图,13.07,-1.51,2.5,-465.51,13.022841424606,0.0886732,66.11391708,113.0,2530.0,75.2,2026-09-09
1340,002879,长缆科技,16.97,0.89,5.21,93.94,16.959977312831,0.1362744,70.85006279,1075.0,1151.0,72.4,2026-09-09
1341,002880,卫光生物,22.27,-1.98,1.25,56.9,22.222126946413,0.1794816,66.75051973,34.0,2333.0,72.0,2026-09-09
1342,002881,美格智能,44.35,-6.65,13.54,63.3,46.862651384114,0.3886208,78.96840426,-109.0,127.0,90.0,2026-09-09
1343,002882,金龙羽,24.0,-1.64,8.27,135.32,24.439590519856,0.2180536,72.86180722,-134.0,723.0,88.8,2026-09-09
1344,002883,*ST中设,9.35,-0.53,0.49,-89.73,9.389324537694,0.2496768,59.40183544,-336.0,4447.0,65.6,2026-09-09
1345,002884,凌霄泵业,15.95,-0.68,0.37,13.42,15.96559978805,0.1461256,68.34996321,-750.0,1831.0,68.8,2026-09-09
1346,002885,京泉华,28.82,1.51,18.75,54.61,29.201261285127,0.2994876,76.16797903,1809.0,291.0,85.6,2026-09-09
1347,002886,沃特股份,26.01,4.04,29.94,124.81,26.423320328157,0.360926,75.50518534,3289.0,351.0,86.4,2026-09-09
1348,002887,绿茵生态,9.55,-0.1,1.28,33.21,9.528677444922,0.115976,60.10990878,-410.0,4294.0,65.2,2026-09-09
1349,002888,惠威科技,19.95,-1.82,5.25,190.41,20.159741406929,0.0797756,59.8232148,248.0,4356.0,74.0,2026-09-09
1350,002889,东方嘉盛,12.08,-0.82,0.65,11.47,12.096691783846,0.093994,62.9863271,26.0,3547.0,70.4,2026-09-09
1351,002890,弘宇股份,14.76,-2.06,1.41,141.12,14.859346939494,0.1068376,60.98807695,146.0,4087.0,67.2,2026-09-09
1352,002891,中宠股份,28.79,-3.19,2.43,36.59,28.939397558784,0.2351664,69.10688263,-1166.0,1604.0,81.2,2026-09-09
1353,002892,科力尔,9.02,-1.2,0.96,-330.3,9.039041253246,0.12197,57.3644762,159.0,4803.0,73.2,2026-09-09
1354,002893,京能热力,11.15,4.5,19.15,11.8,11.068491034603,0.252482,75.24012562,993.0,384.0,84.4,2026-09-09
1355,002895,川恒股份,33.82,0.33,0.94,18.29,33.55780781904,0.311114,73.80274859,-310.0,562.0,78.0,2026-09-09
1356,002896,中大力德,62.69,-0.74,1.93,221.73,62.827729630367,0.2413288,57.97415685,147.0,4710.0,78.0,2026-09-09
1357,002897,意华股份,62.92,-2.15,9.02,60.77,63.413421209156,0.3119776,74.50562458,-192.0,468.0,78.4,2026-09-09
1358,002899,英派斯,20.66,1.13,3.31,65.0,20.613941216107,0.2059252,62.0401525,-1624.0,3815.0,68.8,2026-09-09
1359,002900,哈三联,12.18,-1.93,4.41,-43.59,12.216451084404,0.1627548,58.09063811,425.0,4692.0,78.0,2026-09-09
1360,002901,大博医疗,40.24,-1.83,0.31,23.58,40.403853654209,0.182334,65.57232975,-777.0,2710.0,70.4,2026-09-09
1361,002902,铭普光磁,26.92,0.04,8.46,-205.48,27.137138782784,0.2177304,61.71114152,-1131.0,3907.0,88.8,2026-09-09
1362,002903,宇环数控,27.84,-1.76,7.92,-94.54,28.070922690989,0.232646,58.20245021,-239.0,4673.0,80.4,2026-09-09
1363,002905,金逸影视,9.3,4.73,5.53,-32.83,9.156924627191,0.2096764,73.01449577,2389.0,689.0,78.0,2026-09-09
1364,002906,华阳集团,27.75,-1.6,1.05,18.15,27.963014542096,0.206388888889,71.58077178,90.0,969.0,81.6,2026-09-09
1365,002907,华森制药,14.58,-0.41,3.39,48.33,14.586181875185,0.168412,62.96701667,-1732.0,3549.0,81.2,2026-09-09
1366,002908,德生科技,7.22,-1.9,1.36,-59.17,7.240692819119,0.1067372,60.61480596,-553.0,4187.0,72.8,2026-09-09
1367,002909,集泰股份,8.61,-1.26,39.13,-122.85,8.767909507141,0.2737744,57.27362101,-1430.0,4819.0,90.4,2026-09-09
1368,002910,庄园牧场,10.97,1.57,16.12,-43.75,11.117988669098,0.1717008,65.72416825,696.0,2661.0,69.6,2026-09-09
1369,002911,佛燃能源,11.8,1.2,0.39,23.21,11.743464515478,0.1890236,77.75475668,251.0,186.0,72.4,2026-09-09
1370,002912,中新赛克,19.43,-0.92,1.21,-12.84,19.414742412603,0.1524168,60.8354961,310.0,4122.0,69.2,2026-09-09
1371,002913,奥士康,71.2,9.93,7.32,136.68,69.793616536512,0.5499116,71.57594782,1882.0,973.0,71.6,2026-09-09
1372,002915,中欣氟材,18.87,3.85,7.98,714.86,18.374172189582,0.2138348,71.37563063,3097.0,1021.0,81.6,2026-09-09
1373,002916,深南电路,383.3,0.21,1.14,57.98,385.19071633726,0.4233796,81.25332982,-46.0,51.0,92.4,2026-09-09
1374,002917,金奥博,10.62,-0.28,1.11,20.88,10.612935862379,0.1486588,68.67295565,-660.0,1731.0,71.2,2026-09-09
1375,002918,蒙娜丽莎,10.75,-2.18,5.37,44.55,10.762066684486,0.1698576,68.89199934,-221.0,1666.0,76.4,2026-09-09
1376,002919,名臣健康,17.6,-2.55,1.15,-462.12,17.789494028088,0.1798708,56.62703057,29.0,4905.0,63.2,2026-09-09
1377,002920,德赛西威,85.42,-1.6,0.67,20.48,85.678747239913,0.3320324,72.42241356,-247.0,811.0,80.4,2026-09-09
1378,002921,联诚精密,21.48,-0.74,2.74,400.79,21.550039307575,0.2099704,58.08811133,-26.0,4693.0,73.2,2026-09-09
1379,002922,伊戈尔,24.69,-0.68,5.23,46.67,24.748138401558,0.2497368,73.84749665,1365.0,558.0,80.8,2026-09-09
1380,002923,润都股份,11.1,-2.55,2.09,45.61,11.148502582554,0.1399896,68.38812399,432.0,1818.0,69.6,2026-09-09
1381,002925,盈趣科技,22.71,-1.56,1.22,25.92,22.870033464333,0.2560804,68.65017239,-76.0,1739.0,73.2,2026-09-09
1382,002926,华西证券,8.47,-0.24,0.33,11.44,8.472053626046,0.2711272,70.90318738,1412.0,1144.0,76.0,2026-09-09
1383,002927,泰永长征,17.92,1.7,3.49,97.84,18.074869082735,0.1866356,65.94104653,2036.0,2591.0,72.4,2026-09-09
1384,002928,华夏航空,6.48,1.09,1.51,95.13,6.419718941074,0.3203832,61.78861263,176.0,3892.0,66.8,2026-09-09
1385,002929,润建股份,50.31,-0.38,3.62,268.93,50.37953217307,0.2562872,62.7872889,-155.0,3598.0,72.8,2026-09-09
1386,002930,宏川智慧,9.61,0.31,0.99,92.53,9.580856735681,0.1114712,58.19088922,50.0,4674.0,66.4,2026-09-09
1387,002931,锋龙股份,43.21,-2.37,1.98,-2342.73,43.503327419862,0.1915444,55.57892978,-45.0,5018.0,71.2,2026-09-09
1388,002932,*ST明德,15.54,-0.38,0.4,-82.62,15.531598859261,0.3316464,64.57274497,-25.0,3060.0,70.4,2026-09-09
1389,002933,新兴装备,27.48,-0.58,1.16,98.75,27.565459519409,0.1408704,61.24685642,230.0,4022.0,71.6,2026-09-09
1390,002935,天奥电子,15.84,0.25,0.79,361.36,15.89011087813,0.1668356,67.22952242,1291.0,2163.0,68.0,2026-09-09
1391,002936,郑州银行,1.8,0.0,1.07,4.88,1.801827077542,0.4952096,65.19877435,442.0,2839.0,72.0,2026-09-09
1392,002937,兴瑞科技,28.66,1.38,2.36,66.61,28.814063364527,0.3546932,62.62448102,-1233.0,3649.0,70.0,2026-09-09
1393,002938,鹏鼎控股,92.45,3.34,0.95,83.45,91.296945503042,0.415622,76.62209729,420.0,254.0,82.8,2026-09-09
1394,002939,长城证券,8.06,-0.37,0.34,11.66,8.058039544263,0.2724672,63.60815015,156.0,3365.0,76.0,2026-09-09
1395,002940,昂利康,25.2,-3.08,5.18,46.28,25.454910381304,0.1837556,65.61985594,87.0,2691.0,81.6,2026-09-09
1396,002941,新疆交建,11.2,0.72,1.14,22.45,11.206426008377,0.2850928,72.56525798,1650.0,787.0,75.6,2026-09-09
1397,002942,新农股份,18.9,-2.38,8.61,14.38,18.988653967684,0.1332468,62.79794584,-2728.0,3594.0,75.6,2026-09-09
1398,002943,宇晶股份,30.92,2.01,6.45,-57.02,31.313885649616,0.1949908,60.03824166,875.0,4311.0,68.4,2026-09-09
1399,002945,华林证券,14.75,-1.8,0.62,77.23,14.773968453881,0.2446248,63.73653296,-652.0,3323.0,81.6,2026-09-09
1400,002946,新乳业,15.17,-2.82,0.65,14.04,15.273292544727,0.163778,70.97211671,828.0,1126.0,71.6,2026-09-09
1401,002947,恒铭达,65.05,0.81,3.78,32.81,65.141653231147,0.3048536,71.9723456,-326.0,882.0,79.2,2026-09-09
1402,002948,青岛银行,6.18,-0.16,0.93,4.97,6.199844107925,0.3072852,67.48340461,333.0,2079.0,74.8,2026-09-09
1403,002949,华阳国际,13.35,-2.7,5.7,37.38,13.446168210363,0.1624968,65.79127529,682.0,2643.0,77.6,2026-09-09
1404,002950,奥美医疗,9.03,-0.77,0.83,14.77,9.031394585496,0.1615608,67.0369646,-370.0,2237.0,67.6,2026-09-09
1405,002951,金时科技,16.05,-0.74,1.12,-650.22,16.199958622531,0.1859044,64.55327982,1266.0,3067.0,72.0,2026-09-09
1406,002952,亚世光电,19.96,-4.41,7.57,112.73,20.219329751577,0.1502656,73.92139516,1047.0,548.0,82.4,2026-09-09
1407,002953,日丰股份,11.46,6.01,17.34,34.21,11.58209711338,0.3719396,79.2533905,2306.0,115.0,80.0,2026-09-09
1408,002955,鸿合科技,39.14,1.87,3.49,408.84,38.831341124561,0.2865984,73.87045023,1148.0,553.0,75.2,2026-09-09
1409,002956,西麦食品,16.2,-3.46,1.92,17.08,16.233963126647,0.1171664,66.12505582,-1515.0,2526.0,65.6,2026-09-09
1410,002957,科瑞技术,41.14,-0.46,3.93,53.58,41.856827670015,0.2821748,68.49731872,-135.0,1781.0,86.0,2026-09-09
1411,002958,青农商行,3.03,0.0,1.28,3.84,3.030505604295,0.4057224,66.58225052,-1368.0,2387.0,70.8,2026-09-09
1412,002959,小熊电器,32.55,-1.24,0.34,21.09,32.56385085059,0.1088696,67.14901289,-15.0,2196.0,72.4,2026-09-09
1413,002960,青鸟智控,8.35,-1.65,0.77,31.72,8.378078335594,0.1988584,65.26926807,404.0,2813.0,65.2,2026-09-09
1414,002961,瑞达期货,20.17,0.1,0.91,11.73,20.138636595646,0.2041616,67.18177006,-30.0,2182.0,70.0,2026-09-09
1415,002962,五方光电,13.07,-1.58,3.62,128.71,13.154140494013,0.1598908,64.44952225,-2078.0,3109.0,70.0,2026-09-09
1416,002963,豪尔赛,21.42,-0.93,7.12,-56.88,21.207505270291,0.2524036,62.35992003,-1744.0,3725.0,78.0,2026-09-09
1417,002965,祥鑫科技,29.16,-2.15,3.03,-198.62,29.500975936367,0.181086,57.80943717,93.0,4731.0,70.4,2026-09-09
1418,002966,苏州银行,9.12,0.22,0.53,5.99,9.166612824328,0.2058176,67.23577846,325.0,2160.0,76.8,2026-09-09
1419,002967,广电计量,17.4,-0.23,0.49,45.69,17.421793193938,0.1646228,67.53584793,-697.0,2062.0,70.8,2026-09-09
1420,002968,新大正,9.7,-1.72,1.16,15.15,9.767583519841,0.0743248,74.67355129,69.0,451.0,67.2,2026-09-09
1421,002969,嘉美包装,12.23,-4.6,4.53,95.45,12.359396403086,0.2179884,67.51845318,-1406.0,2066.0,87.6,2026-09-09
1422,002970,锐明技术,47.77,-3.1,3.66,39.7,48.073298827741,0.277416,68.04733055,679.0,1907.0,73.6,2026-09-09
1423,002971,和远气体,38.32,-3.94,10.39,112.12,38.792662268038,0.2351128,56.56746812,-590.0,4912.0,81.2,2026-09-09
1424,002972,科安达,13.27,-1.41,6.57,34.76,13.399585694829,0.2005016,72.00383351,1471.0,879.0,76.0,2026-09-09
1425,002973,侨银股份,12.74,2.66,2.61,59.75,12.803691966331,0.2614632,71.23486383,2798.0,1046.0,62.4,2026-09-09
1426,002975,博杰股份,101.0,0.09,8.52,61.46,102.765891044269,0.342792,76.76705252,1489.0,242.0,85.6,2026-09-09
1427,002976,瑞玛精密,24.32,-3.26,4.07,-146.51,24.511494069928,0.2928072,63.70428972,-448.0,3333.0,65.6,2026-09-09
1428,002977,*ST天箭,21.5,2.33,1.38,-649.82,21.208865194212,0.175832,63.31061182,1084.0,3457.0,67.6,2026-09-09
1429,002978,安宁股份,26.18,-0.3,0.45,18.13,26.196067981536,0.1634504,60.43355828,-24.0,4234.0,69.6,2026-09-09
1430,002979,雷赛智能,52.96,-0.79,2.05,43.22,53.390083648582,0.193934,66.10556996,-127.0,2534.0,70.0,2026-09-09
1431,002980,华盛昌,134.32,3.39,16.87,168.3,133.175532264151,0.3939104,74.90888306,-227.0,425.0,90.8,2026-09-09
1432,002981,朝阳科技,24.24,-0.45,0.99,223.34,24.188947412215,0.1778608,68.62377995,1599.0,1749.0,66.8,2026-09-09
1433,002982,湘佳股份,13.63,0.07,4.48,-114.49,13.777693891221,0.1079748,67.67537381,43.0,2012.0,72.0,2026-09-09
1434,002983,芯瑞达,20.83,-1.19,1.31,45.59,20.929497794785,0.1713416,68.00047065,1062.0,1923.0,65.6,2026-09-09
1435,002984,森麒麟,13.98,-0.64,0.87,17.24,14.01657054115,0.1990296,67.65170599,-1376.0,2022.0,72.8,2026-09-09
1436,002985,北摩高科,29.02,-0.21,1.81,47.89,29.269353998363,0.1916168,66.14205346,190.0,2518.0,77.2,2026-09-09
1437,002986,宇新股份,13.79,0.8,1.52,24.06,13.747604760345,0.230644,67.41992681,-1642.0,2101.0,67.2,2026-09-09
1438,002987,京北方,11.6,-1.78,1.22,61.07,11.643878627378,0.2348716,72.45720909,673.0,803.0,80.4,2026-09-09
1439,002988,豪美新材,30.51,1.13,6.43,47.04,30.810779278905,0.2512136,66.66281802,-1844.0,2361.0,83.6,2026-09-09
1440,002989,中天精装,23.8,-0.67,2.15,-69.15,23.829655854244,0.2809244,60.27804546,699.0,4268.0,63.6,2026-09-09
1441,002990,盛视科技,47.4,-1.56,4.16,58.18,47.908548466987,0.2208456,66.9936099,-1114.0,2251.0,68.8,2026-09-09
1442,002991,甘源食品,39.56,-1.71,2.13,23.02,39.768018990982,0.144776,65.31897175,-1917.0,2794.0,71.2,2026-09-09
1443,002992,宝明科技,33.97,-0.26,1.0,-140.96,34.21986225199,0.1473116,63.77410084,528.0,3312.0,66.0,2026-09-09
1444,002993,奥海科技,37.18,0.08,1.79,112.0,37.420336611479,0.1621176,64.18613861,-1354.0,3190.0,66.4,2026-09-09
1445,002995,天地在线,17.81,-3.05,5.29,-1086.39,17.8229474183,0.0960412,62.1810009,-221.0,3773.0,71.2,2026-09-09
1446,002996,顺博合金,6.31,0.32,1.46,10.84,6.276688795865,0.1674812,64.94612789,-1296.0,2912.0,70.0,2026-09-09
1447,002997,瑞鹄模具,29.4,2.91,2.03,12.77,29.085001523624,0.3124008,79.74452507,441.0,92.0,70.8,2026-09-09
1448,002998,优彩资源,,,0.0,18.47,8.588425693745,0.0894496,69.09826246,209.0,1607.0,63.2,2026-09-09
1449,002999,天禾股份,7.44,0.95,27.77,42.33,7.458518875792,0.2469992,76.98233976,-91.0,228.0,86.4,2026-09-09
1450,003000,劲仔食品,9.85,-1.3,1.5,20.87,9.846136299607,0.138016,66.05066784,29.0,2550.0,70.4,2026-09-09
1451,003001,中岩大地,16.14,-0.19,2.52,-70.77,16.091206574168,0.1575176,56.07011273,36.0,4975.0,67.2,2026-09-09
1452,003002,壶化股份,18.47,-3.75,7.64,37.3,18.458493697981,0.1765536,76.11087948,-108.0,297.0,78.8,2026-09-09
1453,003003,天元股份,11.29,-0.62,2.32,33.88,11.302873285643,0.0732568,63.01890033,240.0,3534.0,66.0,2026-09-09
1454,003004,声迅股份,71.24,-6.81,3.6,-199.4,72.608108918152,0.379482,60.64244601,-603.0,4177.0,64.8,2026-09-09
1455,003005,竞业达,16.85,-9.99,18.15,-26.21,17.23822583659,0.1751436,57.2677377,-38.0,4820.0,88.0,2026-09-09
1456,003006,百亚股份,16.66,5.44,7.62,20.0,16.406562257267,0.3025624,81.34999986,268.0,45.0,70.4,2026-09-09
1457,003007,直真科技,39.04,-0.38,1.78,-91.38,39.159986099313,0.1601168,64.65207637,-248.0,3036.0,68.8,2026-09-09
1458,003008,开普检测,19.89,-0.4,1.15,31.61,19.880255411957,0.0718504,66.22132455,-933.0,2485.0,64.8,2026-09-09
1459,003009,中天火箭,49.07,2.19,3.23,238.65,48.996592562032,0.2737356,68.96301758,1755.0,1653.0,72.8,2026-09-09
1460,003010,若羽臣,30.29,-2.04,2.5,28.13,30.259072771603,0.1931796,72.8359372,-472.0,731.0,78.4,2026-09-09
1461,003011,海象新材,20.41,-1.11,2.22,28.06,20.555918229331,0.0997584,60.023592,-97.0,4316.0,59.6,2026-09-09
1462,003012,东鹏控股,4.75,-1.25,0.73,97.23,4.751639326334,0.2206464,71.05434149,-15.0,1100.0,68.0,2026-09-09
1463,003013,地铁设计,17.83,7.15,4.98,28.4,17.273967094958,0.427202,75.75057745,2467.0,330.0,64.4,2026-09-09
1464,003015,日久光电,12.12,-0.74,1.15,48.99,12.241901262351,0.1320268,69.8330854,-592.0,1390.0,72.0,2026-09-09
1465,003016,欣贺股份,7.56,0.67,1.1,36.46,7.516237566989,0.1003652,69.79697343,784.0,1400.0,69.2,2026-09-09
1466,003017,大洋生物,23.02,-0.3,1.53,20.19,23.080671060829,0.1673656,67.35134564,-1471.0,2125.0,66.4,2026-09-09
1467,003018,金富科技,51.56,-1.55,6.28,84.15,51.934866507992,0.3047636,69.51441846,58.0,1488.0,86.4,2026-09-09
1468,003019,宸展光电,28.14,4.96,3.96,26.88,28.243975623381,0.252086,77.26913446,2102.0,207.0,64.4,2026-09-09
1469,003020,立方制药,17.48,-2.29,2.17,22.61,17.57045639263,0.24379,67.78608689,1690.0,1984.0,66.8,2026-09-09
1470,003021,兆威机电,70.4,-1.44,0.95,126.3,70.787135814516,0.2385744,63.46917896,-172.0,3411.0,76.4,2026-09-09
1471,003022,联泓新科,19.63,0.41,0.34,30.71,19.685224001199,0.152096,69.00773896,1416.0,1635.0,70.0,2026-09-09
1472,003023,彩虹集团,26.11,-4.99,3.92,58.67,26.535716402461,0.2608172,62.95571735,-1332.0,3550.0,78.8,2026-09-09
1473,003025,思进智能,11.95,-1.24,1.04,24.76,12.020645801844,0.11494,67.54156539,501.0,2057.0,65.6,2026-09-09
1474,003026,中晶科技,27.65,0.58,3.4,62.47,27.90596814627,0.1659988,67.05712074,2076.0,2229.0,69.6,2026-09-09
1475,003027,同兴科技,17.16,-0.81,1.12,61.7,17.201061403891,0.0863616,65.7248618,-313.0,2660.0,66.4,2026-09-09
1476,003028,振邦智能,23.23,-0.94,0.91,100.14,23.26139628071,0.091312,66.48172556,1452.0,2407.0,64.8,2026-09-09
1477,003029,吉大正元,17.48,-0.63,1.54,-48.21,17.530316535268,0.1505376,61.64557867,489.0,3924.0,74.0,2026-09-09
1478,003030,祖名股份,26.09,-1.58,4.1,-66.83,26.131715345942,0.2302992,63.28625228,-645.0,3460.0,72.4,2026-09-09
1479,003031,中瓷电子,120.6,1.56,3.65,67.53,121.148447756741,0.3562252,75.94730776,559.0,311.0,82.4,2026-09-09
1480,003032,传智教育,9.55,-4.31,22.33,55.83,9.482261723189,0.1813896,55.10388604,-1070.0,5057.0,75.6,2026-09-09
1481,003033,征和工业,75.92,6.43,5.04,44.28,75.306289796819,0.3592312,73.3713197,-86.0,628.0,66.8,2026-09-09
1482,003035,南网能源,5.73,0.7,0.77,47.91,5.6794938905,0.2071696,64.21612154,-782.0,3179.0,83.2,2026-09-09
1483,003036,泰坦股份,53.18,5.16,4.2,187.81,52.998120654058,0.2991656,65.12632556,1850.0,2859.0,66.4,2026-09-09
1484,003037,三和管桩,5.85,-1.02,0.55,116.69,5.860330639196,0.1556304,61.91616769,-405.0,3856.0,66.8,2026-09-09
1485,003038,鑫铂股份,11.1,-1.07,1.79,-25.65,11.138815820421,0.121938,59.01731755,-403.0,4522.0,65.6,2026-09-09
1486,003039,顺控发展,13.06,-1.8,2.35,31.66,13.237367715982,0.1588444,70.46688279,-1027.0,1236.0,85.2,2026-09-09
1487,003040,楚天龙,21.0,-5.62,18.0,-77.94,21.204966954957,0.2399828,58.10431393,357.0,4688.0,91.6,2026-09-09
1488,003041,真爱美家,38.62,-1.66,1.04,157.96,38.73769643109,0.2373596,64.88386331,-551.0,2943.0,62.4,2026-09-09
1489,003042,中农联合,15.48,-0.19,5.44,-26.06,15.531011104851,0.1365372,58.50182784,-1932.0,4623.0,79.6,2026-09-09
1490,003043,华亚智能,63.9,-0.75,7.91,126.63,64.044617911057,0.2806132,55.50019149,1.0,5025.0,68.8,2026-09-09
1491,003816,中国广核,4.3,-0.23,0.2,17.78,4.305444296102,0.3104412,71.84113759,1031.0,910.0,87.2,2026-09-09
1492,300001,特锐德,33.43,0.03,0.9,41.26,33.515728287654,0.2754608,69.69891506,-631.0,1431.0,76.8,2026-09-09
1493,300002,神州泰岳,8.26,-2.25,1.81,21.27,8.284021196592,0.2733844,69.96702325,-904.0,1359.0,76.8,2026-09-09
1494,300003,乐普医疗,11.49,-2.05,1.02,21.2,11.535689727865,0.2428056,63.59822632,-237.0,3370.0,77.6,2026-09-09
1495,300004,南风股份,8.46,-5.37,6.65,-276.3,8.612893657935,0.1965996,60.76134248,121.0,4144.0,77.6,2026-09-09
1496,300005,探路者,10.67,-1.11,3.77,91.99,10.773007268521,0.3489876,71.30054831,1786.0,1033.0,71.2,2026-09-09
1497,300006,莱美药业,5.21,-2.07,2.21,-117.46,5.220715028619,0.2865172,58.96044063,-149.0,4533.0,74.8,2026-09-09
1498,300007,汉威科技,30.05,-1.93,2.19,72.3,30.208826049894,0.2175812,59.28833811,143.0,4470.0,74.4,2026-09-09
1499,300008,天海防务,6.58,2.97,7.42,31.13,6.522200602225,0.3381504,81.24461476,1790.0,52.0,82.4,2026-09-09
1500,300009,安科生物,8.25,-1.55,1.4,20.74,8.271750556845,0.2823316,67.62453355,-1138.0,2031.0,80.4,2026-09-09
1501,300010,ST豆神,4.99,9.43,10.22,-211.37,4.786732332936,0.4401508,70.21023604,1315.0,1292.0,87.6,2026-09-09
1502,300011,鼎汉技术,6.07,-1.3,0.86,-124.88,6.085092327758,0.1809932,63.19983657,-610.0,3483.0,68.0,2026-09-09
1503,300012,华测检测,14.76,-0.47,1.22,22.03,14.719044192337,0.284166,75.30459861,26.0,375.0,82.4,2026-09-09
1504,300013,新宁物流,4.22,0.0,2.03,70.96,4.214241624415,0.277872,64.46437475,1142.0,3102.0,68.8,2026-09-09
1505,300014,亿纬锂能,50.24,-0.91,1.11,16.54,50.251577847334,0.3663804,69.00864896,119.0,1632.0,75.2,2026-09-09
1506,300015,爱尔眼科,8.24,-1.32,0.49,28.23,8.261601854526,0.2713244,72.50083473,-504.0,796.0,82.0,2026-09-09
1507,300016,北陆药业,8.6,-0.92,4.31,31.36,8.628406184766,0.2519788,70.07849078,-980.0,1327.0,78.4,2026-09-09
1508,300017,网宿科技,15.14,-2.01,4.24,54.3,15.262410030373,0.3245628,68.78215021,-179.0,1700.0,85.6,2026-09-09
1509,300018,中元股份,11.68,-1.85,1.73,49.5,11.756349188691,0.3060528,62.27829693,-947.0,3753.0,64.8,2026-09-09
1510,300019,硅宝科技,14.17,-1.39,0.76,30.5,14.229025795195,0.1527304,64.85642155,38.0,2957.0,69.6,2026-09-09
1511,300020,ST银江,4.19,-0.48,3.28,-3.02,4.193508298035,0.4201584,64.94358835,-716.0,2915.0,70.0,2026-09-09
1512,300021,大禹节水,4.31,-0.46,4.6,-1988.58,4.318325024436,0.2499808,68.15328932,-1675.0,1882.0,76.8,2026-09-09
1513,300022,吉峰科技,8.11,-0.49,1.33,364.74,8.125222678981,0.3045572,69.20043595,809.0,1580.0,67.2,2026-09-09
1514,300024,机器人,14.34,0.07,1.04,-59.36,14.302229437063,0.2426636,54.70603984,31.0,5084.0,74.4,2026-09-09
1515,300025,华星创业,5.97,-1.16,2.04,-81.48,5.982936054475,0.2206476,60.7426163,-794.0,4155.0,69.6,2026-09-09
1516,300026,红日药业,3.35,-1.47,1.38,64.44,3.350054352889,0.3302064,66.36000072,-1764.0,2448.0,80.0,2026-09-09
1517,300027,ST华谊,1.84,0.55,1.17,-70.15,1.833351600165,0.4736008,67.03881584,-516.0,2236.0,73.2,2026-09-09
1518,300030,阳普医疗,6.91,-0.86,1.5,34.67,6.902563676002,0.1060548,68.8916563,-60.0,1667.0,70.4,2026-09-09
1519,300031,宝通科技,20.35,-2.07,3.12,22.19,20.540056006072,0.2984556,59.36811274,-230.0,4457.0,72.4,2026-09-09
1520,300032,金龙机电,3.86,-2.03,1.74,-27.26,3.8804069062,0.1842956,60.73674928,-1865.0,4158.0,69.6,2026-09-09
1521,300033,同花顺,216.46,0.69,1.56,85.54,215.497869923427,0.4756332,76.34220394,643.0,278.0,82.8,2026-09-09
1522,300034,钢研高纳,16.7,1.4,1.82,64.69,16.650745025602,0.2773404,66.87023972,-1062.0,2284.0,76.0,2026-09-09
1523,300035,中科电气,12.88,0.47,1.29,30.04,12.838212293571,0.2646324,68.25609881,866.0,1852.0,75.2,2026-09-09
1524,300036,超图软件,10.45,-1.69,1.41,-20.03,10.48475580211,0.1607304,64.25963961,163.0,3167.0,74.8,2026-09-09
1525,300037,新宙邦,68.49,1.44,2.38,26.24,68.242893825192,0.3285356,75.90762024,28.0,315.0,76.4,2026-09-09
1526,300039,上海凯宝,5.44,-0.73,2.06,27.91,5.485922913962,0.237648,67.35116924,-1074.0,2126.0,72.0,2026-09-09
1527,300040,九洲集团,5.82,1.22,5.38,80.19,5.772461857217,0.2965484,62.26507915,641.0,3754.0,73.2,2026-09-09
1528,300041,回天新材,10.67,-1.48,2.63,17.88,10.71260901252,0.2370132,64.90961948,-153.0,2933.0,70.4,2026-09-09
1529,300042,朗科科技,38.75,-0.39,2.98,40.84,38.963646683437,0.2294676,67.74782645,293.0,1993.0,70.8,2026-09-09
1530,300043,星辉娱乐,4.57,-4.39,3.85,30.75,4.587302466894,0.2507856,61.12320982,-494.0,4049.0,72.4,2026-09-09
1531,300044,*ST赛为,5.91,-2.8,2.41,-125.3,5.935605356449,0.2694672,60.11033671,43.0,4293.0,77.6,2026-09-09
1532,300045,华力创通,12.12,-0.25,2.22,-111.5,12.158706644486,0.1512176,62.03550176,1002.0,3818.0,73.6,2026-09-09
1533,300046,台基股份,23.86,-0.62,1.54,84.01,24.099948773006,0.1640948,58.51001158,196.0,4620.0,74.0,2026-09-09
1534,300047,天源迪科,9.19,-1.92,1.64,89.07,9.229690372976,0.1263952,62.99953279,732.0,3543.0,74.8,2026-09-09
1535,300048,合康新能,5.07,0.4,0.59,-43.84,5.062020306546,0.2743384,64.93951748,1494.0,2918.0,65.2,2026-09-09
1536,300049,福瑞医科,43.4,-2.34,3.29,89.59,43.874283239103,0.215632,67.81970311,-1715.0,1972.0,76.8,2026-09-09
1537,300050,世纪鼎利,7.39,3.79,8.11,335.96,7.301863020897,0.448294,78.40132001,1176.0,153.0,76.0,2026-09-09
1538,300051,琏升科技,8.13,0.49,2.17,-34.33,8.068032964057,0.17736,57.82330092,440.0,4727.0,70.8,2026-09-09
1539,300052,中青宝,11.09,-4.23,5.9,-49.16,11.184534788163,0.2424256,57.17150874,-1083.0,4833.0,80.4,2026-09-09
1540,300053,航宇微,12.06,0.08,1.54,-104.45,12.094532088943,0.2045832,58.25702573,482.0,4664.0,72.8,2026-09-09
1541,300054,鼎龙股份,67.72,0.25,1.99,61.05,68.017090082236,0.3212812,67.27306938,318.0,2151.0,73.2,2026-09-09
1542,300055,万邦达,6.19,-0.8,3.02,69.14,6.234767166767,0.1756128,60.29164703,-2123.0,4266.0,72.4,2026-09-09
1543,300056,中创环保,8.31,-4.81,3.8,-40.33,8.370982920306,0.3361704,56.26759571,67.0,4952.0,67.2,2026-09-09
1544,300057,万顺新材,6.44,-0.46,1.82,55.52,6.434458571615,0.2539684,60.43550059,79.0,4233.0,68.8,2026-09-09
1545,300058,蓝色光标,13.6,-2.72,6.78,115.44,13.604163180666,0.3194956,70.48968527,-252.0,1231.0,84.8,2026-09-09
1546,300059,东方财富,18.91,0.37,0.87,18.55,18.877744020771,0.4535856,68.31954745,374.0,1840.0,94.4,2026-09-09
1547,300061,旗天科技,7.08,3.66,13.34,-108.89,6.805437957265,0.292736,72.64716822,880.0,769.0,84.8,2026-09-09
1548,300062,中能电气,6.41,0.79,3.83,-389.58,6.364017519554,0.2385528,59.86438275,-158.0,4349.0,74.4,2026-09-09
1549,300063,天龙集团,9.2,-3.16,7.41,68.74,9.201345804426,0.1945072,69.30312176,-1124.0,1545.0,88.0,2026-09-09
1550,300065,海兰信,16.17,4.8,8.25,569.11,15.961898104637,0.2660608,71.11269952,3334.0,1077.0,72.4,2026-09-09
1551,300066,三川智慧,4.89,-1.01,1.06,101.41,4.888885893558,0.2243968,60.40129768,240.0,4239.0,66.8,2026-09-09
1552,300067,安诺其,5.37,-2.19,3.21,149.08,5.400854459476,0.2424428,55.52370605,17.0,5023.0,74.8,2026-09-09
1553,300068,ST南都,4.08,-2.86,3.61,-1.65,4.109614675918,0.3263376,48.70826094,-50.0,5190.0,74.0,2026-09-09
1554,300069,金利华电,25.01,-0.44,3.36,172.5,25.059339363757,0.2139888,57.94342624,413.0,4716.0,69.2,2026-09-09
1555,300070,碧水源,3.53,-0.84,0.74,209.86,3.534151600556,0.3207996,65.64077181,-1207.0,2685.0,75.2,2026-09-09
1556,300071,福石控股,4.29,-4.88,8.3,712.19,4.302238447937,0.2451844,61.8447737,-2564.0,3877.0,72.4,2026-09-09
1557,300072,海新能科,3.8,0.0,1.16,-41.13,3.784351488844,0.3010576,57.69993244,-1732.0,4755.0,74.8,2026-09-09
1558,300073,当升科技,38.11,0.29,2.37,19.93,37.86950421381,0.2874752,68.61530541,1842.0,1751.0,77.2,2026-09-09
1559,300074,华平股份,3.83,-1.29,2.13,-41.67,3.838552192839,0.2414252,63.09913901,1001.0,3516.0,66.8,2026-09-09
1560,300075,数字政通,10.67,-2.29,1.55,-578.51,10.719023577436,0.150054,58.07936867,72.0,4695.0,77.2,2026-09-09
1561,300076,*ST宁视,4.5,-0.22,1.0,-39.07,4.473463908242,0.4069776,60.2027455,566.0,4282.0,65.2,2026-09-09
1562,300077,国民技术,19.63,-1.11,4.87,1507.57,19.935140349321,0.2473972,57.35356088,-52.0,4807.0,76.8,2026-09-09
1563,300078,思创智联,2.83,-2.41,2.31,-68.51,2.82761966385,0.2087716,54.05155984,61.0,5116.0,71.2,2026-09-09
1564,300079,数码视讯,5.15,2.18,6.21,161.83,5.178378798505,0.3943412,76.71395441,567.0,244.0,79.6,2026-09-09
1565,300080,易成新能,3.81,-0.78,0.64,-12.33,3.807987821267,0.1198864,56.40813673,-33.0,4933.0,68.8,2026-09-09
1566,300081,ST恒信,3.42,0.29,1.17,-10.17,3.411840125127,0.2614752,58.65643415,-890.0,4586.0,70.8,2026-09-09
1567,300082,奥克股份,8.48,0.36,0.96,46.86,8.438161148107,0.2321604,64.6753598,56.0,3025.0,72.0,2026-09-09
1568,300083,创世纪,12.27,-1.45,2.7,34.65,12.376441617024,0.2754748,64.22758886,-145.0,3175.0,70.8,2026-09-09
1569,300084,海默科技,10.86,-2.34,1.71,-83.12,10.918417766606,0.2927364,57.74394866,-265.0,4743.0,67.6,2026-09-09
1570,300085,银之杰,31.59,-0.72,5.09,-491.85,31.639114978156,0.3026716,55.30670528,-986.0,5042.0,80.8,2026-09-09
1571,300086,康芝药业,6.71,-1.76,2.44,-46.6,6.740477778813,0.1844048,63.72007379,-299.0,3327.0,71.2,2026-09-09
1572,300087,ST荃银,6.24,-0.64,3.01,-53.33,6.250436215553,0.2696664,62.11006662,-357.0,3792.0,78.4,2026-09-09
1573,300088,长信科技,7.32,6.24,9.29,80.45,7.203193532669,0.4108176,75.21120979,2577.0,386.0,71.6,2026-09-09
1574,300091,*ST金灵,2.48,-0.8,0.27,-4.09,2.494012403598,0.2807572,57.55886758,-775.0,4777.0,66.0,2026-09-09
1575,300092,科新机电,11.7,-1.52,1.49,38.69,11.731854478089,0.1678044,63.15290857,90.0,3502.0,67.6,2026-09-09
1576,300093,金刚光伏,22.37,-5.65,2.44,-55.61,23.081589292485,0.3655288,62.06653358,-737.0,3804.0,72.4,2026-09-09
1577,300094,国联水产,3.49,2.65,15.43,196.1,3.481146068246,0.277756,80.11652061,1337.0,79.0,84.4,2026-09-09
1578,300095,华伍股份,8.62,0.12,1.62,21.39,8.636464344039,0.1429112,57.06401665,80.0,4850.0,68.8,2026-09-09
1579,300096,ST易联众,8.95,-2.51,1.3,-40.39,8.98781751775,0.3241668,61.00306155,380.0,4082.0,69.6,2026-09-09
1580,300097,智云股份,9.93,2.27,4.56,-51.62,9.916287705715,0.2340496,64.68083775,1777.0,3021.0,73.2,2026-09-09
1581,300098,高新兴,4.41,-1.56,1.69,116.73,4.433104331079,0.1976712,55.66787425,-62.0,5016.0,73.6,2026-09-09
1582,300099,尤洛卡,6.23,-1.42,3.59,76.13,6.193200428752,0.2331768,69.44963718,406.0,1503.0,74.4,2026-09-09
1583,300100,双林股份,20.6,-1.58,0.68,65.19,20.755477058268,0.1533292,63.45710415,6.0,3414.0,73.2,2026-09-09
1584,300101,振芯科技,14.35,-0.97,1.04,-425.76,14.485285233213,0.177446,55.95874536,-7.0,4982.0,72.4,2026-09-09
1585,300102,乾照光电,17.1,-3.61,2.83,87.0,17.20537935738,0.1592068,60.39547472,-1902.0,4242.0,72.8,2026-09-09
1586,300103,达刚控股,8.38,-1.76,2.66,-82.57,8.360708974427,0.1516716,52.73920515,-18.0,5156.0,64.0,2026-09-09
1587,300105,龙源技术,7.42,-0.67,1.91,205.29,7.428843196249,0.2464448,56.82856065,60.0,4882.0,66.8,2026-09-09
1588,300106,西部牧业,11.94,-1.32,7.15,40.9,12.0045952581,0.1874744,64.79133855,-2256.0,2983.0,80.8,2026-09-09
1589,300107,建新股份,6.97,-0.29,2.09,40.97,6.96662236165,0.1227196,58.99435631,-516.0,4528.0,73.2,2026-09-09
1590,300109,新开源,13.47,-1.61,1.96,38.46,13.488963847407,0.3271852,63.28492538,62.0,3461.0,73.6,2026-09-09
1591,300110,华仁药业,2.86,-1.72,1.59,59.23,2.862383699293,0.2025324,60.06756218,-1594.0,4304.0,71.2,2026-09-09
1592,300111,向日葵,3.12,-2.5,2.02,-161.98,3.128547089447,0.194868,57.55465744,-1326.0,4778.0,69.6,2026-09-09
1593,300112,万讯自控,8.95,-8.95,17.32,-912.76,9.190790370427,0.2069968,62.05473377,-1502.0,3812.0,81.6,2026-09-09
1594,300113,顺网科技,16.69,-2.23,2.82,35.55,16.781776748748,0.202428,62.06502307,-36.0,3805.0,75.6,2026-09-09
1595,300115,长盈精密,24.01,-1.19,1.51,919.96,24.06908347823,0.290502,63.05318335,133.0,3528.0,75.6,2026-09-09
1596,300118,东方日升,9.46,-1.25,1.71,-6.57,9.492223397772,0.1759928,54.7170163,-321.0,5082.0,73.2,2026-09-09
1597,300119,瑞普生物,17.96,-0.88,1.18,20.45,17.965138277336,0.1735592,75.30137917,945.0,376.0,74.4,2026-09-09
1598,300120,经纬辉开,7.27,-0.55,3.94,-50.69,7.321029079009,0.2426672,55.03615532,116.0,5063.0,74.8,2026-09-09
1599,300121,阳谷华泰,9.84,0.92,2.48,36.69,9.816289756969,0.2192456,61.38981475,377.0,3981.0,67.2,2026-09-09
1600,300122,智飞生物,13.2,-2.29,1.58,-19.54,13.2643224842,0.2367652,59.45727879,-476.0,4439.0,87.2,2026-09-09
1601,300123,ST亚光,4.9,-2.0,2.97,-13.19,4.915291434307,0.2603248,56.81592395,-1159.0,4884.0,75.6,2026-09-09
1602,300124,汇川技术,55.92,-2.15,1.32,26.96,55.8751035967,0.346444,67.31918468,345.0,2137.0,77.6,2026-09-09
1603,300125,聆达股份,9.22,0.77,1.56,120.84,9.171549353227,0.238142745098,63.40945196,1462.0,3428.0,64.4,2026-09-09
1604,300126,锐奇股份,6.72,-0.74,1.28,-35.28,6.729021249238,0.0457536,64.92580544,1404.0,2924.0,64.4,2026-09-09
1605,300127,银河磁体,24.24,-0.86,1.07,33.37,24.321569880972,0.19846,66.69506164,-1072.0,2357.0,72.0,2026-09-09
1606,300128,锦富技术,5.11,-0.58,1.63,-28.34,5.123022472134,0.2554312,59.65095826,-403.0,4394.0,76.8,2026-09-09
1607,300129,泰胜风能,7.38,-0.81,1.21,200.08,7.379064939325,0.2010256,62.85697566,465.0,3580.0,68.4,2026-09-09
1608,300130,新国都,19.03,-1.55,1.82,19.92,19.122120832752,0.1750988,67.00468219,702.0,2247.0,79.2,2026-09-09
1609,300131,英唐智控,15.7,2.48,9.19,-3076.26,16.090259942511,0.3913552,69.29084802,2926.0,1548.0,72.0,2026-09-09
1610,300132,诺斯贝尔,6.71,2.44,7.6,30.76,6.550444982409,0.2974308,77.54825459,1325.0,190.0,68.4,2026-09-09
1611,300133,华策影视,7.53,-2.59,3.92,42.3,7.52492961066,0.2560588,71.16848892,-78.0,1066.0,86.0,2026-09-09
1612,300134,大富科技,8.58,-1.49,1.31,-29.12,8.6573884674,0.1474032,58.41705785,-27.0,4637.0,77.2,2026-09-09
1613,300135,宝利国际,3.73,3.04,5.62,132.39,3.69782789504,0.3326908,73.57501808,968.0,594.0,70.0,2026-09-09
1614,300136,信维通信,57.05,-0.85,3.16,183.36,57.516599474672,0.3220008,66.64173567,-987.0,2373.0,73.6,2026-09-09
1615,300137,先河环保,10.73,-4.54,3.4,-135.46,10.960931466362,0.3249176,50.54413601,-23.0,5180.0,67.2,2026-09-09
1616,300138,晨光生物,11.79,-2.56,3.12,15.95,11.861846768477,0.2574976,68.83884132,-1077.0,1683.0,73.2,2026-09-09
1617,300139,晓程科技,51.4,3.59,20.0,126.4,50.051315213368,0.3648828,70.4184742,2897.0,1246.0,84.4,2026-09-09
1618,300140,节能环境,5.51,-0.36,0.25,14.53,5.497590187816,0.1960624,70.93332151,854.0,1137.0,68.8,2026-09-09
1619,300141,和顺电气,10.2,-1.45,1.32,-233.68,10.249865528218,0.0971856,57.59324906,75.0,4775.0,71.2,2026-09-09
1620,300142,沃森生物,13.45,0.07,4.62,198.47,13.379723578995,0.3659396,66.47274255,-394.0,2411.0,86.4,2026-09-09
1621,300143,盈康生命,7.57,-1.69,0.67,54.64,7.589264886977,0.2418364,71.76375896,635.0,924.0,69.6,2026-09-09
1622,300144,宋城演艺,6.08,-1.3,1.47,22.85,6.073916001994,0.3316764,73.92652129,1126.0,546.0,80.4,2026-09-09
1623,300145,南方泵业,4.85,0.21,3.48,24.9,4.836567868676,0.3589368,68.99622095,1679.0,1641.0,74.8,2026-09-09
1624,300146,汤臣倍健,9.79,-0.71,2.53,13.73,9.673155164196,0.3754132,72.4257783,868.0,809.0,77.6,2026-09-09
1625,300147,*ST香雪,6.75,4.49,2.53,-8.3,6.697933361747,0.3214504,63.80771613,544.0,3304.0,72.0,2026-09-09
1626,300148,天舟文化,3.65,-3.95,4.61,57.22,3.651605738278,0.248576,63.57637484,-955.0,3380.0,76.4,2026-09-09
1627,300149,睿智医药,9.27,-1.07,3.78,-75.52,9.228581378061,0.2429028,61.8904174,-2669.0,3866.0,75.2,2026-09-09
1628,300150,世纪瑞尔,4.25,-1.39,1.09,-117.37,4.270975611201,0.0919236,61.22365644,-862.0,4025.0,63.2,2026-09-09
1629,300151,昌红科技,16.94,4.18,4.55,223.46,16.674510815357,0.3452136,66.73011029,1507.0,2342.0,62.8,2026-09-09
1630,300152,*ST动力,1.69,-3.43,2.57,-101.74,1.705169715386,0.2702388,59.34707775,-107.0,4460.0,70.0,2026-09-09
1631,300153,科泰电源,26.76,5.6,8.89,77.03,26.510961393865,0.2525864,82.09933662,337.0,31.0,83.2,2026-09-09
1632,300154,瑞凌股份,12.91,3.03,2.9,72.15,12.672505442333,0.2551028,71.95838949,633.0,886.0,71.6,2026-09-09
1633,300155,安居宝,4.52,-1.95,2.52,-42.85,4.536075606518,0.1730668,58.09266164,184.0,4691.0,68.8,2026-09-09
1634,300157,新锦动力,4.15,-2.58,4.36,-85.72,4.16371857527,0.2214536,52.94387603,-1009.0,5153.0,76.8,2026-09-09
1635,300158,振东制药,5.39,-1.64,1.58,-28.84,5.36422599079,0.2999052,59.93426755,171.0,4337.0,77.2,2026-09-09
1636,300159,新研股份,3.07,-0.32,2.27,192.52,3.089642974116,0.2941016,62.05914833,561.0,3811.0,74.8,2026-09-09
1637,300160,秀强股份,4.62,1.54,1.31,29.76,4.617503195782,0.2584288,73.65570163,809.0,579.0,69.6,2026-09-09
1638,300161,华中数控,26.34,-2.08,1.14,-28.67,26.410005373215,0.195356,61.69929093,841.0,3910.0,80.4,2026-09-09
1639,300162,雷曼光电,7.63,-1.68,4.51,-59.0,7.751966366035,0.1956728,55.3301146,66.0,5039.0,67.2,2026-09-09
1640,300163,先锋新材,7.88,1.03,7.53,-81.92,7.791182242314,0.4070112,61.15277205,-6.0,4043.0,66.4,2026-09-09
1641,300164,通源石油,11.06,-1.95,20.18,-132.08,11.085895127667,0.2831456,60.80387142,-2776.0,4134.0,85.6,2026-09-09
1642,300165,天瑞仪器,5.22,-1.51,2.09,66.25,5.24200102203,0.1780228,57.72149368,149.0,4748.0,66.0,2026-09-09
1643,300166,东方国信,12.43,-1.04,2.48,-88.82,12.497384433818,0.2576948,58.83421869,-112.0,4554.0,71.6,2026-09-09
1644,300167,ST迪威迅,3.9,-3.7,1.31,-19.05,3.93657023097,0.1410916,54.41872654,-206.0,5102.0,65.2,2026-09-09
1645,300168,万达信息,4.86,-2.61,1.33,-23.34,4.885628452954,0.28128,59.24161486,-747.0,4486.0,73.2,2026-09-09
1646,300169,天晟新材,5.71,-1.72,2.21,231.23,5.742799098039,0.1228576,63.32459127,255.0,3452.0,68.4,2026-09-09
1647,300170,汉得信息,15.75,-2.9,4.0,86.83,15.863410096675,0.2767708,69.40907813,-642.0,1515.0,80.0,2026-09-09
1648,300171,东富龙,13.73,-1.65,1.84,48.83,13.742462039595,0.2071064,63.22456964,-1196.0,3477.0,75.2,2026-09-09
1649,300172,中电环保,4.69,-0.85,1.78,24.75,4.681600965656,0.2261008,62.53812171,299.0,3672.0,70.8,2026-09-09
1650,300173,ST福能,3.34,-1.47,0.62,-18.52,3.348570324746,0.1721584,54.23308879,-66.0,5110.0,68.0,2026-09-09
1651,300174,元力股份,18.47,1.37,3.71,32.99,18.371958631143,0.2992356,69.79101036,1415.0,1403.0,65.6,2026-09-09
1652,300175,朗源股份,5.98,-2.13,2.26,-104.45,6.027772500259,0.2221072,58.5147771,67.0,4618.0,67.2,2026-09-09
1653,300176,鸿特科技,4.58,-0.22,2.01,-71.82,4.568800734585,0.21468,62.45590561,-33.0,3700.0,66.8,2026-09-09
1654,300177,中海达,6.49,0.78,2.27,-56.23,6.469482435359,0.1487424,64.22380316,-879.0,3177.0,73.6,2026-09-09
1655,300179,四方达,42.3,7.33,20.14,131.4,41.235220317813,0.4119764,77.88723048,18.0,181.0,86.0,2026-09-09
1656,300180,华峰超纤,4.67,-1.68,2.17,121.62,4.672357143586,0.2169252,60.53399356,-567.0,4206.0,81.6,2026-09-09
1657,300181,佐力药业,13.5,-0.74,1.12,12.63,13.496313768353,0.3049584,67.72924005,-1059.0,1999.0,77.2,2026-09-09
1658,300182,捷成股份,5.2,-3.7,5.3,43.12,5.214622912196,0.3258616,66.8411739,518.0,2296.0,86.0,2026-09-09
1659,300183,东软载波,10.58,-0.94,0.8,-84.35,10.632202666609,0.1268848,61.27034648,267.0,4014.0,70.8,2026-09-09
1660,300184,力源信息,11.88,-0.17,2.76,22.89,11.943280730917,0.2811984,65.74540311,-108.0,2654.0,73.2,2026-09-09
1661,300185,通裕重工,2.78,1.09,1.65,72.45,2.763156431076,0.3452284,65.91799348,1388.0,2606.0,71.6,2026-09-09
1662,300187,永清环保,4.74,-0.84,0.7,17.54,4.735028384071,0.1778368,61.58218634,-227.0,3936.0,64.0,2026-09-09
1663,300188,国投智能,10.19,-1.26,0.86,-17.18,10.203778996394,0.2596344,59.0137749,-689.0,4524.0,74.8,2026-09-09
1664,300189,神农种业,7.78,1.3,34.1,-295.08,7.654007375146,0.330394,67.80246261,1146.0,1978.0,92.8,2026-09-09
1665,300190,维尔利,4.11,0.0,1.31,60.51,4.105279282757,0.287838,61.06205807,-159.0,4069.0,68.0,2026-09-09
1666,300191,潜能恒信,36.95,-2.92,6.75,50.27,37.268491924629,0.3348696,69.33000114,-1375.0,1538.0,76.8,2026-09-09
1667,300192,科德教育,18.33,-0.05,3.57,225.98,18.364982290974,0.3111272,69.43882239,-628.0,1507.0,80.4,2026-09-09
1668,300193,佳士科技,8.04,-0.62,0.63,21.84,8.052603455509,0.1119,64.98949443,120.0,2895.0,65.6,2026-09-09
1669,300194,福安药业,3.95,-1.5,1.19,24.53,3.959643880983,0.2347468,61.64306288,-1821.0,3926.0,70.0,2026-09-09
1670,300195,长荣股份,6.24,-1.27,2.07,-112.9,6.243509577407,0.1444968,55.95371323,72.0,4983.0,66.0,2026-09-09
1671,300196,长海股份,16.92,1.32,3.58,22.12,16.97440551626,0.22879,71.67724194,1450.0,943.0,65.2,2026-09-09
1672,300197,节能铁汉,2.09,-2.79,3.56,-1.91,2.096863126373,0.2846256,59.2109164,-1625.0,4490.0,77.2,2026-09-09
1673,300198,*ST纳川,2.46,1.65,0.77,-15.35,2.449273049645,0.3243632,64.79651934,1884.0,2978.0,65.6,2026-09-09
1674,300199,翰宇药业,23.16,1.22,5.33,43.21,23.223398297837,0.4033688,70.49005419,1334.0,1230.0,81.2,2026-09-09
1675,300200,高盟新材,8.49,-0.93,1.42,34.97,8.521845628687,0.1803792,61.30568968,127.0,4005.0,69.6,2026-09-09
1676,300201,海伦哲,13.67,3.8,4.18,54.08,13.724356755994,0.3872128,73.3478017,2270.0,630.0,67.2,2026-09-09
1677,300203,聚光科技,12.5,-1.03,1.02,-32.58,12.519765367653,0.3103344,58.06659196,-442.0,4698.0,68.0,2026-09-09
1678,300204,舒泰神,20.8,-2.67,2.79,-153.12,20.921353701606,0.2838528,50.35455595,-24.0,5183.0,70.0,2026-09-09
1679,300205,*ST天喻,4.95,-1.39,0.41,-14.79,4.978349564036,0.3446364,54.69228658,-39.0,5086.0,66.4,2026-09-09
1680,300206,理邦仪器,11.58,-1.45,1.58,16.63,11.590177804028,0.2370196,72.83337977,1966.0,732.0,68.8,2026-09-09
1681,300207,欣旺达,17.45,1.69,2.7,26.75,17.397580412068,0.3649692,73.09163844,2189.0,677.0,85.6,2026-09-09
1682,300209,行云科技,37.69,6.05,12.68,1456.48,36.857832095191,0.5297188,72.77857229,2089.0,748.0,88.0,2026-09-09
1683,300210,森远股份,8.01,-1.96,1.09,-65.73,8.068732542991,0.2149916,53.38438538,35.0,5141.0,66.4,2026-09-09
1684,300211,*ST亿通,7.4,-1.07,0.47,-63.42,7.394151382619,0.0880884,59.24664556,29.0,4484.0,64.8,2026-09-09
1685,300212,*ST易录,8.3,1.72,1.44,-9.59,8.290579381447,0.3212984,63.23980759,1049.0,3474.0,72.8,2026-09-09
1686,300213,佳讯飞鸿,6.61,0.61,1.61,401.96,6.585632245949,0.1485132,60.81430511,154.0,4130.0,70.8,2026-09-09
1687,300214,日科化学,11.36,1.25,6.43,87.23,11.219570962513,0.304551,70.51835237,1970.0,1226.0,72.8,2026-09-09
1688,300215,电科院,6.57,-0.76,1.18,93.02,6.544062415043,0.1433468,65.24144095,-1013.0,2825.0,70.4,2026-09-09
1689,300217,东方电热,4.17,-0.71,1.17,75.03,4.18193892294,0.2779852,60.88888725,308.0,4111.0,70.4,2026-09-09
1690,300218,安利股份,12.86,-1.3,0.86,41.88,12.874466405285,0.2172284,66.23617969,514.0,2482.0,64.4,2026-09-09
1691,300219,鸿利智汇,6.88,-0.15,1.52,58.63,6.877388339838,0.2169192,67.42912859,606.0,2098.0,63.6,2026-09-09
1692,300220,金运激光,11.55,-0.6,1.55,-181.7,11.617619377325,0.0691652,58.90714413,119.0,4545.0,68.8,2026-09-09
1693,300221,银禧科技,13.83,-0.65,3.45,35.08,13.923081095411,0.2797508,72.9282956,-106.0,707.0,68.4,2026-09-09
1694,300222,科大智能,10.13,-0.59,2.38,42.23,10.159753850649,0.234228,61.6995268,-117.0,3909.0,73.2,2026-09-09
1695,300223,君正股份,131.98,-1.35,3.42,28.38,133.466709770984,0.33785,67.57357003,-1158.0,2048.0,75.2,2026-09-09
1696,300224,正海磁材,11.83,-1.42,1.4,40.25,11.858057833583,0.2174596,70.14313906,547.0,1311.0,76.4,2026-09-09
1697,300225,金力泰,8.08,0.37,3.84,200.82,8.048246631541,0.3275284,70.4144359,1859.0,1247.0,74.0,2026-09-09
1698,300226,上海钢联,16.89,-2.82,2.34,25.91,16.967957129107,0.2015316,64.66588702,-1574.0,3029.0,75.6,2026-09-09
1699,300227,光韵达,14.33,2.72,5.79,289.32,14.321625771269,0.3658392,69.16176862,252.0,1589.0,76.8,2026-09-09
1700,300228,富瑞特装,6.94,-0.43,1.62,32.48,6.933440142706,0.286146,71.64113066,318.0,957.0,70.0,2026-09-09
1701,300229,拓尔思,13.36,-3.33,2.27,-34.58,13.424473652993,0.2055228,59.5619527,-994.0,4413.0,81.2,2026-09-09
1702,300230,永利股份,4.41,-0.45,0.84,15.63,4.413878610534,0.208058,68.16625303,-861.0,1878.0,66.0,2026-09-09
1703,300231,银信科技,8.21,-1.56,1.61,106.82,8.220853052186,0.1896392,61.0667587,149.0,4068.0,72.0,2026-09-09
1704,300232,洲明科技,5.49,-1.08,1.22,92.86,5.501592189571,0.1551192,63.93268651,-760.0,3267.0,68.8,2026-09-09
1705,300233,金城医药,13.39,-2.9,2.83,18.51,13.463990522345,0.2640768,67.40913383,-1594.0,2103.0,75.2,2026-09-09
1706,300234,开尔新材,10.44,-0.95,1.96,-2167.26,10.493351505519,0.3495108,60.62873279,-1394.0,4180.0,65.2,2026-09-09
1707,300235,方直科技,11.17,-2.62,2.28,243.1,11.238138690432,0.1891884,65.22966473,1308.0,2828.0,68.4,2026-09-09
1708,300236,上海新阳,83.52,0.35,1.81,61.37,84.091626899335,0.2669432,73.5452419,607.0,602.0,72.8,2026-09-09
1709,300237,ST美晨,2.33,-1.27,1.54,-48.31,2.365965770873,0.3669556,64.78276252,-493.0,2987.0,70.8,2026-09-09
1710,300238,冠昊生物,11.45,-2.22,1.47,114.66,11.478200782002,0.1855272,65.92406031,1412.0,2602.0,72.8,2026-09-09
1711,300239,东宝生物,5.19,-0.76,0.82,41.18,5.179247752786,0.1462612,64.08049874,-423.0,3223.0,66.0,2026-09-09
1712,300240,飞力达,6.27,0.16,1.44,47.34,6.244234019744,0.12879,67.10119636,1785.0,2210.0,68.0,2026-09-09
1713,300241,瑞丰光电,5.82,0.0,1.83,38.82,5.819701285507,0.1976844,64.15278013,349.0,3202.0,66.4,2026-09-09
1714,300242,佳云科技,4.08,-3.09,3.22,-97.21,4.095774050803,0.199786727273,59.03666244,-1356.0,4518.0,69.2,2026-09-09
1715,300243,瑞丰高材,16.2,0.87,5.81,38.42,16.247520718503,0.24715,69.8696861,1144.0,1381.0,73.2,2026-09-09
1716,300244,迪安诊断,17.66,-2.91,5.03,23.75,17.697661905639,0.2731188,70.59368216,-941.0,1209.0,78.8,2026-09-09
1717,300245,ST天玑,5.92,-2.63,1.21,-18.99,5.977754981092,0.1525596,62.2003728,-393.0,3769.0,69.6,2026-09-09
1718,300246,宝莱特,14.68,-1.41,2.28,-56.35,14.675671355764,0.264075636364,56.74697762,-24.0,4896.0,69.6,2026-09-09
1719,300247,融捷健康,3.77,-1.31,1.21,34.28,3.778048712725,0.2586628,68.43359556,-975.0,1801.0,66.8,2026-09-09
1720,300248,新开普,8.56,-2.39,1.64,-34.76,8.603287865659,0.1440908,61.0172717,531.0,4080.0,73.2,2026-09-09
1721,300249,依米康,13.28,-0.23,2.95,145.0,13.269394412088,0.2406696,62.37294733,-372.0,3723.0,77.2,2026-09-09
1722,300250,初灵信息,15.59,-2.5,3.23,896.01,15.664434938243,0.121184,64.21998284,652.0,3178.0,74.8,2026-09-09
1723,300251,光线传媒,11.45,-2.64,1.53,508.8,11.466339787544,0.2675628,62.10304475,-846.0,3793.0,82.0,2026-09-09
1724,300252,金信诺,12.74,2.82,9.22,174.4,12.764932545025,0.2560572,71.62395251,2047.0,960.0,82.8,2026-09-09
1725,300253,卫宁健康,6.9,-2.54,2.25,-43.05,6.923324531519,0.2446816,61.91388389,-1593.0,3858.0,78.0,2026-09-09
1726,300254,仟源医药,9.1,-0.11,5.93,273.06,9.107731568597,0.17684,67.6617837,246.0,2017.0,70.8,2026-09-09
1727,300255,常山药业,23.11,-2.82,1.73,-633.57,23.271129481813,0.3034856,54.34248556,-118.0,5107.0,76.4,2026-09-09
1728,300256,星星科技,2.82,-2.76,0.95,-101.3,2.843046978479,0.1905148,63.58751742,498.0,3378.0,77.2,2026-09-09
1729,300257,开山股份,18.76,5.57,2.6,48.72,18.705762462902,0.2649312,71.49357145,897.0,998.0,66.8,2026-09-09
1730,300258,精锻科技,9.49,-1.35,0.79,-101.06,9.504535517727,0.2187696,58.01643156,-82.0,4704.0,65.6,2026-09-09
1731,300259,新天科技,4.32,-2.48,2.12,117.66,4.343156279115,0.2492296,60.3189319,240.0,4259.0,64.4,2026-09-09
1732,300260,新莱应材,54.45,-1.25,3.62,111.07,55.304032446085,0.239286,64.70647161,-1175.0,3013.0,71.2,2026-09-09
1733,300261,雅本化学,5.31,-1.3,3.93,-16.05,5.333122034115,0.1966392,59.59583029,-1639.0,4407.0,82.4,2026-09-09
1734,300263,隆华科技,9.89,0.3,3.03,42.11,9.965075476794,0.3313776,64.92130109,138.0,2927.0,70.0,2026-09-09
1735,300264,佳创视讯,6.25,-4.73,9.42,-118.09,6.366565892348,0.2400116,60.5547074,-983.0,4198.0,70.8,2026-09-09
1736,300265,通光线缆,13.89,1.54,5.94,-165.67,14.028528411902,0.2282824,63.98253638,1717.0,3252.0,70.0,2026-09-09
1737,300266,兴源环境,2.05,-0.97,2.29,-15.27,2.050290505873,0.1913488,60.04574525,-1777.0,4309.0,71.6,2026-09-09
1738,300267,尔康制药,3.28,-1.8,1.45,76.07,3.288243202505,0.1918984,58.39398924,-1674.0,4643.0,69.2,2026-09-09
1739,300268,佳沃食品,12.9,-1.3,2.15,-296.07,13.027907487451,0.1050516,59.55691887,-295.0,4417.0,66.8,2026-09-09
1740,300269,联建光电,5.0,-1.38,1.81,-52.0,5.023536447772,0.159508,56.75287034,92.0,4893.0,66.4,2026-09-09
1741,300270,中威电子,10.66,-1.3,2.71,175.49,10.851758832565,0.2198168,59.20089671,615.0,4491.0,64.0,2026-09-09
1742,300271,华宇软件,5.69,-2.23,1.53,-40.63,5.688593354328,0.2957528,67.34429729,980.0,2127.0,72.4,2026-09-09
1743,300272,开能健康,5.91,-0.17,1.69,44.72,5.955077894362,0.143574,62.62586069,352.0,3647.0,66.8,2026-09-09
1744,300274,阳光电源,87.0,-0.97,2.18,17.15,86.896052113259,0.3838884,69.26005618,-107.0,1556.0,88.8,2026-09-09
1745,300275,梅安森,9.05,-0.11,1.37,53.46,9.050605815614,0.1181128,62.73234525,-21.0,3610.0,65.6,2026-09-09
1746,300276,三丰智能,6.14,-1.92,1.61,274.95,6.18203395888,0.19231,54.68553533,-17.0,5087.0,71.2,2026-09-09
1747,300277,汽轮科技,12.82,-0.08,2.83,38.21,12.876139241486,0.288458,75.63788862,225.0,345.0,76.0,2026-09-09
1748,300278,华昌达,3.64,-1.36,0.83,-134.24,3.640552339871,0.2243512,57.64525482,-857.0,4764.0,68.4,2026-09-09
1749,300279,和晶科技,5.73,-1.72,1.34,86.59,5.775166074818,0.1499748,62.95409616,712.0,3551.0,66.4,2026-09-09
1750,300281,金明精机,6.78,0.3,1.1,183.78,6.756771586657,0.2319732,68.0877828,323.0,1896.0,66.8,2026-09-09
1751,300283,温州宏丰,12.95,0.47,5.76,34.85,13.032485718124,0.2299832,68.23311544,2289.0,1860.0,65.2,2026-09-09
1752,300284,苏交科,5.19,-1.14,0.89,41.16,5.191101675789,0.2138628,58.29662494,-164.0,4657.0,71.6,2026-09-09
1753,300285,国瓷材料,60.37,0.05,5.72,82.96,61.143456174623,0.3825556,65.84924889,128.0,2629.0,84.8,2026-09-09
1754,300286,安科瑞,19.6,-1.11,1.26,22.57,19.672041284027,0.1451792,64.15131215,411.0,3204.0,64.4,2026-09-09
1755,300287,飞利信,3.68,-2.39,2.38,-44.9,3.677624218514,0.2426592,56.8244451,31.0,4883.0,72.4,2026-09-09
1756,300288,朗玛信息,9.93,-2.74,1.75,-336.33,9.956073849289,0.1428396,61.19555059,-325.0,4036.0,70.8,2026-09-09
1757,300289,利德曼,5.88,-1.51,0.84,-224.85,5.895541734429,0.0963056,60.68346785,86.0,4169.0,63.6,2026-09-09
1758,300290,ST荣科,6.17,0.33,5.22,-12.98,6.06611695394,0.2344328,57.70764296,-1855.0,4752.0,74.4,2026-09-09
1759,300291,百纳千成,5.4,-4.93,6.32,-861.02,5.391737009848,0.2551928,60.46799187,-2912.0,4227.0,78.4,2026-09-09
1760,300292,吴通控股,4.39,0.23,4.8,39.11,4.424416380596,0.3189292,68.661686,-891.0,1734.0,71.2,2026-09-09
1761,300293,蓝英装备,14.7,-1.34,0.89,-122.71,14.825525376685,0.1756808,56.95149324,-160.0,4871.0,72.0,2026-09-09
1762,300294,博雅生物,14.76,-2.45,1.0,72.7,14.858704994923,0.2112612,56.16646931,-1571.0,4965.0,71.6,2026-09-09
1763,300295,*ST三六,11.9,-0.42,1.72,436.45,11.877084980923,0.2661808,59.69294311,71.0,4386.0,67.6,2026-09-09
1764,300296,利亚德,5.03,-0.98,1.49,98.63,5.043056714966,0.3141404,63.44558873,489.0,3416.0,73.6,2026-09-09
1765,300298,三诺生物,15.55,-2.2,0.77,19.56,15.638136473032,0.0843592,65.83371023,-1099.0,2634.0,70.4,2026-09-09
1766,300299,富春股份,5.75,-3.04,3.26,59.49,5.743455552143,0.2272288,65.37282006,-455.0,2777.0,80.8,2026-09-09
1767,300300,海峡创新,9.02,2.04,21.75,-95.89,9.008665116631,0.2680832,76.13176509,1511.0,293.0,86.4,2026-09-09
1768,300301,ST长方,3.61,3.74,1.69,-34.65,3.563183943326,0.388588,58.97401745,515.0,4531.0,64.0,2026-09-09
1769,300302,同有科技,27.81,-1.1,3.76,25.85,28.117493897495,0.2401524,63.54920705,52.0,3390.0,72.8,2026-09-09
1770,300303,聚飞光电,6.92,0.14,2.14,57.42,6.946062044235,0.2839732,68.98477608,1613.0,1645.0,71.6,2026-09-09
1771,300304,云意电气,11.57,2.03,3.47,30.32,11.76936166468,0.333914,73.99634178,2234.0,537.0,71.6,2026-09-09
1772,300305,裕兴股份,6.27,-0.32,1.72,-13.52,6.271260234301,0.1236936,57.92307573,28.0,4717.0,64.0,2026-09-09
1773,300306,远方信息,10.39,-1.52,1.45,43.01,10.440049840423,0.1557188,64.96742894,-813.0,2902.0,66.4,2026-09-09
1774,300307,慈星股份,7.42,-1.72,1.66,17.14,7.459668188388,0.12799,69.46966332,-743.0,1498.0,71.6,2026-09-09
1775,300308,中际旭创,908.9,0.72,1.81,39.21,916.005553216924,0.6266252,82.51073474,1.0,25.0,94.8,2026-09-09
1776,300310,宜通世纪,4.4,-2.22,1.98,-163.72,4.427897699725,0.2069088,62.81446258,-1168.0,3588.0,71.6,2026-09-09
1777,300311,任子行,5.52,-2.13,5.52,-38.73,5.50646098114,0.291450588235,62.89350089,381.0,3571.0,75.2,2026-09-09
1778,300313,天山生物,14.99,-5.72,16.3,425.09,15.328784691834,0.2455408,59.22117389,-560.0,4489.0,82.4,2026-09-09
1779,300314,戴维医疗,11.42,-2.81,5.77,68.27,11.608664347121,0.1453444,66.64586788,-132.0,2369.0,74.0,2026-09-09
1780,300315,掌趣科技,4.17,-3.92,4.66,155.7,4.191402065134,0.2980612,60.8997863,69.0,4107.0,86.0,2026-09-09
1781,300316,晶盛机电,40.33,0.22,0.51,113.7,40.551680661831,0.2319168,64.0393066,134.0,3240.0,73.2,2026-09-09
1782,300317,珈伟新能,4.17,-0.48,4.32,-181.17,4.166423044324,0.2819356,55.0901379,-786.0,5058.0,74.4,2026-09-09
1783,300318,博晖创新,5.16,-0.19,0.67,-135.05,5.143382219789,0.1383212,60.06751765,-1547.0,4305.0,70.4,2026-09-09
1784,300319,麦捷科技,20.05,1.42,13.22,58.94,20.181655976924,0.3752268,67.79684061,-490.0,1980.0,86.8,2026-09-09
1785,300320,海达股份,8.3,1.47,1.07,18.86,8.263551994466,0.2251952,64.81822728,446.0,2969.0,65.6,2026-09-09
1786,300321,同大股份,32.82,-0.12,3.24,331.75,33.47487766997,0.2126796,62.32222257,334.0,3735.0,60.8,2026-09-09
1787,300322,硕贝德,17.91,-2.34,5.36,162.93,18.095772003271,0.2102132,65.29884023,-1178.0,2801.0,84.8,2026-09-09
1788,300323,华灿光电,11.03,-2.56,6.44,4359.94,11.209071029935,0.2538604,58.64821017,-2212.0,4587.0,73.6,2026-09-09
1789,300324,旋极信息,3.5,-2.23,1.23,-21.47,3.515745225985,0.221102,54.86727875,-351.0,5076.0,72.0,2026-09-09
1790,300326,ST凯利,6.2,-1.27,0.71,16.6,6.220964497443,0.2745792,65.24392733,738.0,2824.0,67.6,2026-09-09
1791,300327,中颖电子,24.2,0.0,1.89,58.18,24.316771991033,0.237722,61.55560068,65.0,3944.0,72.0,2026-09-09
1792,300328,宜安科技,14.54,-2.48,4.92,-94.83,14.607430155767,0.2902672,52.90095961,16.0,5154.0,79.2,2026-09-09
1793,300329,海伦钢琴,12.09,-1.47,0.54,-30.96,12.187598460172,0.2215296,57.60182444,336.0,4771.0,63.6,2026-09-09
1794,300331,苏大维格,47.17,-1.73,4.48,123.07,48.359975145038,0.3265016,69.11926688,703.0,1601.0,69.6,2026-09-09
1795,300332,天壕能源,5.14,-0.96,2.16,30.26,5.150167691486,0.217131694915,59.55667351,-2131.0,4418.0,70.4,2026-09-09
1796,300333,兆日科技,11.4,-3.31,8.19,41.16,11.429740827469,0.203430666667,54.71612882,-179.0,5083.0,80.4,2026-09-09
1797,300334,津膜科技,8.36,-1.76,2.77,-166.28,8.415989183886,0.1589624,60.16867128,-969.0,4283.0,65.2,2026-09-09
1798,300335,迪森股份,5.71,0.35,2.1,29.01,5.690693792384,0.1713636,59.67473501,-1053.0,4390.0,68.4,2026-09-09
1799,300337,银邦股份,9.74,-0.71,1.53,45.21,9.787924576753,0.1488928,57.14323263,3.0,4841.0,71.6,2026-09-09
1800,300338,*ST开元,3.12,-2.19,1.26,-17.65,3.141518572173,0.2391536,62.17630569,-1905.0,3775.0,64.4,2026-09-09
1801,300339,润和软件,34.84,-0.2,1.42,167.84,34.652942951591,0.2333296,63.40139666,508.0,3432.0,76.8,2026-09-09
1802,300340,科恒股份,8.88,-1.22,1.08,-36.37,8.912809794623,0.0797328,58.51587484,133.0,4617.0,71.6,2026-09-09
1803,300341,麦克奥迪,12.85,-2.58,0.71,30.08,12.907859578436,0.1080528,65.39592268,-1413.0,2768.0,69.2,2026-09-09
1804,300342,天银机电,32.22,-0.74,1.91,275.83,32.423515222464,0.2256524,60.64019149,-407.0,4178.0,72.4,2026-09-09
1805,300343,联创股份,5.67,0.35,1.05,106.82,5.656964184458,0.3629584,59.03099328,-485.0,4519.0,69.2,2026-09-09
1806,300345,华民股份,7.36,-3.66,5.38,-17.14,7.432230171085,0.1889604,55.75444959,-1184.0,5006.0,72.4,2026-09-09
1807,300346,南大光电,52.74,2.29,5.02,71.25,53.041360555658,0.3597188,72.56859292,2560.0,782.0,73.2,2026-09-09
1808,300347,泰格医药,54.68,2.59,4.06,-56.98,54.627662614517,0.3258276,73.62720568,-470.0,584.0,86.4,2026-09-09
1809,300348,长亮科技,10.0,-1.77,2.01,-90.96,10.018566847343,0.2164216,64.10731309,-537.0,3214.0,82.4,2026-09-09
1810,300349,金卡智能,10.36,-0.1,0.96,26.37,10.32818840009,0.248728,68.64969222,1450.0,1740.0,66.0,2026-09-09
1811,300350,华鹏飞,4.54,-1.3,1.95,-130.04,4.565884511758,0.1308536,57.46371693,57.0,4790.0,68.8,2026-09-09
1812,300351,永贵电器,14.57,0.62,2.07,-177.2,14.561514108992,0.1782184,63.43899906,212.0,3419.0,72.0,2026-09-09
1813,300352,ST信源,2.6,-1.52,1.29,-16.8,2.591446719778,0.299998,55.7602625,92.0,5005.0,72.0,2026-09-09
1814,300353,东土科技,16.46,-0.66,1.41,-193.37,16.518592922239,0.2488684,56.26594596,-279.0,4953.0,72.0,2026-09-09
1815,300354,东华测试,27.09,-0.73,1.32,48.14,27.142441123188,0.1715184,65.46153585,170.0,2748.0,65.2,2026-09-09
1816,300355,蒙草生态,2.98,-1.97,1.4,-32.86,2.990757012228,0.2466188,59.61262763,-92.0,4400.0,75.6,2026-09-09
1817,300357,我武生物,20.01,-8.8,5.98,24.54,20.071510456345,0.3047936,66.2075335,-2060.0,2495.0,76.0,2026-09-09
1818,300358,楚天科技,8.27,-2.13,2.74,20.35,8.278970783419,0.3017328,65.04686746,-1448.0,2877.0,73.2,2026-09-09
1819,300359,全通教育,4.25,-3.19,2.58,-32.4,4.238894992179,0.2142108,64.81399246,410.0,2972.0,70.8,2026-09-09
1820,300360,炬华科技,11.46,-0.09,0.56,16.68,11.458040034704,0.24845,69.48478148,1405.0,1494.0,68.0,2026-09-09
1821,300363,博腾股份,21.83,5.41,6.88,-26.46,21.633310955496,0.2885508,73.92664242,-148.0,545.0,80.8,2026-09-09
1822,300364,中文在线,25.1,-3.35,10.5,-212.64,25.200161489807,0.2936572,66.78776785,-420.0,2320.0,87.6,2026-09-09
1823,300365,恒华科技,4.66,-2.31,2.11,-44.89,4.6794402992,0.26374,60.72892925,-663.0,4159.0,67.2,2026-09-09
1824,300366,ST创意,5.48,-1.26,1.11,-13.91,5.499897455533,0.2285208,58.12345123,-164.0,4683.0,72.0,2026-09-09
1825,300368,汇金股份,9.47,-2.37,6.39,-108.76,9.477671143739,0.1625344,52.10626684,-27.0,5172.0,82.0,2026-09-09
1826,300369,绿盟科技,7.91,0.13,3.95,-24.85,7.850609492081,0.2785752,64.99077296,581.0,2894.0,75.6,2026-09-09
1827,300370,安控科技,2.23,-1.76,0.99,-35.72,2.235935786383,0.285712,62.01801284,-452.0,3824.0,72.0,2026-09-09
1828,300371,汇中股份,10.4,-1.05,1.27,66.22,10.449252708384,0.0857368,64.10881948,447.0,3213.0,63.2,2026-09-09
1829,300373,扬杰科技,87.01,0.22,1.11,30.67,87.401772312226,0.3037392,69.49114659,1782.0,1492.0,76.4,2026-09-09
1830,300374,中铁装配,11.33,-1.31,0.95,-28.63,11.36502785396,0.1161084,61.61585634,-1651.0,3931.0,71.2,2026-09-09
1831,300375,鹏翎股份,4.22,-0.47,1.24,93.51,4.231469526471,0.2688884,63.35750628,416.0,3440.0,66.8,2026-09-09
1832,300376,易事特,4.27,-2.29,0.76,-33.81,4.306641696956,0.1956868,55.53603923,-116.0,5022.0,71.2,2026-09-09
1833,300377,赢时胜,14.78,-1.27,3.01,-70.81,14.801992030147,0.2776544,60.42308791,-1444.0,4235.0,78.0,2026-09-09
1834,300378,鼎捷数智,37.71,-1.33,4.54,27.17,37.881016760382,0.1631748,67.48431781,8.0,2078.0,82.0,2026-09-09
1835,300380,安硕信息,29.39,-2.33,1.88,158.65,29.547879817168,0.1153024,64.63235271,-631.0,3042.0,73.2,2026-09-09
1836,300381,溢多利,6.18,0.49,4.67,-304.71,6.222968151384,0.1694732,60.26144701,-1824.0,4273.0,73.2,2026-09-09
1837,300382,斯莱克,18.16,-3.3,3.66,-74.19,18.274641665175,0.3912304,62.30467385,-1354.0,3740.0,73.2,2026-09-09
1838,300383,光环新网,11.72,-2.82,2.81,173.09,11.851060629883,0.2557824,56.5802883,-264.0,4909.0,76.0,2026-09-09
1839,300384,三联虹普,12.26,-0.65,0.76,25.23,12.236515715413,0.2119348,67.81266947,-6.0,1974.0,66.4,2026-09-09
1840,300385,ST雪浪,13.0,-2.69,1.69,-24.15,13.090536737578,0.2526672,56.21668615,-75.0,4956.0,64.0,2026-09-09
1841,300386,飞天诚信,11.51,-2.7,4.09,-39.65,11.523144060601,0.1967292,59.69391546,140.0,4385.0,77.6,2026-09-09
1842,300387,富邦科技,8.34,0.48,8.76,21.86,8.294876850023,0.2067172,71.78152507,-854.0,920.0,76.0,2026-09-09
1843,300388,节能国祯,7.05,-0.14,0.82,11.86,7.044741685502,0.138326,64.93865467,-375.0,2919.0,67.6,2026-09-09
1844,300389,艾比森,12.63,-1.1,1.05,16.11,12.672630218069,0.120854,68.98002698,464.0,1646.0,66.8,2026-09-09
1845,300390,天华新能,56.91,-0.94,2.53,10.31,57.091300523559,0.2733384,66.26548392,-816.0,2471.0,76.0,2026-09-09
1846,300393,中来股份,6.22,-0.96,1.46,-9.82,6.267479128975,0.2299028,57.60167768,-94.0,4772.0,72.0,2026-09-09
1847,300394,天孚通信,258.03,-0.18,2.76,116.86,263.05522169545,0.4711472,79.54586848,44.0,98.0,91.6,2026-09-09
1848,300395,菲利华,98.39,3.25,5.76,87.74,97.366919008894,0.448756,78.01845357,47.0,172.0,79.6,2026-09-09
1849,300396,ST迪瑞,7.23,-2.03,0.61,129.76,7.27843266044,0.1762768,58.29008895,-1313.0,4659.0,65.2,2026-09-09
1850,300397,天和防务,11.1,1.09,3.94,-207.19,11.120511060535,0.255434,58.46008947,145.0,4630.0,75.6,2026-09-09
1851,300398,飞凯材料,33.49,1.52,4.97,35.73,33.83725451611,0.3162416,74.60348528,1852.0,460.0,71.2,2026-09-09
1852,300399,天利科技,20.7,0.58,3.89,158.48,20.642026104705,0.205556,70.60477015,868.0,1205.0,74.8,2026-09-09
1853,300400,劲拓股份,35.66,2.03,6.28,75.52,35.705322154658,0.323252,79.19958002,17.0,117.0,80.0,2026-09-09
1854,300401,花园生物,15.65,0.38,4.25,32.32,15.613274423803,0.3292392,73.5654802,-365.0,596.0,78.0,2026-09-09
1855,300402,宝色股份,15.24,0.46,0.84,66.82,15.264977771264,0.1121028,67.05378843,1550.0,2230.0,72.0,2026-09-09
1856,300403,汉宇集团,9.14,-2.35,1.61,30.91,9.187695460993,0.1582188,64.67621971,-862.0,3023.0,71.6,2026-09-09
1857,300404,博济医药,12.9,-1.9,16.01,66.88,12.992147129969,0.2500832,78.06092874,-117.0,168.0,82.0,2026-09-09
1858,300405,科隆股份,5.86,-0.68,2.1,119.17,5.883099001935,0.0448248,62.78231912,977.0,3600.0,65.2,2026-09-09
1859,300406,九强生物,11.72,-0.68,0.65,16.33,11.702146778388,0.1905524,65.33597658,-135.0,2789.0,70.8,2026-09-09
1860,300407,凯发电气,11.53,-0.09,1.07,130.1,11.501503922,0.143326,70.09015526,1645.0,1326.0,63.6,2026-09-09
1861,300408,三环集团,117.77,2.26,2.76,60.85,118.794035870385,0.5228908,79.93889923,203.0,86.0,89.2,2026-09-09
1862,300409,道氏技术,17.37,-0.29,1.3,23.42,17.415245069437,0.222484,64.12765682,-725.0,3209.0,72.8,2026-09-09
1863,300410,正业科技,8.11,0.0,3.65,69.27,8.16375799353,0.2070444,64.24032612,543.0,3171.0,69.6,2026-09-09
1864,300411,金盾股份,8.77,1.62,4.33,515.34,8.681463198901,0.1858888,69.36445185,2398.0,1527.0,76.8,2026-09-09
1865,300412,迦南科技,4.51,-1.31,1.59,-537.91,4.519606451759,0.139432,60.39267149,150.0,4244.0,66.8,2026-09-09
1866,300413,芒果超媒,18.57,-9.94,16.85,86.12,19.13082976456,0.3508328,65.40720136,-1379.0,2763.0,90.4,2026-09-09
1867,300414,中光防雷,11.25,0.99,3.3,152.21,11.270758153288,0.184272,66.55259269,1840.0,2394.0,74.8,2026-09-09
1868,300415,伊之密,19.32,-0.62,0.94,14.13,19.35806593713,0.2788944,72.97084347,547.0,699.0,66.0,2026-09-09
1869,300416,苏试试验,14.16,-0.21,1.66,27.82,14.218656678761,0.255036,68.58738578,551.0,1760.0,66.8,2026-09-09
1870,300417,南华仪器,11.79,-1.42,2.98,722.09,11.826963167924,0.0927704,65.54377105,1256.0,2718.0,65.6,2026-09-09
1871,300418,昆仑万维,45.69,-0.87,4.69,26.98,45.535603092879,0.3063908,68.60271704,-582.0,1753.0,90.8,2026-09-09
1872,300419,ST浩丰,9.15,-0.76,0.9,-73.36,9.147418367285,0.278506,57.16227073,-78.0,4836.0,66.4,2026-09-09
1873,300420,五洋自控,7.97,-1.36,6.77,-1363.43,8.111715038777,0.364696,61.43873768,-185.0,3971.0,73.2,2026-09-09
1874,300421,力星股份,16.8,-0.12,1.27,116.43,16.841918541289,0.1933124,59.12913674,104.0,4501.0,67.6,2026-09-09
1875,300422,博世科,4.32,2.13,2.4,-31.81,4.278904850442,0.1521392,61.446416,496.0,3967.0,63.6,2026-09-09
1876,300423,昇辉科技,5.86,-0.68,1.89,-14.73,5.850209581569,0.193344,53.77428966,-319.0,5128.0,66.0,2026-09-09
1877,300424,航新科技,14.32,-0.56,2.34,-108.82,14.422397550112,0.1752444,55.26559922,-1758.0,5046.0,71.6,2026-09-09
1878,300425,中建环能,4.15,-0.72,0.93,198.47,4.154578582565,0.1559524,64.65536796,-201.0,3034.0,66.4,2026-09-09
1879,300426,华智数媒,7.73,6.04,9.59,40.86,7.353631077005,0.2104568,70.71746222,1631.0,1176.0,74.0,2026-09-09
1880,300427,红相股份,6.87,-0.87,4.42,-106.83,6.848535683144,0.1653876,60.45996911,328.0,4231.0,74.4,2026-09-09
1881,300428,立中集团,20.37,0.05,0.89,12.1,20.4719335733,0.171364,71.68923719,134.0,940.0,74.4,2026-09-09
1882,300429,强力新材,11.05,2.79,5.45,-49.25,11.075454224188,0.2541192,67.53663727,2950.0,2060.0,72.8,2026-09-09
1883,300430,*ST益通,4.53,-4.83,3.41,-21.27,4.59084647568,0.2188644,51.30820859,-28.0,5175.0,66.0,2026-09-09
1884,300432,富临精工,14.05,1.89,1.81,42.61,13.911831475501,0.296678,74.03775306,1035.0,533.0,76.0,2026-09-09
1885,300433,蓝思科技,35.12,1.5,1.18,160.7,35.039440038266,0.4189716,75.75335635,1563.0,329.0,80.0,2026-09-09
1886,300434,金石亚药,10.88,-2.51,4.4,22.89,10.94024456611,0.2854476,67.71116141,-1225.0,2005.0,67.6,2026-09-09
1887,300435,中泰股份,17.14,-1.49,1.39,25.33,17.248899413358,0.1816672,67.66061197,-1229.0,2018.0,71.6,2026-09-09
1888,300436,广生堂,89.81,-1.56,1.69,-110.73,90.047202977942,0.3592932,56.4576714,-1108.0,4928.0,70.4,2026-09-09
1889,300437,清水源,12.05,0.58,5.33,-839.51,12.019591035149,0.1385548,60.15793571,-2856.0,4284.0,73.2,2026-09-09
1890,300438,鹏辉能源,53.77,-0.26,4.01,16.57,53.697724942555,0.2891716,65.08342845,371.0,2870.0,76.8,2026-09-09
1891,300439,美康生物,9.44,-0.84,0.62,29.25,9.462278394281,0.0758884,61.67568387,-1454.0,3914.0,66.4,2026-09-09
1892,300440,运达科技,20.43,0.54,1.55,-492.57,20.333895558223,0.3881904,65.12063157,98.0,2863.0,62.0,2026-09-09
1893,300441,鲍斯股份,7.09,0.0,0.58,21.81,7.111557003222,0.2313392,69.16734479,1588.0,1588.0,66.4,2026-09-09
1894,300442,润泽科技,62.4,-1.0,0.81,42.54,62.954391579973,0.318352,70.48661012,-595.0,1233.0,82.0,2026-09-09
1895,300443,金雷股份,18.61,-1.17,1.13,20.9,18.692137379371,0.1589108,66.85541424,-362.0,2290.0,68.8,2026-09-09
1896,300444,双杰电气,9.25,-0.96,3.01,15.9,9.24621769197,0.2004084,59.25099497,155.0,4482.0,76.8,2026-09-09
1897,300445,康斯特,17.85,1.13,3.51,25.27,18.017015414368,0.2024076,72.80514394,2359.0,736.0,63.2,2026-09-09
1898,300446,航天智造,13.17,0.15,0.83,22.92,13.195328250194,0.2288028,73.79431921,363.0,564.0,70.0,2026-09-09
1899,300447,全信股份,14.4,0.63,1.79,85.85,14.454784291882,0.1289952,64.97718174,-21.0,2900.0,68.8,2026-09-09
1900,300448,浩云科技,5.86,-3.93,4.71,-236.45,5.943134332414,0.1866408,64.80747425,-1689.0,2976.0,72.0,2026-09-09
1901,300449,汉邦高科,6.91,-1.85,1.9,-76.06,6.951157596557,0.173546,55.31528492,-115.0,5041.0,65.2,2026-09-09
1902,300450,先导智能,30.83,-0.16,1.11,26.99,30.792684209213,0.2874784,64.08513594,670.0,3220.0,75.6,2026-09-09
1903,300451,创业慧康,3.47,-3.07,1.57,-13.63,3.488485061392,0.215914,57.36053405,-1244.0,4804.0,71.2,2026-09-09
1904,300452,山河药辅,13.07,-0.83,1.55,15.93,13.050683071667,0.1592044,67.9888654,-1332.0,1930.0,70.8,2026-09-09
1905,300453,三鑫医疗,9.12,-0.44,1.38,18.02,9.106205842966,0.3141468,66.46604779,61.0,2413.0,70.0,2026-09-09
1906,300454,深信服,129.87,-0.2,2.72,121.19,129.853319658716,0.3362556,70.26660259,411.0,1280.0,81.2,2026-09-09
1907,300455,航天智装,17.41,-0.63,0.54,2442.34,17.483112055091,0.11556,62.43068921,299.0,3709.0,71.2,2026-09-09
1908,300456,赛微电子,37.09,-1.38,4.73,5.03,37.401332477225,0.263332,61.53903831,19.0,3948.0,84.8,2026-09-09
1909,300457,赢合科技,20.89,-1.04,1.04,19.21,20.945712564402,0.2289836,69.21586821,142.0,1575.0,78.4,2026-09-09
1910,300458,全志科技,30.64,-0.49,3.23,31.05,30.856596243463,0.2735096,66.04395578,594.0,2551.0,77.6,2026-09-09
1911,300459,汤姆猫,3.69,-3.4,2.94,125.73,3.709581821904,0.2641652,57.59347992,-5.0,4774.0,80.8,2026-09-09
1912,300460,ST惠伦,8.6,-2.49,1.2,-31.78,8.698473177851,0.1630248,52.49275548,-68.0,5164.0,68.4,2026-09-09
1913,300461,田中精机,33.97,-1.36,4.09,-158.72,34.476425747421,0.1270676,58.89340271,4.0,4546.0,75.6,2026-09-09
1914,300462,ST华铭,11.31,-2.33,0.63,-22.85,11.312565348138,0.3671088,56.83309853,87.0,4881.0,64.4,2026-09-09
1915,300463,迈克生物,9.29,-1.38,0.7,81.99,9.29690274161,0.168128,62.58614798,-398.0,3660.0,70.4,2026-09-09
1916,300464,星徽股份,7.98,-0.62,2.28,319.59,7.995118559502,0.2497412,61.7595214,-1153.0,3899.0,70.4,2026-09-09
1917,300465,高伟达,11.76,-2.81,2.85,283.95,11.818016009175,0.203724,67.09205479,1931.0,2214.0,79.2,2026-09-09
1918,300466,赛摩智能,7.36,-1.21,0.84,158.66,7.380937893041,0.1293592,61.47268132,-904.0,3960.0,70.0,2026-09-09
1919,300467,迅游科技,33.44,-0.3,1.55,344.02,33.450593220339,0.2920484,56.67199314,-64.0,4902.0,69.2,2026-09-09
1920,300468,四方精创,24.64,-2.61,10.85,179.88,24.532013735646,0.2938316,69.86011142,-1017.0,1384.0,91.2,2026-09-09
1921,300469,信息发展,53.41,2.79,2.09,-99.6,53.49823493395,0.4104616,64.07531207,1692.0,3226.0,67.6,2026-09-09
1922,300470,中密控股,27.96,-0.07,0.51,21.56,27.868876504242,0.18954,67.00464105,-8.0,2248.0,68.0,2026-09-09
1923,300471,厚普股份,9.99,-0.7,1.18,28.28,9.991310658121,0.1506888,65.39526343,-745.0,2769.0,76.0,2026-09-09
1924,300472,ST新元,7.11,-2.07,0.94,-31.55,7.127968581165,0.235624117647,58.86104399,-1014.0,4550.0,65.6,2026-09-09
1925,300473,德尔股份,26.56,-0.04,1.57,24.12,26.605814501924,0.2256736,70.04704038,1321.0,1338.0,75.6,2026-09-09
1926,300474,景嘉微,49.4,0.0,0.8,-119.59,49.416348994253,0.2218824,57.32000594,-54.0,4814.0,75.6,2026-09-09
1927,300475,香农芯创,174.52,-2.86,6.63,11.25,176.941069095601,0.3829344,73.94105314,-508.0,541.0,92.0,2026-09-09
1928,300476,胜宏科技,233.51,1.96,3.1,40.17,234.475821381614,0.5358328,79.2995507,889.0,110.0,81.6,2026-09-09
1929,300477,ST合纵,2.63,-2.23,1.63,-11.97,2.65412042809,0.3659224,55.08086852,-1305.0,5060.0,69.2,2026-09-09
1930,300478,杭州高新,32.05,-0.03,2.11,-158.12,32.044125986608,0.3189268,62.93377346,-18.0,3557.0,67.2,2026-09-09
1931,300479,神思电子,14.94,-0.8,1.3,-47.31,14.938921603888,0.0674352,66.79616356,439.0,2314.0,75.2,2026-09-09
1932,300480,光力科技,29.98,1.42,4.68,74.82,30.238735524102,0.2112316,70.20856466,1391.0,1293.0,71.2,2026-09-09
1933,300481,濮阳惠成,13.88,-0.14,1.77,32.55,13.908805712004,0.2119232,62.91393966,256.0,3563.0,63.6,2026-09-09
1934,300482,万孚生物,16.35,-1.98,0.75,31.24,16.423222133992,0.13774,55.99795579,-106.0,4980.0,71.6,2026-09-09
1935,300483,首华燃气,25.28,0.52,2.5,26.07,25.200813303892,0.23828,75.92923441,-6.0,312.0,75.6,2026-09-09
1936,300484,蓝海华腾,12.76,-1.85,1.18,76.58,12.852746855502,0.135958,59.63403464,-59.0,4397.0,70.0,2026-09-09
1937,300485,赛升药业,8.63,-1.93,1.37,-14.47,8.647578548357,0.1224736,57.03071618,-1605.0,4858.0,65.6,2026-09-09
1938,300486,东杰智能,18.5,0.49,1.16,354.09,18.540557108085,0.3056996,59.95924703,643.0,4331.0,68.0,2026-09-09
1939,300487,蓝晓科技,67.18,6.63,3.19,40.67,65.943942196164,0.2852472,75.20075451,-64.0,387.0,68.4,2026-09-09
1940,300488,恒锋工具,36.15,2.93,5.95,32.37,35.852059739232,0.28195,76.0330214,2338.0,304.0,73.6,2026-09-09
1941,300489,光智科技,220.78,0.35,7.76,-1667.36,229.154350337402,0.4628268,68.86172721,1127.0,1678.0,77.2,2026-09-09
1942,300490,华自科技,10.99,-0.45,2.37,19.93,11.031754394188,0.1933496,57.61952627,-567.0,4766.0,72.0,2026-09-09
1943,300491,通合科技,34.59,3.07,6.28,2856.99,34.63222530858,0.28451,73.92050039,-84.0,549.0,73.6,2026-09-09
1944,300492,华图山鼎,23.82,-3.05,1.17,100.74,23.962284881014,0.1822684,68.54897046,1484.0,1768.0,64.4,2026-09-09
1945,300493,润欣科技,12.41,-1.82,1.41,68.79,12.485985433656,0.168714,63.72134091,-41.0,3326.0,72.8,2026-09-09
1946,300494,盛天网络,8.39,-3.23,2.36,-17.36,8.405913350242,0.1342912,58.30573752,-116.0,4653.0,75.2,2026-09-09
1947,300496,中科创达,56.42,-1.45,2.18,53.03,56.638305799869,0.2953652,67.35997284,606.0,2121.0,78.8,2026-09-09
1948,300497,富祥股份,19.95,4.83,8.74,30.37,19.541577305118,0.3571956,77.33264587,161.0,202.0,81.6,2026-09-09
1949,300498,温氏股份,15.21,-0.13,0.6,-11.59,15.21461721111,0.3098496,75.92719192,100.0,313.0,88.0,2026-09-09
1950,300499,高澜股份,36.82,8.42,19.39,218.39,34.78320464761,0.4288216,78.08566662,1754.0,165.0,88.0,2026-09-09
1951,300500,启迪设计,9.96,-1.19,1.77,21.73,9.950904628104,0.1444972,60.0942039,-1378.0,4299.0,68.8,2026-09-09
1952,300501,海顺新材,9.81,-1.01,1.03,-86.11,9.860332222924,0.0691464,54.63945209,-91.0,5089.0,62.8,2026-09-09
1953,300502,新易盛,414.8,-0.38,2.27,38.41,421.629904727733,0.5585136,84.14770559,28.0,11.0,91.6,2026-09-09
1954,300503,昊志机电,65.15,-0.31,2.76,43.56,65.685726952427,0.257482,65.98335913,-57.0,2574.0,72.0,2026-09-09
1955,300504,天邑股份,17.4,0.64,2.76,42.96,17.551879471385,0.1708228,65.64169081,1363.0,2683.0,69.6,2026-09-09
1956,300505,川金诺,22.9,-0.13,20.87,25.4,22.896470750002,0.3203176,77.25474672,-195.0,210.0,88.8,2026-09-09
1957,300506,名家汇,4.91,-2.39,2.22,-104.65,4.933593703196,0.2499116,58.22187269,-175.0,4670.0,61.2,2026-09-09
1958,300507,苏奥传感,6.47,-1.22,0.87,79.47,6.509247534814,0.2292832,61.08364085,255.0,4061.0,68.8,2026-09-09
1959,300508,维宏股份,38.74,-0.92,2.1,352.76,39.08318670588,0.0947208,63.20665665,-338.0,3482.0,65.2,2026-09-09
1960,300509,新美星,9.19,0.99,2.33,24.65,9.224976112691,0.1207792,70.65687658,-482.0,1193.0,63.6,2026-09-09
1961,300510,金冠股份,3.47,-0.86,1.71,-19.61,3.473410527386,0.1820888,57.64989993,-1190.0,4762.0,70.4,2026-09-09
1962,300511,雪榕生物,5.82,-0.17,8.81,104.45,5.841176457462,0.1991552,62.93183422,-1154.0,3558.0,79.6,2026-09-09
1963,300512,中亚股份,7.39,-0.67,0.8,43.23,7.401444386884,0.0244392,64.47644372,-822.0,3095.0,63.6,2026-09-09
1964,300513,恒实科技,7.59,-0.78,0.96,-25.54,7.582247033354,0.0826508,61.34088492,858.0,3994.0,66.8,2026-09-09
1965,300514,友讯达,10.42,-1.33,1.09,-63.66,10.423840025952,0.0459348,59.99292884,-419.0,4322.0,65.6,2026-09-09
1966,300515,三德科技,15.88,-0.06,1.23,18.65,15.843583650571,0.148516,68.24454486,-688.0,1856.0,64.8,2026-09-09
1967,300516,久之洋,36.08,1.15,2.09,330.09,36.263938094442,0.1799456,64.74420611,341.0,3002.0,74.0,2026-09-09
1968,300517,海波重科,12.14,-0.49,9.18,-156.5,12.354980196776,0.2097064,59.18265655,-764.0,4494.0,68.0,2026-09-09
1969,300518,新迅达,26.24,3.02,5.22,-45.93,26.186015854551,0.3782872,63.76261108,1544.0,3317.0,60.8,2026-09-09
1970,300519,新光药业,14.41,-1.23,1.79,29.03,14.45039510268,0.0938172,62.3115637,-279.0,3738.0,67.6,2026-09-09
1971,300520,科大国创,23.21,-1.98,1.57,-31.49,23.404698249135,0.178598,54.39534329,26.0,5105.0,72.8,2026-09-09
1972,300521,爱司凯,25.11,-2.22,1.46,-116.99,25.333918471456,0.2825072,61.11447016,-19.0,4054.0,64.4,2026-09-09
1973,300522,世名科技,13.7,-1.15,3.14,1483.33,13.797726206313,0.1787076,56.18126377,-245.0,4962.0,65.6,2026-09-09
1974,300523,辰安科技,21.36,-1.48,1.16,-42.15,21.404354334351,0.198498,60.21628501,-1797.0,4280.0,71.2,2026-09-09
1975,300525,博思软件,8.01,-2.91,2.26,-62.82,8.07645416947,0.1801012,66.11350927,290.0,2531.0,65.6,2026-09-09
1976,300527,ST应急,8.35,-0.36,0.62,291.14,8.374755398605,0.3281908,67.35313296,120.0,2124.0,72.0,2026-09-09
1977,300528,幸福蓝海,14.82,3.71,10.74,-60.38,14.418648225337,0.369728,71.10189954,1577.0,1083.0,80.8,2026-09-09
1978,300529,健帆生物,15.38,-1.66,0.81,16.08,15.4276574852,0.16833,63.77186214,-1006.0,3313.0,72.0,2026-09-09
1979,300530,领湃科技,20.72,-5.3,3.52,-103.99,20.95222553107,0.1443224,54.59498759,-133.0,5093.0,73.2,2026-09-09
1980,300531,优博讯,16.15,-2.53,3.1,27.34,16.27947973009,0.168024,64.94559791,-1478.0,2914.0,72.4,2026-09-09
1981,300532,今天国际,7.34,-0.54,0.73,17.62,7.317732753419,0.180402,66.78761383,430.0,2321.0,67.6,2026-09-09
1982,300533,冰川网络,15.27,-3.84,4.34,-110.49,15.359867853363,0.1309308,62.70750272,116.0,3619.0,74.4,2026-09-09
1983,300534,陇神戎发,13.24,-3.92,14.55,146.5,13.361943090319,0.2369152,52.51864486,-1707.0,5163.0,74.8,2026-09-09
1984,300535,达威股份,16.22,-1.99,2.52,-100.12,16.289200841014,0.0923396,59.59327572,327.0,4409.0,64.4,2026-09-09
1985,300536,农尚环境,8.91,-0.22,1.55,-44.88,8.930832682722,0.1865952,54.61653768,-644.0,5092.0,62.8,2026-09-09
1986,300537,广信材料,19.86,0.66,3.48,138.58,19.987401381272,0.1591544,58.88056409,126.0,4549.0,68.8,2026-09-09
1987,300538,同益股份,15.07,-0.86,2.91,-218.9,15.206349317564,0.0980492,59.39657631,-968.0,4449.0,68.4,2026-09-09
1988,300539,横河精密,17.5,-3.21,2.41,116.43,17.69466675538,0.1494772,58.48724593,-63.0,4624.0,63.2,2026-09-09
1989,300540,蜀道装备,26.83,-1.29,3.74,89.75,27.114183642625,0.2234528,64.69141136,34.0,3018.0,64.8,2026-09-09
1990,300541,先进数通,9.86,-1.79,1.54,-142.52,9.880366306804,0.1703436,60.87697925,53.0,4114.0,72.4,2026-09-09
1991,300542,新晨科技,12.81,-1.91,2.24,-199.4,12.840248664709,0.0866996,62.94287403,810.0,3555.0,78.8,2026-09-09
1992,300543,朗科智能,7.66,-2.05,1.38,-46.6,7.721281401199,0.0887864,59.03981255,239.0,4517.0,66.8,2026-09-09
1993,300545,联得装备,27.43,-1.9,5.13,48.35,27.718821609378,0.2474496,58.41373637,194.0,4638.0,68.4,2026-09-09
1994,300546,雄帝科技,17.56,-1.95,5.2,-115.54,17.599818581926,0.1461388,57.48167762,29.0,4786.0,78.4,2026-09-09
1995,300547,川环科技,26.65,-0.82,3.02,38.48,26.65892566872,0.1602048,65.69240977,-483.0,2672.0,75.6,2026-09-09
1996,300548,长芯博创,215.2,1.8,4.9,98.7,219.328565962712,0.4111924,78.78428418,246.0,136.0,85.6,2026-09-09
1997,300549,优德精密,14.67,-0.47,1.39,291.44,14.719313905071,0.060938,64.97729007,567.0,2899.0,64.4,2026-09-09
1998,300550,和仁科技,13.95,-2.04,1.72,-57.95,14.03043158745,0.1396344,64.7954335,26.0,2979.0,64.8,2026-09-09
1999,300551,古鳌科技,11.53,-2.21,4.17,6.19,11.538698194073,0.1576292,66.02173355,519.0,2560.0,76.8,2026-09-09
2000,300552,万集科技,21.06,-2.14,2.58,-69.84,21.230040860874,0.1586272,54.75929754,-1.0,5081.0,72.4,2026-09-09
2001,300553,集智股份,56.81,-1.81,7.61,2183.43,57.201856789253,0.3022036,63.55776627,-913.0,3383.0,73.2,2026-09-09
2002,300554,三超新材,21.82,2.63,3.99,-133.7,21.801211812349,0.1345388,62.03949463,1252.0,3816.0,64.0,2026-09-09
2003,300555,ST路通,12.56,0.72,0.39,-58.34,12.542226863334,0.4071592,58.69680224,-37.0,4581.0,62.0,2026-09-09
2004,300556,丝路视觉,16.7,-6.07,11.64,954.34,16.877172528074,0.1953288,64.81476134,-2212.0,2971.0,77.6,2026-09-09
2005,300557,理工光科,26.83,-1.29,1.4,88.49,27.092105164688,0.18453,62.28373781,-1178.0,3751.0,62.0,2026-09-09
2006,300558,贝达药业,47.2,-1.63,1.99,33.07,47.24037592448,0.2919912,62.69352873,-160.0,3624.0,74.4,2026-09-09
2007,300559,佳发教育,12.49,-2.95,3.77,109.0,12.577094976358,0.2745376,64.08309013,-634.0,3221.0,70.8,2026-09-09
2008,300560,中富通,18.51,1.15,5.11,142.25,18.433464408696,0.2859896,67.10597748,617.0,2208.0,68.0,2026-09-09
2009,300561,汇金科技,15.77,-1.0,5.13,-540.39,15.758695118538,0.23775,52.49167832,-9.0,5165.0,71.2,2026-09-09
2010,300562,乐心股份,17.2,-4.34,7.48,31.36,17.401802681977,0.1647772,67.77095173,-1655.0,1988.0,75.6,2026-09-09
2011,300563,神宇股份,24.1,3.17,9.43,102.04,24.595566151056,0.2302256,68.158541,3072.0,1880.0,72.0,2026-09-09
2012,300564,筑博设计,12.57,-1.02,1.49,-559.21,12.597760675714,0.0740688,66.23802678,1691.0,2481.0,62.0,2026-09-09
2013,300565,科信技术,10.12,0.1,3.59,-51.25,10.224344709961,0.1344608,59.96517632,158.0,4328.0,66.8,2026-09-09
2014,300566,激智科技,25.36,0.12,5.8,28.8,25.265367739988,0.3707988,69.29838975,1051.0,1546.0,71.6,2026-09-09
2015,300567,精测电子,193.14,-1.56,1.7,360.03,194.858345103132,0.231706363636,63.54277385,-1243.0,3392.0,72.0,2026-09-09
2016,300568,星源材质,14.97,7.85,8.58,54.87,14.684810589191,0.3747152,72.46133654,2712.0,801.0,75.2,2026-09-09
2017,300569,天能重工,4.74,0.0,0.75,47.68,4.727662246638,0.2362024,66.80225514,1257.0,2312.0,69.6,2026-09-09
2018,300570,太辰光,201.55,0.0,10.97,129.82,205.020131629536,0.4153984,80.99795861,1122.0,58.0,90.0,2026-09-09
2019,300571,平治信息,28.85,-1.13,4.48,-211.94,29.310257301808,0.1993708,60.25608217,456.0,4274.0,66.0,2026-09-09
2020,300572,安车检测,24.76,2.19,2.71,-74.46,24.674116317104,0.3477936,65.36161623,617.0,2780.0,67.6,2026-09-09
2021,300573,兴齐眼药,36.81,-1.31,1.39,15.18,36.887542001957,0.258912,69.56543384,81.0,1467.0,70.4,2026-09-09
2022,300575,中旗股份,6.29,0.16,3.3,30.48,6.281348312279,0.1633372,64.75524086,-2095.0,2999.0,70.8,2026-09-09
2023,300576,容大感光,28.0,-0.14,4.09,135.65,28.357644709512,0.2173392,68.39732559,1897.0,1816.0,72.0,2026-09-09
2024,300577,开润股份,21.59,5.83,4.8,12.27,20.96126599121,0.3813812,85.15411686,161.0,6.0,66.0,2026-09-09
2025,300578,会畅科技,15.91,-2.87,1.82,-51.7,16.03528878414,0.1155812,58.14770541,28.0,4678.0,69.6,2026-09-09
2026,300579,数字认证,23.38,-2.09,1.21,-64.85,23.419746736172,0.1517228,69.56665974,392.0,1465.0,78.8,2026-09-09
2027,300580,贝斯特,18.78,-0.95,0.84,32.26,18.8679663103,0.17498,61.13693772,153.0,4047.0,68.4,2026-09-09
2028,300581,晨曦航空,11.06,0.09,4.61,-91.44,11.067257346485,0.2810692,63.21789059,1089.0,3478.0,78.0,2026-09-09
2029,300582,英飞特,11.11,-0.63,2.37,76.97,11.132040464635,0.1712024,62.06076544,822.0,3808.0,69.2,2026-09-09
2030,300583,赛托生物,13.52,-2.03,2.14,42.42,13.502668022905,0.0851172,63.17494915,-1389.0,3492.0,66.0,2026-09-09
2031,300584,海辰药业,30.76,-1.73,2.17,57.56,30.816075323215,0.2391536,64.88486146,1383.0,2942.0,65.2,2026-09-09
2032,300585,奥联电子,16.1,-4.17,2.62,-92.2,16.416533468073,0.2554488,58.78266424,-894.0,4566.0,69.6,2026-09-09
2033,300586,美联新材,8.99,-0.33,1.76,315.33,9.030281827843,0.1475504,55.45307387,-72.0,5027.0,66.0,2026-09-09
2034,300587,天铁科技,4.89,-0.41,1.82,98.49,4.909219682124,0.228794,54.27919952,5.0,5109.0,65.2,2026-09-09
2035,300588,熙菱信息,22.41,-6.39,6.23,-59.73,22.488253629268,0.2978344,58.3552317,519.0,4647.0,67.2,2026-09-09
2036,300589,江龙船艇,14.65,4.79,21.65,-176.76,14.499180516159,0.2944612,77.42959491,1647.0,196.0,81.6,2026-09-09
2037,300590,移为通信,11.25,-0.35,3.52,29.47,11.349505669719,0.2583312,69.06066833,671.0,1618.0,68.8,2026-09-09
2038,300591,万里马,7.27,-0.82,2.61,-1353.59,7.252483600822,0.2321704,54.63370007,67.0,5091.0,71.2,2026-09-09
2039,300592,华凯易佰,18.43,2.39,3.35,21.85,18.525928867052,0.2872852,80.83458069,9.0,61.0,67.2,2026-09-09
2040,300593,新雷能,33.24,-1.16,3.58,-121.18,33.796762134696,0.3534756,65.95241705,-1509.0,2584.0,80.0,2026-09-09
2041,300594,ST朗进,15.2,-3.18,2.13,-15.68,15.396244143541,0.1726456,60.46993411,-787.0,4225.0,64.4,2026-09-09
2042,300595,欧普康视,10.84,-1.9,1.2,20.9,10.893719002755,0.1967892,67.59281961,2.0,2040.0,75.2,2026-09-09
2043,300596,利安隆,41.67,1.07,1.25,16.09,41.80014015759,0.2137704,72.77397959,158.0,750.0,63.2,2026-09-09
2044,300597,吉大通信,8.05,-0.12,1.72,-80.8,8.102287247764,0.1701192,65.32176584,1654.0,2793.0,64.8,2026-09-09
2045,300598,诚迈科技,31.75,-3.23,4.15,-157.06,31.8492792877,0.2069668,63.07884677,230.0,3521.0,83.6,2026-09-09
2046,300599,雄塑科技,11.5,0.44,1.66,137.39,11.496949388315,0.3001824,58.79646609,-468.0,4562.0,60.0,2026-09-09
2047,300600,国瑞科技,10.84,3.14,4.81,-74.75,10.730313296746,0.1850332,73.58679754,2670.0,589.0,74.4,2026-09-09
2048,300601,康泰生物,12.49,-2.12,1.36,138.44,12.546079245889,0.2644364,64.470999,-1231.0,3099.0,82.8,2026-09-09
2049,300602,飞荣达,39.7,-0.1,5.98,46.08,39.80085220167,0.3169168,69.62156263,908.0,1453.0,80.8,2026-09-09
2050,300603,立昂技术,8.15,-2.16,2.59,-38.72,8.188276074747,0.2114264,63.21047446,-522.0,3480.0,80.4,2026-09-09
2051,300604,长川科技,263.11,-1.63,2.09,88.13,266.044901649943,0.348684,70.14998049,-666.0,1309.0,75.2,2026-09-09
2052,300605,恒锋信息,10.51,-1.78,3.97,-22.69,10.498717166278,0.1088804,56.72171344,-273.0,4898.0,67.2,2026-09-09
2053,300606,金太阳,33.82,-0.82,4.94,177.89,34.268137376765,0.2655424,59.17788768,-245.0,4496.0,64.0,2026-09-09
2054,300607,拓斯达,38.18,-0.86,9.32,87.3,38.427551020833,0.2989036,62.20903018,-1234.0,3764.0,89.6,2026-09-09
2055,300608,思特奇,9.86,-1.0,1.75,-16.74,9.850356074736,0.1423644,56.76382207,-30.0,4889.0,68.0,2026-09-09
2056,300609,汇纳科技,24.26,-3.27,2.6,-18.79,24.636598814039,0.155264,61.35994004,42.0,3988.0,67.6,2026-09-09
2057,300610,晨化股份,10.67,0.09,1.95,20.35,10.693351606494,0.0614016,64.65251656,-998.0,3035.0,65.6,2026-09-09
2058,300611,美力科技,27.1,-0.4,2.64,24.56,27.203823386582,0.1590832,68.50460037,-45.0,1778.0,70.4,2026-09-09
2059,300612,宣亚国际,12.37,-2.6,2.45,-33.93,12.406046820107,0.12461,61.83179306,-970.0,3880.0,70.0,2026-09-09
2060,300613,富瀚微,70.3,-0.48,4.57,23.4,71.324652874468,0.3074808,74.80430222,1064.0,439.0,74.4,2026-09-09
2061,300614,百川畅银,10.7,-2.01,1.21,-15.72,10.760352844691,0.0365904,56.34860443,-220.0,4941.0,62.0,2026-09-09
2062,300615,欣天科技,13.86,-3.21,8.71,-29.16,14.027809667447,0.172929272727,48.33158277,-4.0,5191.0,67.2,2026-09-09
2063,300616,尚品宅配,10.55,-3.21,3.54,-5.09,10.608948880685,0.2006736,62.28397451,-1039.0,3750.0,64.0,2026-09-09
2064,300617,安靠智电,36.6,0.55,3.25,39.68,36.711074719614,0.16556,56.27406976,181.0,4951.0,68.4,2026-09-09
2065,300618,寒锐钴业,33.46,0.63,1.29,52.53,33.428095948671,0.2380732,63.48925732,136.0,3402.0,77.2,2026-09-09
2066,300619,金银河,26.34,-2.23,1.76,198.65,26.581789498051,0.2072248,64.74151951,-706.0,3003.0,70.8,2026-09-09
2067,300620,光库科技,291.88,1.07,4.54,245.06,299.339148720891,0.402678,73.8490467,1524.0,557.0,78.8,2026-09-09
2068,300621,维业股份,7.3,-2.41,1.68,-6.21,7.354565814144,0.0445012,58.60559617,-662.0,4596.0,63.6,2026-09-09
2069,300622,博士眼镜,15.21,-1.62,2.42,29.21,15.258286033021,0.1465164,70.37554759,625.0,1259.0,72.8,2026-09-09
2070,300623,捷捷微电,28.83,-0.41,1.37,40.29,29.013195535122,0.221792,65.94492127,260.0,2590.0,74.8,2026-09-09
2071,300624,万兴科技,55.35,-3.3,7.41,-77.56,55.630891540473,0.242384,65.61073066,-1988.0,2695.0,88.0,2026-09-09
2072,300625,三雄极光,9.81,-0.81,0.86,-27.28,9.818469677975,0.0508152,66.4922324,236.0,2404.0,62.0,2026-09-09
2073,300626,华瑞股份,26.66,1.02,1.64,266.37,26.454865433565,0.200468,52.62880492,13.0,5161.0,60.0,2026-09-09
2074,300627,华测导航,27.65,0.07,0.68,32.95,27.709646381163,0.2145232,71.17364219,1445.0,1065.0,75.2,2026-09-09
2075,300628,亿联网络,39.94,0.48,1.09,16.6,39.675098938557,0.1929324,72.74450129,-123.0,756.0,78.4,2026-09-09
2076,300629,新劲刚,18.36,-0.38,2.26,77.31,18.427550833333,0.2105472,67.20148125,-852.0,2174.0,68.4,2026-09-09
2077,300631,久吾高科,22.05,-0.9,1.68,36.87,22.002031284575,0.1336544,65.74929655,-664.0,2652.0,70.8,2026-09-09
2078,300632,光莆股份,18.57,0.92,13.02,-115.11,19.034510685762,0.2022252,64.41265981,1007.0,3120.0,70.0,2026-09-09
2079,300633,开立医疗,20.45,-3.45,1.52,315.32,20.697788896185,0.1441488,70.39163531,115.0,1254.0,69.6,2026-09-09
2080,300634,彩讯股份,19.57,-2.97,1.99,64.24,19.711525293544,0.2335188,69.82779877,-717.0,1392.0,78.0,2026-09-09
2081,300635,中达安,12.21,-2.55,2.75,53.05,12.3268154363,0.1212384,55.8897124,49.0,4994.0,64.0,2026-09-09
2082,300636,同和药业,6.94,-0.14,0.78,59.31,6.949551468374,0.2194508,66.79247964,1581.0,2317.0,63.6,2026-09-09
2083,300637,扬帆新材,9.52,0.0,1.6,168.17,9.552910545568,0.1077496,62.20220839,1108.0,3768.0,67.2,2026-09-09
2084,300638,广和通,18.32,-3.32,2.34,133.24,18.58020480332,0.1871672,60.38938489,-121.0,4245.0,74.8,2026-09-09
2085,300639,凯普生物,5.85,-2.01,1.21,60.49,5.85886971391,0.1615532,60.05287208,-443.0,4306.0,71.2,2026-09-09
2086,300640,德艺文创,6.91,1.32,5.75,-126.75,6.914987586434,0.253202,69.08487496,1980.0,1611.0,65.6,2026-09-09
2087,300641,正丹股份,13.85,-1.42,0.78,15.37,13.968211042105,0.1525732,63.6375484,-929.0,3357.0,71.2,2026-09-09
2088,300642,透景生命,18.04,-2.33,19.48,127.54,18.085270029738,0.2039584,60.10450116,-2679.0,4297.0,76.4,2026-09-09
2089,300643,万通智控,18.81,2.12,7.1,21.93,18.638549713477,0.23488,71.59049044,878.0,968.0,68.4,2026-09-09
2090,300644,南京聚隆,20.38,-0.39,1.75,45.46,20.425908201751,0.0973404,62.67728835,607.0,3632.0,66.4,2026-09-09
2091,300645,正元智慧,13.8,-0.93,1.76,-58.06,13.866683275135,0.0682172,64.19300965,582.0,3188.0,68.0,2026-09-09
2092,300647,超频三,8.0,-2.91,12.38,105.59,7.960625689263,0.2099984,53.67666002,-504.0,5132.0,78.8,2026-09-09
2093,300648,星云股份,39.36,0.2,1.1,188.19,39.305979810195,0.1831144,60.63618495,289.0,4179.0,69.6,2026-09-09
2094,300649,杭州园林,24.8,-8.66,8.43,-77.35,25.852190951499,0.2760528,53.43363607,-360.0,5139.0,64.0,2026-09-09
2095,300650,太龙股份,12.61,-1.41,6.36,125.25,12.713098748165,0.1691176,69.32990995,-386.0,1539.0,68.0,2026-09-09
2096,300651,金陵体育,17.13,-4.62,8.24,-74.69,17.341739987281,0.188378,60.29643096,-219.0,4262.0,72.8,2026-09-09
2097,300652,雷迪克,27.0,-2.03,1.13,42.75,27.239633365318,0.0717892,58.22019297,-62.0,4671.0,62.8,2026-09-09
2098,300653,正海生物,15.61,-1.82,1.31,42.18,15.569667019251,0.1239512,67.30946262,-1548.0,2139.0,71.6,2026-09-09
2099,300654,世纪天鸿,9.82,-4.38,3.96,-11626.08,9.911904500934,0.2609504,56.8148214,-1393.0,4885.0,70.8,2026-09-09
2100,300655,晶瑞电材,12.62,1.69,3.02,144.63,12.663726167353,0.2758532,70.77577178,1002.0,1167.0,72.0,2026-09-09
2101,300656,民德电子,25.92,5.37,5.92,-42.31,25.952718568304,0.2218196,64.92519179,2112.0,2925.0,62.8,2026-09-09
2102,300657,弘信电子,34.73,0.17,3.3,67.54,34.675417041316,0.3221576,65.16526975,-75.0,2850.0,72.8,2026-09-09
2103,300658,延江股份,10.44,-1.51,2.44,38.28,10.525680776075,0.067054,64.1618541,1313.0,3198.0,64.0,2026-09-09
2104,300659,中孚信息,10.17,-1.83,2.21,-11.05,10.182791700751,0.1299608,58.06881169,-721.0,4697.0,67.2,2026-09-09
2105,300660,江苏雷利,24.16,-1.19,0.62,69.78,24.251400147359,0.1522868,59.60694139,102.0,4404.0,72.0,2026-09-09
2106,300661,圣邦股份,107.75,0.58,1.3,87.88,108.586350779636,0.2441648,72.10075899,-553.0,863.0,76.4,2026-09-09
2107,300662,科锐国际,21.74,-3.59,2.51,14.12,22.011728888213,0.2407124,74.79430427,-383.0,440.0,70.8,2026-09-09
2108,300663,科蓝软件,8.4,-5.19,6.76,-26.71,8.474062451843,0.1811056,55.28175321,-132.0,5043.0,80.0,2026-09-09
2109,300664,鹏鹞环保,4.8,0.63,0.58,11.15,4.773186058065,0.1903268,68.4302092,1826.0,1804.0,65.2,2026-09-09
2110,300665,飞鹿股份,9.3,-0.11,2.63,-47.46,9.286083990266,0.1248176,52.13220501,-167.0,5170.0,59.6,2026-09-09
2111,300666,江丰电子,231.01,-1.57,3.44,59.06,233.989770492616,0.3454368,66.05131241,101.0,2548.0,75.6,2026-09-09
2112,300667,必创科技,14.49,-0.82,1.55,211.11,14.592075303208,0.1237236,57.8900915,-724.0,4720.0,67.2,2026-09-09
2113,300668,杰恩股份,32.08,-1.44,2.75,2140.14,32.323514569488,0.1528408,66.25239095,256.0,2475.0,59.2,2026-09-09
2114,300669,沪宁股份,23.41,-2.86,0.76,680.18,23.968977354164,0.1190812,57.32829075,-1157.0,4812.0,62.8,2026-09-09
2115,300670,大烨智能,7.08,-0.14,3.73,159.02,7.103492561514,0.1721292,53.18180446,8.0,5147.0,68.0,2026-09-09
2116,300671,富满微,51.85,-0.77,3.47,63.32,52.472330829131,0.2008288,57.03509676,-484.0,4857.0,70.0,2026-09-09
2117,300672,国科微,169.02,-1.66,3.08,93.73,171.108800069441,0.300318,60.03774991,-393.0,4312.0,84.0,2026-09-09
2118,300673,佩蒂股份,14.53,1.68,2.45,73.87,14.43801509389,0.1947888,75.32805348,377.0,373.0,70.8,2026-09-09
2119,300674,宇信科技,17.1,-2.29,2.24,19.46,17.174127757976,0.187888,69.64353351,380.0,1447.0,86.4,2026-09-09
2120,300675,建科院,13.21,-1.05,1.32,-48.7,13.225051899168,0.04849,55.9084943,49.0,4989.0,66.0,2026-09-09
2121,300676,华大基因,36.83,-1.26,0.97,162.5,36.826692745745,0.2441416,60.54527758,-1592.0,4201.0,82.8,2026-09-09
2122,300677,英科医疗,53.79,-0.26,1.39,21.03,54.161315321272,0.1631616,75.25304421,241.0,379.0,78.0,2026-09-09
2123,300678,中科信息,22.15,-1.2,1.15,584.29,22.183138589862,0.2244292,65.26387388,621.0,2816.0,75.2,2026-09-09
2124,300679,电连技术,43.48,-0.16,3.3,44.84,44.054450466587,0.2959792,67.09892466,1064.0,2211.0,75.6,2026-09-09
2125,300680,隆盛科技,19.72,-1.69,1.88,34.07,19.878158813448,0.1346672,63.33137792,508.0,3449.0,69.2,2026-09-09
2126,300681,英搏尔,20.86,-0.67,2.76,27.14,21.033249893641,0.2042732,63.65866629,43.0,3345.0,66.8,2026-09-09
2127,300682,朗新科技,9.15,-1.93,1.35,-27.33,9.18151540594,0.2290248,58.18552976,-874.0,4675.0,70.0,2026-09-09
2128,300683,海特生物,24.45,-2.51,3.08,-20.33,24.461946960123,0.186658,58.05491822,-1073.0,4700.0,66.0,2026-09-09
2129,300684,中石科技,83.66,-5.18,13.32,90.8,84.783755253957,0.4624604,73.06240715,25.0,679.0,89.2,2026-09-09
2130,300685,艾德生物,16.95,-2.02,1.48,19.9,17.012009552299,0.217516,68.25007301,-1145.0,1854.0,71.6,2026-09-09
2131,300686,智动力,14.32,-1.38,1.39,-119.57,14.404473108149,0.1370348,56.95569715,-147.0,4869.0,67.2,2026-09-09
2132,300687,赛意信息,27.93,-1.62,3.23,101.81,28.073151350084,0.2421604,66.82694073,-678.0,2306.0,78.8,2026-09-09
2133,300688,创业黑马,30.35,3.37,4.45,-239.92,29.907507414357,0.2755096,67.78367352,1103.0,1985.0,71.6,2026-09-09
2134,300689,澄天伟业,60.15,2.04,2.92,1273.13,60.159107466284,0.360148,69.64112647,1514.0,1448.0,67.2,2026-09-09
2135,300690,双一科技,22.96,-2.09,3.42,14.14,23.060918616174,0.14988,65.24974466,767.0,2820.0,75.2,2026-09-09
2136,300691,联合光电,14.39,-0.28,1.23,247.38,14.412705660462,0.1233232,66.43545145,1531.0,2427.0,67.6,2026-09-09
2137,300692,中赋科技,9.01,-1.1,2.04,52.03,9.033038706973,0.2623884,62.75103803,-1913.0,3607.0,67.2,2026-09-09
2138,300693,盛弘股份,39.51,-0.5,2.8,27.13,39.528445109866,0.2514836,73.76732802,-392.0,567.0,81.6,2026-09-09
2139,300694,蠡湖股份,10.7,-1.74,1.34,42.35,10.740761198756,0.1350536,65.2727353,662.0,2812.0,64.0,2026-09-09
2140,300695,兆丰股份,47.52,-2.22,0.57,169.46,47.96435081399,0.1015944,63.11582458,-774.0,3514.0,60.8,2026-09-09
2141,300696,爱乐达,21.3,0.0,2.63,-239.31,21.52545442762,0.28549,56.16665755,-5.0,4964.0,70.8,2026-09-09
2142,300697,电工合金,16.25,1.82,15.03,29.95,16.724498673954,0.2636136,73.85814651,-409.0,556.0,82.4,2026-09-09
2143,300698,万马科技,26.68,0.41,2.61,102.04,27.029230671293,0.1778388,69.13998392,2543.0,1596.0,72.0,2026-09-09
2144,300699,光威复材,24.17,0.17,0.94,50.53,24.190764150327,0.2324084,69.73639691,1883.0,1423.0,76.8,2026-09-09
2145,300700,岱勒新材,19.15,-1.44,1.34,478.67,19.302407257232,0.2541952,59.3443888,-180.0,4462.0,62.0,2026-09-09
2146,300701,森霸传感,9.89,-0.8,1.04,36.94,9.950720603438,0.0968684,66.13449617,389.0,2522.0,63.2,2026-09-09
2147,300702,天宇股份,21.5,0.14,0.63,36.0,21.503225103696,0.1356972,69.62559773,1554.0,1450.0,64.0,2026-09-09
2148,300703,创源股份,14.84,0.95,6.42,-127.16,14.719118507983,0.1620116,67.04966315,329.0,2234.0,72.4,2026-09-09
2149,300705,九典制药,10.88,-2.42,1.59,17.05,10.948895029545,0.161816,67.65877742,205.0,2019.0,72.0,2026-09-09
2150,300706,阿石创,47.31,-0.61,4.02,98.48,47.971869673528,0.16228,65.48771559,1761.0,2735.0,69.6,2026-09-09
2151,300707,威唐工业,12.29,0.74,1.99,-35.71,12.264300644516,0.1723124,65.04967428,508.0,2876.0,66.4,2026-09-09
2152,300708,聚灿光电,8.34,-0.6,1.56,51.06,8.383925831469,0.2277956,70.15295329,341.0,1307.0,77.2,2026-09-09
2153,300709,精研科技,42.34,-2.04,9.39,282.92,42.456544481286,0.3282148,61.44527567,-103.0,3969.0,83.6,2026-09-09
2154,300710,万隆光电,31.0,-1.65,3.74,-113.91,31.212890595732,0.2320272,57.52389123,-1574.0,4782.0,70.8,2026-09-09
2155,300711,广哈通信,19.27,-0.31,6.91,230.87,19.601132340902,0.188242,69.6921972,-766.0,1434.0,77.6,2026-09-09
2156,300712,永福股份,19.82,-1.69,0.65,-70.71,19.909892696714,0.1258572,59.65207071,172.0,4393.0,65.2,2026-09-09
2157,300713,英可瑞,13.33,-1.26,2.13,-25.75,13.399715512355,0.0602436,58.60387469,26.0,4598.0,66.4,2026-09-09
2158,300715,凯伦股份,14.05,-1.47,1.43,240.06,14.177838280943,0.1965464,59.51526381,-1329.0,4425.0,60.4,2026-09-09
2159,300716,*ST泉为,18.05,-0.72,0.76,-19.04,18.136355348377,0.3424644,52.19906153,-3.0,5168.0,62.4,2026-09-09
2160,300717,华信新材,18.5,-1.44,1.28,40.55,18.611949413762,0.0846512,62.68756743,-1024.0,3628.0,59.6,2026-09-09
2161,300718,长盛轴承,54.73,-1.23,1.75,64.06,54.98738389851,0.2380476,65.61791818,282.0,2693.0,73.6,2026-09-09
2162,300719,安达维尔,12.86,1.02,2.64,-65.93,12.882500763487,0.2059088,57.03834232,-168.0,4856.0,69.6,2026-09-09
2163,300720,海川智能,63.33,-1.66,4.16,566.84,64.751674128081,0.2630516,58.14342707,-778.0,4680.0,64.8,2026-09-09
2164,300721,怡达股份,21.54,-1.1,2.79,57.66,21.733733154055,0.1181912,56.90016167,160.0,4876.0,64.4,2026-09-09
2165,300722,新余国科,22.9,1.55,1.73,178.84,22.841467108468,0.1791732,69.89305993,-95.0,1378.0,74.0,2026-09-09
2166,300723,一品红,34.95,-1.91,1.2,16.28,35.125175914939,0.2586956,59.4763599,-122.0,4432.0,69.2,2026-09-09
2167,300724,捷佳伟创,53.05,-1.14,1.58,24.66,53.395795181846,0.2638304,67.15489014,-942.0,2190.0,75.6,2026-09-09
2168,300725,药石科技,44.03,0.46,12.21,51.76,44.014007315979,0.312022,80.03068739,-52.0,83.0,84.0,2026-09-09
2169,300726,宏达电子,53.11,5.5,7.42,48.47,52.497747524438,0.2987376,74.09113648,1536.0,526.0,70.8,2026-09-09
2170,300727,润禾材料,31.6,-1.0,4.05,70.5,31.566712613278,0.2887464,73.35784759,-128.0,629.0,74.8,2026-09-09
2171,300729,乐歌股份,10.7,-1.56,0.56,85.48,10.720761192734,0.1068192,67.05367225,424.0,2231.0,68.4,2026-09-09
2172,300730,科创信息,11.33,-2.41,1.87,-37.38,11.404709944394,0.1957476,59.46945386,206.0,4434.0,69.6,2026-09-09
2173,300731,科创新源,49.36,7.7,8.07,-1576.36,48.382038653704,0.4010676,72.04630893,588.0,875.0,78.0,2026-09-09
2174,300732,设研院,6.02,-0.99,1.18,-25.5,6.021947357283,0.172158,56.05717318,-172.0,4977.0,64.8,2026-09-09
2175,300733,西菱动力,13.11,-0.68,0.96,40.24,13.170740418025,0.1853392,62.33454336,284.0,3733.0,62.8,2026-09-09
2176,300735,光弘科技,18.51,-1.44,1.27,135.27,18.665542870391,0.2151992,64.49080953,140.0,3088.0,71.6,2026-09-09
2177,300736,百邦科技,31.95,-2.17,3.18,-298.7,32.327694977491,0.2972352,67.11158895,-1160.0,2207.0,67.6,2026-09-09
2178,300737,科顺股份,4.83,-1.63,1.84,39.79,4.859719143066,0.2622508,61.46518119,134.0,3961.0,64.0,2026-09-09
2179,300738,奥飞数据,19.74,0.46,2.08,49.47,19.712388289472,0.2919228,64.42547575,448.0,3115.0,79.6,2026-09-09
2180,300739,明阳电路,24.78,1.56,6.34,97.45,24.918675503554,0.2720988,69.01366287,569.0,1631.0,76.4,2026-09-09
2181,300740,水羊股份,21.23,-4.33,6.86,53.61,21.640521399099,0.3276588,65.09837838,-652.0,2865.0,76.0,2026-09-09
2182,300741,华宝股份,19.4,0.31,2.87,54.29,19.337098483229,0.1854644,67.67520815,-885.0,2013.0,77.6,2026-09-09
2183,300743,天地数码,14.56,-1.02,1.34,16.35,14.625589938579,0.0692048,66.41670791,769.0,2431.0,63.6,2026-09-09
2184,300745,欣锐科技,27.86,-1.55,4.19,100.87,28.146453594929,0.1803052,59.74818793,-1164.0,4366.0,64.4,2026-09-09
2185,300746,汉嘉数智,13.63,-2.78,1.38,95.37,13.684441034917,0.1639888,59.50432897,-743.0,4428.0,64.8,2026-09-09
2186,300747,锐科激光,41.59,4.03,5.18,73.45,41.346002434385,0.3710172,81.00912357,930.0,57.0,84.0,2026-09-09
2187,300748,金力永磁,25.76,-0.12,1.15,38.51,25.673966760846,0.2137432,69.143631,411.0,1595.0,74.4,2026-09-09
2188,300749,顶固集创,25.08,-2.49,2.66,24.38,25.150314569141,0.3291132,59.74245308,-416.0,4367.0,64.8,2026-09-09
2189,300750,宁德时代,336.84,0.4,0.92,18.0,332.038477819291,0.5336264,77.13877184,889.0,219.0,88.4,2026-09-09
2190,300751,迈为股份,191.6,-0.73,1.86,105.98,193.063740468984,0.2246296,64.75082294,-140.0,3000.0,73.2,2026-09-09
2191,300752,隆利科技,11.72,-1.6,2.99,79.89,11.849429479392,0.174402,69.10387983,859.0,1605.0,68.8,2026-09-09
2192,300753,爱朋医疗,21.32,-2.91,6.06,-135.93,21.443675218006,0.2902172,60.5354559,352.0,4204.0,72.8,2026-09-09
2193,300755,华致酒行,11.7,-1.68,1.06,-33.2,11.74308664848,0.1961796,64.49916714,355.0,3085.0,65.6,2026-09-09
2194,300756,金马游乐,30.7,-2.97,1.78,74.53,30.975117404448,0.3015184,67.46070547,-361.0,2087.0,65.2,2026-09-09
2195,300757,罗博特科,642.6,-0.19,3.65,8213.17,643.971488703654,0.459484,67.63833109,-448.0,2026.0,87.6,2026-09-09
2196,300758,七彩化学,11.41,-2.14,2.18,41.08,11.479876763367,0.1555268,61.53564608,-1755.0,3949.0,70.4,2026-09-09
2197,300759,康龙化成,41.69,-2.5,3.45,51.05,41.866905784875,0.314878,72.64888662,-700.0,768.0,84.8,2026-09-09
2198,300760,迈瑞医疗,165.2,-2.79,0.93,20.87,165.1135707608,0.3327324,77.03421944,-22.0,226.0,90.0,2026-09-09
2199,300761,立华股份,21.66,-0.64,1.26,-127.45,21.750115149216,0.1881628,71.64716924,-185.0,953.0,74.0,2026-09-09
2200,300762,上海瀚讯,27.24,-1.02,1.74,-84.64,27.445714830194,0.2568324,54.54315415,-15.0,5096.0,70.4,2026-09-09
2201,300763,锦浪科技,55.9,-1.25,2.33,26.21,56.142212937332,0.2552672,61.55929961,243.0,3943.0,72.8,2026-09-09
2202,300765,石药创新,41.72,-7.58,2.02,23.23,43.785688413495,0.386614,74.40119127,342.0,482.0,80.4,2026-09-09
2203,300766,每日互动,24.22,1.51,10.6,-441.28,23.45409771685,0.336826,78.4795056,78.0,149.0,82.4,2026-09-09
2204,300767,震安科技,19.15,-1.44,2.42,538.96,19.216783633794,0.2612424,57.67729601,-1151.0,4759.0,65.6,2026-09-09
2205,300768,迪普科技,14.46,-1.63,0.96,64.28,14.516313847465,0.2089084,67.64047097,-572.0,2025.0,64.8,2026-09-09
2206,300769,德方纳米,41.56,0.12,2.34,12.78,41.503966337821,0.296606,60.46886347,171.0,4226.0,70.4,2026-09-09
2207,300770,新媒股份,35.12,-2.63,1.14,13.37,35.19695447701,0.229354,72.37148225,-610.0,821.0,72.8,2026-09-09
2208,300771,智莱科技,11.58,-1.19,1.28,24.49,11.61020120058,0.158736,60.23638858,340.0,4278.0,63.2,2026-09-09
2209,300772,运达股份,9.24,-1.6,1.66,-14.6,9.276120246111,0.2382684,62.52080453,-1853.0,3679.0,73.6,2026-09-09
2210,300773,拉卡拉,16.03,-0.99,4.28,13.03,15.97919884332,0.310514,63.11824172,-1893.0,3512.0,88.0,2026-09-09
2211,300774,倍杰特,11.98,7.35,16.21,-128.93,12.129563963301,0.1859348,70.78830682,1953.0,1163.0,61.2,2026-09-09
2212,300775,三角防务,22.7,1.93,3.89,151.95,22.64199380095,0.323818,69.86907242,1459.0,1382.0,76.0,2026-09-09
2213,300776,帝尔激光,113.86,0.49,4.2,53.09,114.286195420721,0.2871436,74.3972619,448.0,483.0,68.8,2026-09-09
2214,300777,中简科技,21.92,-1.48,1.79,-97.38,22.072635626581,0.300204,56.48103624,67.0,4926.0,69.6,2026-09-09
2215,300778,新城市,11.33,-3.25,2.6,-40.08,11.385874414119,0.098666,55.00770803,-1349.0,5064.0,68.0,2026-09-09
2216,300779,惠城环保,55.28,0.16,2.23,-366.52,55.5058658195,0.3384792,54.22591574,24.0,5111.0,63.6,2026-09-09
2217,300780,德恩精工,20.79,-1.61,7.62,-82.63,20.750392433722,0.1708216,62.71939255,-430.0,3615.0,66.8,2026-09-09
2218,300781,因赛集团,28.13,-3.66,3.76,126.9,28.298887606425,0.13524,64.63817026,48.0,3039.0,78.4,2026-09-09
2219,300782,卓胜微,73.89,3.18,3.41,-57.3,74.91067152496,0.364128,66.35008944,2315.0,2449.0,74.8,2026-09-09
2220,300783,三只松鼠,18.01,-0.99,2.15,14.52,18.007507962312,0.1969608,67.35331872,141.0,2123.0,78.4,2026-09-09
2221,300784,利安科技,41.81,-1.18,2.14,70.62,42.074347952983,0.0971504,68.46151036,538.0,1789.0,62.8,2026-09-09
2222,300785,值得买,35.47,-3.8,5.37,390.81,35.670626700516,0.1861276,64.20427875,-417.0,3183.0,74.8,2026-09-09
2223,300786,国林科技,14.37,-1.1,3.35,-142.04,14.477342078911,0.1775464,57.58726296,-11.0,4776.0,63.6,2026-09-09
2224,300787,海能实业,10.18,-0.59,1.36,-93.86,10.252957720316,0.1220292,66.31176957,198.0,2460.0,66.8,2026-09-09
2225,300788,中信出版,29.7,-6.46,10.94,36.64,29.288782225251,0.294078,73.09747367,-335.0,676.0,83.2,2026-09-09
2226,300789,唐源电气,16.29,-1.99,2.58,-34.96,16.250990718504,0.132584,59.45765892,710.0,4438.0,60.0,2026-09-09
2227,300790,宇瞳光学,20.5,5.72,10.68,43.64,20.194209630853,0.422596,76.40945565,522.0,273.0,73.2,2026-09-09
2228,300791,仙乐健康,18.36,2.23,1.09,18.5,18.048968726249,0.1472096,73.37339823,2374.0,627.0,67.2,2026-09-09
2229,300792,壹网壹创,25.69,-1.87,3.3,46.05,25.590968371896,0.163206,67.13436672,516.0,2200.0,77.2,2026-09-09
2230,300793,佳禾智能,11.42,-1.38,0.86,1151.61,11.479606888806,0.1254212,58.83107085,105.0,4557.0,71.6,2026-09-09
2231,300795,米奥会展,12.75,-2.52,8.32,-129.07,12.731101865248,0.224488,67.36274211,1138.0,2119.0,65.2,2026-09-09
2232,300796,贝斯美,7.18,-1.64,1.42,220.25,7.224196836576,0.123262,60.49119699,-1940.0,4219.0,66.8,2026-09-09
2233,300797,钢研纳克,12.98,-1.29,0.77,32.29,13.04469476051,0.0976168,73.07531612,897.0,678.0,69.6,2026-09-09
2234,300798,锦鸡股份,8.7,0.46,8.07,-344.58,8.706551445055,0.2354504,65.16816041,1880.0,2848.0,71.6,2026-09-09
2235,300800,力合科技,10.32,-1.71,0.84,58.23,10.380792637067,0.0540736,64.95809877,-1406.0,2905.0,64.4,2026-09-09
2236,300801,泰和科技,21.91,-1.31,1.71,17.1,22.076964884721,0.1683292,64.96149248,-1199.0,2904.0,66.8,2026-09-09
2237,300802,矩子科技,24.64,-1.99,4.46,56.25,24.945129301831,0.2622384,71.0103867,379.0,1117.0,76.8,2026-09-09
2238,300803,指南针,84.24,-0.43,1.83,207.42,84.27765384757,0.3634888,71.46509307,-104.0,1009.0,85.2,2026-09-09
2239,300804,广康生化,44.84,-1.77,7.55,501.73,46.292261342838,0.2820804,67.44710437,1357.0,2090.0,63.6,2026-09-09
2240,300805,电声股份,8.52,-2.52,2.64,92.52,8.503461985057,0.1001412,68.06968692,-1453.0,1900.0,67.6,2026-09-09
2241,300806,斯迪克,49.3,5.82,7.99,339.51,49.452045268171,0.3959292,64.72740214,802.0,3006.0,69.6,2026-09-09
2242,300807,天迈科技,37.05,-2.11,1.73,-74.17,37.349600669269,0.1748984,55.08867435,-82.0,5059.0,64.8,2026-09-09
2243,300808,久量股份,25.16,0.72,3.91,-74.72,25.238927265689,0.2368504,67.12375656,1647.0,2204.0,70.8,2026-09-09
2244,300809,华辰装备,24.07,-2.07,2.24,48.67,24.267122954577,0.1784936,60.61977216,-925.0,4185.0,71.6,2026-09-09
2245,300810,中科海讯,27.73,11.59,8.91,-36.44,27.20059508431,0.1974528,74.88770368,3061.0,428.0,69.2,2026-09-09
2246,300811,铂科新材,83.01,1.73,4.27,75.02,83.719961759789,0.3447,79.48060509,1517.0,100.0,80.0,2026-09-09
2247,300812,易天股份,19.33,-0.21,2.83,228.15,19.556554325394,0.1198728,63.66386705,1163.0,3341.0,66.0,2026-09-09
2248,300813,泰林生物,20.81,-1.28,1.76,61.9,20.864636072078,0.0446748,63.60766524,-1642.0,3366.0,66.4,2026-09-09
2249,300814,中富电路,137.2,1.0,3.09,340.05,138.844068817098,0.3394756,68.18076732,319.0,1876.0,72.4,2026-09-09
2250,300815,玉禾田,15.17,-0.59,0.82,9.86,15.206154703796,0.1439456,67.44601954,768.0,2091.0,68.0,2026-09-09
2251,300816,艾可蓝,65.97,-0.93,5.55,67.36,66.748019639935,0.2561992,67.70294472,-1101.0,2008.0,70.4,2026-09-09
2252,300817,双飞集团,16.7,-0.6,1.23,41.24,16.802622270209,0.0549484,70.23387404,1643.0,1285.0,66.4,2026-09-09
2253,300818,耐普矿机,18.29,-0.33,2.06,-170.62,18.468071185988,0.0914964,66.93944267,1472.0,2261.0,62.0,2026-09-09
2254,300819,聚杰微纤,45.98,-0.71,1.9,112.43,46.414852814867,0.249254,66.84915072,219.0,2293.0,63.2,2026-09-09
2255,300820,英杰电气,57.71,0.37,4.58,66.39,58.627217883317,0.274814,74.37529947,487.0,488.0,70.4,2026-09-09
2256,300821,东岳硅材,15.0,-1.38,3.07,20.99,15.090905314259,0.263352,65.65286001,-1631.0,2681.0,70.8,2026-09-09
2257,300822,贝仕达克,11.6,-2.77,1.25,118.96,11.667296492939,0.1135148,60.99451998,-141.0,4085.0,68.4,2026-09-09
2258,300823,建科智能,14.72,-1.67,4.16,37.67,14.814170008598,0.1718972,70.44069488,528.0,1242.0,62.8,2026-09-09
2259,300824,北鼎股份,8.1,-3.23,2.51,27.75,8.154309720592,0.1492588,73.47982985,-397.0,613.0,68.4,2026-09-09
2260,300825,阿尔特,12.79,0.08,3.86,120.9,12.736641690971,0.295256,70.86530766,-388.0,1150.0,73.6,2026-09-09
2261,300826,测绘股份,15.44,2.73,2.39,546.34,15.281471518193,0.2830924,67.77802829,2382.0,1987.0,63.2,2026-09-09
2262,300827,上能电气,25.18,0.76,2.09,32.38,24.993532864171,0.2792856,72.5043129,89.0,795.0,73.6,2026-09-09
2263,300828,锐新科技,17.88,-2.03,5.97,97.66,18.002645085438,0.1092092,64.3357557,365.0,3151.0,72.8,2026-09-09
2264,300829,金丹科技,17.28,0.17,3.05,37.8,17.315903730014,0.1673308,61.92954548,-498.0,3854.0,73.2,2026-09-09
2265,300830,金现代,9.0,-2.91,8.94,-86.67,9.03063174882,0.171428,64.16086755,-266.0,3199.0,80.8,2026-09-09
2266,300831,ST派瑞,14.36,-1.24,1.79,99.23,14.419148341051,0.2935328,57.85711616,-117.0,4723.0,65.2,2026-09-09
2267,300832,新产业,49.14,-1.42,0.42,22.25,49.202628126281,0.1491748,73.27023058,-7.0,648.0,73.6,2026-09-09
2268,300833,浩洋股份,40.6,-1.38,0.76,28.42,40.868732039938,0.1213556,69.51110521,-909.0,1490.0,63.6,2026-09-09
2269,300834,星辉环材,40.13,-1.57,0.53,79.05,40.571544001579,0.2051252,62.60527146,-1028.0,3655.0,62.0,2026-09-09
2270,300835,龙磁科技,176.3,2.23,3.87,146.25,176.682451481666,0.4089212,76.18837897,1827.0,288.0,72.8,2026-09-09
2271,300836,佰奥智能,49.15,-0.36,5.33,100.97,50.391850224188,0.3093376,66.56854707,-737.0,2391.0,63.2,2026-09-09
2272,300837,浙矿股份,23.41,-1.06,3.41,66.33,23.81926797256,0.127346,70.09869001,-15.0,1324.0,64.0,2026-09-09
2273,300838,浙江力诺,14.59,0.21,2.2,115.99,14.60949228606,0.0705464,64.76021979,1519.0,2995.0,62.0,2026-09-09
2274,300839,博汇股份,13.56,0.52,5.89,102.37,13.596443892143,0.2217944,75.0122947,-208.0,414.0,75.6,2026-09-09
2275,300840,酷特智能,18.93,0.37,4.4,83.84,18.780982137141,0.2255408,62.8413582,506.0,3584.0,68.4,2026-09-09
2276,300841,康华生物,50.5,-2.02,2.31,23.25,50.517841929391,0.2783676,65.57733564,26.0,2708.0,75.6,2026-09-09
2277,300842,帝科股份,64.63,2.59,4.21,126.66,63.752079096124,0.311282,75.05516613,1709.0,408.0,68.8,2026-09-09
2278,300843,胜蓝股份,124.61,-0.91,2.22,78.63,125.561456797863,0.3244644,66.33420048,-188.0,2455.0,72.4,2026-09-09
2279,300844,山水比德,24.8,-2.86,2.52,-30.45,24.910284053716,0.1314936,59.5145431,-1694.0,4426.0,63.6,2026-09-09
2280,300845,捷安高科,13.41,-3.94,5.11,-204.71,13.46431209647,0.2589292,61.96154703,-691.0,3845.0,66.0,2026-09-09
2281,300846,首都在线,18.97,-0.16,3.0,-148.7,18.958395659258,0.2163396,56.57178836,-70.0,4910.0,74.0,2026-09-09
2282,300847,中船汉光,14.35,0.56,1.31,38.36,14.348267439232,0.2070196,72.40604236,531.0,817.0,68.8,2026-09-09
2283,300848,美瑞新材,11.63,-0.94,0.61,96.26,11.654248572801,0.1084108,55.63308668,-166.0,5017.0,61.6,2026-09-09
2284,300849,锦盛新材,22.31,0.18,1.66,-138.45,22.075997053759,0.2455056,59.07533218,-9.0,4510.0,59.2,2026-09-09
2285,300850,新强联,26.49,-1.93,2.89,13.33,26.587875725742,0.2956308,71.72829843,-365.0,934.0,73.2,2026-09-09
2286,300851,交大思诺,24.44,0.0,1.4,56.66,24.41396358584,0.092038,71.59830308,-231.0,966.0,61.2,2026-09-09
2287,300852,四会富仕,58.0,4.47,9.87,52.99,57.111265035612,0.3687488,75.9256525,-123.0,314.0,81.6,2026-09-09
2288,300853,申昊科技,27.6,0.33,2.86,-33.83,27.669088419405,0.2271836,66.18580775,1188.0,2501.0,66.0,2026-09-09
2289,300854,中兰环保,16.36,-2.62,4.45,156.05,16.527035635404,0.1881036,54.16849564,-88.0,5112.0,65.2,2026-09-09
2290,300855,图南股份,36.18,1.01,1.64,28.73,36.317011509337,0.243982,69.43401913,324.0,1509.0,72.0,2026-09-09
2291,300856,科思股份,10.64,-1.85,0.88,43.27,10.675694800498,0.1840632,59.43804223,-937.0,4442.0,65.6,2026-09-09
2292,300857,协创数据,259.12,-2.6,3.38,34.49,262.354573328087,0.4870164,76.47294234,24.0,267.0,89.2,2026-09-09
2293,300858,科拓生物,14.56,-2.48,1.25,76.43,14.642594739015,0.1491884,64.75955644,277.0,2996.0,68.8,2026-09-09
2294,300859,西域旅游,29.42,-3.06,5.2,619.73,29.318432883709,0.233502,67.3086003,-1586.0,2141.0,77.2,2026-09-09
2295,300860,锋尚文化,31.81,-1.09,3.67,-854.82,31.931834518718,0.242664,63.76450349,392.0,3316.0,72.8,2026-09-09
2296,300861,美畅股份,16.39,0.8,1.89,17.78,16.408102409005,0.2357,69.95140813,1368.0,1362.0,62.8,2026-09-09
2297,300862,蓝盾光电,49.0,-1.61,11.72,-607.68,50.0803234738,0.378964444444,60.38406644,746.0,4248.0,76.8,2026-09-09
2298,300863,卡倍亿,41.27,-1.69,1.64,48.9,41.849732331092,0.2913264,60.85434641,-1105.0,4118.0,62.4,2026-09-09
2299,300864,南大环境,27.19,-8.36,5.78,25.41,28.279714390037,0.1914168,67.44432001,-1240.0,2093.0,73.6,2026-09-09
2300,300865,大宏立,32.61,-0.94,6.98,54.48,32.884387244201,0.1527916,57.59394804,129.0,4773.0,70.0,2026-09-09
2301,300866,安克创新,128.2,0.24,0.8,22.15,127.967793299738,0.257282,75.3384319,-45.0,371.0,81.2,2026-09-09
2302,300867,圣元环保,18.57,2.48,6.58,12.84,18.327845698094,0.2508256,78.32580743,361.0,157.0,71.6,2026-09-09
2303,300868,杰美特,79.39,-0.43,2.2,-347.43,80.410442756681,0.2012968,55.56132295,2.0,5019.0,60.8,2026-09-09
2304,300869,康泰医学,11.13,-1.94,1.05,-45.39,11.148034101582,0.1568416,61.98578661,934.0,3837.0,68.4,2026-09-09
2305,300870,欧陆通,210.01,0.23,3.54,1982.4,212.755907957582,0.3144732,70.70080436,-173.0,1181.0,79.2,2026-09-09
2306,300871,回盛生物,22.59,-1.14,1.73,11.08,22.686617330995,0.2067088,71.40346787,18.0,1018.0,70.4,2026-09-09
2307,300872,天阳科技,15.18,-1.81,1.88,61.73,15.212136431848,0.187176,56.48999666,26.0,4925.0,72.4,2026-09-09
2308,300873,海晨股份,15.51,-2.33,4.17,152.06,15.715392526509,0.1982136,61.00894814,-54.0,4081.0,60.0,2026-09-09
2309,300875,捷强装备,34.86,-1.25,7.28,-180.96,35.197414143099,0.2220004,68.19744475,1641.0,1871.0,77.6,2026-09-09
2310,300876,蒙泰高新,15.2,-1.55,3.84,-69.2,15.513856953481,0.0831568,63.95109476,1571.0,3257.0,62.8,2026-09-09
2311,300877,金春股份,26.67,-0.26,1.28,50.82,26.84778418138,0.2478324,69.08148257,610.0,1613.0,64.0,2026-09-09
2312,300878,维康药业,34.93,0.75,2.09,-113.62,34.650901557039,0.34783,62.75745394,-199.0,3606.0,63.6,2026-09-09
2313,300879,大叶股份,17.19,-5.96,4.69,90.11,17.524504923768,0.1295608,63.88361613,-1986.0,3279.0,73.2,2026-09-09
2314,300880,迦南智能,21.18,-0.94,1.74,59.72,21.151557745325,0.20865,62.33724158,491.0,3732.0,67.6,2026-09-09
2315,300881,盛德鑫泰,31.15,-1.27,1.27,28.43,31.234724075015,0.1358828,65.38517937,432.0,2772.0,61.2,2026-09-09
2316,300882,万胜智能,13.83,-1.14,0.6,36.63,13.878199700623,0.1340744,60.97225268,303.0,4090.0,63.2,2026-09-09
2317,300883,龙利得,6.72,0.15,2.3,-343.39,6.720397444587,0.3024584,57.11809858,90.0,4843.0,65.2,2026-09-09
2318,300884,狄耐克,12.38,-5.35,4.37,52.44,12.562822024194,0.1803,57.74869977,-2559.0,4742.0,65.6,2026-09-09
2319,300885,海昌新材,19.13,-1.8,1.53,54.0,19.288751171143,0.1103752,62.06037855,270.0,3809.0,63.6,2026-09-09
2320,300886,华业香料,23.57,-0.59,2.78,129.56,23.619587805053,0.1092372,66.71806636,1453.0,2346.0,64.8,2026-09-09
2321,300887,谱尼测试,7.33,-1.87,2.27,-19.81,7.337491686216,0.1431856,66.93873916,74.0,2262.0,66.8,2026-09-09
2322,300888,稳健医疗,29.3,-1.21,0.36,16.63,29.349847582054,0.1716788,74.47151095,853.0,475.0,72.8,2026-09-09
2323,300889,爱克股份,23.66,-2.27,5.79,-93.49,23.956031061452,0.3661804,59.90940403,-489.0,4341.0,68.4,2026-09-09
2324,300890,翔丰华,25.56,-0.97,2.34,30.02,25.654179497203,0.1828188,58.02550014,143.0,4703.0,68.0,2026-09-09
2325,300891,惠云钛业,7.74,0.52,1.51,207.67,7.71825616823,0.1174568,63.93802116,-479.0,3263.0,66.8,2026-09-09
2326,300892,品渥食品,24.8,-1.74,4.83,-276.64,24.755140441675,0.129366,63.28411093,-1102.0,3462.0,71.6,2026-09-09
2327,300893,松原安全,14.45,0.0,0.61,27.58,14.437354732706,0.1458692,64.19722482,-811.0,3185.0,62.8,2026-09-09
2328,300894,火星人,10.13,-2.03,1.58,-15.76,10.172618375138,0.171378,59.33745163,93.0,4464.0,61.2,2026-09-09
2329,300895,铜牛信息,54.87,-2.33,6.61,-105.05,55.78893663288,0.2682464,62.11257348,-81.0,3791.0,82.8,2026-09-09
2330,300896,爱美客,90.83,-2.44,1.14,23.16,91.1291223058,0.2774328,68.57612436,-386.0,1765.0,78.8,2026-09-09
2331,300897,山科智能,16.07,-0.19,0.91,199.19,16.070322133197,0.1082996,61.98971323,485.0,3835.0,60.4,2026-09-09
2332,300898,熊猫乳品,21.5,-1.38,3.73,37.38,21.541172464485,0.1623424,64.77035462,-1536.0,2992.0,72.0,2026-09-09
2333,300899,上海凯鑫,31.13,-0.57,1.56,96.49,31.239656980394,0.1521388,61.21611274,34.0,4029.0,61.6,2026-09-09
2334,300900,广联航空,23.47,-0.8,3.82,218.47,23.630555796011,0.2068964,50.89951562,14.0,5178.0,68.4,2026-09-09
2335,300901,中胤时尚,19.59,-3.45,5.62,766.5,20.144841537487,0.323078,56.96003568,-60.0,4868.0,70.4,2026-09-09
2336,300902,国安达,15.85,-1.74,1.87,-82.86,15.977679467184,0.1034396,57.31739242,-444.0,4815.0,64.4,2026-09-09
2337,300903,科翔股份,86.63,-1.62,5.0,-284.11,87.816180182828,0.4762732,62.43316071,-2224.0,3707.0,79.6,2026-09-09
2338,300904,威力传动,40.95,-2.43,1.5,-28.52,41.379316338355,0.0355816,61.67503772,-1414.0,3915.0,63.6,2026-09-09
2339,300905,宝丽迪,35.14,-0.9,1.92,45.85,35.399309000974,0.176664,65.94849364,1079.0,2587.0,63.6,2026-09-09
2340,300906,日月明,30.05,2.32,1.64,61.07,29.636549577707,0.1794264,70.46375449,1594.0,1237.0,64.0,2026-09-09
2341,300907,康平科技,52.9,1.4,3.1,74.67,53.240168726827,0.3080096,67.59422634,-595.0,2039.0,64.4,2026-09-09
2342,300908,仲景食品,25.89,-1.11,1.07,17.45,25.872067926373,0.1847224,66.49125375,-173.0,2405.0,70.0,2026-09-09
2343,300909,汇创达,58.88,0.02,1.75,190.15,58.957512245709,0.391584,70.67218912,-416.0,1187.0,66.0,2026-09-09
2344,300910,瑞丰新材,28.74,-1.51,1.76,13.27,28.895576434254,0.15552,64.37052964,-223.0,3139.0,72.0,2026-09-09
2345,300911,亿田智能,29.4,-0.71,9.28,-49.82,29.274200576544,0.2459264,69.23661244,-582.0,1565.0,76.4,2026-09-09
2346,300912,凯龙高科,20.66,-0.29,2.18,-76.06,20.700539964105,0.152994,49.69316662,3.0,5187.0,60.4,2026-09-09
2347,300913,兆龙互连,41.08,14.72,14.75,66.51,41.107008811899,0.3679544,80.63148362,787.0,65.0,75.2,2026-09-09
2348,300915,海融科技,19.89,-2.55,3.41,101.05,20.0038104789,0.1996572,56.68466287,-52.0,4901.0,64.0,2026-09-09
2349,300916,朗特智能,25.31,-2.28,3.13,315.11,25.742861297081,0.2153584,62.82880751,335.0,3586.0,65.6,2026-09-09
2350,300917,特发服务,28.58,-4.48,7.12,37.7,28.664211012294,0.2376744,69.4568211,-1357.0,1502.0,76.4,2026-09-09
2351,300918,南山智尚,10.82,-1.64,1.06,38.05,10.864070848351,0.2173788,64.78050915,147.0,2988.0,66.0,2026-09-09
2352,300919,中伟新材,39.26,1.47,0.73,15.74,38.989674667809,0.282538,73.75536626,136.0,569.0,75.6,2026-09-09
2353,300920,润阳科技,35.45,0.23,1.33,745.61,35.666048438219,0.214722,60.13555176,-723.0,4289.0,62.8,2026-09-09
2354,300921,南凌科技,15.63,-1.08,2.59,83.86,15.722853226881,0.1710572,64.40996305,-982.0,3123.0,66.4,2026-09-09
2355,300922,天秦装备,19.7,-0.35,14.58,176.48,19.845961953525,0.2274968,74.21533481,-157.0,508.0,78.0,2026-09-09
2356,300923,研奥股份,25.0,0.77,2.87,106.38,25.301159855805,0.168486,71.10314867,2196.0,1082.0,62.0,2026-09-09
2357,300925,法本信息,14.29,-2.86,1.85,75.05,14.39636035561,0.1866808,64.35702127,534.0,3142.0,72.0,2026-09-09
2358,300926,博俊科技,17.28,-2.1,0.96,13.19,17.460278655156,0.1450804,64.79808822,-87.0,2977.0,66.4,2026-09-09
2359,300927,江天化学,30.04,-6.65,12.38,36.5,30.810936331993,0.2410736,66.96761741,-1289.0,2256.0,78.4,2026-09-09
2360,300928,华安鑫创,25.09,-1.38,2.32,-24.47,25.260462356934,0.2053476,55.40648473,33.0,5031.0,62.4,2026-09-09
2361,300929,华骐环保,16.2,-0.74,1.84,-211.88,16.177257737919,0.1350008,60.50169832,-386.0,4213.0,66.0,2026-09-09
2362,300930,屹通新材,25.5,0.12,2.18,39.46,25.457127960238,0.0674596,61.45058625,347.0,3966.0,60.4,2026-09-09
2363,300931,通用电梯,15.99,3.5,5.98,-111.09,15.912599999144,0.3875164,64.25173021,1593.0,3169.0,61.2,2026-09-09
2364,300932,三友联众,11.2,-1.32,2.85,30.44,11.178445864455,0.167734,66.83391722,291.0,2302.0,65.6,2026-09-09
2365,300933,中辰股份,6.99,-1.83,1.77,74.53,7.02445585646,0.1827736,64.37374819,630.0,3136.0,70.4,2026-09-09
2366,300935,盈建科,28.62,-0.52,2.34,-28.9,28.716934659049,0.0830496,56.57168671,96.0,4911.0,61.6,2026-09-09
2367,300936,中英科技,74.33,-0.76,6.33,-782.15,75.446894037768,0.2280176,54.15830886,-317.0,5113.0,70.0,2026-09-09
2368,300937,药易购,24.83,-2.86,5.4,-124.67,24.88303894597,0.2106764,60.30181776,1.0,4261.0,70.0,2026-09-09
2369,300938,信测标准,28.83,-1.67,3.63,45.49,29.370565627309,0.3443308,72.88135221,28.0,720.0,68.8,2026-09-09
2370,300939,秋田微,71.1,-4.77,5.01,123.66,71.698259235002,0.4225604,74.66673986,-323.0,453.0,70.8,2026-09-09
2371,300940,南极光,14.15,-0.42,2.29,227.82,14.094305681456,0.164166,63.74553008,451.0,3322.0,64.0,2026-09-09
2372,300941,创识科技,15.29,-2.86,3.69,-512.28,15.365068728765,0.1223416,58.95354187,329.0,4536.0,72.8,2026-09-09
2373,300942,易瑞生物,6.51,-2.4,0.95,-66.84,6.539737825526,0.10212,60.39687692,462.0,4240.0,65.2,2026-09-09
2374,300943,春晖智控,36.53,-4.67,16.31,132.06,38.253187617873,0.4364136,73.05718738,-364.0,680.0,75.2,2026-09-09
2375,300945,曼卡龙,13.02,1.8,8.99,21.15,12.901554624086,0.2303572,79.54694976,2061.0,97.0,73.2,2026-09-09
2376,300946,恒而达,38.4,-0.39,2.14,102.57,38.206418390717,0.1892496,64.47906981,1537.0,3094.0,70.0,2026-09-09
2377,300947,德必集团,15.0,-1.51,1.93,309.94,14.957266199234,0.0568708,62.03677131,-261.0,3817.0,67.2,2026-09-09
2378,300948,冠中生态,20.23,-2.03,1.09,-323.22,20.409045389903,0.1381944,55.23249487,95.0,5047.0,60.0,2026-09-09
2379,300949,奥雅股份,23.73,-3.38,4.79,-81.65,23.898958126367,0.1157056,63.18847194,-2438.0,3487.0,68.8,2026-09-09
2380,300950,德固特,18.55,-0.86,2.55,129.04,18.641005501492,0.1096324,65.1902616,62.0,2842.0,72.8,2026-09-09
2381,300951,博硕科技,86.27,5.22,3.36,-230.09,84.595821241608,0.4246264,72.53862155,635.0,792.0,69.2,2026-09-09
2382,300952,恒辉安防,16.05,-1.53,1.76,91.22,16.187342449504,0.0833064,58.6986801,-755.0,4580.0,60.8,2026-09-09
2383,300953,震裕科技,89.12,-1.62,1.76,25.64,89.954290291033,0.2336544,65.75876858,178.0,2650.0,75.2,2026-09-09
2384,300955,嘉亨家化,30.9,0.95,1.44,-170.92,30.947279514474,0.163407636364,58.79300089,269.0,4565.0,62.4,2026-09-09
2385,300956,英力股份,11.2,-0.97,1.5,-37.84,11.262089211826,0.052266,59.35900469,127.0,4458.0,64.8,2026-09-09
2386,300957,贝泰妮,32.18,-2.66,1.53,23.36,32.319839118263,0.2421648,71.51488931,114.0,991.0,76.4,2026-09-09
2387,300958,建工修复,12.49,-0.72,1.96,485.94,12.495281026697,0.1621044,58.94973799,198.0,4539.0,64.0,2026-09-09
2388,300959,线上线下,92.05,-2.79,3.17,-882.02,93.142824894852,0.171876,61.57771072,100.0,3938.0,63.6,2026-09-09
2389,300960,通业科技,16.82,-0.65,0.91,116.87,16.869701960386,0.0306348,66.70448559,538.0,2351.0,62.8,2026-09-09
2390,300961,深水海纳,12.91,-4.72,18.39,-20.21,13.255299055464,0.283882,61.41637587,-1126.0,3975.0,74.0,2026-09-09
2391,300962,中金辐照,13.23,-1.05,0.58,42.1,13.266380143071,0.126664,69.05198703,1333.0,1619.0,64.8,2026-09-09
2392,300963,中洲特材,11.54,-0.43,1.61,67.75,11.565823846067,0.1801776,61.54251773,937.0,3946.0,68.0,2026-09-09
2393,300964,本川智能,65.2,3.95,17.44,81.58,66.094330875525,0.3054136,75.19983024,86.0,388.0,74.4,2026-09-09
2394,300965,恒宇信通,43.69,-0.73,1.28,-82.59,43.802137883206,0.1234112,60.92403602,379.0,4103.0,62.0,2026-09-09
2395,300966,共同药业,23.63,0.17,2.84,-41.47,23.958034697999,0.1182228,60.7104335,781.0,4162.0,60.0,2026-09-09
2396,300967,晓鸣股份,18.63,-0.27,9.63,945.66,18.865598907583,0.2033372,64.72054505,-2082.0,3010.0,74.8,2026-09-09
2397,300968,格林精密,10.05,-4.19,2.24,-27.53,10.160007326489,0.1934772,60.47401663,-270.0,4224.0,72.4,2026-09-09
2398,300969,恒帅股份,84.25,0.66,3.64,88.06,84.923035869663,0.2588048,68.53312563,1630.0,1773.0,68.4,2026-09-09
2399,300970,华绿生物,20.72,-1.05,18.9,35.94,20.797320671574,0.2160328,69.43457646,-1452.0,1508.0,75.2,2026-09-09
2400,300971,博亚精工,17.97,0.5,2.14,31.59,18.024794348361,0.1660844,68.50963457,695.0,1776.0,62.4,2026-09-09
2401,300972,万辰集团,184.56,2.25,0.83,15.05,183.605432454144,0.1840676,75.80057625,358.0,324.0,69.2,2026-09-09
2402,300973,立高食品,26.61,-1.63,2.27,17.82,26.656403891286,0.1461008,65.71732472,324.0,2665.0,67.6,2026-09-09
2403,300975,商络电子,24.68,-1.4,5.67,16.85,24.999972143768,0.2575896,66.77537641,-340.0,2324.0,70.0,2026-09-09
2404,300976,达瑞电子,60.67,2.85,6.36,34.94,59.838104758905,0.3684144,79.4022874,116.0,105.0,71.2,2026-09-09
2405,300977,深圳瑞捷,19.92,1.37,2.72,233.48,19.795361036744,0.1712216,64.88013507,345.0,2946.0,70.0,2026-09-09
2406,300978,东箭科技,8.85,-1.67,0.76,28.05,8.899742794601,0.1048588,63.60324199,-927.0,3367.0,63.2,2026-09-09
2407,300979,华利集团,33.09,-0.69,0.13,20.27,32.885387092446,0.1085612,74.77442343,-215.0,444.0,67.2,2026-09-09
2408,300980,祥源新材,23.28,-0.77,2.27,25.02,23.38110837852,0.1247252,61.45091352,-211.0,3965.0,60.8,2026-09-09
2409,300981,中红医疗,15.45,-2.15,2.27,20.88,15.454104023684,0.1593696,62.6315165,-310.0,3645.0,66.8,2026-09-09
2410,300982,苏文电能,14.76,-1.2,0.74,-248.37,14.799350627762,0.0918308,58.88482082,579.0,4548.0,61.2,2026-09-09
2411,300983,尤安设计,38.27,-0.1,0.33,-222.2,38.184621998397,0.184896,58.44034631,-610.0,4632.0,56.8,2026-09-09
2412,300984,金沃股份,30.04,0.27,2.18,102.93,30.072550773163,0.2596736,64.88119148,1715.0,2945.0,58.4,2026-09-09
2413,300985,致远新能,36.45,2.53,1.45,-130.83,36.602752452489,0.2190952,64.54258895,1706.0,3071.0,60.0,2026-09-09
2414,300986,志特新材,11.83,-2.87,3.71,40.1,11.984845840977,0.25719,64.16936309,586.0,3192.0,68.8,2026-09-09
2415,300987,川网传媒,14.34,-4.72,5.54,1677.28,14.434614059002,0.1384152,68.78157403,-1534.0,1702.0,71.6,2026-09-09
2416,300988,津荣天宇,15.66,0.06,1.44,22.95,15.675435074774,0.1283988,66.26467912,481.0,2472.0,64.4,2026-09-09
2417,300989,蕾奥规划,14.43,-1.57,1.57,-31.09,14.449020722488,0.179004,58.21453692,80.0,4672.0,62.4,2026-09-09
2418,300990,同飞股份,92.75,-0.64,8.82,62.05,93.088705943062,0.2343416,68.47669483,-354.0,1785.0,79.6,2026-09-09
2419,300991,创益通,28.51,5.2,8.3,-120.42,29.187039753673,0.1629164,66.20946157,1684.0,2493.0,62.8,2026-09-09
2420,300992,泰福泵业,26.13,-1.32,1.51,432.85,26.262714093946,0.139986,59.05604614,-1348.0,4513.0,62.8,2026-09-09
2421,300993,玉马科技,10.1,-1.85,1.47,29.01,10.197351204902,0.1838272,67.13150769,-1436.0,2202.0,64.8,2026-09-09
2422,300994,久祺股份,11.26,-1.92,1.27,55.45,11.316754601635,0.046068,69.10186002,884.0,1606.0,63.2,2026-09-09
2423,300995,奇德新材,26.6,-1.23,2.94,79.43,26.75727363704,0.1122396,67.33406291,437.0,2128.0,64.4,2026-09-09
2424,300996,普联软件,13.42,-1.61,5.55,-598.51,13.450336976152,0.219089245283,64.37248386,388.0,3137.0,67.6,2026-09-09
2425,300997,欢乐家,17.56,-6.35,5.52,164.4,17.804619468472,0.180912,62.49791131,-2394.0,3689.0,75.6,2026-09-09
2426,300998,宁波方正,31.34,1.26,3.18,1590.03,31.090540264142,0.3526656,63.94303546,-1295.0,3261.0,66.8,2026-09-09
2427,300999,金龙鱼,27.56,-0.83,2.88,32.56,27.577080853808,0.2988736,69.69264283,-970.0,1433.0,89.6,2026-09-09
2428,301000,肇民科技,23.95,-0.95,1.13,47.97,24.27875320797,0.1707064,67.3736379,1797.0,2114.0,65.6,2026-09-09
2429,301001,凯淳股份,25.76,-0.08,2.57,595.16,25.670846063641,0.041868,56.76552834,59.0,4888.0,65.6,2026-09-09
2430,301002,崧盛股份,27.42,-1.79,3.54,48.92,27.723538382344,0.1193676,62.07010116,-1075.0,3803.0,62.0,2026-09-09
2431,301003,江苏博云,61.99,0.18,2.09,53.7,62.070920401806,0.4000712,70.15307687,1552.0,1306.0,64.8,2026-09-09
2432,301004,嘉益股份,33.34,-0.92,0.34,14.28,33.433799001098,0.1296712,70.12327835,1308.0,1318.0,62.8,2026-09-09
2433,301005,超捷股份,64.3,-1.05,2.3,525.85,64.55309905177,0.1790908,54.76708394,-13.0,5080.0,70.4,2026-09-09
2434,301006,迈拓股份,14.09,-0.98,1.81,101.31,14.032606998912,0.0472216,65.50149872,-1413.0,2730.0,62.0,2026-09-09
2435,301007,德迈仕,31.66,-0.75,1.82,159.47,31.649046510028,0.4049412,66.80072824,480.0,2313.0,66.8,2026-09-09
2436,301008,宏昌科技,47.36,3.09,11.94,90.9,46.955936256383,0.41283,72.14777738,515.0,856.0,77.6,2026-09-09
2437,301009,可靠股份,9.3,-0.96,2.28,-159.84,9.371832555759,0.08105,67.86068327,-183.0,1962.0,64.4,2026-09-09
2438,301010,晶雪节能,17.8,-1.0,1.04,141.95,17.831843642423,0.0491544,61.97957616,524.0,3839.0,63.2,2026-09-09
2439,301011,华立科技,15.63,-2.13,1.83,-11.09,15.676016635897,0.0866064,62.20620714,-1121.0,3766.0,68.0,2026-09-09
2440,301012,扬电科技,22.88,-0.61,1.99,72.67,22.898758926768,0.2439544,63.8617178,330.0,3289.0,71.2,2026-09-09
2441,301013,利和兴,36.55,-0.71,6.96,-117.34,37.088152964169,0.2334812,52.1256005,2.0,5171.0,68.4,2026-09-09
2442,301015,百洋医药,24.6,-1.68,0.93,28.78,24.807062250843,0.2656368,71.8830796,-761.0,901.0,74.0,2026-09-09
2443,301016,雷尔伟,15.7,1.09,2.14,94.44,15.681164068673,0.197662,68.25509617,-1079.0,1853.0,68.0,2026-09-09
2444,301017,漱玉平民,12.88,-3.01,1.73,101.34,12.986580087547,0.1559488,59.02573106,-62.0,4520.0,64.0,2026-09-09
2445,301018,申菱环境,100.7,-0.7,4.69,348.69,101.809613677463,0.3819324,67.92506705,-52.0,1942.0,86.0,2026-09-09
2446,301019,宁波色母,15.32,-1.16,0.82,25.72,15.322605501194,0.0842568,69.22775259,405.0,1571.0,58.0,2026-09-09
2447,301020,密封科技,22.89,7.46,6.41,27.97,23.538527992004,0.1981676,68.43761655,94.0,1799.0,63.6,2026-09-09
2448,301021,英诺激光,77.83,7.06,8.25,169.24,78.224967533081,0.3066056,77.74278784,1548.0,188.0,68.4,2026-09-09
2449,301022,海泰科,22.52,-2.47,2.11,-60.03,22.6625903497,0.1204632,58.18337777,27.0,4676.0,63.6,2026-09-09
2450,301023,奕帆传动,29.18,-0.61,1.67,52.64,29.31948112781,0.1863384,67.58628597,-96.0,2041.0,60.8,2026-09-09
2451,301024,霍普股份,33.96,1.83,1.42,-52.16,33.670090413277,0.1143636,63.54498311,1712.0,3391.0,63.2,2026-09-09
2452,301025,读客文化,10.02,-6.79,12.12,183.39,10.009010155613,0.1985732,70.15054337,-903.0,1308.0,76.8,2026-09-09
2453,301026,浩通科技,20.47,1.54,3.33,15.55,20.342023979056,0.2040328,68.2052184,2568.0,1867.0,64.4,2026-09-09
2454,301027,华蓝集团,20.65,0.93,3.36,-81.72,20.604292471849,0.2907944,56.93985582,-3.0,4872.0,64.4,2026-09-09
2455,301028,鼎熔岩,13.23,-0.6,1.17,19.14,13.306082193645,0.0964036,65.5650637,412.0,2714.0,59.6,2026-09-09
2456,301029,怡合达,24.29,-4.33,2.72,24.26,24.354048791376,0.2659476,66.07770829,-220.0,2541.0,64.4,2026-09-09
2457,301030,*ST仕净,7.49,1.9,4.0,-1.09,7.489466922155,0.2591544,50.56714029,12.0,5179.0,60.4,2026-09-09
2458,301031,中熔电气,93.1,-2.02,1.58,27.12,94.353980752772,0.2396,71.13601885,-580.0,1074.0,65.6,2026-09-09
2459,301032,新柴股份,10.41,-0.29,2.31,27.8,10.495295034829,0.1026556,71.08043844,-22.0,1094.0,62.8,2026-09-09
2460,301033,迈普医学,54.35,-1.68,1.24,32.22,54.397107813425,0.2101632,66.58010544,-1088.0,2389.0,60.8,2026-09-09
2461,301035,润丰股份,56.99,-1.23,0.44,20.7,57.274247116967,0.1587412,72.73183094,-681.0,758.0,69.2,2026-09-09
2462,301036,双乐股份,22.55,-1.44,1.19,811.06,22.631153777257,0.0605668,65.12800286,532.0,2858.0,64.8,2026-09-09
2463,301037,保立佳,13.18,-0.98,2.43,-31.34,13.191792472155,0.0497544,60.32367012,534.0,4257.0,60.0,2026-09-09
2464,301038,深水规院,17.78,-3.0,1.61,353.32,17.883617685634,0.1636184,64.79469393,-1914.0,2980.0,67.2,2026-09-09
2465,301039,中集车辆,7.71,-1.28,0.61,21.64,7.732428009905,0.1459336,68.74700336,-741.0,1714.0,65.2,2026-09-09
2466,301040,中环海陆,28.0,-0.99,1.45,-30.52,28.129163745253,0.2378556,58.76525197,129.0,4571.0,62.4,2026-09-09
2467,301041,金百泽,31.4,3.56,7.85,149.96,31.460603378497,0.1785224,74.82688351,1786.0,435.0,69.2,2026-09-09
2468,301042,安联锐视,30.93,-1.93,3.32,107.82,31.121334226955,0.1400872,57.0866395,-103.0,4847.0,62.4,2026-09-09
2469,301043,绿岛风,51.64,1.49,3.03,56.7,51.191847996744,0.2191852,68.53545416,909.0,1772.0,63.6,2026-09-09
2470,301045,天禄科技,64.58,1.1,2.26,287.44,64.672012231864,0.3120092,68.66294102,454.0,1733.0,55.2,2026-09-09
2471,301046,能辉科技,32.42,6.57,8.46,-117.62,31.965081749511,0.3001232,60.29540411,844.0,4264.0,72.8,2026-09-09
2472,301047,义翘神州,101.8,2.18,7.32,72.67,100.175593427974,0.3601352,74.00809696,250.0,536.0,79.6,2026-09-09
2473,301048,金鹰重工,9.4,0.64,0.88,24.81,9.356029665881,0.2367344,72.89034517,172.0,715.0,66.4,2026-09-09
2474,301049,超越科技,20.88,0.87,2.44,-26.87,20.781173087877,0.0669532,57.21417016,117.0,4827.0,62.0,2026-09-09
2475,301050,雷电微力,29.2,0.38,1.27,-39.51,29.394567249816,0.1714976,63.43549323,1264.0,3420.0,70.8,2026-09-09
2476,301051,信濠光电,17.76,-1.93,3.62,-22.13,17.863050603568,0.1841716,60.67840784,-1131.0,4170.0,61.6,2026-09-09
2477,301052,果麦文化,25.26,-4.25,8.44,-30.72,25.178697852937,0.1424484,61.8109695,-2678.0,3885.0,74.0,2026-09-09
2478,301053,远信工业,32.66,-1.0,1.14,84.79,32.851660135049,0.2787356,60.48873687,432.0,4220.0,60.0,2026-09-09
2479,301055,张小泉,31.19,11.08,5.62,70.13,29.93720574829,0.3097988,75.763829,942.0,328.0,64.0,2026-09-09
2480,301056,森赫股份,14.82,-2.31,2.54,70.44,14.823139747944,0.1019764,63.26254552,-1138.0,3468.0,66.0,2026-09-09
2481,301057,汇隆新材,21.52,-1.15,2.62,39.75,21.773599094902,0.13908,59.98646411,62.0,4324.0,60.8,2026-09-09
2482,301058,中粮科工,9.62,1.58,4.89,28.61,9.516480898504,0.2562628,81.76833952,460.0,38.0,73.6,2026-09-09
2483,301059,金三江,12.34,-1.44,0.65,32.1,12.380385258966,0.1230768,68.29635075,205.0,1843.0,62.4,2026-09-09
2484,301060,兰卫医学,10.56,-0.47,2.75,33.25,10.51858950153,0.1953784,68.85263189,-263.0,1681.0,74.0,2026-09-09
2485,301061,匠心家居,36.22,-2.79,1.15,16.75,36.383128454411,0.1570572,77.18502478,744.0,215.0,66.8,2026-09-09
2486,301062,上海艾录,7.38,0.54,1.62,94.56,7.387134451706,0.1161956,58.5367637,43.0,4616.0,63.2,2026-09-09
2487,301063,海锅股份,18.05,-1.04,1.16,207.0,18.110363731268,0.11157,68.04524856,1671.0,1908.0,61.6,2026-09-09
2488,301065,本立科技,19.67,-1.5,1.14,23.29,19.777766952582,0.06695,68.07833678,867.0,1898.0,63.2,2026-09-09
2489,301066,万事利,12.97,-2.11,2.02,77.47,13.002134895745,0.129518,67.16783043,-958.0,2188.0,69.2,2026-09-09
2490,301067,显盈科技,32.46,2.72,5.82,-83.81,32.346162411753,0.2447608,67.17779823,1640.0,2183.0,67.2,2026-09-09
2491,301068,大地海洋,28.74,1.45,1.04,64.89,28.709356538462,0.09226,64.89269809,248.0,2940.0,60.8,2026-09-09
2492,301069,凯盛新材,16.27,-1.21,0.84,39.12,16.330499532635,0.1780516,64.27639852,-808.0,3164.0,66.8,2026-09-09
2493,301070,开勒股份,66.38,0.67,2.4,396.87,66.542414602526,0.3865644,63.15897435,32.0,3499.0,60.0,2026-09-09
2494,301071,力量钻石,64.97,4.67,15.82,91.76,64.241719818561,0.3469476,78.68016669,156.0,140.0,86.0,2026-09-09
2495,301072,中捷精工,44.78,3.42,3.38,-130.68,43.91116107646,0.271894,64.20717208,-458.0,3181.0,61.2,2026-09-09
2496,301073,君亭酒店,20.26,-4.34,6.18,207.27,20.395946579611,0.2101844,72.67390039,-613.0,766.0,73.2,2026-09-09
2497,301075,多瑞医药,59.24,-1.48,1.26,205.53,59.545551031869,0.22413,55.12734929,-945.0,5054.0,63.6,2026-09-09
2498,301076,新瀚新材,21.45,-1.24,2.11,66.83,21.493732681897,0.1238988,62.08677553,165.0,3800.0,72.0,2026-09-09
2499,301077,星华新材,21.32,-1.84,1.63,26.91,21.449317658325,0.1938376,63.98831888,252.0,3250.0,67.2,2026-09-09
2500,301078,孩子王,7.51,0.94,5.72,27.67,7.63613832785,0.2341956,77.26652669,1735.0,208.0,71.6,2026-09-09
2501,301079,邵阳液压,28.87,-0.76,4.07,182.81,29.017064833827,0.151502,56.09968537,-103.0,4971.0,68.4,2026-09-09
2502,301080,百普赛斯,89.7,-3.03,9.42,76.46,89.284283158565,0.309756,73.74125116,-299.0,570.0,81.6,2026-09-09
2503,301081,严牌股份,16.48,5.3,3.56,412.51,16.222835008449,0.2622696,64.22807669,1473.0,3174.0,63.6,2026-09-09
2504,301082,久盛电气,10.1,-0.2,1.44,80.37,10.102749966751,0.1090228,54.96518844,-84.0,5068.0,66.4,2026-09-09
2505,301083,百胜智能,13.97,-0.21,1.57,229.5,13.98040633494,0.0469204,64.16452256,559.0,3197.0,61.6,2026-09-09
2506,301085,亚康股份,72.78,5.2,15.01,63.64,72.180511949698,0.3595032,80.46572007,203.0,70.0,84.8,2026-09-09
2507,301086,鸿富瀚,157.12,5.95,10.28,135.26,151.994958401379,0.3960052,78.79105795,679.0,135.0,76.8,2026-09-09
2508,301087,可孚医疗,51.87,0.27,0.94,30.25,51.83752199538,0.2105352,77.76813517,432.0,185.0,70.4,2026-09-09
2509,301088,戎美股份,13.58,-1.45,0.66,64.94,13.666440684287,0.11248,60.7075008,-846.0,4163.0,63.6,2026-09-09
2510,301089,拓新药业,22.94,-2.22,1.7,-51.91,22.983522354792,0.1342784,56.32212279,-1708.0,4945.0,68.8,2026-09-09
2511,301090,华润材料,7.09,-1.66,0.49,20.63,7.155575543501,0.1518464,66.05673231,269.0,2547.0,66.8,2026-09-09
2512,301091,深城交,19.95,-2.44,1.02,136.46,20.093428233149,0.174512,70.10274438,-1016.0,1323.0,75.6,2026-09-09
2513,301092,争光股份,43.81,-0.36,2.47,76.53,43.967979045168,0.1952012,66.24159009,1363.0,2478.0,59.6,2026-09-09
2514,301093,华兰股份,59.98,-2.83,2.05,833.07,61.108641431569,0.2844032,54.97997225,-622.0,5067.0,60.8,2026-09-09
2515,301095,广立微,73.83,-1.36,2.91,212.59,74.820964214684,0.2587412,73.63705312,914.0,581.0,70.8,2026-09-09
2516,301096,百诚医药,46.62,5.86,4.74,1593.59,44.9476213859,0.23934,68.92747437,2699.0,1656.0,66.0,2026-09-09
2517,301097,天益医疗,34.03,-1.9,1.27,86.15,34.225209663007,0.094682,65.70388978,1615.0,2670.0,62.0,2026-09-09
2518,301098,金埔园林,9.5,0.42,2.96,-33.33,9.470910831214,0.17904,56.98284819,-31.0,4864.0,64.4,2026-09-09
2519,301099,雅创电子,50.12,0.85,4.36,19.47,50.501683121261,0.2172568,72.95439752,-111.0,703.0,66.4,2026-09-09
2520,301100,风光股份,15.85,-1.43,0.8,-75.74,15.913641357938,0.045948,64.91314687,378.0,2929.0,62.0,2026-09-09
2521,301101,明月镜片,28.9,-1.7,0.76,26.22,29.018368741369,0.0885496,72.35774571,121.0,824.0,69.2,2026-09-09
2522,301102,兆讯传媒,9.72,-2.7,0.65,-69.24,9.741472724353,0.1076432,68.77547374,1175.0,1703.0,64.0,2026-09-09
2523,301103,何氏眼科,16.65,-1.01,1.58,31.68,16.720255199896,0.1375316,70.58502989,-183.0,1210.0,66.4,2026-09-09
2524,301105,鸿铭股份,51.08,-3.62,3.41,-107.82,51.719723637978,0.218626,62.48801954,1171.0,3692.0,66.4,2026-09-09
2525,301106,骏成科技,19.22,-2.09,2.61,141.83,19.389845998035,0.1568816,60.68964216,248.0,4167.0,67.6,2026-09-09
2526,301107,瑜欣电子,22.08,0.55,2.03,60.71,22.182171231025,0.2101792,68.57881555,726.0,1763.0,60.4,2026-09-09
2527,301108,洁雅股份,41.67,-0.71,1.99,56.29,41.485082847185,0.2461324,71.76010555,115.0,926.0,62.8,2026-09-09
2528,301109,军信股份,13.13,1.0,0.56,12.11,13.068066279113,0.1966824,75.15543239,352.0,395.0,65.2,2026-09-09
2529,301110,青木科技,36.12,-3.83,4.91,26.98,36.307705348263,0.2262664,67.22413767,-1202.0,2165.0,71.2,2026-09-09
2530,301111,粤万年青,21.94,-2.32,2.73,550.27,22.054175133507,0.242058,62.29534548,220.0,3744.0,68.4,2026-09-09
2531,301112,信邦智能,31.56,-0.69,0.91,-216.43,31.570285513925,0.0708204,57.67933126,-1214.0,4758.0,64.4,2026-09-09
2532,301113,雅艺科技,17.51,-0.96,1.49,240.27,17.573639396305,0.0576492,65.02709409,467.0,2886.0,62.0,2026-09-09
2533,301115,联检科技,30.73,4.56,4.03,-89.87,30.471901909432,0.39133,68.38083206,2596.0,1820.0,56.8,2026-09-09
2534,301116,益客食品,9.96,-1.48,1.26,66.34,10.043366313097,0.1138944,64.40697042,-199.0,3125.0,69.6,2026-09-09
2535,301117,ST佳缘,13.65,-2.85,6.16,-18.35,13.683509631884,0.297378431373,54.70218753,98.0,5085.0,61.6,2026-09-09
2536,301118,恒光股份,23.78,-0.54,2.06,20.94,23.786989438521,0.1178696,63.48321058,-2312.0,3406.0,65.2,2026-09-09
2537,301119,正强股份,26.74,-1.8,3.83,40.06,27.006790236369,0.2757336,67.03601576,205.0,2238.0,68.4,2026-09-09
2538,301120,新特电气,15.09,0.13,2.69,252.39,15.106944647414,0.184038,60.39567706,223.0,4241.0,67.2,2026-09-09
2539,301121,紫建电子,35.74,-1.02,0.91,798.76,35.888321360259,0.0914816,61.06911677,190.0,4067.0,64.8,2026-09-09
2540,301122,采纳股份,45.7,0.22,8.77,282.47,45.83313760576,0.234404,63.09513258,-1083.0,3517.0,70.0,2026-09-09
2541,301123,奕东电子,76.67,-1.25,4.88,982.09,78.027244487692,0.2748232,63.00115989,-1415.0,3542.0,75.6,2026-09-09
2542,301125,腾亚精工,13.95,0.22,1.37,-98.92,13.957912594655,0.15865,62.92951972,589.0,3559.0,61.2,2026-09-09
2543,301126,达嘉维康,10.59,-1.94,1.63,149.88,10.67758212702,0.089384,66.18107397,-1417.0,2505.0,65.2,2026-09-09
2544,301127,武汉天源,17.57,1.56,3.33,76.88,17.329064467669,0.3857144,72.28746019,1475.0,838.0,67.6,2026-09-09
2545,301128,强瑞技术,117.3,0.09,5.13,98.64,116.865092341248,0.3997068,69.57516808,-612.0,1461.0,78.8,2026-09-09
2546,301129,瑞纳智能,23.11,-1.32,2.8,135.55,23.218582121225,0.1240592,62.40969865,371.0,3715.0,69.6,2026-09-09
2547,301130,西点药业,27.62,-4.06,8.68,118.33,27.860812362429,0.2164004,54.83751758,-1316.0,5078.0,70.4,2026-09-09
2548,301131,聚赛龙,33.33,-1.65,1.76,241.29,33.495495297497,0.1724472,64.9332959,555.0,2922.0,62.4,2026-09-09
2549,301132,满坤科技,46.85,10.0,12.33,78.87,45.936944369771,0.2832864,72.4114575,102.0,815.0,71.6,2026-09-09
2550,301133,金钟股份,27.37,-5.03,5.36,-48.47,27.804339074773,0.2406836,59.69408046,-1346.0,4384.0,69.6,2026-09-09
2551,301135,瑞德智能,17.13,-1.44,1.38,-369.72,17.177580705327,0.1024676,61.66870146,300.0,3918.0,60.8,2026-09-09
2552,301136,招标股份,12.29,0.24,2.99,205.88,12.241089717364,0.1227084,64.67673516,76.0,3022.0,72.0,2026-09-09
2553,301137,哈焊华通,32.78,0.49,2.44,160.65,32.75847104485,0.2165368,66.08666863,1867.0,2539.0,68.8,2026-09-09
2554,301138,华研精机,28.45,-1.08,0.92,38.9,28.534332285689,0.0679796,64.87420636,-817.0,2951.0,62.8,2026-09-09
2555,301139,*ST元道,,,0.0,-3.66,3.389959572517,0.0576108,53.83499501,-25.0,5124.0,59.6,2026-09-09
2556,301141,中科磁业,38.34,-1.36,2.5,288.81,38.480685327091,0.1598656,58.37366112,176.0,4646.0,67.6,2026-09-09
2557,301148,嘉戎技术,56.15,-0.35,2.34,185.9,56.454847085418,0.2985332,66.89083804,-522.0,2277.0,65.6,2026-09-09
2558,301149,隆华新材,8.91,3.13,4.34,18.46,8.825085467224,0.2231164,79.35345049,126.0,106.0,68.0,2026-09-09
2559,301150,中一科技,37.99,1.6,4.43,36.93,38.255059819777,0.2205144,71.24632232,2126.0,1044.0,70.8,2026-09-09
2560,301151,冠龙节能,22.45,0.31,3.59,143.04,22.351603226924,0.1507944,62.50592074,-2073.0,3684.0,70.0,2026-09-09
2561,301152,天力锂能,21.95,-2.57,6.72,79.96,22.127848653512,0.1735268,56.54183582,181.0,4920.0,72.8,2026-09-09
2562,301153,中科江南,17.83,-2.67,1.14,-211.82,17.894567418332,0.1461208,70.45316422,530.0,1239.0,68.8,2026-09-09
2563,301155,海力风电,36.87,-1.94,1.61,-42.89,37.097580659198,0.1703076,62.00787292,152.0,3828.0,66.4,2026-09-09
2564,301156,美农生物,12.73,-1.85,6.53,64.88,12.861021977444,0.1699724,63.35874783,-2092.0,3439.0,69.6,2026-09-09
2565,301157,华塑科技,60.07,-1.43,1.42,118.28,60.623574443313,0.1346928,65.46294241,-1582.0,2746.0,60.4,2026-09-09
2566,301158,德石股份,15.38,-2.16,3.47,47.43,15.416006509908,0.2102964,68.10006219,-1259.0,1893.0,74.8,2026-09-09
2567,301159,三维天地,31.74,-2.16,2.82,-33.83,31.841134298554,0.0967572,66.20910229,-339.0,2494.0,66.4,2026-09-09
2568,301160,翔楼新材,45.79,-0.07,3.19,41.73,46.227472974614,0.386,76.04172175,-51.0,302.0,66.4,2026-09-09
2569,301161,唯万密封,28.79,1.41,3.4,25.18,28.804918085169,0.2068944,69.88192782,673.0,1380.0,61.6,2026-09-09
2570,301162,国能日新,35.95,-1.32,1.05,47.87,35.881710262281,0.1656692,68.13225772,264.0,1886.0,63.6,2026-09-09
2571,301163,宏德股份,22.7,-1.56,1.93,184.76,22.729839605217,0.1064332,67.06348017,1673.0,2223.0,60.4,2026-09-09
2572,301165,锐捷网络,110.06,-0.11,0.97,88.28,110.032833346639,0.3198028,68.92639119,240.0,1657.0,82.4,2026-09-09
2573,301166,优宁维,28.9,-0.99,1.89,-105.56,28.910545079276,0.100478,66.9317457,835.0,2269.0,67.2,2026-09-09
2574,301167,建研设计,13.81,-1.29,1.82,-152.35,13.800128465643,0.1351524,60.82438064,486.0,4126.0,61.6,2026-09-09
2575,301168,通灵股份,41.07,1.08,0.84,800.25,40.988306570634,0.200258,57.40127063,-521.0,4800.0,60.4,2026-09-09
2576,301169,零点有数,57.86,-0.36,2.48,-76.09,57.756763253956,0.2558712,67.329614,-172.0,2132.0,66.4,2026-09-09
2577,301170,锡南科技,23.0,-0.09,2.31,35.05,22.980729321836,0.1884676,64.08035127,-1134.0,3224.0,62.0,2026-09-09
2578,301171,易点天下,37.18,-3.65,12.89,146.57,37.686847779929,0.3399312,73.39657875,149.0,624.0,90.0,2026-09-09
2579,301172,君逸数码,18.78,3.24,6.17,131.07,18.647944930038,0.2035612,74.68434192,2169.0,448.0,63.6,2026-09-09
2580,301173,毓恬冠佳,33.56,-0.09,1.56,25.82,33.564004162331,0.0560624,65.2728081,800.0,2811.0,61.6,2026-09-09
2581,301175,中科环保,5.81,1.04,2.23,18.78,5.791288340287,0.2248032,71.68818408,-397.0,941.0,68.4,2026-09-09
2582,301176,逸豪新材,49.0,5.49,6.71,192.64,49.273688104186,0.2042828,69.64701986,1774.0,1445.0,64.4,2026-09-09
2583,301177,迪阿股份,23.92,-1.36,0.71,135.65,23.832154633889,0.1491436,62.89358767,-144.0,3570.0,67.2,2026-09-09
2584,301178,天亿马,33.85,-1.68,1.45,608.8,34.097982599496,0.1330064,63.34451225,305.0,3444.0,62.0,2026-09-09
2585,301179,泽宇智能,19.9,-1.29,1.39,68.21,19.980881204044,0.1798644,67.79172037,-966.0,1981.0,66.8,2026-09-09
2586,301180,万祥科技,11.65,-2.59,2.48,-103.18,11.746640751934,0.071184,61.34717815,283.0,3991.0,64.4,2026-09-09
2587,301181,标榜股份,25.61,-1.08,1.69,43.32,25.558201185347,0.1621964,69.00393515,474.0,1637.0,64.8,2026-09-09
2588,301182,凯旺科技,70.05,-0.61,5.48,-45.75,70.579887836825,0.2778688,56.31872924,-65.0,4947.0,66.4,2026-09-09
2589,301183,东田微,234.0,-0.72,5.97,107.74,237.094360787346,0.3271128,78.1273756,1478.0,164.0,80.4,2026-09-09
2590,301185,鸥玛软件,17.4,-1.58,0.92,42.9,17.447915085159,0.1002968,67.46033293,-1111.0,2088.0,65.2,2026-09-09
2591,301186,超达装备,35.04,1.1,1.47,94.98,35.558454909396,0.2078696,65.76557012,1564.0,2648.0,60.8,2026-09-09
2592,301187,欧圣电气,14.19,-1.53,0.49,62.14,14.266608459137,0.0535008,60.5503508,222.0,4200.0,62.0,2026-09-09
2593,301188,力诺药包,33.43,2.01,6.44,143.53,33.294272801854,0.2451116,56.31888056,177.0,4946.0,59.2,2026-09-09
2594,301189,奥尼电子,62.75,7.34,7.31,305.34,63.009685132715,0.3601436,71.70012986,-593.0,939.0,73.2,2026-09-09
2595,301190,善水科技,18.15,-4.77,3.44,22.87,18.442796703574,0.1922416,64.6503922,-1848.0,3037.0,66.0,2026-09-09
2596,301191,菲菱科思,82.08,-0.71,3.87,114.26,82.854897931826,0.2143544,60.46047844,-1224.0,4230.0,62.0,2026-09-09
2597,301192,泰祥股份,19.66,-1.11,1.57,75.03,19.814713562514,0.0622932,68.87365335,263.0,1676.0,61.2,2026-09-09
2598,301193,家联科技,20.54,-1.96,2.58,-27.15,20.842888406127,0.243634,68.66488628,-378.0,1732.0,65.2,2026-09-09
2599,301195,北路智控,25.87,-1.26,1.03,37.39,25.889993378945,0.183566,64.09643912,-510.0,3217.0,59.6,2026-09-09
2600,301196,唯科科技,85.74,0.8,6.43,50.55,88.174494702957,0.2508148,70.29472801,229.0,1273.0,65.2,2026-09-09
2601,301197,工大科雅,26.33,-0.3,1.74,-60.22,26.5638486683,0.1972056,61.23190537,-933.0,4024.0,60.4,2026-09-09
2602,301198,喜悦智行,13.31,-1.99,1.24,-208.76,13.389692021978,0.064096,59.85384224,-144.0,4352.0,61.6,2026-09-09
2603,301199,迈赫股份,17.77,-2.04,0.66,56.51,17.876644542735,0.0675352,60.62160718,-706.0,4184.0,60.4,2026-09-09
2604,301200,大族数控,263.04,-0.47,0.46,67.21,267.041522075516,0.2947444,72.73445138,-522.0,757.0,71.2,2026-09-09
2605,301201,诚达药业,35.35,1.29,4.0,1189.09,34.663497852308,0.2359548,61.11596314,-271.0,4053.0,67.6,2026-09-09
2606,301202,朗威股份,36.35,1.39,1.51,69.59,36.212091774054,0.18165,67.73246324,15.0,1998.0,63.6,2026-09-09
2607,301203,国泰环保,34.58,-1.79,1.02,32.53,34.890425958965,0.1413336,64.70294542,1375.0,3014.0,61.2,2026-09-09
2608,301205,联特科技,297.59,-3.72,7.57,2065.58,303.227784856073,0.401836,60.82918444,-409.0,4124.0,80.0,2026-09-09
2609,301206,三元生物,29.0,7.41,16.53,58.21,27.984776636044,0.2884204,72.56776638,1522.0,784.0,76.0,2026-09-09
2610,301207,华兰疫苗,18.16,-1.78,1.43,149.75,18.234361495133,0.2211512,67.0255492,-1797.0,2242.0,75.2,2026-09-09
2611,301208,中亦科技,30.2,-1.79,1.31,78.73,30.333605392953,0.1227156,68.41061133,756.0,1812.0,66.0,2026-09-09
2612,301209,联合化学,58.92,-2.96,1.66,792.06,59.756949659644,0.3046396,67.32555905,469.0,2134.0,66.8,2026-09-09
2613,301210,金杨精密,25.25,-0.86,4.05,38.03,25.483152210335,0.117752,69.34243123,10.0,1532.0,64.4,2026-09-09
2614,301211,亨迪药业,11.66,-2.1,2.17,80.79,11.685308962733,0.2145384,63.06312985,-1153.0,3526.0,71.2,2026-09-09
2615,301212,联盛化学,25.9,-2.56,1.33,73.51,26.120548264791,0.1175232,60.59644416,-32.0,4190.0,65.6,2026-09-09
2616,301213,观想科技,42.1,1.57,2.71,-1373.75,42.11104705714,0.18085,67.30582356,856.0,2144.0,64.4,2026-09-09
2617,301215,中汽股份,5.37,-1.47,0.72,27.14,5.383465740207,0.2418768,70.89260545,-729.0,1146.0,68.0,2026-09-09
2618,301216,万凯新材,19.45,-4.61,4.3,10.04,19.84954924454,0.2622428,71.56065817,113.0,979.0,77.2,2026-09-09
2619,301217,铜冠铜箔,107.21,1.62,3.26,206.81,108.461512915784,0.3917224,73.93156185,1749.0,543.0,83.2,2026-09-09
2620,301218,华是科技,46.02,1.79,21.75,-179.67,46.622121609462,0.3955448,69.61385095,2094.0,1455.0,72.0,2026-09-09
2621,301219,腾远钴业,43.74,0.6,2.34,9.5,43.682222649185,0.3036324,68.50940018,-775.0,1777.0,73.6,2026-09-09
2622,301220,亚香股份,27.3,4.48,3.98,65.6,27.004151149759,0.1969276,66.56399677,2606.0,2393.0,60.8,2026-09-09
2623,301221,光庭信息,27.02,-1.96,2.04,-60.31,26.866826889318,0.1643228,56.41487903,-105.0,4932.0,64.8,2026-09-09
2624,301222,浙江恒威,25.25,0.96,1.44,40.4,25.418517780978,0.1107144,65.4503139,1405.0,2752.0,57.6,2026-09-09
2625,301223,中荣股份,18.03,2.21,0.7,21.71,17.859570118746,0.0658516,69.75922861,1671.0,1413.0,62.0,2026-09-09
2626,301225,恒勃股份,56.98,-3.6,5.56,85.83,57.799590190993,0.1279028,61.61804136,-10.0,3930.0,68.0,2026-09-09
2627,301226,祥明智能,32.32,-0.86,1.62,242.97,32.578404457727,0.154286,59.19622202,-934.0,4492.0,65.2,2026-09-09
2628,301227,森鹰窗业,32.81,-4.48,6.66,-55.9,32.611522922328,0.269794,57.14246777,-1424.0,4842.0,60.0,2026-09-09
2629,301228,实朴检测,59.85,2.24,1.88,-7021.58,59.817222787177,0.37438,62.47106356,1388.0,3696.0,59.2,2026-09-09
2630,301229,纽泰格,12.13,-1.86,1.7,-61.42,12.239634856545,0.0460408,58.39097792,71.0,4644.0,62.0,2026-09-09
2631,301230,泓博医药,31.29,-0.86,10.98,98.53,31.215262552342,0.2638512,69.31146116,-1209.0,1543.0,80.4,2026-09-09
2632,301231,荣信文化,28.78,-4.16,10.3,-74.46,28.891419878965,0.1864456,59.46159957,-408.0,4437.0,72.8,2026-09-09
2633,301232,飞沃科技,95.82,-1.66,3.92,846.84,96.846073399581,0.212536,61.62731251,-193.0,3929.0,64.0,2026-09-09
2634,301233,盛帮股份,32.61,-0.31,1.97,33.44,32.74627565801,0.1670248,61.66338784,-603.0,3921.0,62.4,2026-09-09
2635,301234,五洲医疗,101.75,-4.53,3.59,225.18,102.584308375157,0.385236666667,61.85276893,-1461.0,3874.0,66.0,2026-09-09
2636,301235,华康洁净,44.72,-4.53,7.36,233.01,45.753006683195,0.228266,59.33000734,-1286.0,4465.0,66.0,2026-09-09
2637,301236,软通动力,36.26,-2.0,1.78,-70.91,36.348087404311,0.278668,65.41435183,343.0,2760.0,72.4,2026-09-09
2638,301237,和顺科技,37.35,0.54,4.2,266.78,38.129514083664,0.2110224,60.85263142,946.0,4119.0,57.6,2026-09-09
2639,301238,瑞泰新材,15.93,1.01,1.37,32.29,15.947118080592,0.256834,63.38121352,1383.0,3436.0,75.2,2026-09-09
2640,301239,普瑞眼科,33.09,-2.01,1.0,28.1,33.14382417427,0.1339488,66.69795464,-13.0,2355.0,67.2,2026-09-09
2641,301246,宏源药业,17.97,-1.1,3.69,23.0,18.009976087353,0.1671076,60.10509731,-407.0,4296.0,61.2,2026-09-09
2642,301248,杰创智能,55.72,-1.55,1.86,-1313.16,56.180555440652,0.2011004,61.73352506,-1061.0,3903.0,64.8,2026-09-09
2643,301251,威尔高,56.98,1.57,3.31,121.29,57.383443783592,0.217732,67.83195576,1383.0,1967.0,66.0,2026-09-09
2644,301252,同星科技,37.62,3.38,2.93,62.12,37.207902066798,0.2904796,77.52646283,1441.0,191.0,67.6,2026-09-09
2645,301255,通力科技,19.33,-2.62,0.88,-1720.56,19.504736131293,0.10086,56.6091556,-729.0,4908.0,61.2,2026-09-09
2646,301256,华融化学,10.31,-4.54,2.66,79.9,10.467547132992,0.140658,63.32508036,-2403.0,3451.0,69.2,2026-09-09
2647,301257,普蕊斯,38.95,-2.65,6.1,593.62,39.028582889912,0.1896376,67.36471724,-519.0,2116.0,66.0,2026-09-09
2648,301258,富士莱,25.89,-0.73,0.61,-81.18,25.898245996997,0.0293784,59.9242682,-647.0,4339.0,61.2,2026-09-09
2649,301259,艾布鲁,21.38,0.8,2.97,-59.01,21.404100585646,0.3395224,58.63214028,571.0,4592.0,60.4,2026-09-09
2650,301260,格力博,11.96,-1.4,1.15,-17.53,11.985113265935,0.1051568,56.48088785,64.0,4927.0,61.2,2026-09-09
2651,301261,恒工精密,58.41,-2.76,2.02,29.71,59.091479029334,0.1729852,64.35603737,80.0,3145.0,70.4,2026-09-09
2652,301262,海看股份,20.27,-3.48,7.84,26.6,20.282737930857,0.20814,65.84306279,-1607.0,2631.0,73.2,2026-09-09
2653,301263,泰恩康,19.94,-1.14,0.58,1368.39,20.053529029376,0.100262,57.08252065,-225.0,4848.0,61.6,2026-09-09
2654,301265,华新科技,19.43,-1.52,2.42,70.43,19.617299959417,0.1809632,69.06335563,1045.0,1616.0,64.0,2026-09-09
2655,301266,宇邦新材,24.59,-3.49,6.55,25.84,24.634052103841,0.193534363636,71.48926278,-804.0,999.0,73.6,2026-09-09
2656,301267,华厦眼科,15.07,-0.99,0.44,21.68,15.123505613137,0.1377452,67.3080764,-24.0,2143.0,65.6,2026-09-09
2657,301268,铭利达,12.43,-1.51,0.56,-30.71,12.515515976303,0.0658828,55.39135869,17.0,5033.0,62.8,2026-09-09
2658,301269,华大九天,89.5,-0.95,0.76,-544.06,89.821971718841,0.285826,63.26130142,111.0,3469.0,74.8,2026-09-09
2659,301270,汉仪股份,30.9,-1.75,2.1,791.9,31.12976845079,0.1974712,60.78929284,436.0,4140.0,62.4,2026-09-09
2660,301272,英华特,34.42,-0.75,1.4,222.24,34.460447837406,0.0640964,61.81448194,301.0,3883.0,60.8,2026-09-09
2661,301273,瑞晨环保,37.0,0.27,1.78,-47.96,36.672202782018,0.2986128,54.00031693,-58.0,5117.0,59.6,2026-09-09
2662,301275,汉朔科技,42.05,-2.71,1.36,26.47,42.383752954662,0.2724384,68.16218979,-17.0,1879.0,64.0,2026-09-09
2663,301276,嘉曼服饰,18.0,-1.75,3.15,18.76,18.092281020457,0.1441388,58.40021727,-167.0,4642.0,59.6,2026-09-09
2664,301277,新天地,10.1,-1.94,0.61,32.58,10.13883119168,0.1813936,64.88280684,-941.0,2944.0,62.4,2026-09-09
2665,301278,快可电子,28.58,-1.11,1.72,79.92,28.858459751118,0.1066644,69.53921296,1390.0,1480.0,62.0,2026-09-09
2666,301279,金道科技,23.75,-1.25,1.84,54.61,23.747616938839,0.1781928,64.99435877,-1261.0,2892.0,67.2,2026-09-09
2667,301280,珠城科技,42.32,0.09,0.94,30.65,42.571394537688,0.2095124,70.6034542,54.0,1207.0,60.0,2026-09-09
2668,301281,科源制药,47.88,-1.5,1.9,40.07,47.98621407748,0.2818056,70.56447732,194.0,1216.0,64.0,2026-09-09
2669,301282,金禄电子,42.88,6.4,11.28,81.29,42.367133078143,0.2866868,74.13493326,1419.0,517.0,79.2,2026-09-09
2670,301283,聚胶股份,24.55,-0.97,0.67,20.0,24.665578668838,0.0656652,70.17822578,1373.0,1299.0,60.4,2026-09-09
2671,301285,鸿日达,83.37,-0.22,0.99,-190.83,83.432741674432,0.32104,59.10742013,12.0,4506.0,60.8,2026-09-09
2672,301286,侨源股份,44.8,-0.18,0.64,64.93,44.959482041478,0.1907928,65.85686558,172.0,2627.0,62.4,2026-09-09
2673,301287,康力源,44.07,-2.07,4.49,127.18,44.766386256404,0.1832216,65.16207278,-1806.0,2851.0,68.8,2026-09-09
2674,301288,清研环境,17.52,-2.29,1.86,-53.92,17.71677817115,0.0754804,57.41526063,-1137.0,4799.0,62.8,2026-09-09
2675,301289,国缆检测,44.49,0.0,0.79,34.04,44.616733486691,0.1999864,68.72755818,750.0,1717.0,66.8,2026-09-09
2676,301290,东星医疗,27.95,-1.86,0.92,41.01,28.167532948929,0.1789716,66.45706621,1595.0,2421.0,61.2,2026-09-09
2677,301291,明阳电气,33.59,0.78,1.95,60.61,33.535416471579,0.2530368,69.38628462,2061.0,1520.0,70.8,2026-09-09
2678,301292,海科新源,64.61,3.33,9.57,17.36,64.199304641791,0.340878,76.87268814,957.0,236.0,70.0,2026-09-09
2679,301293,三博脑科,50.81,-1.15,1.9,159.79,50.959928803084,0.2530792,62.03386786,56.0,3819.0,75.2,2026-09-09
2680,301295,美硕科技,37.38,0.11,3.25,42.44,37.210333682008,0.1519352,67.09804811,1122.0,2212.0,57.6,2026-09-09
2681,301296,新巨丰,6.54,-1.21,0.59,59.23,6.539456134799,0.1397088,61.24478648,-1422.0,4023.0,61.6,2026-09-09
2682,301297,富乐德,40.7,-0.68,4.0,68.36,40.986012163277,0.3245224,70.0323379,412.0,1341.0,78.8,2026-09-09
2683,301298,东利机械,12.8,-2.07,1.3,183.09,12.883999123682,0.1270784,65.03130472,1458.0,2883.0,62.8,2026-09-09
2684,301299,卓创资讯,46.75,0.24,4.79,38.89,46.336474951085,0.2366148,75.3755652,-121.0,369.0,70.0,2026-09-09
2685,301300,远翔新材,33.43,-0.36,1.8,44.96,33.67232831473,0.0612272,65.90960813,458.0,2610.0,62.4,2026-09-09
2686,301301,川宁生物,8.25,-2.25,2.02,33.18,8.287525784438,0.1985728,65.1917954,-1813.0,2841.0,73.2,2026-09-09
2687,301302,华如科技,22.06,-0.94,2.37,-27.39,22.08843256803,0.176572,56.35203305,-563.0,4939.0,66.4,2026-09-09
2688,301303,真兰仪表,13.6,-0.8,0.52,23.55,13.627456477696,0.1665164,64.42464609,107.0,3116.0,56.4,2026-09-09
2689,301305,朗坤科技,26.66,-1.51,5.08,16.82,26.720813472816,0.2404272,68.46047537,-1475.0,1790.0,70.4,2026-09-09
2690,301306,西测测试,98.64,0.45,3.36,-72.67,98.149298110639,0.230934,59.70714982,680.0,4377.0,67.6,2026-09-09
2691,301307,美利信,55.98,-1.65,5.94,-35.61,56.866847498686,0.3387768,64.07490211,75.0,3227.0,63.6,2026-09-09
2692,301308,江波龙,348.03,-3.02,3.36,7.56,353.220749376571,0.3815296,72.8944475,-556.0,713.0,87.2,2026-09-09
2693,301309,万得凯,31.95,0.38,0.83,23.05,31.85700938311,0.1376052,68.69124873,548.0,1726.0,61.2,2026-09-09
2694,301310,鑫宏业,56.27,0.66,5.64,94.73,55.98403134336,0.3197944,73.51474368,234.0,606.0,64.0,2026-09-09
2695,301311,昆船智能,13.97,0.87,1.22,-30.71,13.980674331351,0.1697748,60.54484427,263.0,4202.0,65.6,2026-09-09
2696,301312,智立方,83.58,-1.42,7.23,151.95,84.943443551663,0.2841116,73.61474444,1154.0,585.0,77.2,2026-09-09
2697,301313,凡拓数创,32.63,-4.95,9.32,-21.61,33.025748837717,0.1803508,57.10431688,-2836.0,4846.0,66.8,2026-09-09
2698,301314,科瑞思,43.9,-1.48,4.51,342.59,44.504814878931,0.0989004,55.39450218,-333.0,5032.0,61.6,2026-09-09
2699,301315,威士顿,39.63,-1.66,2.19,155.56,39.640572434114,0.1835976,61.34271398,290.0,3993.0,72.4,2026-09-09
2700,301316,慧博云通,37.5,1.87,2.59,388.78,37.144107884701,0.3485564,74.96520439,1243.0,417.0,68.0,2026-09-09
2701,301317,鑫磊股份,49.5,-0.24,4.75,-87.58,49.70781728177,0.2270916,58.73398808,-1542.0,4574.0,64.0,2026-09-09
2702,301318,维海德,21.18,-1.94,0.94,81.23,21.214750591124,0.08161,62.08748129,-1288.0,3799.0,64.4,2026-09-09
2703,301319,唯特偶,92.8,-1.8,4.74,162.55,94.165689318287,0.2405552,59.99498563,-377.0,4320.0,64.8,2026-09-09
2704,301320,豪江智能,13.85,-0.29,0.99,220.37,13.922576638478,0.0355968,63.06457465,-785.0,3524.0,62.8,2026-09-09
2705,301321,翰博高新,45.51,-1.37,4.96,210.96,46.509790025451,0.3050328,73.13466353,-449.0,667.0,66.8,2026-09-09
2706,301322,绿通科技,45.61,11.33,9.36,-738.6,44.506689679776,0.3182208,66.70073134,1811.0,2354.0,58.8,2026-09-09
2707,301323,新莱福,68.68,-0.03,1.86,42.72,69.065406004547,0.149624,66.44073276,-681.0,2426.0,60.4,2026-09-09
2708,301325,曼恩斯特,29.22,-1.22,0.74,-24.62,29.411982873906,0.0943516,59.2398112,278.0,4488.0,64.4,2026-09-09
2709,301326,捷邦科技,102.22,0.19,2.39,-79.36,102.188926519372,0.1974188,63.62531136,738.0,3362.0,67.2,2026-09-09
2710,301327,华宝新能,42.31,-1.88,0.51,355.39,42.604968942401,0.1295812,59.68244456,282.0,4388.0,63.6,2026-09-09
2711,301328,维峰电子,50.68,0.76,2.07,76.64,50.890854047977,0.1956692,61.33477499,379.0,3999.0,58.4,2026-09-09
2712,301329,信音电子,19.63,0.05,3.04,40.5,19.719085714997,0.0992476,60.74213375,174.0,4156.0,58.8,2026-09-09
2713,301330,熵基科技,24.91,-2.47,1.26,36.8,25.039977066836,0.1269496,67.46882592,704.0,2083.0,68.4,2026-09-09
2714,301331,恩威医药,22.03,-0.72,1.04,70.73,22.070690655855,0.0837828,63.51395587,-417.0,3395.0,63.2,2026-09-09
2715,301332,德尔玛,7.86,-1.13,1.3,31.58,7.860847097825,0.2354664,67.98896871,178.0,1929.0,62.8,2026-09-09
2716,301333,诺思格,60.81,1.01,4.72,66.05,60.662427812473,0.234598,74.66223618,-414.0,454.0,74.8,2026-09-09
2717,301335,天元宠物,23.88,-1.57,2.07,75.82,23.816625921015,0.1925452,70.00990982,1767.0,1347.0,68.4,2026-09-09
2718,301336,趣睡科技,44.25,-1.23,3.69,104.25,44.402132094081,0.2558176,64.59857087,-501.0,3056.0,68.8,2026-09-09
2719,301337,亚华电子,28.75,-1.3,1.87,-208.6,28.861350365116,0.155068,66.74675667,1595.0,2335.0,67.2,2026-09-09
2720,301338,凯格精机,100.0,0.26,4.74,54.19,100.78721274973,0.2281868,76.11838111,244.0,296.0,69.2,2026-09-09
2721,301339,通行宝,11.03,-2.56,1.36,30.9,11.10514644706,0.1582244,70.70037762,-398.0,1182.0,67.6,2026-09-09
2722,301345,涛涛车业,225.4,-0.04,1.2,22.74,224.609060994764,0.2446664,71.1870397,-688.0,1060.0,60.8,2026-09-09
2723,301348,蓝箭电子,20.9,-1.04,2.66,843.58,21.130609233362,0.156706,56.45637955,84.0,4929.0,69.2,2026-09-09
2724,301349,信德新材,43.03,1.2,3.04,43.53,43.159135167441,0.1310364,68.80592611,1323.0,1695.0,60.4,2026-09-09
2725,301353,普莱得,19.19,-0.42,2.64,32.15,19.245924929619,0.0338368,66.37928904,-779.0,2441.0,60.0,2026-09-09
2726,301355,南王科技,11.55,3.31,15.32,-89.78,11.66544191405,0.161018,62.42052536,-991.0,3712.0,65.6,2026-09-09
2727,301356,天振股份,19.4,0.41,1.57,34.97,19.292658925908,0.2483212,64.56613046,969.0,3063.0,55.2,2026-09-09
2728,301357,北方长龙,104.18,-1.72,14.25,-184.96,106.449011176205,0.3215608,67.30366157,-1805.0,2145.0,86.4,2026-09-09
2729,301358,湖南裕能,55.75,0.23,1.38,8.12,55.532625043091,0.3364304,73.41120929,547.0,619.0,78.8,2026-09-09
2730,301359,东南电子,18.58,-0.85,1.49,62.17,18.644666299782,0.038384,64.84788385,-803.0,2959.0,62.0,2026-09-09
2731,301360,荣旗科技,54.65,1.02,4.27,7732.78,54.566403422509,0.1410152,62.61311916,-1718.0,3653.0,65.2,2026-09-09
2732,301361,众智科技,26.6,-0.86,1.6,37.37,26.618959190482,0.0794964,68.35625553,1978.0,1828.0,60.8,2026-09-09
2733,301362,民爆光电,107.97,0.5,5.31,142.13,109.091617720772,0.2093432,68.85480139,298.0,1680.0,60.0,2026-09-09
2734,301363,美好医疗,16.06,-1.17,1.05,51.41,16.067678175648,0.2050384,68.8898316,-750.0,1670.0,63.6,2026-09-09
2735,301365,矩阵股份,38.92,-0.08,1.18,130.86,38.80329160551,0.321776,61.96240748,-141.0,3844.0,62.8,2026-09-09
2736,301366,一博科技,58.98,2.27,13.78,96.81,59.792597156949,0.3059076,74.15138601,760.0,516.0,73.2,2026-09-09
2737,301367,瑞迈特,46.16,-1.62,1.68,22.84,46.128227292919,0.1940408,67.99489229,157.0,1928.0,64.0,2026-09-09
2738,301368,丰立智能,37.55,-1.86,0.94,-279.48,37.771876399131,0.1857756,58.4313708,477.0,4634.0,68.4,2026-09-09
2739,301369,联动科技,126.09,-0.06,2.7,275.64,127.690614486841,0.1592716,60.74708548,228.0,4152.0,62.0,2026-09-09
2740,301370,国科恒泰,8.72,-1.13,0.58,191.64,8.707107218297,0.1194364,65.70665598,959.0,2669.0,62.0,2026-09-09
2741,301371,敷尔佳,21.19,-2.08,4.67,21.53,21.250147860899,0.1624128,64.41655609,559.0,3118.0,67.6,2026-09-09
2742,301372,科净源,32.3,0.56,3.16,146.66,32.469416153436,0.2002768,62.5773281,1027.0,3663.0,62.8,2026-09-09
2743,301373,凌玮科技,100.18,3.12,8.85,80.08,100.749724803768,0.3212012,73.05511788,2543.0,681.0,69.2,2026-09-09
2744,301376,致欧科技,22.62,2.54,3.32,18.5,22.508277201777,0.189234,81.79676582,567.0,37.0,69.6,2026-09-09
2745,301377,鼎泰高科,392.0,-1.75,2.21,122.38,397.30463868145,0.2924524,71.22384092,-749.0,1049.0,70.8,2026-09-09
2746,301378,通达海,24.91,-1.89,3.08,-18.75,24.943399527354,0.0998348,61.29210113,-537.0,4007.0,62.8,2026-09-09
2747,301379,天山电子,20.65,-1.48,4.04,85.26,20.842719521796,0.2240608,68.76021783,439.0,1708.0,60.4,2026-09-09
2748,301380,挖金客,32.56,1.46,4.25,60.73,32.347022665137,0.2837948,65.89558855,1014.0,2619.0,63.2,2026-09-09
2749,301381,赛维时代,22.88,-0.09,0.71,28.06,22.878648575089,0.1752572,66.79260134,-722.0,2316.0,62.0,2026-09-09
2750,301382,蜂助手,35.82,-1.67,3.86,65.91,36.024815172688,0.2807472,66.70350599,-591.0,2352.0,68.0,2026-09-09
2751,301383,天键股份,24.38,0.83,3.27,-43.55,24.051292590346,0.1475468,69.79681014,310.0,1401.0,63.6,2026-09-09
2752,301386,未来电器,20.1,-1.23,1.94,42.29,20.145099908131,0.1610928,63.64361649,-1035.0,3355.0,62.0,2026-09-09
2753,301387,光大同创,55.41,0.2,5.65,-179.82,56.608467682634,0.1518812,63.48580847,253.0,3404.0,60.0,2026-09-09
2754,301388,欣灵电气,25.15,-1.18,1.4,88.46,25.26063942503,0.0570292,60.84921778,-302.0,4120.0,62.8,2026-09-09
2755,301389,隆扬电子,56.76,-1.15,2.04,194.26,57.478859985613,0.1864016,67.65167907,-102.0,2023.0,74.4,2026-09-09
2756,301390,经纬股份,37.5,1.9,2.66,-48.65,37.268099007338,0.1360036,64.33270749,335.0,3153.0,66.4,2026-09-09
2757,301391,卡莱特,44.51,-1.7,1.02,168.65,44.814388466413,0.0567552,58.79424379,184.0,4564.0,60.8,2026-09-09
2758,301392,汇成真空,170.8,-2.62,7.18,543.18,175.084640572755,0.299072,62.49686911,219.0,3690.0,63.6,2026-09-09
2759,301393,昊帆生物,58.38,2.39,8.32,44.56,57.895575966718,0.231074,74.0348532,424.0,534.0,63.6,2026-09-09
2760,301395,仁信新材,12.23,-0.33,2.33,-13.92,12.252782224397,0.1367736,60.53419696,-902.0,4205.0,59.6,2026-09-09
2761,301396,宏景科技,172.65,-1.81,6.4,135.33,175.103005827892,0.3348816,65.45307867,-1523.0,2750.0,78.4,2026-09-09
2762,301397,溯联股份,23.5,-1.18,2.21,67.87,23.62980910058,0.2574196,64.35310455,-195.0,3146.0,60.8,2026-09-09
2763,301398,星源卓镁,38.06,-0.89,1.41,-30.58,38.603068979992,0.1761616,60.79558427,123.0,4138.0,66.4,2026-09-09
2764,301399,英特科技,20.33,-1.45,10.59,-439.77,20.360850358527,0.240144,65.24399075,1165.0,2823.0,70.4,2026-09-09
2765,301408,华人健康,14.29,-2.46,3.57,21.03,14.369838952685,0.2024168,68.34868019,-936.0,1833.0,67.6,2026-09-09
2766,301413,安培龙,57.71,-2.5,2.74,1132.21,58.298786322431,0.1669388,61.8055503,522.0,3888.0,66.0,2026-09-09
2767,301418,协昌科技,34.33,-1.77,3.7,290.97,34.650244543781,0.1793416,52.72064331,-24.0,5157.0,56.0,2026-09-09
2768,301419,阿莱德,41.1,-0.58,5.84,105.88,41.355559778318,0.2301668,68.02487397,856.0,1916.0,78.8,2026-09-09
2769,301421,波长光电,75.8,-0.81,5.39,152.03,76.830437154043,0.1886836,67.10366319,-1199.0,2209.0,72.8,2026-09-09
2770,301428,世纪恒通,28.36,-1.9,2.58,44.75,28.512473034583,0.2341648,62.46222186,1071.0,3699.0,62.8,2026-09-09
2771,301429,森泰股份,17.61,-0.79,2.75,35.43,17.653944044293,0.0562628,66.37437291,-589.0,2444.0,61.6,2026-09-09
2772,301439,泓淋电力,14.55,2.32,4.67,27.62,14.424529469445,0.2471416,66.71060716,1982.0,2349.0,65.6,2026-09-09
2773,301446,福事特,37.59,1.68,1.82,44.84,37.500346470334,0.1291944,74.27407601,414.0,501.0,58.0,2026-09-09
2774,301448,开创电气,46.83,-0.11,2.29,389.17,47.44215938145,0.2751044,64.46904876,-1827.0,3100.0,66.0,2026-09-09
2775,301449,天溯计量,40.8,-3.18,6.41,36.86,41.118954620484,0.1264816,61.08421919,39.0,4060.0,64.8,2026-09-09
2776,301456,盘古智能,23.11,-1.24,1.86,38.55,23.193524976437,0.1661316,72.78097489,591.0,746.0,62.8,2026-09-09
2777,301458,钧崴电子,35.59,-0.84,3.99,64.6,36.045247704973,0.1984428,63.59403704,75.0,3375.0,62.0,2026-09-09
2778,301459,丰茂股份,32.77,0.96,4.53,38.38,32.370189213318,0.1529184,61.17720784,398.0,4038.0,66.0,2026-09-09
2779,301468,博盈特焊,31.97,1.49,3.48,2129.49,32.204578120535,0.170058,62.00097637,1085.0,3831.0,58.4,2026-09-09
2780,301469,恒达新材,28.38,-1.22,1.57,23.58,28.487236174328,0.0688092,66.32007033,313.0,2456.0,62.0,2026-09-09
2781,301479,弘景光电,51.06,-1.77,3.44,52.54,51.30811676944,0.1963416,70.0515286,-1092.0,1336.0,71.6,2026-09-09
2782,301486,致尚科技,195.55,3.53,13.25,1097.9,196.679922103647,0.4334064,75.72246346,788.0,333.0,79.2,2026-09-09
2783,301487,盟固利,15.56,-0.83,1.69,119.52,15.61475402823,0.190022,60.02942834,224.0,4315.0,70.4,2026-09-09
2784,301488,豪恩汽电,96.0,-2.32,2.23,157.53,97.169857368947,0.1814964,62.70173257,107.0,3621.0,66.4,2026-09-09
2785,301489,思泉新材,129.86,-3.67,11.3,224.65,130.982360006976,0.3760076,69.34498524,-1182.0,1531.0,82.4,2026-09-09
2786,301491,汉桑科技,37.79,-2.6,2.01,45.59,38.043406830213,0.1654592,67.88499487,-614.0,1953.0,62.4,2026-09-09
2787,301498,乖宝宠物,39.08,-3.15,1.93,41.05,39.316538219264,0.2082936,70.95181808,-859.0,1129.0,73.2,2026-09-09
2788,301499,维科精密,24.91,0.0,0.65,70.5,25.048816506272,0.11211,63.32408426,567.0,3453.0,59.2,2026-09-09
2789,301500,飞南资源,24.89,1.92,13.68,10.76,25.183120840404,0.2917476,80.05656299,396.0,82.0,69.6,2026-09-09
2790,301501,恒鑫生活,27.12,-2.38,2.42,32.32,27.273690229205,0.1360972,63.55757535,-321.0,3384.0,64.4,2026-09-09
2791,301502,华阳智能,49.49,-1.08,1.96,80.46,49.915649827288,0.082428,54.05809206,22.0,5115.0,58.0,2026-09-09
2792,301503,智迪科技,21.85,-1.31,1.92,421.77,21.954200381346,0.106352,64.91166673,-794.0,2930.0,65.2,2026-09-09
2793,301505,苏州规划,18.96,2.99,7.82,-71.56,18.795087051092,0.1588016,71.18339027,837.0,1061.0,69.2,2026-09-09
2794,301507,民生健康,12.27,-2.54,0.73,26.23,12.352571626085,0.1503368,70.78749934,1173.0,1164.0,62.8,2026-09-09
2795,301508,中机认检,24.88,-0.48,1.73,33.38,24.916453545472,0.0896668,65.52111741,-1481.0,2726.0,65.2,2026-09-09
2796,301509,金凯生科,28.75,-0.93,3.63,57.19,28.847355688194,0.1604992,67.4341054,37.0,2096.0,67.6,2026-09-09
2797,301510,固高科技,27.1,-1.56,1.78,65.44,27.408402532657,0.2360736,70.2104455,1545.0,1291.0,66.4,2026-09-09
2798,301511,德福科技,105.7,2.54,8.38,126.44,104.690988910921,0.4213236,76.55300902,7.0,260.0,89.6,2026-09-09
2799,301512,智信精密,30.43,-1.01,1.75,-21.56,30.53806529235,0.07386,59.50629569,-940.0,4427.0,59.2,2026-09-09
2800,301513,尚水智能,43.2,-0.48,2.9,96.76,43.217676369863,0.1534156,62.31480874,1242.0,3736.0,57.6,2026-09-09
2801,301515,港通医疗,19.36,-0.82,1.26,-52.75,19.442130861207,0.0422864,57.01457003,-455.0,4860.0,61.2,2026-09-09
2802,301516,中远通,19.08,-1.9,23.7,-135.68,19.27936671579,0.1995896,65.96901074,1043.0,2578.0,78.4,2026-09-09
2803,301517,陕西华达,38.22,0.05,1.75,-76.66,38.417140846722,0.1203444,57.78506693,-451.0,4739.0,65.6,2026-09-09
2804,301518,长华化学,23.67,-2.07,2.32,-41.93,23.847097265006,0.1088592,61.1194412,907.0,4051.0,63.2,2026-09-09
2805,301519,舜禹股份,12.24,-0.65,2.03,-31.05,12.263627700189,0.0725004,61.26844411,-625.0,4016.0,61.2,2026-09-09
2806,301520,万邦医药,63.27,-4.14,33.42,21359.63,63.857373991637,0.260442,55.80722525,-1920.0,5002.0,79.6,2026-09-09
2807,301522,上大股份,23.56,0.08,1.29,71.27,23.680061449021,0.162004,58.59234781,-156.0,4602.0,66.0,2026-09-09
2808,301525,儒竞科技,38.0,-2.59,0.96,98.02,38.333605316383,0.1031072,59.00425452,-541.0,4526.0,60.4,2026-09-09
2809,301526,国际复材,27.55,1.59,8.65,81.2,27.771662453273,0.367862,71.10541401,2570.0,1081.0,77.6,2026-09-09
2810,301528,多浦乐,60.09,1.81,2.48,126.58,59.690154373674,0.240736,66.59201873,627.0,2382.0,58.4,2026-09-09
2811,301529,福赛科技,122.9,-2.88,3.82,100.68,124.020982308309,0.3130556,70.05710047,-1113.0,1335.0,74.0,2026-09-09
2812,301531,春光集团,46.1,-1.16,2.39,67.58,46.589967848531,0.1327884,62.55425471,245.0,3667.0,59.6,2026-09-09
2813,301533,威马农机,29.94,-2.41,8.75,69.8,30.215330500232,0.1575788,63.20746404,-2294.0,3481.0,68.8,2026-09-09
2814,301535,浙江华远,14.02,-2.84,1.48,67.56,14.106687793641,0.1229556,61.89149479,-173.0,3864.0,60.8,2026-09-09
2815,301536,星宸科技,117.17,-1.6,5.62,28.63,118.5636299394,0.3670664,75.10514693,935.0,400.0,76.4,2026-09-09
2816,301538,骏鼎达,41.08,0.91,4.23,30.02,41.249243109244,0.2297564,73.43405477,1410.0,617.0,62.4,2026-09-09
2817,301539,宏鑫科技,15.1,-3.39,4.5,-63.27,15.27737300516,0.0995348,58.71627632,-930.0,4576.0,64.0,2026-09-09
2818,301548,崇德科技,55.38,0.42,4.8,33.89,55.578637113333,0.197036,62.42254557,-1025.0,3711.0,57.6,2026-09-09
2819,301550,斯菱智驱,95.85,-1.6,5.03,208.14,96.309917161731,0.3366432,69.71622988,-399.0,1425.0,84.4,2026-09-09
2820,301551,无线传媒,21.87,-3.91,5.41,31.41,22.019733480137,0.1886372,64.01448838,-2008.0,3245.0,72.4,2026-09-09
2821,301552,科力装备,24.68,-1.08,3.8,29.64,24.754482438762,0.15404,63.86262656,843.0,3288.0,65.2,2026-09-09
2822,301555,惠柏新材,34.81,0.52,2.41,26.07,34.808885895214,0.1708572,69.38701622,685.0,1519.0,64.0,2026-09-09
2823,301556,托普云农,66.79,-4.45,12.97,65.72,67.598848990373,0.2438768,70.8272258,-599.0,1157.0,74.4,2026-09-09
2824,301557,常友科技,85.98,0.69,1.75,115.39,85.803024669289,0.2463024,69.93756789,984.0,1368.0,58.8,2026-09-09
2825,301558,三态股份,6.7,-2.19,3.21,297.86,6.725289256198,0.164336,63.06688354,-817.0,3523.0,66.8,2026-09-09
2826,301559,中集环科,13.3,-0.45,1.56,88.27,13.312693784668,0.165736,65.35403469,960.0,2781.0,62.0,2026-09-09
2827,301560,众捷股份,24.1,-2.11,3.37,2255.89,24.334190877692,0.1317952,60.61670985,204.0,4186.0,65.2,2026-09-09
2828,301563,云汉芯城,113.71,-2.25,5.14,29.01,115.256949883752,0.1534088,65.795079,-550.0,2641.0,62.0,2026-09-09
2829,301565,中仑新材,19.1,0.26,2.33,56.18,19.156056664886,0.1475276,61.70789865,855.0,3908.0,61.6,2026-09-09
2830,301566,达利凯普,24.49,-0.37,4.94,41.15,24.769908212704,0.2491504,67.29668859,1589.0,2148.0,74.8,2026-09-09
2831,301567,贝隆精密,35.49,-1.2,4.78,311.13,35.554066193853,0.0927228,59.15098638,-310.0,4498.0,64.0,2026-09-09
2832,301568,思泰克,69.65,2.01,6.76,66.84,70.39166886253,0.2304896,74.38786171,264.0,485.0,61.6,2026-09-09
2833,301571,国科天成,73.88,2.17,4.57,65.89,74.157129130725,0.295714,71.31920088,502.0,1028.0,70.0,2026-09-09
2834,301575,艾芬达,25.32,-4.67,5.45,26.03,25.620482449697,0.154218,59.9037942,-101.0,4342.0,60.8,2026-09-09
2835,301577,美信科技,57.3,-1.73,5.37,-68.11,58.224470767375,0.1314508,57.95045663,413.0,4713.0,62.8,2026-09-09
2836,301578,辰奕智能,23.87,-0.71,2.92,251.99,23.984871634564,0.0847488,66.66108271,-1451.0,2362.0,61.2,2026-09-09
2837,301580,爱迪特,54.21,-0.35,2.95,38.69,54.63374296647,0.2302016,68.10248856,1152.0,1892.0,60.8,2026-09-09
2838,301581,黄山谷捷,35.8,-2.61,1.4,204.85,36.212715931096,0.1826372,65.77224898,798.0,2646.0,58.8,2026-09-09
2839,301584,建发致新,20.51,-3.44,3.51,29.33,20.719912027019,0.1338212,66.27812816,-223.0,2466.0,62.4,2026-09-09
2840,301585,蓝宇股份,28.38,-0.94,1.18,63.6,28.48466512386,0.1569516,66.36398831,-1221.0,2447.0,64.8,2026-09-09
2841,301586,佳力奇,30.87,0.32,2.15,-77.93,30.99612871335,0.147894,62.01290301,1191.0,3826.0,62.8,2026-09-09
2842,301587,中瑞股份,20.87,-0.38,1.73,54.45,20.938234598091,0.1288924,59.39060013,-893.0,4452.0,60.8,2026-09-09
2843,301588,美新科技,28.17,-1.4,2.88,68.31,28.491150987169,0.1409576,62.8018545,-624.0,3592.0,56.0,2026-09-09
2844,301589,诺瓦星云,144.5,0.16,1.17,20.13,143.242341066646,0.2872852,74.67052394,333.0,452.0,64.8,2026-09-09
2845,301590,优优绿能,69.85,-2.09,3.46,-53.43,70.715584812857,0.1320916,64.40244932,1447.0,3127.0,62.8,2026-09-09
2846,301591,肯特股份,46.79,1.23,36.3,79.69,47.852893026424,0.2776124,66.64343697,2412.0,2372.0,73.6,2026-09-09
2847,301592,六九一二,101.66,-1.93,3.37,-189.08,102.192814188825,0.2109156,62.84746836,162.0,3582.0,61.6,2026-09-09
2848,301595,太力科技,43.58,3.98,6.11,114.0,43.020105909767,0.2175984,78.65629783,1041.0,141.0,69.2,2026-09-09
2849,301596,瑞迪智驱,47.11,-2.77,3.24,54.43,47.566856151099,0.197532,62.80186869,92.0,3591.0,62.0,2026-09-09
2850,301598,博科测试,51.1,-1.71,2.74,24.79,51.310755124209,0.1423584,63.26324532,280.0,3467.0,64.8,2026-09-09
2851,301599,理奇智能,30.9,-1.78,3.87,56.35,31.14183706273,0.151092,58.40288868,309.0,4640.0,65.2,2026-09-09
2852,301600,慧翰股份,80.11,-3.48,2.87,79.74,81.75966773308,0.240334,63.66246405,-322.0,3342.0,60.0,2026-09-09
2853,301601,惠通科技,15.86,-1.92,1.99,-76.99,15.935879742444,0.0541596,63.6478638,737.0,3350.0,62.0,2026-09-09
2854,301602,超研股份,15.68,-2.61,1.36,123.94,15.754333205779,0.097442,60.57014436,-67.0,4197.0,69.2,2026-09-09
2855,301603,乔锋智能,121.6,-0.21,5.26,26.87,121.53383118782,0.2510584,74.13360072,420.0,518.0,62.8,2026-09-09
2856,301606,绿联科技,55.02,0.79,3.51,26.48,54.068540670852,0.2481484,76.47987542,96.0,266.0,74.4,2026-09-09
2857,301607,富特科技,41.2,-3.15,4.42,30.56,41.735379738064,0.35998,74.52029119,119.0,466.0,65.2,2026-09-09
2858,301608,博实结,43.28,-1.66,1.55,23.1,43.554630616141,0.1910024,67.71511168,490.0,2003.0,61.2,2026-09-09
2859,301609,山大电力,31.93,-1.11,1.67,55.26,32.113813688218,0.1557548,63.62659609,803.0,3361.0,61.6,2026-09-09
2860,301611,珂玛科技,88.74,-0.92,3.25,196.9,89.596060611916,0.2193288,61.1167758,22.0,4052.0,67.2,2026-09-09
2861,301613,新铝时代,35.75,-0.91,0.58,34.62,35.755194496822,0.1617304,61.14403228,306.0,4046.0,59.2,2026-09-09
2862,301616,浙江华业,36.13,-1.09,2.19,39.17,36.424307073955,0.1550864,71.91536161,-353.0,896.0,63.2,2026-09-09
2863,301617,博苑新材,48.46,0.14,1.45,43.14,48.414374088527,0.2938244,63.3041209,179.0,3458.0,59.2,2026-09-09
2864,301618,长联科技,30.97,-1.21,1.66,132.3,31.052805361072,0.1613736,57.20657311,-41.0,4828.0,61.6,2026-09-09
2865,301622,英思特,37.66,-1.95,1.49,-83.43,37.951749560904,0.0849616,57.81364661,-347.0,4729.0,62.8,2026-09-09
2866,301626,苏州天脉,289.42,7.27,5.66,875.48,281.006849402993,0.5132416,74.120506,1009.0,520.0,71.2,2026-09-09
2867,301628,强达电路,128.32,9.26,21.79,83.88,127.63158748139,0.3486224,66.02328738,-352.0,2558.0,77.6,2026-09-09
2868,301629,矽电股份,288.75,-0.52,4.08,-970.21,292.536744118987,0.2981788,63.84789958,245.0,3292.0,70.0,2026-09-09
2869,301630,同宇新材,191.0,3.42,8.62,44.96,191.7778657645,0.3161408,73.11140211,2111.0,674.0,68.8,2026-09-09
2870,301631,壹连科技,65.22,0.06,13.09,32.33,66.97849097589,0.2559036,76.94843093,21.0,232.0,68.4,2026-09-09
2871,301632,广东建科,13.57,-2.09,1.66,79.76,13.653388271249,0.10672,61.86006169,-90.0,3873.0,63.6,2026-09-09
2872,301633,港迪技术,57.98,-5.83,8.93,-66.76,59.206755449631,0.3307364,65.94554354,-724.0,2589.0,67.2,2026-09-09
2873,301636,泽润新能,38.95,-2.21,2.33,144.19,39.235542579754,0.0601136,58.11803097,-63.0,4684.0,60.8,2026-09-09
2874,301638,南网数字,21.74,-0.64,1.8,170.74,21.74027258074,0.2768628,69.68199579,54.0,1438.0,70.0,2026-09-09
2875,301656,联合动力,14.56,-2.08,2.03,-198.73,14.652241921869,0.2010688,61.26455573,274.0,4019.0,60.8,2026-09-09
2876,301658,首航新能,22.21,-2.16,2.24,-63.51,22.406253312544,0.0876784,55.68725586,-259.0,5012.0,62.0,2026-09-09
2877,301662,宏工科技,60.57,-1.93,5.17,37.46,61.024877578158,0.2124128,57.19448469,-27.0,4830.0,66.4,2026-09-09
2878,301665,泰禾股份,23.49,-1.59,3.0,21.94,23.719036202426,0.190106,66.77374656,-1825.0,2325.0,66.8,2026-09-09
2879,301666,大普微-UW,397.32,-3.02,8.46,64.96,404.944543565504,0.3810544,66.58715695,-498.0,2385.0,78.0,2026-09-09
2880,301667,纳百川,58.02,-2.55,5.59,-232.8,58.590993364449,0.17638,54.50575257,-159.0,5100.0,60.8,2026-09-09
2881,301668,昊创瑞通,32.77,-4.85,7.0,57.27,33.367132246391,0.1505744,61.02257248,-657.0,4079.0,61.6,2026-09-09
2882,301669,高特电子,25.42,-1.17,4.01,152.82,25.652296355734,0.1856684,,,,,2026-09-09
2883,301678,新恒汇,44.16,-1.21,1.2,156.39,44.650025549237,0.1560412,65.08496528,436.0,2869.0,60.8,2026-09-09
2884,301680,固德电材,103.4,5.15,15.65,43.38,102.74251146292,0.3671448,82.32022623,100.0,27.0,66.8,2026-09-09
2885,301682,宏明电子,105.5,0.34,3.76,33.62,106.131093172696,0.2955848,69.2658921,1904.0,1554.0,61.2,2026-09-09
2886,301683,慧谷新材,95.35,-0.82,3.05,27.19,95.577462686567,0.1793904,65.18023794,57.0,2846.0,61.6,2026-09-09
2887,301687,新广益,49.21,-1.24,7.8,60.65,49.721833871607,0.2089956,72.66409913,416.0,767.0,64.4,2026-09-09
2888,301696,三瑞智能,94.11,2.16,7.12,70.99,93.857626643525,0.25325,68.80346,285.0,1696.0,60.0,2026-09-09
2889,302132,中航成飞,65.15,4.73,2.89,122.76,64.764709525539,0.3848968,78.613223,292.0,144.0,87.2,2026-09-09
2890,600000,浦发银行,9.23,-0.54,0.15,4.97,9.25246793457,0.3516568,68.97219727,-828.0,1650.0,90.8,2026-09-09
2891,600004,白云机场,7.82,0.13,0.36,23.62,7.805526402978,0.150144,70.31087614,531.0,1267.0,74.8,2026-09-09
2892,600006,东风股份,5.39,0.19,0.41,43.38,5.39258416475,0.21699,64.97995862,1181.0,2897.0,77.6,2026-09-09
2893,600007,中国国贸,19.31,0.42,0.17,15.35,19.316256571513,0.0749308,72.33500804,57.0,831.0,73.2,2026-09-09
2894,600008,首创环保,2.83,0.0,0.7,12.37,2.825567964709,0.33595,64.58752398,-1218.0,3058.0,76.4,2026-09-09
2895,600009,上海机场,23.78,-0.29,0.22,24.33,23.756650105037,0.2703372,69.54956919,-866.0,1474.0,83.2,2026-09-09
2896,600010,包钢股份,2.22,0.45,0.73,179.69,2.21532834878,0.4820656,63.55228732,-710.0,3389.0,75.2,2026-09-09
2897,600011,华能国际,7.04,2.03,1.07,8.39,6.983159370188,0.4295048,71.74597666,1206.0,929.0,84.0,2026-09-09
2898,600012,皖通高速,15.86,-1.12,0.84,13.45,15.825091793831,0.119884,69.52502888,-368.0,1482.0,69.6,2026-09-09
2899,600015,华夏银行,6.35,0.63,0.53,5.4,6.335363649227,0.498204,70.23620825,361.0,1283.0,83.6,2026-09-09
2900,600016,民生银行,3.64,0.28,0.58,4.08,3.633729843181,0.5031908,65.97849189,271.0,2575.0,87.6,2026-09-09
2901,600017,日照港,2.92,1.39,1.26,13.5,2.906521019051,0.3135744,68.87324383,631.0,1677.0,73.6,2026-09-09
2902,600018,上港集团,5.5,1.1,0.22,7.51,5.481211580164,0.3082596,72.88599867,-363.0,717.0,82.0,2026-09-09
2903,600019,宝钢股份,5.9,1.2,0.53,14.06,5.873765925558,0.42386,72.98813742,-421.0,695.0,85.6,2026-09-09
2904,600020,中原高速,3.94,0.25,0.54,6.45,3.93411961218,0.288632,64.82015613,-937.0,2968.0,70.0,2026-09-09
2905,600021,上海电力,13.66,1.19,0.98,19.25,13.588412229438,0.3261464,65.90301584,465.0,2615.0,77.6,2026-09-09
2906,600022,山东钢铁,1.36,0.74,1.07,-245.82,1.358751507608,0.5336224,67.15211993,-110.0,2194.0,73.2,2026-09-09
2907,600023,浙能电力,5.02,1.83,0.73,22.4,4.996383016186,0.4385332,71.78005201,269.0,921.0,80.0,2026-09-09
2908,600025,华能水电,9.75,1.46,0.16,20.75,9.685428195037,0.3486152,76.97354849,742.0,230.0,83.6,2026-09-09
2909,600026,中远海能,21.43,5.93,2.72,12.9,21.167038059914,0.4393164,85.43149211,17.0,4.0,90.4,2026-09-09
2910,600027,华电国际,4.9,1.24,0.91,9.16,4.870358464642,0.4158036,69.00054726,808.0,1640.0,84.0,2026-09-09
2911,600028,中国石化,5.61,0.36,0.24,13.24,5.601486554932,0.4136584,73.77977406,-471.0,565.0,92.0,2026-09-09
2912,600029,南方航空,5.03,0.2,0.38,-12.33,5.017991358468,0.4838456,68.48035897,37.0,1784.0,81.2,2026-09-09
2913,600030,中信证券,27.33,-0.04,0.59,9.15,27.287589799715,0.4636872,70.91775901,-8.0,1139.0,88.0,2026-09-09
2914,600031,三一重工,20.22,1.25,0.81,16.34,20.098038372158,0.3884268,70.22070824,-762.0,1287.0,84.0,2026-09-09
2915,600032,浙江新能,7.0,1.74,0.75,53.98,6.959317257333,0.2440616,66.24338468,599.0,2477.0,72.4,2026-09-09
2916,600033,福建高速,3.66,0.55,0.76,9.87,3.640337313663,0.3011784,75.09244468,900.0,402.0,71.6,2026-09-09
2917,600035,楚天高速,3.74,0.0,0.61,6.88,3.745700202869,0.298146,68.20651866,-585.0,1866.0,70.4,2026-09-09
2918,600036,招商银行,41.0,0.24,0.21,6.76,41.053622660564,0.4439232,74.88723691,-286.0,429.0,92.4,2026-09-09
2919,600037,歌华有线,7.07,-1.94,1.0,23.05,7.074760360609,0.243226,74.95417501,21.0,420.0,75.2,2026-09-09
2920,600038,中直股份,28.12,0.75,0.94,61.48,28.181693741548,0.2378232,68.73477907,-316.0,1716.0,82.8,2026-09-09
2921,600039,四川路桥,9.24,0.33,0.15,13.0,9.224747357413,0.1467788,76.20569016,687.0,287.0,78.0,2026-09-09
2922,600048,保利发展,5.22,-1.14,0.94,15.95,5.21862859526,0.4385528,64.46625645,-9.0,3101.0,90.0,2026-09-09
2923,600050,中国联通,4.21,-0.71,0.36,15.9,4.211239769829,0.4054488,74.81622962,258.0,436.0,81.6,2026-09-09
2924,600051,宁波联合,6.49,0.31,1.37,55.03,6.480402071725,0.1196484,66.18199575,-1419.0,2503.0,66.4,2026-09-09
2925,600052,东望时代,3.91,-1.76,1.16,-120.23,3.928263467126,0.1653568,57.61201371,-127.0,4768.0,63.6,2026-09-09
2926,600053,*ST九鼎,8.02,-1.84,0.51,-19.72,8.021929282065,0.2319284,59.71618049,-585.0,4376.0,70.4,2026-09-09
2927,600054,黄山旅游,11.71,-0.43,2.27,32.78,11.677517216413,0.1832208,72.51900204,66.0,793.0,80.0,2026-09-09
2928,600055,万东医疗,10.48,-2.6,0.88,-40.19,10.564365215144,0.1964068,58.47270679,-584.0,4625.0,72.4,2026-09-09
2929,600056,中国医药,9.1,-0.76,0.48,27.32,9.112907995498,0.2211808,66.83474428,-930.0,2300.0,81.2,2026-09-09
2930,600057,厦门象屿,6.5,-0.91,1.03,8.66,6.497474408194,0.2183944,75.24661514,899.0,380.0,76.4,2026-09-09
2931,600058,五矿发展,9.71,-0.41,0.51,890.24,9.713498006939,0.1979336,66.21208685,1481.0,2491.0,69.6,2026-09-09
2932,600059,古越龙山,9.4,6.82,9.75,46.79,9.464031607864,0.3873404,81.28126746,1671.0,48.0,85.2,2026-09-09
2933,600060,海信视像,27.87,1.01,0.72,15.21,27.863644761123,0.1844292,75.6986751,146.0,336.0,77.2,2026-09-09
2934,600061,国投资本,6.48,0.15,0.34,9.42,6.45892339766,0.3531028,68.52559961,-516.0,1774.0,76.4,2026-09-09
2935,600062,华润双鹤,16.21,0.06,0.44,8.9,16.21915672183,0.2365208,73.93160963,998.0,542.0,80.4,2026-09-09
2936,600063,皖维高新,5.64,0.53,1.13,18.62,5.628677469734,0.320028,63.88672014,1107.0,3276.0,69.6,2026-09-09
2937,600064,南京高科,7.76,0.0,0.75,5.35,7.78032759958,0.3003536,76.01695022,-79.0,307.0,74.8,2026-09-09
2938,600066,宇通客车,27.87,-0.14,0.58,16.52,27.796175165097,0.2125416,71.50447653,114.0,993.0,84.8,2026-09-09
2939,600067,冠城新材,2.9,-0.68,1.26,-47.22,2.905060197592,0.2291036,60.03230607,460.0,4314.0,68.8,2026-09-09
2940,600071,凤凰光学,16.91,0.42,0.73,360.39,16.948222460833,0.1391776,68.7039648,540.0,1722.0,73.6,2026-09-09
2941,600072,中船科技,9.15,1.33,2.32,-13.18,9.136539918789,0.2487008,68.69831826,1642.0,1723.0,80.0,2026-09-09
2942,600073,光明肉业,5.85,-1.18,1.37,25.71,5.86114748698,0.2013456,60.68363529,-1966.0,4168.0,78.4,2026-09-09
2943,600075,新疆天业,5.15,2.79,2.41,197.88,5.12556087151,0.2289536,73.79476283,1349.0,563.0,80.0,2026-09-09
2944,600076,康欣新材,2.54,-6.27,5.74,-12.6,2.572414533064,0.1964052,47.47556765,1.0,5193.0,68.4,2026-09-09
2945,600078,澄星股份,11.13,0.27,3.19,32.15,11.075548715989,0.257298,60.82005713,-2433.0,4128.0,74.8,2026-09-09
2946,600079,ST人福,18.61,-1.01,0.52,11.42,18.653431129597,0.3724168,71.54767941,265.0,984.0,77.2,2026-09-09
2947,600080,ST金花,4.98,-0.4,0.71,1176.57,4.993368953668,0.2470856,66.37844159,138.0,2442.0,67.2,2026-09-09
2948,600081,东风科技,10.43,0.0,0.3,32.28,10.4368254284,0.1440544,67.19885551,1477.0,2175.0,73.6,2026-09-09
2949,600082,ST海泰,3.05,-0.97,0.62,-33.38,3.044698396667,0.2638356,63.94183393,-1935.0,3262.0,66.0,2026-09-09
2950,600084,*ST尼雅,4.33,-1.14,0.32,316.15,4.383350983566,0.1761296,61.05507213,68.0,4070.0,65.6,2026-09-09
2951,600085,同仁堂,23.99,-1.48,0.34,22.65,24.062704309709,0.2921024,64.72563258,43.0,3007.0,83.6,2026-09-09
2952,600088,中视传媒,12.54,-4.57,4.52,-92.11,12.558531667715,0.2209408,70.13686613,-1184.0,1315.0,84.0,2026-09-09
2953,600089,特变电工,19.28,1.05,1.37,19.08,19.134997918987,0.3911932,71.48864536,387.0,1000.0,80.4,2026-09-09
2954,600094,大名城,4.06,-1.93,1.07,471.72,4.098233860077,0.2870848,69.89099812,-73.0,1379.0,65.6,2026-09-09
2955,600095,湘财股份,9.19,-2.96,2.07,24.82,9.223573438342,0.2453416,67.51997079,72.0,2065.0,88.4,2026-09-09
2956,600096,云天化,31.62,-0.91,2.21,9.82,31.459467706401,0.3786772,73.65039325,-536.0,580.0,92.8,2026-09-09
2957,600097,开创国际,10.02,1.21,5.48,-39.83,10.044320078818,0.1391756,72.27220711,-665.0,841.0,75.6,2026-09-09
2958,600098,广州发展,6.37,0.63,0.52,11.8,6.335149059513,0.2762604,70.38721352,482.0,1256.0,75.2,2026-09-09
2959,600099,林海股份,9.49,0.74,1.56,76.08,9.491956812784,0.1110512,68.88609537,726.0,1673.0,66.4,2026-09-09
2960,600100,同方股份,6.82,-0.87,0.38,-110.75,6.831303422413,0.2730664,58.14494198,-1101.0,4679.0,76.0,2026-09-09
2961,600101,明星电力,7.95,1.02,1.91,41.02,7.909912476477,0.245532,66.45956296,1681.0,2420.0,74.8,2026-09-09
2962,600103,青山纸业,3.94,-2.72,18.09,109.73,3.969185855913,0.2766228,60.71255546,-766.0,4161.0,94.4,2026-09-09
2963,600104,上汽集团,10.93,2.05,0.58,12.19,10.873856315997,0.3531308,81.13424213,175.0,55.0,82.0,2026-09-09
2964,600105,永鼎股份,41.48,6.06,11.86,60.23,41.298964473367,0.4151148,78.29191823,2125.0,159.0,87.2,2026-09-09
2965,600106,重庆路桥,4.64,0.0,0.66,40.07,4.617790948221,0.257676,67.26641553,1624.0,2153.0,69.6,2026-09-09
2966,600107,*ST尔雅,6.2,-1.43,0.5,-89.24,6.159146551246,0.2185948,56.33512641,-5.0,4943.0,66.0,2026-09-09
2967,600108,亚盛集团,5.71,8.14,40.55,223.06,5.731657361748,0.4296732,69.11876592,-1327.0,1602.0,93.6,2026-09-09
2968,600109,国金证券,8.57,-0.23,0.44,12.02,8.574346598911,0.2950176,63.17218215,59.0,3495.0,79.6,2026-09-09
2969,600110,诺德股份,11.26,-1.92,6.5,94.93,11.421128989819,0.2710692,60.12231482,-811.0,4291.0,86.4,2026-09-09
2970,600111,北方稀土,38.9,-0.36,0.71,34.25,38.859000226042,0.3253336,64.51840889,131.0,3083.0,76.0,2026-09-09
2971,600113,浙江东日,32.34,2.24,2.72,149.99,32.077382398251,0.3277836,74.09102726,327.0,527.0,76.4,2026-09-09
2972,600114,XD东睦股,28.59,-0.49,1.53,47.6,28.750467814044,0.3405504,67.56840439,148.0,2053.0,77.2,2026-09-09
2973,600115,中国东航,3.51,0.57,0.76,-17.79,3.489040144395,0.4377472,69.59070987,1864.0,1459.0,81.6,2026-09-09
2974,600116,三峡水利,6.4,1.59,0.68,16.19,6.351943764424,0.211356,75.70157921,241.0,335.0,77.2,2026-09-09
2975,600117,西宁特钢,2.35,0.86,0.43,-12.29,2.328204408818,0.2334728,67.57457464,-12.0,2047.0,72.0,2026-09-09
2976,600118,中国卫星,58.36,0.86,1.88,998.24,58.140544226818,0.3252436,67.89261391,1864.0,1952.0,77.6,2026-09-09
2977,600119,*ST长投,5.22,0.0,0.66,-111.14,5.185493133583,0.1671548,60.79750754,-220.0,4137.0,69.2,2026-09-09
2978,600120,浙江东方,4.96,0.4,0.91,9.66,4.929771610348,0.28401,69.82166754,2340.0,1394.0,73.2,2026-09-09
2979,600121,郑州煤电,5.7,10.04,17.64,-10.25,5.420766806006,0.3617264,64.75923965,861.0,2997.0,92.4,2026-09-09
2980,600123,兰花科创,7.38,1.93,2.36,65.41,7.33842675081,0.2689792,62.46742405,-1171.0,3697.0,77.6,2026-09-09
2981,600125,铁龙物流,5.5,0.55,0.78,9.32,5.476312131913,0.2526172,68.64193203,-699.0,1743.0,72.0,2026-09-09
2982,600126,杭钢股份,6.56,2.82,2.02,884.33,6.410331054506,0.3375528,74.35002666,1408.0,491.0,85.2,2026-09-09
2983,600127,金健米业,14.33,-3.11,38.93,-480.04,14.467633189419,0.335268,55.92811475,-922.0,4987.0,95.6,2026-09-09
2984,600128,苏豪弘业,8.76,-0.9,1.38,50.46,8.762896193671,0.1337176,65.2793399,-729.0,2807.0,71.6,2026-09-09
2985,600129,太极集团,13.78,-2.75,2.01,43.24,13.876523058286,0.2090964,57.02339541,-458.0,4859.0,76.8,2026-09-09
2986,600130,波导股份,4.55,-2.57,2.92,465.03,4.573501615536,0.225734,66.75853658,-647.0,2330.0,78.4,2026-09-09
2987,600131,国网信通,14.59,-1.55,0.51,37.74,14.623184113165,0.2140904,69.92856352,-882.0,1371.0,77.6,2026-09-09
2988,600132,重庆啤酒,39.71,-0.9,0.45,12.07,39.77958914652,0.1633104,67.05113055,-908.0,2232.0,80.8,2026-09-09
2989,600133,东湖高新,8.3,-0.48,0.91,-274.17,8.32573671236,0.2657688,61.93397305,-574.0,3853.0,72.4,2026-09-09
2990,600135,乐凯胶片,7.68,0.0,1.04,-65.56,7.689637058943,0.1128956,60.49395408,-1563.0,4216.0,68.0,2026-09-09
2991,600136,ST明诚,1.51,-1.31,0.49,-1993.49,1.511396622064,0.3694692,61.37384969,-1726.0,3986.0,65.6,2026-09-09
2992,600137,浪莎股份,18.29,-0.38,1.19,102.32,18.258497758022,0.0844416,68.37813021,904.0,1822.0,66.0,2026-09-09
2993,600138,中青旅,7.56,-0.13,2.1,123.64,7.498944822418,0.2460596,65.47058134,190.0,2741.0,80.0,2026-09-09
2994,600141,兴发集团,31.5,-1.32,2.55,22.55,31.384252193865,0.3355736,68.83824184,-1510.0,1684.0,88.0,2026-09-09
2995,600143,金发科技,13.54,-1.6,0.85,26.42,13.601117039552,0.2388388,67.13273662,-274.0,2201.0,73.6,2026-09-09
2996,600148,长春一东,16.64,1.03,2.52,99.66,16.564336310172,0.1637364,68.58059847,340.0,1762.0,74.8,2026-09-09
2997,600149,廊坊发展,5.21,0.39,2.28,317.59,5.206745922599,0.2076768,65.67374226,-381.0,2676.0,72.0,2026-09-09
2998,600150,中国船舶,39.53,1.15,1.59,14.94,39.282100500775,0.469392,81.80745169,89.0,35.0,94.4,2026-09-09
2999,600151,航天机电,9.91,1.43,1.78,-529.18,9.910639494474,0.292308,64.41166757,-416.0,3121.0,73.6,2026-09-09
3000,600152,维科技术,8.18,0.0,1.59,-58.05,8.159028589392,0.1930832,60.59070338,86.0,4194.0,71.6,2026-09-09
3001,600153,建发股份,8.42,0.0,0.41,12.34,8.416143779283,0.1769452,61.87113486,45.0,3871.0,78.4,2026-09-09
3002,600155,华创云信,6.1,-1.45,1.06,27.9,6.123185847794,0.333586,62.58275749,392.0,3662.0,77.6,2026-09-09
3003,600156,华升股份,8.69,-1.59,2.29,-72.8,8.715739029904,0.164662,58.79426684,93.0,4563.0,70.0,2026-09-09
3004,600157,永泰能源,1.57,0.0,2.01,189.12,1.5714811318,0.684016,64.60604649,361.0,3048.0,76.4,2026-09-09
3005,600158,中体产业,7.34,-1.61,2.74,-549.79,7.315324114055,0.2652968,71.84535253,1785.0,909.0,76.8,2026-09-09
3006,600159,大龙地产,2.8,-1.75,2.49,-33.99,2.80143567099,0.1523156,61.88347109,-60.0,3867.0,72.0,2026-09-09
3007,600160,巨化股份,38.4,0.44,0.55,19.56,38.181707714622,0.357638,73.86512889,1014.0,555.0,77.6,2026-09-09
3008,600161,天坛生物,12.56,-1.34,0.5,41.54,12.625070426849,0.1777612,69.04344362,-561.0,1622.0,82.8,2026-09-09
3009,600162,香江控股,5.22,-5.09,7.43,-511.42,5.360549698305,0.3665212,63.58752384,-2803.0,3377.0,90.8,2026-09-09
3010,600163,中闽能源,5.4,2.66,1.46,14.81,5.351599005046,0.2707828,73.8362443,1614.0,559.0,72.0,2026-09-09
3011,600165,宁科生物,3.25,-2.69,2.91,-19.82,3.283392035664,0.228108039216,56.56741788,-1380.0,4913.0,77.6,2026-09-09
3012,600166,福田汽车,2.91,-0.34,0.87,12.72,2.907220153171,0.394678,68.69401674,-895.0,1724.0,75.2,2026-09-09
3013,600167,联美控股,5.9,1.03,0.34,20.01,5.851119064466,0.1724912,69.96984472,1493.0,1358.0,71.6,2026-09-09
3014,600168,武汉控股,4.52,-0.22,0.38,22.17,4.501375593212,0.1599828,67.16883185,907.0,2187.0,69.2,2026-09-09
3015,600169,ST太重,2.19,0.92,0.43,70.32,2.19732807922,0.402832,66.7200388,1418.0,2345.0,68.8,2026-09-09
3016,600170,上海建工,2.29,-1.29,1.15,24.91,2.295734969534,0.4538148,69.04538462,-198.0,1621.0,80.4,2026-09-09
3017,600171,上海贝岭,22.42,-0.44,0.93,69.61,22.505623514286,0.1736364,64.52418828,359.0,3080.0,75.2,2026-09-09
3018,600172,黄河旋风,16.93,2.61,19.51,-54.93,16.75183342472,0.3221256,57.69991608,-1861.0,4756.0,95.6,2026-09-09
3019,600173,卧龙新能,6.22,-1.11,0.48,145.99,6.234421185892,0.0882564,61.27142669,80.0,4013.0,69.2,2026-09-09
3020,600176,中国巨石,42.67,3.09,4.97,29.12,42.637993381985,0.5184256,78.00589242,1436.0,173.0,91.2,2026-09-09
3021,600177,雅戈尔,8.32,0.6,0.52,9.06,8.294000797177,0.2485896,72.94095847,1242.0,706.0,82.4,2026-09-09
3022,600178,东安动力,10.15,1.1,1.64,-264.96,10.120095922674,0.1477072,66.78900133,1630.0,2319.0,77.6,2026-09-09
3023,600179,安通控股,4.64,2.2,1.04,14.96,4.609584874136,0.337016,73.80704183,1583.0,561.0,73.6,2026-09-09
3024,600180,*ST瑞茂,1.54,-1.91,1.24,-0.79,1.546653869207,0.3303164,53.91616164,-225.0,5119.0,64.4,2026-09-09
3025,600182,S佳通,12.96,-0.61,0.97,31.19,12.997277315012,0.2050188,64.19602865,181.0,3186.0,60.8,2026-09-09
3026,600183,生益科技,148.16,1.29,2.45,54.74,149.182706049426,0.47211,80.8098768,141.0,64.0,92.4,2026-09-09
3027,600184,光电股份,18.59,2.82,3.88,340.76,18.654597440876,0.23048,73.49745526,2252.0,610.0,76.0,2026-09-09
3028,600185,珠免集团,5.3,-1.67,3.1,143.25,5.298549499705,0.2276788,73.92544155,-125.0,547.0,87.6,2026-09-09
3029,600186,莲花控股,12.03,-2.91,10.84,44.27,12.219377174601,0.3013568,67.48095014,-300.0,2080.0,94.4,2026-09-09
3030,600187,*ST国中,1.34,-1.47,1.07,372.47,1.342438146856,0.4014412,56.89157209,-687.0,4877.0,71.6,2026-09-09
3031,600188,兖矿能源,22.15,3.02,0.93,15.55,21.949288326987,0.3693396,71.83938363,265.0,911.0,84.4,2026-09-09
3032,600189,泉阳泉,8.2,0.61,1.52,75.71,8.188828724614,0.2494948,67.41635467,-390.0,2102.0,76.4,2026-09-09
3033,600191,华资实业,11.2,2.94,5.38,75.1,11.090088365712,0.3107248,75.6554634,206.0,342.0,78.0,2026-09-09
3034,600192,长城电工,7.89,10.04,6.99,-12.81,7.679553766417,0.402088,68.58919908,3274.0,1759.0,76.4,2026-09-09
3035,600195,中牧股份,7.14,-0.83,0.82,73.14,7.160959915686,0.1474344,69.9328001,-401.0,1370.0,77.2,2026-09-09
3036,600196,复星医药,22.44,-1.36,0.56,17.41,22.474592389951,0.3148868,71.21526379,-286.0,1051.0,88.0,2026-09-09
3037,600197,伊力特,9.96,0.91,1.75,28.78,9.93184989108,0.2268184,64.62838177,722.0,3045.0,76.8,2026-09-09
3038,600198,大唐电信,7.95,3.52,3.01,-84.91,7.988895509684,0.2653872,65.20033798,1269.0,2837.0,82.4,2026-09-09
3039,600199,金种子酒,7.59,-0.26,3.92,-38.5,7.60803844921,0.2594992,66.6348358,-194.0,2374.0,83.2,2026-09-09
3040,600201,生物股份,12.2,-1.77,0.63,64.45,12.267667379674,0.2167564,64.40459032,67.0,3126.0,72.8,2026-09-09
3041,600202,哈空调,5.2,-0.57,1.05,-18.97,5.196970450674,0.0586124,59.04840893,-613.0,4514.0,68.0,2026-09-09
3042,600203,福日电子,10.55,-0.47,2.85,37.53,10.561601052082,0.2226708,59.73470159,620.0,4368.0,82.8,2026-09-09
3043,600206,有研新材,46.42,-0.92,9.05,107.17,47.506005215509,0.3392896,61.22096032,-827.0,4028.0,85.6,2026-09-09
3044,600207,安彩高科,4.52,-0.44,0.96,-7.51,4.525032552668,0.1524984,52.63555582,-107.0,5160.0,71.6,2026-09-09
3045,600208,衢州发展,2.89,-1.37,0.77,72.69,2.898397889672,0.3681972,65.17167412,304.0,2847.0,72.4,2026-09-09
3046,600210,紫江企业,6.28,-0.16,0.73,8.75,6.266301596092,0.2387952,66.58563587,-670.0,2386.0,77.6,2026-09-09
3047,600211,西藏药业,38.05,-0.7,0.65,10.09,38.046619203971,0.2372712,68.44111477,-905.0,1797.0,82.4,2026-09-09
3048,600212,绿能慧充,6.44,-1.53,1.31,-88.41,6.445508797465,0.1901912,63.86438106,-1431.0,3287.0,74.0,2026-09-09
3049,600215,派斯林,6.68,-1.62,0.83,-55.07,6.696201255718,0.1907004,66.27308281,1893.0,2467.0,65.6,2026-09-09
3050,600216,浙江医药,12.9,-0.39,1.33,10.23,12.93029741388,0.3136976,75.13187742,545.0,396.0,83.2,2026-09-09
3051,600217,中再资环,3.4,1.49,2.02,-91.81,3.422463645603,0.3655636,71.15475358,-290.0,1071.0,72.4,2026-09-09
3052,600218,全柴动力,7.94,0.25,1.06,40.07,7.938374425628,0.1809976,61.9536462,428.0,3848.0,76.8,2026-09-09
3053,600219,南山铝业,5.07,1.81,1.5,12.95,5.029599104468,0.3983068,77.05233316,104.0,225.0,88.8,2026-09-09
3054,600221,海航控股,1.31,0.0,0.39,104.77,1.301045507857,0.5587132,68.30380462,398.0,1841.0,77.2,2026-09-09
3055,600222,太龙药业,8.22,-2.03,2.14,191.06,8.265774898948,0.2282732,60.25310769,295.0,4275.0,78.0,2026-09-09
3056,600223,福瑞达,5.74,-1.2,0.57,35.67,5.747698283122,0.1838432,67.21777415,-1436.0,2167.0,76.0,2026-09-09
3057,600226,亨通股份,5.9,0.68,2.61,95.77,5.924305322926,0.330424,66.64364503,1619.0,2371.0,69.2,2026-09-09
3058,600227,赤天化,4.92,-0.81,33.5,107.06,5.03416024379,0.302204,62.15322249,-2613.0,3780.0,93.6,2026-09-09
3059,600228,返利科技,9.92,-1.39,4.22,-72.96,10.01361483946,0.2057292,62.62000583,-307.0,3651.0,76.0,2026-09-09
3060,600229,城市传媒,5.56,-3.3,2.65,-81.61,5.553642844252,0.1337448,66.20305111,140.0,2498.0,70.8,2026-09-09
3061,600230,沧州大化,14.97,0.6,2.62,30.76,14.803578007989,0.2313376,68.89282676,-1207.0,1665.0,77.2,2026-09-09
3062,600231,凌钢股份,1.8,0.56,0.69,-3.2,1.794290558859,0.2324316,63.16485172,725.0,3497.0,68.8,2026-09-09
3063,600232,金鹰股份,6.65,0.0,0.95,61.74,6.645447309888,0.094842,67.30846365,-937.0,2142.0,70.4,2026-09-09
3064,600233,圆通速递,16.8,0.78,0.45,9.06,16.691902311447,0.2135928,78.06542716,36.0,166.0,72.4,2026-09-09
3065,600234,科新发展,23.02,6.87,3.83,8599.51,23.312764974665,0.3539976,69.24419793,1796.0,1563.0,75.2,2026-09-09
3066,600235,民丰特纸,6.0,-0.33,0.84,155.75,6.005798937285,0.065588,57.76243082,-235.0,4740.0,67.2,2026-09-09
3067,600236,桂冠电力,9.95,2.79,0.17,22.29,9.836029908176,0.2746252,73.71576264,2046.0,572.0,73.6,2026-09-09
3068,600237,铜峰电子,8.26,-0.24,3.77,49.94,8.336571375795,0.26608,59.82889235,-97.0,4355.0,69.2,2026-09-09
3069,600238,ST椰岛,4.57,-0.44,0.77,-135.86,4.559271344384,0.243814509804,64.52943958,1522.0,3076.0,72.4,2026-09-09
3070,600239,ST云城,1.47,0.68,1.15,17.32,1.464134263352,0.4511656,59.40618884,-993.0,4446.0,69.6,2026-09-09
3071,600241,时代万恒,7.61,0.13,0.85,-89.87,7.599407372859,0.0612708,61.85054321,245.0,3875.0,62.0,2026-09-09
3072,600243,*ST海华,3.52,-3.56,1.07,-54.1,3.552222861159,0.172242,53.89293782,-145.0,5121.0,66.8,2026-09-09
3073,600246,万通发展,12.41,-2.13,4.16,-56.26,12.681013699589,0.335168,60.29612446,-1136.0,4263.0,75.6,2026-09-09
3074,600248,陕建股份,2.95,0.0,0.55,24.27,2.950457145799,0.2012048,65.27760818,-93.0,2808.0,72.4,2026-09-09
3075,600249,两面针,5.55,-0.36,1.77,-326.04,5.558053762269,0.1847108,69.37808414,1064.0,1524.0,73.6,2026-09-09
3076,600250,南京商旅,10.08,-1.95,6.44,245.03,9.99592266685,0.1540528,57.74991357,-40.0,4741.0,81.2,2026-09-09
3077,600251,冠农股份,12.05,1.6,6.92,8.71,12.01907534493,0.3158804,73.4573949,347.0,615.0,86.4,2026-09-09
3078,600252,中恒集团,2.3,-1.71,1.63,-75.03,2.302805572782,0.2873576,56.98808007,-1168.0,4863.0,78.8,2026-09-09
3079,600255,鑫科材料,3.89,9.89,8.66,82.44,3.803514718967,0.5688104,79.91334435,723.0,87.0,80.8,2026-09-09
3080,600256,广汇能源,7.42,2.91,2.85,18.55,7.351792731995,0.3315492,74.5786055,-306.0,462.0,89.6,2026-09-09
3081,600257,大湖股份,6.08,0.66,5.92,86.66,6.069881710995,0.2249024,69.40597182,241.0,1517.0,84.4,2026-09-09
3082,600258,首旅酒店,11.87,-1.25,1.84,15.04,11.851896120607,0.2386288,71.15651705,-52.0,1070.0,78.8,2026-09-09
3083,600259,中稀有色,78.11,1.03,2.0,32.57,77.866826485769,0.310948,61.25407627,91.0,4021.0,77.6,2026-09-09
3084,600261,阳光照明,3.26,-0.31,0.48,44.06,3.269444297885,0.1505852,68.20259763,121.0,1869.0,70.0,2026-09-09
3085,600262,北方股份,15.91,0.51,2.25,13.82,15.82238498644,0.249398,75.84364628,-37.0,321.0,71.2,2026-09-09
3086,600265,*ST景谷,22.96,-1.03,0.32,-7118.52,23.020188451317,0.144824,66.34586505,-21.0,2451.0,62.4,2026-09-09
3087,600266,城建发展,4.3,-1.83,1.49,-65.15,4.30806957106,0.3715508,65.0530105,-1529.0,2874.0,80.4,2026-09-09
3088,600267,海正药业,11.61,-1.11,1.32,10.76,11.610435020079,0.2973336,66.26696065,-1119.0,2470.0,75.6,2026-09-09
3089,600268,国电南自,10.7,2.39,1.39,28.03,10.64071406321,0.2672,73.54994628,1821.0,601.0,74.4,2026-09-09
3090,600269,赣粤高速,3.95,-0.5,0.75,22.21,3.975710800907,0.383644,71.060038,1771.0,1097.0,68.8,2026-09-09
3091,600271,航天信息,6.89,-0.72,0.4,-16.93,6.89398150395,0.2305248,63.32230734,-1483.0,3454.0,76.8,2026-09-09
3092,600272,开开实业,16.63,-4.92,16.88,98.27,16.737939510166,0.1549492,61.21530907,-331.0,4030.0,83.2,2026-09-09
3093,600273,嘉化能源,6.84,-0.58,0.75,20.49,6.839040037991,0.2123928,67.49759719,-637.0,2074.0,74.0,2026-09-09
3094,600276,恒瑞医药,44.71,-2.19,1.12,33.23,44.834642622935,0.3717008,71.33036968,-275.0,1026.0,89.6,2026-09-09
3095,600278,东方创业,6.63,-0.15,0.51,23.16,6.624182555539,0.1198196,66.9195525,181.0,2273.0,72.0,2026-09-09
3096,600279,重庆港,4.52,2.03,1.05,108.75,4.494063303406,0.1288856,66.72562901,1512.0,2343.0,69.6,2026-09-09
3097,600280,中央商场,3.39,-2.87,10.33,-66.91,3.401128728427,0.2163736,60.65969513,-2570.0,4174.0,89.2,2026-09-09
3098,600281,华阳新材,4.96,1.64,2.36,537.68,4.924939733321,0.1876116,64.67427471,1428.0,3026.0,79.2,2026-09-09
3099,600282,南钢股份,4.83,1.05,0.55,11.26,4.805570569761,0.305288,71.35691641,-110.0,1024.0,76.0,2026-09-09
3100,600283,钱江水利,8.31,-0.12,0.72,21.54,8.353104923047,0.2576188,69.93796743,1655.0,1367.0,72.4,2026-09-09
3101,600284,浦东建设,5.26,-0.19,0.82,19.39,5.253510074554,0.2411144,63.14310759,-870.0,3505.0,72.4,2026-09-09
3102,600285,羚锐制药,19.43,-0.56,0.79,11.13,19.467361453544,0.1959616,69.06438864,-515.0,1615.0,77.2,2026-09-09
3103,600287,苏豪时尚,5.14,-0.96,0.6,96.17,5.162428644936,0.0279748,63.46044171,-609.0,3413.0,67.6,2026-09-09
3104,600288,大恒科技,11.0,-1.43,4.1,30.61,11.075062701239,0.3147328,66.93451583,-35.0,2266.0,74.0,2026-09-09
3105,600289,ST信通,4.33,0.0,0.22,-11.94,4.32148797391,0.3727928,60.87924361,60.0,4113.0,65.2,2026-09-09
3106,600292,电投水电,11.99,0.5,1.5,24.01,11.947459482489,0.2581436,66.13667439,157.0,2521.0,75.2,2026-09-09
3107,600293,三峡新材,3.02,0.67,2.05,-21.8,3.016692913683,0.3141928,65.9043078,944.0,2613.0,68.0,2026-09-09
3108,600295,鄂尔多斯,14.05,1.22,0.46,13.89,13.859144579805,0.1824636,72.74681386,-643.0,754.0,81.2,2026-09-09
3109,600298,安琪酵母,41.61,-0.69,0.49,20.49,41.540643793721,0.1743216,71.96930934,-108.0,883.0,83.2,2026-09-09
3110,600299,安迪苏,8.95,1.47,1.4,15.23,8.920604923154,0.2891444,77.93370858,-40.0,178.0,78.8,2026-09-09
3111,600300,维维股份,3.35,-1.18,2.54,20.66,3.345986274875,0.2527408,70.37816356,-332.0,1258.0,82.0,2026-09-09
3112,600301,华锡有色,47.45,2.91,3.75,28.11,47.183049693109,0.3019368,74.91605233,247.0,423.0,73.2,2026-09-09
3113,600302,ST标准,7.53,3.29,2.46,-32.37,7.500709585504,0.2179316,63.85872546,330.0,3290.0,71.2,2026-09-09
3114,600303,曙光股份,3.07,0.33,2.01,-8.26,3.068556862554,0.2084424,65.32458046,736.0,2792.0,70.4,2026-09-09
3115,600305,恒顺醋业,6.93,-0.43,0.75,31.69,6.953652695167,0.258922,70.75328997,293.0,1173.0,78.8,2026-09-09
3116,600307,酒钢宏兴,1.56,1.3,1.04,-22.58,1.553345142798,0.4289236,58.50311448,-68.0,4622.0,73.2,2026-09-09
3117,600308,华泰股份,3.36,-0.3,0.57,134.9,3.355807951719,0.2311684,64.87987108,1160.0,2947.0,70.4,2026-09-09
3118,600309,万华化学,78.87,1.0,0.84,12.27,78.243977171664,0.4263116,82.09177998,-20.0,32.0,92.8,2026-09-09
3119,600310,广西能源,4.63,2.21,2.95,27.33,4.575125626144,0.2896584,64.79469096,1400.0,2981.0,74.4,2026-09-09
3120,600312,平高电气,19.73,0.56,1.04,16.39,19.739375814496,0.2847136,75.24513601,955.0,381.0,82.8,2026-09-09
3121,600313,农发种业,8.37,5.15,16.76,92.49,8.05738674815,0.337716,77.99396355,787.0,174.0,91.6,2026-09-09
3122,600315,上海家化,18.96,-0.58,1.46,16.73,19.033514938064,0.2727772,69.79866397,-1022.0,1398.0,82.4,2026-09-09
3123,600316,洪都航空,34.16,5.2,3.17,1012.7,34.047913009542,0.3631368,74.95366904,1542.0,421.0,87.2,2026-09-09
3124,600318,新力金融,7.35,-2.26,10.92,61.47,7.35157408645,0.2491232,65.00216434,-2213.0,2891.0,89.2,2026-09-09
3125,600319,亚星化学,6.74,0.9,0.92,-20.0,6.720286057212,0.0626256,58.95162184,-267.0,4538.0,67.2,2026-09-09
3126,600320,振华重工,4.26,1.67,1.44,22.28,4.232460099959,0.3229684,69.37929358,-263.0,1522.0,79.6,2026-09-09
3127,600322,津投城开,2.83,1.07,2.34,4847.4,2.807865739378,0.3190836,63.93714551,710.0,3265.0,69.2,2026-09-09
3128,600323,瀚蓝环境,29.9,1.15,0.33,10.11,29.762637093736,0.1270276,72.39046565,47.0,818.0,72.0,2026-09-09
3129,600325,华发股份,2.54,-3.79,2.25,-0.96,2.553599081036,0.2819004,62.83854821,-1681.0,3585.0,78.4,2026-09-09
3130,600326,西藏天路,7.31,-1.88,1.65,-57.97,7.346900547499,0.2514176,61.94808554,351.0,3850.0,79.2,2026-09-09
3131,600327,大东方,4.12,-0.72,1.88,73.81,4.102312046422,0.2142928,67.53315866,153.0,2063.0,80.8,2026-09-09
3132,600328,中盐化工,6.45,-0.62,0.97,-17.37,6.467399262581,0.1774224,60.67791135,-1283.0,4171.0,79.2,2026-09-09
3133,600329,达仁堂,35.23,-1.09,0.31,21.04,35.321372693727,0.1505576,62.8591609,153.0,3579.0,79.2,2026-09-09
3134,600330,天通股份,29.36,-2.39,9.03,-64.13,29.96862762719,0.4123952,68.80343426,285.0,1697.0,94.8,2026-09-09
3135,600331,宏达股份,13.0,-1.52,2.68,-684.03,12.953328225919,0.4018596,67.00239475,-1642.0,2249.0,79.2,2026-09-09
3136,600332,白云山,20.19,-0.44,0.41,7.83,20.191315460578,0.3087612,74.27461819,985.0,500.0,82.4,2026-09-09
3137,600333,长春燃气,7.17,1.99,2.54,-100.2,7.132515015942,0.2845128,75.07667021,271.0,406.0,78.8,2026-09-09
3138,600335,国机汽车,5.29,-0.19,0.7,15.27,5.307416092513,0.1403292,68.76475441,-234.0,1705.0,76.4,2026-09-09
3139,600336,澳柯玛,6.79,-1.31,1.16,-62.94,6.76609617619,0.225102,64.60223459,-2142.0,3054.0,78.8,2026-09-09
3140,600337,ST美克,3.11,-1.58,0.62,-4.46,3.122939110201,0.256346,55.54749567,-569.0,5020.0,66.4,2026-09-09
3141,600338,西藏珠峰,13.59,0.97,3.44,17.5,13.529918623365,0.2722228,64.32662443,-28.0,3157.0,79.2,2026-09-09
3142,600339,中油工程,3.48,-0.29,0.83,26.59,3.488314456165,0.230184,68.62448138,-1236.0,1748.0,76.0,2026-09-09
3143,600340,*ST华幸,1.08,0.0,0.98,-0.45,1.07937469257,0.6201688,61.3753979,-240.0,3985.0,74.0,2026-09-09
3144,600343,航天动力,19.08,0.79,5.88,-107.02,19.287259765842,0.2301368,60.75356006,-1136.0,4147.0,78.4,2026-09-09
3145,600345,长江通信,53.97,3.0,9.4,19.92,54.771926083001,0.2960852,70.75869212,-650.0,1171.0,88.8,2026-09-09
3146,600346,恒力石化,19.1,1.65,0.31,9.33,18.832485501467,0.324232,79.41289973,-12.0,104.0,84.8,2026-09-09
3147,600348,华阳股份,9.55,7.55,2.39,16.23,9.425584013023,0.2918536,70.93975901,-144.0,1134.0,81.2,2026-09-09
3148,600350,山东高速,9.96,-0.6,0.27,15.26,9.958607179752,0.23132,66.01325663,340.0,2565.0,68.0,2026-09-09
3149,600351,亚宝药业,6.91,-1.43,3.24,13.46,6.926066004927,0.2482372,69.0432007,-1183.0,1623.0,78.0,2026-09-09
3150,600352,浙江龙盛,12.73,2.17,1.81,20.62,12.68081106752,0.3956156,74.54774878,91.0,463.0,81.6,2026-09-09
3151,600353,旭光电子,32.37,2.02,6.29,188.24,32.811861481194,0.3320912,70.5818087,3040.0,1213.0,84.0,2026-09-09
3152,600354,敦煌种业,10.98,4.77,45.5,20.03,10.968082104174,0.350292,74.69285573,-329.0,447.0,94.8,2026-09-09
3153,600356,恒丰纸业,9.35,-0.64,1.71,13.76,9.357734054071,0.2161836,74.47940951,-230.0,471.0,73.6,2026-09-09
3154,600358,国旅联合,5.27,-0.75,1.05,-493.16,5.237143286272,0.2097204,64.48898159,1217.0,3089.0,71.6,2026-09-09
3155,600359,新农开发,8.76,10.05,10.23,89.98,8.597252295348,0.4711632,71.48514484,2700.0,1001.0,87.2,2026-09-09
3156,600360,华微电子,9.9,1.23,5.19,40.33,10.011757274605,0.3317892,66.01347725,1930.0,2564.0,70.8,2026-09-09
3157,600361,创新新材,3.75,0.0,0.97,17.67,3.737297660748,0.304732,70.07677707,-900.0,1329.0,77.2,2026-09-09
3158,600362,江西铜业,49.57,2.14,5.23,9.94,49.219461489803,0.4454972,82.19165334,4.0,30.0,94.4,2026-09-09
3159,600363,联创光电,15.79,-1.62,5.17,21.36,15.874733892447,0.1868164,58.1267476,-3.0,4682.0,85.6,2026-09-09
3160,600365,ST通葡,2.84,-1.39,0.39,-21.15,2.869252585112,0.2576908,60.4932113,272.0,4217.0,64.4,2026-09-09
3161,600366,宁波韵升,11.28,0.45,1.66,22.61,11.260476814773,0.3127896,69.74261753,1858.0,1419.0,73.6,2026-09-09
3162,600367,红星发展,34.99,-1.33,8.16,70.86,35.386542211034,0.2670784,55.94767248,-395.0,4985.0,84.8,2026-09-09
3163,600368,五洲交通,4.41,0.92,2.29,11.31,4.412221427566,0.4150884,69.27051389,-127.0,1553.0,77.6,2026-09-09
3164,600369,西南证券,4.08,-0.24,0.38,22.42,4.081872042293,0.3245988,62.66835033,-175.0,3636.0,75.2,2026-09-09
3165,600370,*ST三房,1.52,-0.65,0.3,620.06,1.519951639413,0.457632,54.9554378,-331.0,5069.0,64.8,2026-09-09
3166,600371,万向德农,15.4,-2.72,27.94,163.23,15.531338822201,0.2251024,56.39220334,-342.0,4937.0,93.6,2026-09-09
3167,600372,中航机载,11.94,1.36,1.1,47.6,11.93316346028,0.2796808,66.27838019,-1468.0,2464.0,84.4,2026-09-09
3168,600373,中文传媒,7.5,-3.72,1.38,17.51,7.539832359898,0.171552,58.67098667,-1856.0,4585.0,80.0,2026-09-09
3169,600375,汉马科技,3.93,0.77,1.6,94.85,3.916305351364,0.2876308,62.59634142,-1135.0,3657.0,70.0,2026-09-09
3170,600376,首开股份,3.29,-2.95,2.31,-2.31,3.30333949789,0.2086184,56.56363012,-218.0,4916.0,77.6,2026-09-09
3171,600377,宁沪高速,12.49,0.73,0.2,12.57,12.49775773065,0.1760616,76.10686376,796.0,299.0,78.8,2026-09-09
3172,600378,昊华科技,47.29,1.72,5.34,33.86,47.412988502979,0.3790276,75.42253485,934.0,362.0,85.2,2026-09-09
3173,600379,宝光股份,14.43,-1.77,2.74,61.57,14.494623746471,0.1828056,64.13621274,171.0,3206.0,70.0,2026-09-09
3174,600380,健康元,9.44,-1.36,0.66,13.33,9.47102022433,0.2538104,66.87148469,-171.0,2283.0,80.8,2026-09-09
3175,600381,*ST春天,3.94,-3.43,1.04,-32.04,3.979567412151,0.1986416,54.51737341,-179.0,5098.0,69.2,2026-09-09
3176,600382,广东明珠,6.57,1.08,1.19,20.74,6.527003112864,0.2127868,66.42992648,-1609.0,2430.0,68.8,2026-09-09
3177,600383,金地集团,2.32,-3.33,1.88,-1.9,2.33678068177,0.3863964,61.07181934,49.0,4065.0,80.8,2026-09-09
3178,600386,北巴传媒,3.66,0.0,0.85,-57.59,3.651971129409,0.168256,71.93169361,-10.0,892.0,66.4,2026-09-09
3179,600388,紫金龙净,18.74,-0.37,0.53,23.76,18.760362750244,0.2549364,68.83310191,-959.0,1687.0,77.6,2026-09-09
3180,600389,江山股份,20.06,0.55,6.57,12.37,20.065628510692,0.2931028,72.06235179,-103.0,870.0,82.8,2026-09-09
3181,600390,五矿资本,5.0,0.0,0.5,10.46,4.981912380507,0.3481664,70.39647052,1416.0,1251.0,80.4,2026-09-09
3182,600391,航发科技,40.88,-0.75,9.36,1116.07,41.910429970741,0.3116264,68.76946469,-1038.0,1704.0,84.8,2026-09-09
3183,600392,盛和资源,22.27,1.83,2.27,22.01,22.057492320483,0.4074252,72.25743027,2161.0,842.0,74.4,2026-09-09
3184,600395,盘江股份,5.72,5.34,2.67,96.82,5.618918407905,0.3207088,71.56006742,1904.0,980.0,77.6,2026-09-09
3185,600396,华电辽能,14.75,5.66,15.69,103.36,14.49765185366,0.3012392,69.24857987,1804.0,1560.0,79.2,2026-09-09
3186,600397,江钨装备,17.67,3.45,8.73,7244.18,17.504390111558,0.3537164,64.98444992,2199.0,2896.0,83.2,2026-09-09
3187,600398,海澜之家,6.03,2.2,1.04,9.73,6.007214963613,0.2844724,76.90261248,1588.0,234.0,79.2,2026-09-09
3188,600399,抚顺特钢,4.8,0.84,2.48,-18.74,4.794327471553,0.2468588,66.6325286,-1614.0,2375.0,77.2,2026-09-09
3189,600400,红豆股份,3.08,-3.75,3.11,-37.38,3.114910571915,0.2851624,59.89035742,-1871.0,4344.0,85.2,2026-09-09
3190,600403,大有能源,7.48,10.0,6.25,-13.91,7.245615236111,0.4195936,64.91161083,2089.0,2931.0,86.4,2026-09-09
3191,600405,动力源,5.08,-0.39,1.46,-28.78,5.092963930912,0.116601272727,56.49931654,47.0,4924.0,77.2,2026-09-09
3192,600406,国电南瑞,22.45,0.18,0.31,29.34,22.425117843529,0.3875124,69.55997534,77.0,1470.0,84.4,2026-09-09
3193,600408,安泰集团,3.3,1.85,6.38,-22.41,3.259125198608,0.2188072,71.59069199,394.0,967.0,82.0,2026-09-09
3194,600409,三友化工,7.04,0.57,1.09,43.29,7.017361551268,0.2102592,70.38168251,-704.0,1257.0,77.2,2026-09-09
3195,600410,华胜天成,14.22,-2.4,4.77,-31.82,14.239009103208,0.2178884,58.05369318,-139.0,4701.0,78.8,2026-09-09
3196,600415,小商品城,12.52,-1.88,0.68,17.34,12.561139434638,0.2764148,76.33908768,-30.0,279.0,87.2,2026-09-09
3197,600416,湘电股份,8.84,0.68,1.14,573.91,8.879408266585,0.27589,59.10190023,-120.0,4508.0,74.0,2026-09-09
3198,600418,江淮汽车,20.22,-1.61,2.59,-30.43,20.162007855082,0.3471904,63.00734529,-1330.0,3539.0,84.0,2026-09-09
3199,600419,天润乳业,9.22,-1.28,2.26,26.81,9.252530646633,0.1117496,61.80032138,-1223.0,3889.0,76.0,2026-09-09
3200,600420,国药现代,8.49,-0.82,0.36,20.66,8.502833295597,0.17009,64.16583441,-1002.0,3195.0,72.0,2026-09-09
3201,600422,昆药集团,8.49,-1.62,0.64,-8.83,8.532303974444,0.1084656,56.21320515,-280.0,4957.0,76.8,2026-09-09
3202,600423,*ST柳化,2.8,-1.41,0.51,78.84,2.802296368749,0.1680132,61.27946837,-265.0,4008.0,64.0,2026-09-09
3203,600425,青松建化,3.79,0.53,0.88,24.47,3.78544781066,0.3010572,71.87395419,-211.0,903.0,78.0,2026-09-09
3204,600426,华鲁恒升,21.17,0.14,1.14,12.37,21.116293574896,0.3592204,78.73831226,-96.0,138.0,88.4,2026-09-09
3205,600428,中远海特,11.75,3.62,1.89,11.76,11.687473101051,0.2527924,74.38014625,-64.0,487.0,77.6,2026-09-09
3206,600429,三元股份,4.84,-1.83,0.88,19.59,4.862258243428,0.1285916,61.49807333,-769.0,3956.0,74.4,2026-09-09
3207,600433,冠豪高新,3.42,-0.58,1.19,14.07,3.413333149183,0.2685392,60.99523645,-1112.0,4084.0,70.4,2026-09-09
3208,600435,北方导航,11.94,1.19,2.34,-189.23,11.938814814375,0.2241768,66.64657674,-1551.0,2368.0,88.0,2026-09-09
3209,600436,片仔癀,121.88,-1.18,0.31,33.64,122.084590017361,0.2550756,68.0298729,-932.0,1912.0,81.6,2026-09-09
3210,600438,通威股份,11.71,-1.26,0.69,-5.15,11.836422801847,0.301296,60.45320776,-1584.0,4232.0,81.6,2026-09-09
3211,600439,ST瑞贝卡,1.93,-1.53,0.8,242.9,1.93791541453,0.333742352941,57.06615436,-787.0,4849.0,66.8,2026-09-09
3212,600444,国机通用,14.43,-0.69,1.24,32.23,14.455590011216,0.1078108,69.90370998,1792.0,1375.0,69.6,2026-09-09
3213,600446,金证股份,10.89,-1.8,1.06,406.86,10.932628973345,0.2069608,62.53716789,280.0,3673.0,74.8,2026-09-09
3214,600448,华纺股份,3.09,0.0,1.91,-22.11,3.086856994905,0.0991236,65.33878279,-330.0,2788.0,69.2,2026-09-09
3215,600449,宁夏建材,12.57,-1.1,1.26,51.99,12.541292619767,0.2481824,65.34567777,-1254.0,2785.0,71.2,2026-09-09
3216,600452,涪陵电力,9.17,0.33,1.29,34.08,9.141609684325,0.3114512,67.30946073,275.0,2140.0,73.2,2026-09-09
3217,600455,博通股份,24.79,-1.16,1.88,22.98,24.784411603573,0.136774,73.55097955,382.0,600.0,68.4,2026-09-09
3218,600456,宝钛股份,27.21,1.34,1.05,44.62,27.123263265765,0.2365996,64.87926677,1529.0,2948.0,78.4,2026-09-09
3219,600458,时代新材,11.93,1.53,1.89,16.42,11.857396657532,0.2965308,74.2578644,631.0,505.0,70.0,2026-09-09
3220,600459,贵研铂业,20.04,0.3,1.63,23.6,19.975799081268,0.2899856,63.14754866,-1043.0,3504.0,82.0,2026-09-09
3221,600460,士兰微,30.27,-0.3,2.9,48.82,30.523315040781,0.3275004,60.7066031,328.0,4164.0,86.0,2026-09-09
3222,600461,洪城环境,8.96,0.34,0.59,9.89,8.961577800597,0.183998,70.38865516,395.0,1255.0,68.4,2026-09-09
3223,600463,空港股份,8.37,-3.01,1.23,-37.66,8.437494610389,0.109916,63.500159,-765.0,3399.0,68.0,2026-09-09
3224,600467,好当家,2.69,3.46,6.87,65.55,2.654372032479,0.3171344,76.35630947,1185.0,277.0,78.8,2026-09-09
3225,600468,百利电气,6.53,1.87,3.6,85.16,6.441814416428,0.2372372,70.17771981,1214.0,1300.0,82.8,2026-09-09
3226,600469,风神股份,5.37,1.32,1.14,22.47,5.335160796903,0.3649952,72.69258952,1020.0,763.0,68.4,2026-09-09
3227,600470,六国化工,6.63,-0.3,13.57,-10.13,6.606628321274,0.2541524,67.03295655,-915.0,2240.0,84.0,2026-09-09
3228,600475,华光环能,15.43,-1.78,1.27,26.02,15.41664481665,0.3043536,67.6293412,-1043.0,2028.0,74.8,2026-09-09
3229,600476,*ST湘邮,10.23,0.89,0.63,237.76,10.153420599028,0.1842184,66.79346645,998.0,2315.0,69.2,2026-09-09
3230,600477,杭萧钢构,2.52,-0.4,1.25,36.4,2.51025556381,0.2675972,62.2162656,-1719.0,3763.0,76.8,2026-09-09
3231,600478,科力远,4.81,-0.21,0.83,72.1,4.81174622919,0.2128148,63.03418312,-1044.0,3530.0,74.0,2026-09-09
3232,600479,千金药业,14.12,-4.66,24.25,19.22,14.104240306945,0.2548752,66.46264084,230.0,2416.0,92.0,2026-09-09
3233,600480,凌云股份,8.29,-0.6,0.61,16.65,8.311975928778,0.2004272,65.05195087,508.0,2875.0,72.0,2026-09-09
3234,600481,双良节能,4.35,-0.46,1.44,-5.86,4.357858934358,0.250856,53.71134006,-82.0,5130.0,74.4,2026-09-09
3235,600482,中国动力,35.22,2.35,0.89,30.44,35.084577903782,0.330262,76.56170159,-8.0,258.0,83.6,2026-09-09
3236,600483,福能股份,10.95,-0.82,0.34,11.46,10.928042497039,0.1443492,71.62092013,268.0,961.0,74.0,2026-09-09
3237,600486,扬农化工,58.42,-0.78,1.7,14.94,58.584576972889,0.2901576,75.38087371,-266.0,367.0,83.2,2026-09-09
3238,600487,亨通光电,66.62,5.56,8.9,26.34,66.358311681626,0.487318,77.25922118,2092.0,209.0,86.8,2026-09-09
3239,600488,津药药业,5.36,0.94,8.49,67.78,5.392886609328,0.3018528,70.57278749,1520.0,1215.0,72.8,2026-09-09
3240,600489,中金黄金,25.89,2.74,1.79,14.4,25.510758523924,0.4713252,79.30360571,264.0,109.0,89.6,2026-09-09
3241,600490,鹏欣资源,7.61,1.2,2.28,37.48,7.573937617233,0.2982484,64.20177324,-10.0,3184.0,82.4,2026-09-09
3242,600491,ST龙元,1.57,-4.85,3.7,-1.49,1.600464915176,0.371474285714,58.11746419,-987.0,4685.0,75.2,2026-09-09
3243,600493,凤竹纺织,6.42,-0.93,1.62,675.16,6.422408807569,0.0540052,62.72800791,79.0,3611.0,66.0,2026-09-09
3244,600495,晋西车轴,4.21,0.96,0.77,128.61,4.192512281257,0.1773232,64.93431789,-662.0,2921.0,74.0,2026-09-09
3245,600496,精工钢构,3.36,-0.3,1.14,9.09,3.361184466877,0.3093212,68.35210583,227.0,1829.0,73.2,2026-09-09
3246,600497,驰宏锌锗,10.19,1.49,2.55,16.15,10.109082450588,0.4431236,72.41047094,-326.0,816.0,81.2,2026-09-09
3247,600498,烽火通信,41.04,1.99,7.82,144.55,41.302928220133,0.3802192,71.62960205,594.0,959.0,90.0,2026-09-09
3248,600499,科达制造,15.03,2.66,1.36,11.22,14.859373298495,0.373058,80.21386645,645.0,77.0,76.4,2026-09-09
3249,600500,中化国际,5.88,1.2,3.82,-37.55,5.848539264655,0.315246,59.26911884,-1969.0,4477.0,88.0,2026-09-09
3250,600501,航天晨光,15.39,1.58,1.78,-83.13,15.291176312942,0.1648484,68.22192831,514.0,1863.0,77.2,2026-09-09
3251,600502,安徽建工,4.48,0.45,1.06,6.81,4.465552739894,0.27729,70.68072461,120.0,1184.0,75.2,2026-09-09
3252,600503,华丽家族,2.24,-1.32,2.05,-112.95,2.234300417534,0.2160868,63.14293814,-925.0,3506.0,73.6,2026-09-09
3253,600505,西昌电力,10.76,1.03,1.74,298.53,10.692306084482,0.145128,61.6674456,661.0,3919.0,71.2,2026-09-09
3254,600506,统一股份,18.55,5.64,13.72,33.38,17.784935871485,0.2547348,83.11865796,223.0,23.0,88.0,2026-09-09
3255,600507,方大特钢,4.29,0.0,0.6,23.81,4.289717020794,0.2791528,72.3601959,-171.0,823.0,75.2,2026-09-09
3256,600508,上海能源,11.62,1.13,4.8,20.74,11.648592445412,0.2132164,66.83470652,2116.0,2301.0,81.2,2026-09-09
3257,600509,天富能源,7.46,0.81,1.21,17.01,7.437247893464,0.2801224,64.93462542,1454.0,2920.0,71.6,2026-09-09
3258,600510,黑牡丹,6.9,0.44,0.34,-39.82,6.869395088636,0.2059036,65.04307578,-119.0,2880.0,69.6,2026-09-09
3259,600511,国药股份,26.89,-0.11,0.35,11.53,26.85182882313,0.1971088,74.46771722,732.0,476.0,79.6,2026-09-09
3260,600512,腾达建设,2.13,-0.47,1.13,19.83,2.132545244496,0.3047772,63.44064234,-235.0,3418.0,70.4,2026-09-09
3261,600513,联环药业,15.31,-1.73,1.83,207.68,15.372023413356,0.1217436,57.99213496,-598.0,4708.0,74.4,2026-09-09
3262,600515,海南机场,2.84,-1.05,0.82,136.62,2.844592634242,0.3102844,62.00592537,-294.0,3829.0,78.0,2026-09-09
3263,600516,方大炭素,5.29,0.57,1.04,62.29,5.265766735193,0.3110108,62.44944067,-1617.0,3704.0,76.0,2026-09-09
3264,600517,国网英大,5.06,-0.59,0.21,12.06,5.057225834635,0.2099592,67.94832051,-64.0,1935.0,74.4,2026-09-09
3265,600518,康美药业,1.42,-2.07,1.69,272.47,1.427049641804,0.525406,64.20707974,-2263.0,3182.0,88.0,2026-09-09
3266,600519,贵州茅台,1290.88,-1.41,0.26,18.12,1293.51648786962,0.4833204,78.38937599,19.0,154.0,94.4,2026-09-09
3267,600520,三佳科技,24.23,-1.38,3.27,333.72,24.470169998456,0.1730036,64.72126135,1233.0,3009.0,72.8,2026-09-09
3268,600521,华海药业,15.88,-0.06,0.74,15.42,15.856919037135,0.2679476,64.78654225,-1036.0,2985.0,77.2,2026-09-09
3269,600522,中天科技,34.12,4.95,7.75,24.39,34.012598174748,0.4316508,79.70298479,1313.0,93.0,86.0,2026-09-09
3270,600523,贵航股份,12.19,0.58,0.89,23.87,12.208029266792,0.1400308,65.59873607,-913.0,2698.0,72.0,2026-09-09
3271,600525,长园集团,5.02,0.0,0.88,90.1,5.021285371237,0.348764705882,55.32944804,-25.0,5040.0,72.0,2026-09-09
3272,600526,菲达环保,4.77,0.42,0.69,14.5,4.749970447904,0.188668,67.42887383,-767.0,2099.0,74.8,2026-09-09
3273,600527,江南高纤,2.31,-0.86,1.85,106.84,2.306856837548,0.3138524,68.09415904,-161.0,1895.0,70.8,2026-09-09
3274,600528,中铁工业,7.03,0.29,0.34,12.71,7.012733287702,0.2398716,72.59866903,1282.0,778.0,74.0,2026-09-09
3275,600529,山东药玻,18.69,-1.11,0.73,16.72,18.755657733266,0.1843192,70.27309272,-765.0,1278.0,75.6,2026-09-09
3276,600530,ST交昂,3.9,-1.27,0.33,-108.14,3.907949015962,0.18826372549,50.42039208,-64.0,5182.0,63.2,2026-09-09
3277,600531,豫光金铅,13.1,1.39,3.41,14.53,13.042719110341,0.3095608,66.93352639,-1107.0,2268.0,74.4,2026-09-09
3278,600533,栖霞建设,2.29,-0.87,1.28,-1.92,2.291052811845,0.1041496,56.76155466,-1019.0,4890.0,68.8,2026-09-09
3279,600535,天士力,14.39,-1.1,0.86,12.04,14.421913046463,0.202306,69.02240318,-70.0,1628.0,78.4,2026-09-09
3280,600536,中国软件,32.54,-1.78,1.93,-1225.03,32.538307074895,0.2717312,64.52584791,190.0,3077.0,86.4,2026-09-09
3281,600537,*ST亿晶,2.18,-1.8,1.6,-9.74,2.194181910209,0.3253796,56.30785505,-1088.0,4948.0,72.0,2026-09-09
3282,600538,国发股份,5.33,0.95,1.35,-123.36,5.276484645008,0.2191376,53.45360165,-131.0,5137.0,66.4,2026-09-09
3283,600539,狮头股份,13.59,-1.02,4.06,2355.49,13.62647312289,0.2621068,57.33947179,-155.0,4810.0,67.6,2026-09-09
3284,600540,新赛股份,7.21,10.08,32.08,16.75,6.925153435049,0.429796,79.21008627,3385.0,116.0,90.0,2026-09-09
3285,600543,*ST莫高,4.39,-1.13,0.37,-24.67,4.416862068966,0.1435544,62.47800406,-264.0,3695.0,68.8,2026-09-09
3286,600545,卓郎智能,4.17,0.97,2.62,-48.63,4.17129065524,0.2940056,59.25881778,654.0,4480.0,71.2,2026-09-09
3287,600546,山煤国际,13.87,5.96,1.85,13.62,13.630977012392,0.2508324,72.99482668,44.0,694.0,80.4,2026-09-09
3288,600547,山东黄金,36.25,0.67,1.69,23.58,36.003360792796,0.3730228,72.79505679,381.0,741.0,91.6,2026-09-09
3289,600548,深高速,8.28,1.35,0.54,11.43,8.252224263482,0.2130136,64.45651981,498.0,3105.0,70.0,2026-09-09
3290,600549,厦门钨业,50.78,1.82,2.39,18.32,50.684026587191,0.4005452,73.71375575,1789.0,573.0,84.0,2026-09-09
3291,600550,保变电气,10.98,0.37,0.9,75.64,10.975108218991,0.2609176,66.23372239,656.0,2484.0,78.4,2026-09-09
3292,600551,时代出版,7.74,-6.18,7.75,13.0,7.729191440586,0.2292352,64.86381852,-620.0,2954.0,77.6,2026-09-09
3293,600552,凯盛科技,16.96,0.95,4.6,126.74,17.130491269019,0.3082632,69.97983855,2272.0,1353.0,70.8,2026-09-09
3294,600556,天下秀,4.81,-3.61,2.71,-63.52,4.825483318685,0.222656,63.4014794,-1228.0,3431.0,78.8,2026-09-09
3295,600557,康缘药业,12.5,-1.03,0.65,24.05,12.516121117843,0.1328544,66.21883472,-668.0,2487.0,73.2,2026-09-09
3296,600558,大西洋,4.91,0.41,1.09,20.52,4.890026143997,0.2557948,70.47981994,-827.0,1234.0,74.4,2026-09-09
3297,600559,老白干酒,11.48,-2.46,1.83,20.07,11.51641963296,0.2005672,62.5028564,-1062.0,3687.0,82.8,2026-09-09
3298,600560,金自天正,11.52,-0.26,0.89,72.52,11.538336615664,0.1086324,62.77426154,267.0,3603.0,69.6,2026-09-09
3299,600561,江西长运,6.17,-1.28,1.64,149.28,6.179692405861,0.0716448,65.63014352,1485.0,2689.0,66.0,2026-09-09
3300,600562,国睿科技,29.5,0.82,0.77,62.52,29.590435484758,0.2261792,73.27861025,-549.0,645.0,79.6,2026-09-09
3301,600563,法拉电子,123.06,-0.28,0.95,23.78,123.462076420328,0.2998604,65.59456682,-417.0,2700.0,70.0,2026-09-09
3302,600566,济川药业,25.76,-0.39,0.37,15.14,25.888955704133,0.1191396,69.81919257,1008.0,1395.0,79.2,2026-09-09
3303,600567,山鹰国际,1.37,-0.72,1.07,-6.24,1.369504472728,0.5257872,59.2551385,-251.0,4481.0,73.6,2026-09-09
3304,600568,ST中珠,2.41,5.24,1.44,-56.85,2.389448511534,0.3806108,66.47330286,695.0,2410.0,64.4,2026-09-09
3305,600569,安阳钢铁,1.93,2.66,1.73,-2.35,1.913968985226,0.2624128,65.89557874,948.0,2620.0,72.8,2026-09-09
3306,600570,恒生电子,21.14,-1.35,0.78,76.79,21.158734319546,0.2559116,69.79734017,265.0,1399.0,84.8,2026-09-09
3307,600571,信雅达,11.03,-0.54,1.15,-33.15,11.087926006509,0.1764792,70.52664948,-219.0,1224.0,78.4,2026-09-09
3308,600572,康恩贝,4.38,-1.79,1.49,14.72,4.412913428501,0.2986164,68.55991664,-1182.0,1766.0,81.2,2026-09-09
3309,600573,惠泉啤酒,10.3,-1.15,1.78,26.4,10.306879769163,0.1556448,71.3024306,1395.0,1032.0,69.6,2026-09-09
3310,600575,淮河能源,3.33,0.3,0.9,22.52,3.325979211537,0.3277692,65.93320767,-1394.0,2598.0,72.0,2026-09-09
3311,600576,祥源文旅,5.93,-2.15,2.99,67.3,5.879732972677,0.1950472,58.08353874,-238.0,4694.0,75.6,2026-09-09
3312,600577,精达股份,8.25,1.98,2.83,28.34,8.252859231325,0.342348,72.8927172,754.0,714.0,84.4,2026-09-09
3313,600578,京能电力,5.56,2.21,1.47,9.36,5.525719060185,0.3980068,71.52098316,819.0,990.0,76.0,2026-09-09
3314,600579,中化装备,7.26,0.69,1.49,-27.32,7.205856361112,0.1210516,54.51458199,-896.0,5099.0,72.8,2026-09-09
3315,600580,卧龙电驱,28.32,-0.7,1.27,62.91,28.37977688113,0.2452412,59.61107161,202.0,4401.0,78.0,2026-09-09
3316,600581,*ST八钢,2.48,0.0,0.35,-5.56,2.476902174794,0.2806716,68.81151317,-569.0,1692.0,72.4,2026-09-09
3317,600582,天地科技,4.78,0.42,0.49,13.46,4.774593577418,0.23001,65.79296837,604.0,2642.0,76.0,2026-09-09
3318,600583,海油工程,6.21,0.16,0.61,12.58,6.23610439286,0.250224,77.42468903,-84.0,197.0,81.2,2026-09-09
3319,600584,长电科技,68.64,0.06,3.43,72.71,69.226166671379,0.3643404,63.63146228,284.0,3360.0,78.4,2026-09-09
3320,600585,海螺水泥,17.86,-0.33,0.32,18.65,17.835382107363,0.2593696,68.90651626,-18.0,1663.0,85.2,2026-09-09
3321,600586,金晶科技,4.14,-0.96,0.7,-9.36,4.154986347864,0.1924376,58.85583683,-656.0,4551.0,73.2,2026-09-09
3322,600587,新华医疗,12.61,-1.25,0.56,13.41,12.660305870206,0.135088,66.65970807,80.0,2364.0,76.0,2026-09-09
3323,600588,用友网络,9.7,-2.61,1.41,-17.85,9.737703472893,0.2177544,61.1029996,292.0,4057.0,79.2,2026-09-09
3324,600589,大位科技,8.66,3.46,9.72,-91.98,8.596886951257,0.373772,67.38686866,473.0,2110.0,92.0,2026-09-09
3325,600590,泰豪科技,9.1,4.72,5.3,44.07,8.989229237382,0.3072056,73.62762336,3176.0,583.0,75.2,2026-09-09
3326,600592,龙溪股份,15.55,1.7,2.27,58.47,15.545519497833,0.2094208,73.14480962,2188.0,665.0,73.6,2026-09-09
3327,600593,大连圣亚,39.98,-2.77,4.43,160.82,40.256815300587,0.2069864,61.26710486,-585.0,4017.0,78.4,2026-09-09
3328,600594,益佰制药,3.83,-2.05,3.36,-18.7,3.824747741576,0.2264004,55.35077834,-1432.0,5037.0,78.0,2026-09-09
3329,600595,中孚实业,6.62,3.76,3.47,7.05,6.540856841416,0.4277392,79.97778257,-5.0,85.0,80.4,2026-09-09
3330,600596,新安股份,12.62,4.47,13.48,33.5,12.450791216177,0.3448232,74.51948984,-372.0,467.0,92.8,2026-09-09
3331,600597,光明乳业,7.11,-0.84,0.63,19.56,7.120248048377,0.1502444,61.08703637,-941.0,4059.0,80.0,2026-09-09
3332,600598,北大荒,13.92,-1.0,4.14,-23.06,13.9525383139,0.3298156,64.43227563,-1291.0,3114.0,93.6,2026-09-09
3333,600600,青岛啤酒,51.38,-0.17,0.49,8.94,51.30104358494,0.31444,73.30530223,241.0,637.0,86.0,2026-09-09
3334,600601,方正科技,14.62,0.97,5.91,54.47,14.669602486011,0.4063324,73.29027991,-40.0,642.0,89.2,2026-09-09
3335,600602,云赛智联,17.3,-2.04,2.52,116.14,17.344008110567,0.2372388,66.72381171,-226.0,2344.0,84.4,2026-09-09
3336,600603,广汇物流,5.05,1.0,1.93,227.58,5.027193955495,0.1892428,62.5035913,-1861.0,3686.0,73.6,2026-09-09
3337,600604,市北高新,4.73,-2.67,1.71,-62.3,4.726641278165,0.2665564,64.9168456,174.0,2928.0,82.0,2026-09-09
3338,600605,汇通能源,27.52,-2.27,2.14,110.08,27.875455034637,0.2615096,66.00342167,-292.0,2568.0,71.6,2026-09-09
3339,600606,绿地控股,1.34,-0.74,0.69,-31.21,1.338959998881,0.4135524,61.84516659,-1748.0,3876.0,80.8,2026-09-09
3340,600609,金杯汽车,3.43,-0.29,1.0,24.08,3.419729696673,0.2257992,69.0370237,-1039.0,1625.0,70.8,2026-09-09
3341,600610,中毅达,9.05,1.34,11.28,139.58,9.134896264686,0.2356776,71.78836609,-243.0,919.0,91.2,2026-09-09
3342,600611,大众交通,4.78,-2.85,6.21,-33.57,4.798090724683,0.20439,57.16737099,-270.0,4834.0,91.2,2026-09-09
3343,600612,老凤祥,35.0,0.84,0.96,12.79,35.056920859347,0.1800008,73.97718068,347.0,538.0,74.4,2026-09-09
3344,600613,神奇制药,9.02,-8.98,26.82,109.66,9.421302165993,0.1999552,56.54920812,-191.0,4918.0,86.4,2026-09-09
3345,600615,鑫源智造,9.81,0.31,0.78,-127.6,9.84167580199,0.0449344,64.70075582,1339.0,3015.0,64.4,2026-09-09
3346,600616,金枫酒业,4.76,3.03,4.47,-276.33,4.770730655485,0.238214,73.03102467,788.0,684.0,78.4,2026-09-09
3347,600617,国新能源,3.55,0.85,2.31,31.72,3.543950603431,0.191792,63.98785055,-1688.0,3251.0,76.0,2026-09-09
3348,600618,氯碱化工,10.72,0.85,0.96,16.62,10.686628605435,0.184948,67.92950886,-721.0,1938.0,72.8,2026-09-09
3349,600619,海立股份,13.55,-1.17,1.62,44.43,13.629663014009,0.2527888,65.61128944,-930.0,2694.0,77.2,2026-09-09
3350,600620,天宸股份,4.53,-1.52,0.68,141.17,4.53954314737,0.0846708,64.811482,-826.0,2974.0,67.2,2026-09-09
3351,600621,华鑫股份,13.36,-0.67,0.59,17.62,13.384868690906,0.2452228,62.72406653,132.0,3614.0,79.2,2026-09-09
3352,600622,光大嘉宝,2.49,-3.49,2.79,-7.66,2.502977395563,0.2683756,60.88282599,-516.0,4112.0,80.8,2026-09-09
3353,600623,华谊集团,8.98,2.51,1.04,19.4,8.922701786129,0.3217184,79.41763258,3.0,103.0,71.2,2026-09-09
3354,600624,ST复华,4.62,-2.12,0.54,-57.8,4.660924869556,0.321608,60.49470294,-669.0,4215.0,72.4,2026-09-09
3355,600626,申达股份,3.74,0.54,0.59,66.27,3.731713261597,0.1472368,71.49877318,-151.0,995.0,68.4,2026-09-09
3356,600628,新世界,6.63,0.61,2.05,45.25,6.584834489134,0.2038584,73.92917909,1244.0,544.0,77.6,2026-09-09
3357,600629,华建集团,18.2,3.7,3.22,884.19,18.007535560296,0.356174,70.98882087,2474.0,1123.0,79.6,2026-09-09
3358,600630,龙头股份,7.26,0.97,2.75,49.25,7.26171705807,0.2315844,65.95041722,1718.0,2586.0,73.6,2026-09-09
3359,600633,浙数文化,10.42,-2.53,1.42,21.92,10.419809348946,0.262436,62.41509673,-1375.0,3714.0,78.0,2026-09-09
3360,600635,大众公用,4.78,-0.21,1.13,28.27,4.771563796709,0.3057016,64.85488183,-1377.0,2958.0,74.4,2026-09-09
3361,600637,东方明珠,8.63,-1.15,0.96,34.35,8.620333152173,0.2945156,68.46372338,-936.0,1787.0,80.4,2026-09-09
3362,600638,新黄浦,5.06,-0.78,1.36,8.04,5.055143849999,0.1651904,64.23350574,-1267.0,3173.0,68.4,2026-09-09
3363,600639,浦东金桥,9.49,-0.73,0.33,43.38,9.520996609131,0.1851636,68.59150981,315.0,1757.0,71.6,2026-09-09
3364,600640,国脉文化,11.06,-2.64,0.83,277.5,11.124405890138,0.1840472,70.41405751,261.0,1248.0,76.4,2026-09-09
3365,600641,先导基电,30.51,0.53,4.73,68.74,30.973683027412,0.3472716,61.15198251,998.0,4044.0,83.6,2026-09-09
3366,600642,申能股份,8.67,1.76,0.36,12.61,8.627223577051,0.2425948,72.63229985,7.0,772.0,77.2,2026-09-09
3367,600643,爱建集团,4.15,-1.19,0.59,123.94,4.159643624643,0.1946168,60.36613673,595.0,4250.0,70.0,2026-09-09
3368,600644,乐山电力,9.2,0.55,2.96,385.63,9.16712742228,0.2085824,64.57598818,1393.0,3059.0,77.6,2026-09-09
3369,600645,中源协和,18.39,-1.87,1.3,70.48,18.468149753675,0.2158812,61.27170867,-66.0,4012.0,78.0,2026-09-09
3370,600648,外高桥,9.37,0.0,0.13,58.05,9.356162496628,0.0867228,67.59773346,-911.0,2038.0,68.8,2026-09-09
3371,600649,城投控股,3.97,-2.93,0.93,-95.49,3.99010006558,0.282906,68.24502268,-62.0,1855.0,75.6,2026-09-09
3372,600650,锦江在线,10.87,-0.73,1.05,52.23,10.855066856051,0.1315948,64.09623276,12.0,3218.0,78.8,2026-09-09
3373,600651,飞乐音响,5.61,0.54,0.6,3953.61,5.61847243694,0.2885356,64.31177647,521.0,3161.0,70.4,2026-09-09
3374,600653,申华控股,1.77,-0.56,0.96,-92.72,1.767286346751,0.253192,69.54351125,865.0,1478.0,72.4,2026-09-09
3375,600654,中安科,3.2,-1.54,2.44,94.0,3.18441410144,0.2648204,69.65737274,-149.0,1443.0,82.4,2026-09-09
3376,600655,豫园股份,4.67,0.21,0.42,56.25,4.66397118822,0.1944456,67.45831063,-292.0,2089.0,76.4,2026-09-09
3377,600657,信达地产,3.12,-7.14,4.7,-3.37,3.156509603854,0.249822,65.47141066,-861.0,2740.0,84.8,2026-09-09
3378,600658,电子城,4.2,-2.33,1.3,-12.33,4.223080946125,0.202324,58.51294109,-333.0,4619.0,71.2,2026-09-09
3379,600660,福耀玻璃,55.14,1.79,0.53,18.12,54.836873375016,0.3598696,80.55316295,467.0,67.0,88.0,2026-09-09
3380,600661,昂立教育,8.85,-0.67,2.07,40.75,8.775545579738,0.0795824,69.00270321,134.0,1639.0,70.0,2026-09-09
3381,600662,外服控股,4.35,-0.91,0.39,12.47,4.353090486685,0.1589328,70.83440907,-789.0,1154.0,71.2,2026-09-09
3382,600663,陆家嘴,9.11,0.89,0.2,20.7,9.080551495152,0.0688516,71.57747418,-501.0,972.0,69.6,2026-09-09
3383,600664,哈药股份,7.63,-1.55,16.25,23.42,7.72842642326,0.3738316,68.06680154,2076.0,1902.0,86.0,2026-09-09
3384,600665,天地源,3.61,-1.63,1.22,-2.93,3.60238659403,0.1952648,58.63794189,-124.0,4591.0,63.6,2026-09-09
3385,600666,奥瑞德,3.5,-0.57,1.74,-604.16,3.495265324706,0.259148,64.65696462,562.0,3032.0,72.0,2026-09-09
3386,600667,太极实业,18.16,-2.31,9.16,60.19,18.480789920981,0.2998248,61.63788397,-2821.0,3927.0,89.6,2026-09-09
3387,600668,尖峰集团,7.54,-0.79,0.72,-173.93,7.546759683938,0.1280348,58.83109709,-307.0,4556.0,72.0,2026-09-09
3388,600671,天目药业,22.59,3.62,3.01,218.26,22.041392387807,0.2864,66.31453254,1433.0,2458.0,68.8,2026-09-09
3389,600673,东阳光,31.6,1.35,0.51,122.16,31.587984801403,0.4065956,68.97912374,882.0,1647.0,72.0,2026-09-09
3390,600674,川投能源,15.84,0.96,0.31,16.57,15.75065077222,0.2976532,73.71142333,29.0,574.0,81.6,2026-09-09
3391,600675,中华企业,2.31,-1.7,0.69,-23.35,2.314424743059,0.2583264,62.60374625,-485.0,3656.0,71.6,2026-09-09
3392,600676,久事动娱,6.8,1.19,0.81,157.93,6.820699559671,0.2646688,70.46983274,1968.0,1235.0,65.2,2026-09-09
3393,600678,ST金顶,5.88,-0.51,1.91,83.2,5.863017151067,0.1901332,62.44621589,83.0,3705.0,72.4,2026-09-09
3394,600679,上海凤凰,10.37,0.48,0.75,71.84,10.364484463827,0.1131412,65.57898395,359.0,2705.0,72.4,2026-09-09
3395,600681,百川能源,3.64,0.28,2.38,16.76,3.637694994235,0.2171852,66.52423348,-1343.0,2400.0,74.8,2026-09-09
3396,600682,南京新百,5.84,-0.85,0.99,109.38,5.834022037613,0.197194,59.94422923,-404.0,4335.0,71.2,2026-09-09
3397,600683,京投发展,9.73,-2.7,3.56,-11.51,9.91078736918,0.2308208,64.46161176,1025.0,3104.0,81.6,2026-09-09
3398,600684,珠江股份,3.64,-2.41,2.04,146.6,3.657711846232,0.1418272,70.94391436,1488.0,1132.0,75.6,2026-09-09
3399,600685,中船防务,28.47,2.74,2.75,24.05,28.21107117856,0.2930484,74.25769168,-227.0,506.0,86.8,2026-09-09
3400,600686,金龙汽车,11.17,-0.18,1.34,14.5,11.145955796497,0.1561468,69.12942296,-808.0,1598.0,78.8,2026-09-09
3401,600688,上海石化,2.96,0.68,1.0,51.94,2.946552053912,0.3484964,65.16577669,-1630.0,2849.0,72.4,2026-09-09
3402,600689,上海三毛,12.6,-1.25,2.34,98.33,12.660389185106,0.1224744,70.62392521,-1046.0,1201.0,78.0,2026-09-09
3403,600690,海尔智家,21.3,-0.56,0.32,9.6,21.306384980322,0.2846584,76.65290596,484.0,252.0,87.2,2026-09-09
3404,600691,潞化科技,3.56,5.95,11.65,92.16,3.55103079448,0.2786,66.20155119,-2091.0,2499.0,91.2,2026-09-09
3405,600692,亚通股份,6.78,0.3,2.12,62.81,6.725094437011,0.1609948,75.44931302,675.0,357.0,72.8,2026-09-09
3406,600693,东百集团,11.37,-1.3,14.53,66.17,11.258727012937,0.2525036,69.61800291,-329.0,1454.0,93.2,2026-09-09
3407,600694,大商股份,14.87,-0.8,1.53,7.32,14.83699319486,0.2830892,68.88921567,77.0,1671.0,74.8,2026-09-09
3408,600697,欧亚集团,11.75,0.77,3.12,62.7,11.686864955982,0.0853864,64.64730464,-73.0,3038.0,72.0,2026-09-09
3409,600698,湖南天雁,8.38,9.97,12.17,2183.73,8.135867183265,0.4264756,75.15869174,3565.0,394.0,88.4,2026-09-09
3410,600699,均胜电子,19.87,-1.1,2.34,20.85,20.026607820757,0.3537368,69.37868438,-1051.0,1523.0,80.8,2026-09-09
3411,600702,舍得酒业,35.88,-1.05,1.41,41.05,35.929362173146,0.2566616,61.21130149,-1220.0,4032.0,82.4,2026-09-09
3412,600703,三安光电,12.85,-0.08,1.79,-327.41,12.903213170767,0.286616,57.15128281,-181.0,4839.0,86.0,2026-09-09
3413,600704,物产中大,5.03,0.4,1.08,6.55,5.043989661035,0.3660352,70.76401532,242.0,1170.0,78.0,2026-09-09
3414,600706,曲江文旅,9.16,3.04,7.66,171.47,9.042931166436,0.1941672,68.26931618,2875.0,1848.0,80.0,2026-09-09
3415,600707,彩虹股份,8.64,0.35,2.57,155.07,8.762852260117,0.269218,67.61705265,2082.0,2034.0,76.4,2026-09-09
3416,600708,光明地产,3.06,-2.55,1.06,-7.49,3.082169839569,0.2267012,55.51661291,-1319.0,5024.0,66.0,2026-09-09
3417,600710,苏美达,11.2,3.8,1.45,10.55,11.093825501266,0.3376784,78.99402786,451.0,126.0,73.2,2026-09-09
3418,600711,盛屯矿业,12.1,2.02,4.46,10.36,12.050784448928,0.3910828,73.01179009,-584.0,691.0,90.8,2026-09-09
3419,600712,南宁百货,6.21,1.31,6.16,1193.15,6.146428865547,0.22705,70.57988294,978.0,1214.0,79.2,2026-09-09
3420,600713,南京医药,5.37,-0.19,0.57,11.93,5.350714818684,0.2243692,69.74033489,-1011.0,1421.0,73.6,2026-09-09
3421,600714,金瑞矿业,20.59,-8.89,17.6,176.9,21.329884318565,0.2697172,58.42121405,-906.0,4635.0,88.4,2026-09-09
3422,600715,文投控股,1.72,-2.27,1.42,-175.98,1.722642536183,0.318028,53.83145695,-40.0,5125.0,77.6,2026-09-09
3423,600716,凤凰股份,3.74,-0.8,0.43,-5.89,3.750458293337,0.1033764,64.36061802,507.0,3141.0,67.2,2026-09-09
3424,600717,天津港,4.4,0.92,0.93,9.4,4.394004781296,0.3347492,69.57147676,462.0,1462.0,72.8,2026-09-09
3425,600718,东软集团,7.95,-1.36,0.56,-16.46,7.98984720847,0.146604,63.13284382,-871.0,3508.0,73.2,2026-09-09
3426,600719,大连热电,7.74,1.18,3.43,31.23,7.701310025553,0.252742,56.39916359,-58.0,4935.0,72.8,2026-09-09
3427,600720,中交设计,5.3,0.0,0.76,19.71,5.279495086588,0.3632168,75.82885807,180.0,322.0,77.2,2026-09-09
3428,600721,百花医药,11.55,-5.94,25.44,150.46,11.710031450289,0.2159408,55.9391547,-370.0,4986.0,85.6,2026-09-09
3429,600722,金牛化工,20.0,1.16,25.04,193.82,20.343552699514,0.3150116,65.35047938,-1349.0,2783.0,95.2,2026-09-09
3430,600724,宁波富达,5.18,-1.89,0.48,31.72,5.183380882599,0.1718924,63.48332981,-948.0,3405.0,66.8,2026-09-09
3431,600725,云维股份,3.49,2.65,1.97,-1126.58,3.460866728732,0.2647168,71.059576,750.0,1098.0,68.4,2026-09-09
3432,600726,华电能源,5.5,2.23,1.57,36.75,5.474282100742,0.2990688,68.3201016,608.0,1839.0,77.6,2026-09-09
3433,600727,鲁北化工,8.01,-0.25,2.97,12.34,8.018384149059,0.1785576,67.09372476,-1619.0,2213.0,79.2,2026-09-09
3434,600728,佳都科技,4.63,-1.49,0.82,160.55,4.644524884798,0.2042632,72.92770101,229.0,708.0,75.2,2026-09-09
3435,600729,重百集团,19.77,-1.05,2.06,9.76,19.795645786696,0.1521744,70.40427313,50.0,1250.0,72.8,2026-09-09
3436,600730,*ST高科,9.4,-1.67,0.93,-298.4,9.480210809516,0.2187616,57.89431488,98.0,4719.0,70.4,2026-09-09
3437,600731,湖南海利,6.08,-0.49,1.83,21.34,6.083475702499,0.2122676,63.87815374,-1123.0,3280.0,70.8,2026-09-09
3438,600732,爱旭股份,11.0,0.09,0.61,-15.44,10.915608105115,0.3248348,57.94875948,93.0,4714.0,73.2,2026-09-09
3439,600733,北汽蓝谷,4.94,-0.6,0.75,-8.11,4.923138936619,0.3405784,65.95046263,-1286.0,2585.0,80.0,2026-09-09
3440,600734,*ST实达,2.05,9.04,6.17,-78.71,1.972477897354,0.3834084,68.36403882,1389.0,1827.0,75.6,2026-09-09
3441,600735,ST新华锦,5.92,-0.17,0.57,214.31,5.914312934388,0.2155828,58.7966494,157.0,4561.0,67.2,2026-09-09
3442,600736,苏州高新,6.86,1.03,2.39,6.47,6.871506829247,0.3505184,72.17626323,1697.0,851.0,73.6,2026-09-09
3443,600737,中粮糖业,19.8,9.03,13.44,34.81,19.063843750177,0.4184604,69.91357857,-1306.0,1373.0,94.8,2026-09-09
3444,600738,丽尚国潮,4.52,0.89,1.87,16.63,4.479980556355,0.1079292,68.74930097,122.0,1712.0,72.4,2026-09-09
3445,600739,辽宁成大,10.78,-0.19,0.59,5.06,10.765381884155,0.312248,67.75020223,-179.0,1992.0,76.0,2026-09-09
3446,600740,山西焦化,4.08,2.77,2.14,-357.91,4.039384629877,0.2821304,79.04464645,535.0,122.0,81.6,2026-09-09
3447,600741,华域汽车,15.49,-0.06,0.51,9.23,15.551500495583,0.2060456,71.46642102,55.0,1007.0,80.8,2026-09-09
3448,600742,富维股份,7.87,-0.63,0.37,15.37,7.862300094891,0.0926684,66.99948333,365.0,2250.0,72.8,2026-09-09
3449,600743,华远控股,2.16,-2.26,1.29,-120.01,2.164533687834,0.3019872,60.95126908,717.0,4093.0,68.4,2026-09-09
3450,600744,华银电力,6.36,1.6,4.58,124.98,6.334823542998,0.2847436,62.404967,967.0,3716.0,78.8,2026-09-09
3451,600745,*ST闻泰,17.17,-2.44,2.4,-26.93,17.340332865348,0.2714056,52.66419682,-50.0,5159.0,77.6,2026-09-09
3452,600746,江苏索普,7.39,-0.81,0.98,17.03,7.418331417693,0.1382668,69.13793613,-1310.0,1597.0,73.6,2026-09-09
3453,600748,上实发展,3.92,-1.75,0.63,-14.04,3.925654810182,0.1745264,66.14917881,-1490.0,2515.0,69.2,2026-09-09
3454,600749,西藏旅游,15.38,-2.47,6.75,599.94,15.300739929786,0.2019556,62.88359141,-1971.0,3576.0,83.6,2026-09-09
3455,600750,华润江中,23.12,-0.64,1.15,14.95,23.102095430428,0.1063396,69.56597359,447.0,1466.0,82.0,2026-09-09
3456,600751,海航科技,3.18,1.27,1.12,102.67,3.161947605029,0.2684596,62.37367004,-645.0,3722.0,72.4,2026-09-09
3457,600753,ST海钦,11.03,-0.27,0.37,60.55,11.09935922878,0.1140836,64.54896236,57.0,3068.0,66.4,2026-09-09
3458,600754,锦江酒店,19.6,0.05,1.55,19.13,19.331856185213,0.2334028,74.89429925,361.0,427.0,82.4,2026-09-09
3459,600755,厦门国贸,5.8,-0.51,0.55,14.5,5.806187462241,0.2550052,65.93328302,-158.0,2597.0,75.6,2026-09-09
3460,600756,浪潮软件,14.09,-1.4,2.14,-17.3,14.044373663046,0.1569104,57.61503877,225.0,4767.0,78.0,2026-09-09
3461,600757,长江传媒,7.48,-1.84,1.25,9.4,7.47358277556,0.2126508,68.47229069,-418.0,1786.0,76.0,2026-09-09
3462,600758,辽宁能源,3.94,3.68,7.7,-5.67,3.900233896599,0.3084572,59.66156451,575.0,4391.0,75.6,2026-09-09
3463,600759,ST洲际,2.55,-1.92,2.89,27.34,2.569027591098,0.334922,66.02780468,-858.0,2555.0,72.8,2026-09-09
3464,600760,中航沈飞,48.91,1.66,0.75,146.55,48.88753457284,0.3793976,77.41166277,105.0,198.0,90.8,2026-09-09
3465,600761,安徽合力,16.42,0.37,0.61,10.88,16.422461320603,0.26026,71.8515815,250.0,908.0,72.4,2026-09-09
3466,600763,通策医疗,34.53,-1.74,1.3,16.74,34.622193866084,0.2107516,68.37094078,-314.0,1825.0,84.8,2026-09-09
3467,600764,中国海防,19.21,2.73,1.55,123.32,19.07757520285,0.2060064,71.56399007,427.0,976.0,80.8,2026-09-09
3468,600765,中航重机,14.24,1.79,1.91,24.92,14.195359391407,0.284278,68.80866726,134.0,1694.0,85.6,2026-09-09
3469,600768,富邦新材,15.08,-0.07,1.7,17.23,15.071073308716,0.0766568,64.34273874,643.0,3150.0,70.0,2026-09-09
3470,600769,祥龙电业,16.4,-3.02,5.41,331.58,16.621403874667,0.2922464,67.235644,-756.0,2161.0,82.4,2026-09-09
3471,600770,综艺股份,5.69,-3.56,9.95,78.46,5.74053763316,0.3298756,68.28958636,-1507.0,1844.0,87.6,2026-09-09
3472,600771,广誉远,14.04,0.72,1.52,40.59,14.041760898505,0.188824,63.93785603,147.0,3264.0,78.8,2026-09-09
3473,600773,西藏城投,10.92,-0.27,1.8,-75.55,10.902647651182,0.2202168,62.11301391,810.0,3790.0,78.8,2026-09-09
3474,600774,汉商集团,8.04,-0.74,1.38,283.0,8.061206351176,0.0648444,66.15045892,1329.0,2513.0,70.8,2026-09-09
3475,600775,南京熊猫,9.92,-0.5,1.46,-174.2,9.925974454681,0.1674092,60.57395311,-689.0,4196.0,78.4,2026-09-09
3476,600776,东方通信,14.03,5.25,7.52,27.47,14.217014784984,0.3463624,79.45310997,319.0,101.0,84.4,2026-09-09
3477,600777,新潮能源,4.14,-2.59,0.52,42.71,4.151600507844,0.3629328,63.71309422,-2300.0,3329.0,78.4,2026-09-09
3478,600778,友好集团,6.64,9.93,14.13,79.81,6.487776254613,0.4112052,78.52830705,1976.0,147.0,73.2,2026-09-09
3479,600779,水井坊,27.2,-0.44,0.34,-1065.5,27.236880729142,0.2232544,63.59548396,1225.0,3374.0,75.2,2026-09-09
3480,600780,通宝能源,6.4,1.75,1.3,9.37,6.356604201929,0.2968708,71.01383101,1120.0,1116.0,70.4,2026-09-09
3481,600782,新钢股份,2.84,0.35,1.06,-7.45,2.827657883754,0.3224628,65.23264636,1111.0,2826.0,72.0,2026-09-09
3482,600783,鲁信创投,15.95,-0.99,1.42,30.32,15.985334541613,0.2187072,58.78099723,115.0,4567.0,76.8,2026-09-09
3483,600784,鲁银投资,7.55,1.75,1.6,23.66,7.529880536157,0.2683732,68.03714804,1885.0,1909.0,63.6,2026-09-09
3484,600785,新华百货,11.82,-3.11,15.4,27.22,11.849773536135,0.2343168,69.06253935,-105.0,1617.0,85.6,2026-09-09
3485,600787,中储股份,4.72,1.29,0.91,27.32,4.69648031151,0.2830636,70.23829025,82.0,1282.0,76.0,2026-09-09
3486,600789,鲁抗医药,7.72,-1.03,1.49,29.2,7.727729191844,0.2053652,66.7619842,-1429.0,2328.0,81.6,2026-09-09
3487,600790,轻纺城,3.49,0.58,1.16,6.74,3.482052885291,0.2825404,65.19883769,284.0,2838.0,67.6,2026-09-09
3488,600791,京能置业,7.6,-4.88,7.4,-11.2,7.710539193072,0.2273948,58.1086552,-1954.0,4687.0,79.6,2026-09-09
3489,600792,云煤能源,4.92,10.07,10.39,-10.98,4.674901004121,0.3075432,81.92302436,96.0,33.0,89.2,2026-09-09
3490,600793,宜宾纸业,15.91,0.63,2.09,-32.25,15.850569116692,0.1128444,54.99513976,-895.0,5065.0,66.8,2026-09-09
3491,600794,保税科技,3.37,1.2,1.19,42.26,3.347274571098,0.2525192,64.60242797,1002.0,3053.0,74.0,2026-09-09
3492,600795,国电电力,5.31,0.95,0.46,15.71,5.291631166482,0.3846456,73.32462787,212.0,633.0,88.8,2026-09-09
3493,600796,钱江生化,5.37,-0.56,2.24,29.92,5.418934267387,0.167918,67.36375972,-721.0,2117.0,69.2,2026-09-09
3494,600797,浙大网新,6.86,-0.87,1.43,-59.25,6.818249474173,0.2718872,69.54808946,949.0,1475.0,80.4,2026-09-09
3495,600798,宁波海运,3.59,3.46,5.53,-230.5,3.552226628088,0.2828296,68.00262483,1132.0,1922.0,79.6,2026-09-09
3496,600800,渤海化学,3.52,-0.56,1.46,-6.66,3.510067247398,0.1953024,59.0181108,-267.0,4521.0,76.4,2026-09-09
3497,600801,华新建材,25.1,0.36,0.39,15.23,25.056623526041,0.1874976,76.60039877,44.0,255.0,80.8,2026-09-09
3498,600802,福建水泥,5.36,3.08,8.31,-17.74,5.289721099772,0.168708,69.86216826,2857.0,1383.0,81.2,2026-09-09
3499,600803,新奥股份,19.0,0.21,0.22,14.08,18.955300242785,0.1117956,73.01444233,-90.0,690.0,78.0,2026-09-09
3500,600805,悦达投资,4.65,-0.64,0.53,33.46,4.663200253977,0.1288564,64.43266139,-1088.0,3113.0,71.2,2026-09-09
3501,600807,济高发展,2.74,-0.72,1.33,-21.7,2.75092083181,0.1696924,57.91570498,-1505.0,4718.0,70.8,2026-09-09
3502,600808,马钢股份,2.67,1.14,1.06,-147.08,2.641954114093,0.356454,68.53597577,68.0,1771.0,74.8,2026-09-09
3503,600809,山西汾酒,119.02,-2.6,0.43,11.27,119.6838085901,0.2983468,72.78371539,-360.0,745.0,88.8,2026-09-09
3504,600810,神马股份,6.62,-0.15,0.49,57.32,6.595917700844,0.169846,59.48767713,-1490.0,4431.0,73.2,2026-09-09
3505,600812,华北制药,4.8,-1.44,0.86,64.5,4.800559650155,0.2074744,62.70294334,-1939.0,3620.0,79.2,2026-09-09
3506,600814,杭州解百,7.89,5.76,5.91,19.12,7.652139613582,0.277,82.68925748,631.0,24.0,80.0,2026-09-09
3507,600815,厦工股份,3.77,-9.81,8.69,-65.31,3.881740035391,0.3384344,57.37809173,-1656.0,4802.0,81.2,2026-09-09
3508,600816,建元信托,2.49,-0.4,0.93,11.44,2.483540211074,0.3723268,66.59067185,1485.0,2383.0,75.2,2026-09-09
3509,600817,宇通重工,9.79,-2.49,0.42,25.25,9.858784764734,0.0737056,66.18527191,-260.0,2502.0,69.6,2026-09-09
3510,600818,ST中路,7.67,-0.65,0.91,-81.97,7.688100998022,0.3371932,59.27785575,337.0,4475.0,65.2,2026-09-09
3511,600819,耀皮玻璃,5.97,0.34,0.81,85.84,5.989163112337,0.1452948,73.12441025,-47.0,669.0,71.2,2026-09-09
3512,600820,隧道股份,5.57,0.91,0.93,15.68,5.576171223301,0.2829284,73.89526416,1259.0,551.0,74.4,2026-09-09
3513,600821,金开新能,6.25,-0.48,4.35,76.3,6.201057359516,0.2815988,56.65654616,-1425.0,4904.0,85.6,2026-09-09
3514,600822,上海物贸,9.03,0.44,1.9,214.8,9.068014362507,0.2167896,69.16157615,-1206.0,1590.0,77.6,2026-09-09
3515,600824,益民集团,3.94,1.03,4.87,-15.67,4.023218189787,0.2929532,66.13382922,717.0,2523.0,78.8,2026-09-09
3516,600825,新华传媒,,,0.0,84.67,5.32814194565,0.1106592,67.70569368,-117.0,2006.0,82.8,2026-09-09
3517,600826,兰生股份,7.82,-0.51,0.53,162.96,7.805676119845,0.1104588,66.50814272,-1216.0,2401.0,68.4,2026-09-09
3518,600827,百联股份,7.96,-1.12,1.08,7.78,7.968911255862,0.2497612,67.88133095,-1246.0,1956.0,78.8,2026-09-09
3519,600828,茂业商业,4.98,-1.19,3.83,-22.88,4.937055984415,0.150084,60.74913285,-818.0,4151.0,87.2,2026-09-09
3520,600829,人民同泰,9.96,-3.49,2.94,35.65,9.998275940961,0.1714776,65.48591261,-1452.0,2736.0,80.0,2026-09-09
3521,600830,香溢融通,9.11,-5.89,9.64,38.94,9.21667546017,0.2779948,63.41223058,539.0,3427.0,84.8,2026-09-09
3522,600831,广电网络,3.44,-2.55,2.08,-2.51,3.420609102551,0.2336192,64.09147693,-61.0,3219.0,72.0,2026-09-09
3523,600833,第一医药,10.78,-0.65,2.3,45.95,10.72787824075,0.122512,63.17820415,-1540.0,3491.0,77.6,2026-09-09
3524,600834,申通地铁,7.8,0.13,0.55,57.85,7.790106090485,0.121874,65.95575675,-1.0,2583.0,71.2,2026-09-09
3525,600835,上海机电,18.47,-0.48,0.39,23.52,18.484456670331,0.1682376,63.36520011,-1090.0,3438.0,73.6,2026-09-09
3526,600838,上海九百,8.8,0.34,6.18,70.35,8.787736829933,0.2147792,76.25040828,662.0,284.0,84.0,2026-09-09
3527,600839,四川长虹,6.92,-1.14,1.0,9.7,6.929971545309,0.2454876,66.65985639,236.0,2363.0,82.8,2026-09-09
3528,600841,动力新科,6.08,4.11,2.29,53.07,5.995186382281,0.3115468,70.32985612,1871.0,1265.0,70.0,2026-09-09
3529,600843,上工申贝,7.24,-0.41,0.89,-51.62,7.23791830603,0.0694212,59.33923054,100.0,4463.0,71.2,2026-09-09
3530,600844,金煤科技,3.85,0.79,7.94,95.86,3.832646892318,0.2069452,56.4394933,-1556.0,4931.0,76.8,2026-09-09
3531,600845,宝信软件,17.1,-0.41,0.39,34.57,17.075070972734,0.2536404,70.43547507,244.0,1243.0,80.8,2026-09-09
3532,600846,同济科技,11.76,-0.34,0.54,29.79,11.835749258069,0.2872096,66.73971102,128.0,2337.0,66.4,2026-09-09
3533,600847,万里股份,12.84,-0.08,1.04,-26.84,12.874358236049,0.1100004,57.68165008,116.0,4757.0,62.4,2026-09-09
3534,600848,上海临港,8.76,0.69,0.3,19.75,8.720357398262,0.3128124,76.57181271,839.0,257.0,71.6,2026-09-09
3535,600850,电科数字,14.28,-1.38,0.71,85.33,14.355964201392,0.1746236,65.50827677,-406.0,2729.0,74.0,2026-09-09
3536,600851,海欣股份,8.58,0.0,0.82,40.04,8.556714194079,0.21767,61.94385145,191.0,3851.0,64.4,2026-09-09
3537,600853,龙建股份,3.42,-0.58,0.85,23.53,3.41024840817,0.2356988,75.02162239,-49.0,413.0,74.4,2026-09-09
3538,600854,春兰股份,4.82,0.21,1.21,12.74,4.798121432086,0.135184,67.79829146,-532.0,1979.0,67.2,2026-09-09
3539,600855,航天长峰,13.89,2.89,7.07,-62.35,13.686766105464,0.2618636,71.61746242,1069.0,963.0,81.2,2026-09-09
3540,600857,宁波中百,23.53,2.44,5.82,227.99,23.387687221792,0.281652,76.46610297,-67.0,268.0,82.4,2026-09-09
3541,600858,银座股份,5.35,1.71,2.5,18.74,5.322885692002,0.1694924,75.04944464,1801.0,409.0,72.0,2026-09-09
3542,600859,王府井,10.28,-0.87,1.46,106.62,10.293915120256,0.2466756,66.34506532,-202.0,2453.0,83.2,2026-09-09
3543,600860,京城股份,8.67,-0.91,1.36,-37.77,8.665754602426,0.1456004,59.07949549,-1792.0,4509.0,83.6,2026-09-09
3544,600861,北京人力,13.13,0.0,0.28,9.06,13.11361090544,0.0828132,68.65217715,-515.0,1738.0,68.0,2026-09-09
3545,600862,中航高科,19.05,2.58,1.85,30.22,18.978517306315,0.3269128,77.97466077,274.0,175.0,78.8,2026-09-09
3546,600863,华能蒙电,4.88,0.83,2.2,12.83,4.853984828038,0.4408108,73.16347737,121.0,662.0,87.2,2026-09-09
3547,600864,哈投股份,5.7,-0.52,0.97,14.67,5.692545079424,0.262692,60.41411691,-838.0,4237.0,78.8,2026-09-09
3548,600865,百大集团,15.11,9.97,18.79,249.79,14.693724604972,0.3468592,69.70017191,-1110.0,1430.0,92.0,2026-09-09
3549,600866,星湖科技,4.57,-0.87,2.58,53.68,4.595294199775,0.2616776,62.48060655,-1625.0,3694.0,78.0,2026-09-09
3550,600867,通化东宝,8.01,-0.87,0.44,26.53,8.019172213265,0.2145232,68.96427787,-956.0,1652.0,72.8,2026-09-09
3551,600868,梅雁吉祥,2.9,0.35,2.3,-1212.07,2.881569694831,0.3017416,56.95439217,-1170.0,4870.0,78.0,2026-09-09
3552,600869,远东股份,24.93,10.02,14.09,134.69,23.575366159506,0.408128,72.42129158,-43.0,813.0,96.0,2026-09-09
3553,600871,石化油服,2.34,-0.43,1.14,43.53,2.336502164796,0.3162752,69.23062567,-630.0,1569.0,83.2,2026-09-09
3554,600872,中炬高新,18.24,-1.72,1.4,17.05,18.240181033357,0.2769304,68.82050671,-973.0,1691.0,76.0,2026-09-09
3555,600873,梅花生物,7.9,-0.25,0.93,16.74,7.96216982533,0.2115456,65.93503398,-379.0,2596.0,82.0,2026-09-09
3556,600874,创业环保,5.69,-0.18,0.47,9.15,5.689095933445,0.1460308,71.02254745,-76.0,1114.0,73.2,2026-09-09
3557,600875,东方电气,26.36,5.52,3.68,16.8,25.843949005716,0.4396524,76.84348836,1778.0,237.0,83.2,2026-09-09
3558,600876,凯盛新能,7.19,-0.42,0.48,-2.77,7.186051774668,0.0516072,59.04804475,-650.0,4515.0,70.4,2026-09-09
3559,600877,电科芯片,11.83,-0.59,0.86,-556.49,11.917360193817,0.1993124,56.3401502,30.0,4942.0,71.6,2026-09-09
3560,600879,航天电子,14.46,1.12,1.99,587.69,14.416557713981,0.262806,62.38794101,452.0,3719.0,73.2,2026-09-09
3561,600880,博瑞传播,4.7,2.62,12.98,-46.09,4.640204326261,0.3556632,74.43676585,787.0,479.0,89.2,2026-09-09
3562,600881,亚泰集团,2.0,-3.38,7.1,-6.72,2.03791233649,0.3046992,58.46900925,-3402.0,4626.0,90.8,2026-09-09
3563,600882,妙可蓝多,20.42,-2.02,0.78,34.33,20.424630071983,0.1590836,69.84060768,652.0,1388.0,75.6,2026-09-09
3564,600883,博闻科技,8.51,0.95,3.45,66.47,8.466668257563,0.1255636,65.14964296,-529.0,2854.0,70.8,2026-09-09
3565,600884,杉杉股份,11.55,-0.6,1.13,15.77,11.552962961835,0.2898484,65.28201396,-959.0,2806.0,79.2,2026-09-09
3566,600885,宏发股份,35.43,2.22,0.89,23.72,35.243972721753,0.2310484,79.27893592,730.0,112.0,84.0,2026-09-09
3567,600886,国投电力,14.37,1.7,0.29,16.27,14.250614095268,0.3172932,75.66627031,1172.0,341.0,83.2,2026-09-09
3568,600887,伊利股份,26.45,-0.3,0.71,14.53,26.45240490333,0.3769052,68.59404109,-52.0,1756.0,91.2,2026-09-09
3569,600888,新疆众和,10.25,1.59,2.34,15.23,10.204595872502,0.3145412,62.9767108,261.0,3548.0,72.4,2026-09-09
3570,600889,*ST京化,13.8,0.36,0.22,86.28,13.71117165198,0.2041284,58.34432161,-34.0,4649.0,72.0,2026-09-09
3571,600892,大晟文化,4.42,-9.98,21.02,-31.82,4.52383058894,0.2674996,59.52260332,-3263.0,4423.0,84.4,2026-09-09
3572,600893,航发动力,41.37,0.29,1.82,377.08,41.551923243627,0.3950196,72.68919077,-666.0,764.0,92.4,2026-09-09
3573,600894,广日股份,7.45,-0.4,0.29,24.03,7.444923208763,0.1462856,65.93271415,-1346.0,2599.0,68.0,2026-09-09
3574,600895,张江高科,29.16,-2.11,1.23,68.55,29.262814786544,0.366932,67.84896381,-1212.0,1965.0,80.0,2026-09-09
3575,600897,厦门空港,15.48,0.32,0.63,12.91,15.396296753329,0.1728796,68.97527674,158.0,1648.0,70.0,2026-09-09
3576,600900,长江电力,28.05,0.65,0.29,23.26,27.931045027128,0.457336,76.02508474,-92.0,306.0,94.0,2026-09-09
3577,600901,江苏金租,6.8,0.0,0.32,11.52,6.812299018341,0.2650972,71.54573219,-332.0,985.0,74.8,2026-09-09
3578,600903,贵州燃气,7.45,2.76,12.63,65.87,7.484074678123,0.3461308,70.26881668,-809.0,1279.0,89.6,2026-09-09
3579,600905,三峡能源,3.7,0.0,0.25,43.39,3.702314555315,0.4303944,67.05997891,-13.0,2225.0,79.2,2026-09-09
3580,600906,财达证券,6.48,-0.77,1.1,13.72,6.474099719698,0.2969604,62.19678242,-593.0,3771.0,69.2,2026-09-09
3581,600908,无锡银行,5.91,1.2,1.06,4.57,5.895437060149,0.255216,66.88657883,-1315.0,2280.0,72.4,2026-09-09
3582,600909,华安证券,8.07,0.62,1.53,9.67,8.077578110726,0.3893136,68.39005953,109.0,1817.0,69.6,2026-09-09
3583,600916,中国黄金,8.05,0.88,2.04,24.2,7.992107508414,0.3104916,73.23544254,486.0,652.0,87.6,2026-09-09
3584,600917,重庆燃气,5.06,0.8,0.5,52.63,5.047265407719,0.2050532,68.29829177,-177.0,1842.0,70.8,2026-09-09
3585,600918,中泰证券,5.6,0.0,0.49,12.65,5.598334932652,0.3759408,69.50995926,1475.0,1491.0,78.0,2026-09-09
3586,600919,江苏银行,12.33,0.57,0.29,5.17,12.338659265751,0.423442,72.05967605,-527.0,871.0,85.6,2026-09-09
3587,600925,苏能股份,4.34,2.36,1.26,280.89,4.305686811462,0.2292712,67.06079291,1009.0,2224.0,67.2,2026-09-09
3588,600926,杭州银行,17.28,0.47,0.34,4.89,17.28315082952,0.3993712,73.76351242,184.0,568.0,80.8,2026-09-09
3589,600927,永安期货,12.75,-0.23,0.26,30.52,12.739611495357,0.2424836,65.3940551,263.0,2770.0,68.0,2026-09-09
3590,600928,西安银行,3.59,-0.55,0.46,5.38,3.593434733886,0.2715148,66.65498096,-1202.0,2365.0,71.6,2026-09-09
3591,600929,雪天盐业,,,0.0,62.55,5.957019091331,0.1881848,71.85247663,344.0,906.0,75.2,2026-09-09
3592,600930,华电新能,3.96,0.0,0.82,21.51,3.952232282291,0.3666728,66.14215776,-1519.0,2517.0,82.0,2026-09-09
3593,600933,爱柯迪,13.33,-1.48,0.71,14.38,13.356332129343,0.2350068,72.88824419,624.0,716.0,68.0,2026-09-09
3594,600935,华塑股份,2.42,0.0,1.02,-56.87,2.419801549569,0.205424,60.74287659,-1594.0,4154.0,72.0,2026-09-09
3595,600936,北投科技,4.96,-1.98,4.74,79.16,4.961400795049,0.2741364,62.94746448,250.0,3554.0,81.2,2026-09-09
3596,600938,中国海油,34.18,-0.61,1.31,9.47,34.198728094464,0.3470408,77.30580526,-182.0,204.0,91.2,2026-09-09
3597,600939,重庆建工,2.73,-0.73,0.46,-10.56,2.7312246224,0.119178,64.74899792,-1862.0,3001.0,69.6,2026-09-09
3598,600941,中国移动,97.11,-0.6,0.77,13.34,97.016014850549,0.2899244,75.67203905,-45.0,340.0,90.4,2026-09-09
3599,600955,维远股份,12.87,-0.54,0.36,-158.0,12.912341799873,0.1395904,59.7065521,-1597.0,4378.0,64.0,2026-09-09
3600,600956,新天绿能,7.36,1.8,0.4,12.93,7.326858818923,0.2360368,73.19198541,1674.0,658.0,71.2,2026-09-09
3601,600958,东方证券,9.14,-0.54,0.41,8.59,9.141638080538,0.3716752,64.8091347,94.0,2975.0,82.8,2026-09-09
3602,600959,江苏有线,3.17,-1.55,0.8,76.21,3.17531456351,0.432952,68.58382514,-291.0,1761.0,74.0,2026-09-09
3603,600960,渤海汽车,4.03,-0.49,0.74,-1056.62,4.02459665966,0.2216356,59.61867879,-360.0,4399.0,69.2,2026-09-09
3604,600961,株冶集团,25.6,1.03,3.97,7.05,25.41680289027,0.3371176,72.87603006,-22.0,721.0,76.4,2026-09-09
3605,600962,国投中鲁,25.62,1.3,1.37,1844.38,25.463642825904,0.3013284,58.35118198,-132.0,4648.0,64.8,2026-09-09
3606,600963,岳阳林纸,3.56,-0.84,1.7,-320.83,3.580716453768,0.2378608,57.94437347,-239.0,4715.0,77.2,2026-09-09
3607,600965,*ST福成,2.95,-0.67,1.5,66.38,2.973651854082,0.2135676,66.99284722,-400.0,2252.0,71.6,2026-09-09
3608,600966,博汇纸业,5.04,2.65,1.33,43.72,4.98759084813,0.1998288,65.84374692,912.0,2630.0,70.4,2026-09-09
3609,600967,内蒙一机,14.43,4.04,10.03,71.41,14.254671068856,0.2965204,79.19852636,554.0,118.0,94.0,2026-09-09
3610,600968,海油发展,4.07,1.24,0.51,11.07,4.060828498433,0.3971008,77.00762679,-92.0,227.0,76.4,2026-09-09
3611,600969,郴电国际,11.13,3.82,10.42,39.63,10.773461378469,0.2612492,70.67347437,-905.0,1186.0,85.6,2026-09-09
3612,600970,中材国际,7.86,-0.13,0.32,11.04,7.846563422349,0.1960768,75.67429042,308.0,339.0,79.2,2026-09-09
3613,600971,恒源煤电,8.96,1.59,1.33,33.34,8.928764497623,0.1578648,70.71096715,1270.0,1180.0,76.0,2026-09-09
3614,600973,宝胜股份,6.27,3.47,2.08,32.69,6.210517367942,0.2847304,70.43431565,1686.0,1244.0,73.6,2026-09-09
3615,600975,新五丰,5.89,0.68,4.92,-5.0,5.881209868733,0.2574268,69.97852592,972.0,1354.0,86.4,2026-09-09
3616,600976,健民集团,27.55,-2.2,1.0,11.92,27.68848072552,0.1824612,64.22537167,-44.0,3176.0,70.0,2026-09-09
3617,600977,中国电影,12.99,-1.52,1.19,-110.18,12.983422910095,0.2442176,66.79015617,729.0,2318.0,81.6,2026-09-09
3618,600979,广安爱众,4.04,0.5,1.54,31.16,4.019769175904,0.222918,56.73018852,28.0,4897.0,71.2,2026-09-09
3619,600980,北矿科技,19.44,-0.21,0.71,27.52,19.374007174352,0.0553816,67.81338615,4.0,1973.0,72.8,2026-09-09
3620,600981,苏豪汇鸿,2.54,-0.39,0.76,-12.68,2.534180871654,0.1362632,64.4818985,-1491.0,3091.0,67.6,2026-09-09
3621,600982,宁波能源,5.01,1.83,2.15,17.65,4.973310266435,0.3145056,65.93978915,1380.0,2593.0,73.2,2026-09-09
3622,600983,惠而浦,7.44,-2.87,0.32,16.08,7.505327125506,0.036384,66.86779932,-1413.0,2285.0,67.6,2026-09-09
3623,600984,建设机械,3.7,-2.12,2.46,-4.65,3.710215245524,0.263788333333,53.05563437,-137.0,5151.0,76.8,2026-09-09
3624,600985,淮北矿业,17.26,2.8,0.93,18.76,17.188986211907,0.2655032,67.57252278,1226.0,2050.0,73.6,2026-09-09
3625,600986,浙文互联,7.37,-3.28,3.67,-41.1,7.372276337261,0.235898,65.96673579,-895.0,2579.0,79.2,2026-09-09
3626,600987,航民股份,6.54,-0.46,0.38,11.12,6.53196717516,0.1920612,72.79704419,-426.0,738.0,66.0,2026-09-09
3627,600988,赤峰黄金,43.88,-0.72,2.8,24.07,43.769636691051,0.3278056,71.38195162,192.0,1020.0,86.8,2026-09-09
3628,600989,宝丰能源,24.91,2.13,1.24,9.39,24.686856049509,0.4329812,77.44751617,-147.0,194.0,91.2,2026-09-09
3629,600990,四创电子,18.95,0.58,1.06,-19.07,19.02890136365,0.1997744,62.81890055,1123.0,3587.0,70.8,2026-09-09
3630,600992,贵绳股份,10.29,0.98,1.69,-11.9,10.251638186595,0.123446,63.21381928,-228.0,3479.0,70.8,2026-09-09
3631,600993,马应龙,22.65,-1.31,0.79,13.46,22.72896107551,0.1614248,67.37624162,-161.0,2113.0,77.2,2026-09-09
3632,600995,南网储能,12.54,0.88,0.29,18.02,12.458582865764,0.210604,67.56862778,464.0,2052.0,76.4,2026-09-09
3633,600996,贵广网络,7.01,-3.31,1.31,-7.98,7.038298590157,0.2174232,57.8521112,-294.0,4724.0,71.6,2026-09-09
3634,600997,开滦股份,5.68,1.07,0.88,-32.64,5.663696514005,0.1231904,68.08645076,-1365.0,1897.0,72.4,2026-09-09
3635,600998,九州通,5.05,-0.39,0.35,10.61,5.039953845134,0.1651496,71.36323282,-352.0,1023.0,78.0,2026-09-09
3636,600999,招商证券,17.91,-0.33,0.52,7.33,17.883142574423,0.3767284,72.14683713,318.0,857.0,81.2,2026-09-09
3637,601000,唐山港,4.57,1.33,0.73,13.43,4.557743721119,0.2440056,70.27619817,-632.0,1277.0,75.6,2026-09-09
3638,601001,晋控煤业,17.6,6.8,2.28,20.36,17.339794082869,0.2800204,72.42167249,1196.0,812.0,78.8,2026-09-09
3639,601002,晋亿实业,5.38,0.56,0.95,12.47,5.365924427489,0.2087756,69.18885195,526.0,1583.0,69.2,2026-09-09
3640,601003,柳钢股份,3.91,0.51,0.94,67.66,3.881186861684,0.1841624,67.23888157,-1304.0,2159.0,77.2,2026-09-09
3641,601005,重庆钢铁,1.25,0.81,1.37,-33.57,1.247049557139,0.5864208,61.56034611,-1714.0,3942.0,78.4,2026-09-09
3642,601006,大秦铁路,4.82,0.63,0.46,11.25,4.80478940057,0.420798,75.50573007,942.0,350.0,86.4,2026-09-09
3643,601007,金陵饭店,7.28,0.41,2.35,53.03,7.228262693808,0.16718,69.41427011,193.0,1514.0,74.4,2026-09-09
3644,601008,连云港,4.83,5.69,5.07,39.6,4.76596827034,0.2889268,72.91372458,814.0,710.0,80.4,2026-09-09
3645,601009,南京银行,12.02,-0.08,0.3,5.44,12.066497597349,0.3617616,70.74731029,427.0,1174.0,83.2,2026-09-09
3646,601010,ST文峰,1.5,-1.96,0.72,122.98,1.507885502306,0.411868,62.25704157,514.0,3755.0,68.0,2026-09-09
3647,601011,宝泰隆,3.1,1.31,4.54,-25.21,3.070899237522,0.2694272,61.90149066,-1975.0,3863.0,85.2,2026-09-09
3648,601012,隆基绿能,11.83,-0.42,0.55,-12.17,11.837447395139,0.3360384,58.95385835,-170.0,4534.0,75.6,2026-09-09
3649,601015,陕西黑猫,4.08,4.62,7.47,-11.38,4.004632040411,0.2621296,75.40527786,182.0,363.0,90.8,2026-09-09
3650,601016,节能风电,3.41,1.19,1.61,30.61,3.392236635534,0.3584524,65.24720499,374.0,2821.0,73.2,2026-09-09
3651,601018,宁波港,3.55,1.72,0.37,13.58,3.529636370359,0.3929552,74.20054107,648.0,509.0,78.0,2026-09-09
3652,601019,山东出版,7.04,-2.9,0.45,11.51,7.068080013418,0.1254904,65.52060715,-669.0,2727.0,68.8,2026-09-09
3653,601020,华钰矿业,23.22,3.15,6.37,77.85,22.950269939062,0.3966712,76.2620836,408.0,282.0,87.6,2026-09-09
3654,601021,春秋航空,43.52,0.07,0.36,20.43,43.286027342224,0.2998168,72.85398107,140.0,728.0,74.4,2026-09-09
3655,601022,宁波远洋,8.76,3.67,1.62,18.59,8.682620034955,0.237444,77.21176482,588.0,213.0,74.8,2026-09-09
3656,601026,道生天合,14.44,-2.1,2.91,53.26,14.5748046264,0.1776728,64.04877628,35.0,3236.0,68.8,2026-09-09
3657,601033,永兴股份,14.62,0.07,0.85,12.59,14.627222355273,0.1151604,69.22816268,26.0,1570.0,68.0,2026-09-09
3658,601038,一拖股份,14.89,-0.2,1.43,10.69,14.959362216625,0.1645624,71.03478315,-780.0,1108.0,79.6,2026-09-09
3659,601058,赛轮轮胎,14.62,0.21,0.95,11.13,14.633333041679,0.30825,73.31425864,-561.0,635.0,81.6,2026-09-09
3660,601059,信达证券,15.93,-2.87,0.53,23.54,15.864988158068,0.3024176,66.02755185,-883.0,2556.0,80.4,2026-09-09
3661,601061,中信金属,12.18,4.91,0.49,11.16,11.998118340035,0.2930504,81.26421511,75.0,50.0,72.4,2026-09-09
3662,601065,江盐集团,7.02,-0.28,0.73,51.35,7.016234901327,0.2102488,65.63759214,-1492.0,2687.0,68.8,2026-09-09
3663,601066,中信建投,24.25,-0.45,0.2,12.31,24.186087839359,0.346892,66.45961229,284.0,2419.0,74.8,2026-09-09
3664,601068,中铝国际,4.69,1.08,0.44,65.41,4.665508211118,0.1950312,72.56617201,941.0,786.0,76.8,2026-09-09
3665,601069,西部黄金,29.89,2.26,2.68,24.9,29.503375885535,0.3224496,75.38004196,1887.0,368.0,85.6,2026-09-09
3666,601077,渝农商行,6.78,-0.29,0.5,4.71,6.780611632076,0.295984,65.78575274,-248.0,2644.0,73.2,2026-09-09
3667,601083,锦江航运,13.12,1.39,8.29,11.3,13.034916825397,0.212424,77.16165549,1356.0,217.0,74.4,2026-09-09
3668,601086,国芳集团,14.88,-0.47,13.63,69.66,14.497493725189,0.242146,79.59917056,585.0,95.0,94.4,2026-09-09
3669,601088,中国神华,47.33,2.18,0.18,17.87,46.864001877066,0.3704408,79.1018361,210.0,120.0,93.6,2026-09-09
3670,601089,福元医药,16.26,-0.79,0.33,20.96,16.286692315191,0.0822348,64.4618793,-1612.0,3103.0,67.6,2026-09-09
3671,601096,宏盛华源,4.2,0.0,0.75,30.59,4.193744445897,0.316632,69.75745331,526.0,1414.0,68.4,2026-09-09
3672,601098,中南传媒,10.22,-1.64,0.66,9.84,10.243264231418,0.2204944,73.96888826,-251.0,539.0,74.0,2026-09-09
3673,601099,太平洋,3.53,-0.84,1.14,83.65,3.53479253885,0.4026772,60.93277601,-939.0,4100.0,83.2,2026-09-09
3674,601100,恒立液压,101.63,-0.49,0.21,47.44,101.785191091512,0.2547336,73.49882996,701.0,609.0,75.2,2026-09-09
3675,601101,昊华能源,14.05,3.31,2.47,13.59,13.878080601114,0.2834296,74.47931605,1511.0,472.0,75.2,2026-09-09
3676,601106,中国一重,3.11,0.97,0.87,-3932.6,3.10802405334,0.2980648,61.51050814,-740.0,3952.0,74.8,2026-09-09
3677,601107,四川成渝,5.95,2.06,0.48,10.12,5.944474945094,0.1873352,74.9799659,527.0,416.0,70.8,2026-09-09
3678,601108,财通证券,8.47,-0.59,0.73,10.35,8.475077608547,0.3820676,67.62895852,-932.0,2029.0,78.0,2026-09-09
3679,601111,中国国航,5.9,0.68,0.47,-26.45,5.869921213663,0.4169452,68.66064774,1781.0,1736.0,81.2,2026-09-09
3680,601112,振石股份,15.32,-1.54,1.83,28.67,15.393620515274,0.1437172,67.30104519,-994.0,2146.0,65.2,2026-09-09
3681,601113,华鼎股份,3.55,-0.28,0.99,49.92,3.559474361094,0.2165,61.0392534,-211.0,4073.0,67.2,2026-09-09
3682,601116,三江购物,11.65,-0.68,3.76,48.51,11.585285723251,0.2351676,69.56028192,-1103.0,1469.0,86.8,2026-09-09
3683,601117,中国化学,7.42,0.13,0.61,7.2,7.400037119019,0.4458416,66.85950451,-1188.0,2287.0,76.4,2026-09-09
3684,601118,海南橡胶,8.15,3.56,7.27,-133.65,7.594208973245,0.392034,66.7595756,-1830.0,2329.0,92.8,2026-09-09
3685,601121,宝地矿业,7.69,2.26,2.45,19.99,7.634379810211,0.2313468,72.56840615,-288.0,783.0,64.0,2026-09-09
3686,601126,四方股份,43.14,7.58,6.46,34.94,42.993977561319,0.380142,77.83289301,2368.0,183.0,77.2,2026-09-09
3687,601127,赛力斯,48.42,-1.75,0.95,-24.56,48.570036499242,0.2986396,67.82664126,-443.0,1970.0,82.8,2026-09-09
3688,601128,常熟银行,6.41,-0.47,1.02,5.37,6.419190967089,0.4021748,67.97547172,-1226.0,1932.0,75.2,2026-09-09
3689,601133,柏诚股份,23.82,-0.67,1.7,72.86,24.225300090841,0.1865336,72.72852616,191.0,759.0,67.2,2026-09-09
3690,601136,首创证券,15.27,-1.42,0.66,31.07,15.2842288618,0.2670556,65.7342115,142.0,2656.0,84.4,2026-09-09
3691,601137,博威合金,20.09,-0.3,1.46,23.38,20.197892751617,0.2699864,64.33264475,540.0,3154.0,75.6,2026-09-09
3692,601138,工业富联,65.24,0.76,0.38,27.27,65.285284396248,0.445528,81.37482798,139.0,44.0,90.0,2026-09-09
3693,601139,深圳燃气,6.59,1.07,0.59,12.18,6.572174045587,0.2113044,73.17897629,-543.0,659.0,76.0,2026-09-09
3694,601155,新城控股,11.91,-2.78,0.76,15.83,12.025853677145,0.3476428,68.45783662,579.0,1791.0,81.6,2026-09-09
3695,601156,东航物流,19.1,1.17,0.58,10.69,19.088732225228,0.177656,71.95159125,132.0,889.0,70.8,2026-09-09
3696,601158,重庆水务,4.13,0.0,0.11,20.03,4.127304851043,0.2293764,71.50255666,681.0,994.0,69.6,2026-09-09
3697,601162,天风证券,3.71,-1.33,1.33,91.72,3.72196711873,0.3083048,60.93621509,-949.0,4099.0,76.0,2026-09-09
3698,601163,三角轮胎,12.58,0.4,0.33,14.8,12.550844711064,0.3076664,72.05304994,254.0,872.0,68.8,2026-09-09
3699,601166,兴业银行,18.11,-0.33,0.27,4.66,18.143632122107,0.3558696,70.54677693,302.0,1220.0,90.4,2026-09-09
3700,601168,西部矿业,41.15,1.13,2.29,11.76,41.008543178279,0.438776,78.99626666,-90.0,125.0,91.6,2026-09-09
3701,601169,北京银行,5.53,-0.18,0.59,3.68,5.540820666556,0.3928028,64.675543,345.0,3024.0,85.6,2026-09-09
3702,601177,杭齿前进,13.95,-0.21,0.99,17.91,13.950366117378,0.1479816,67.43763385,-859.0,2095.0,76.8,2026-09-09
3703,601179,中国西电,12.56,1.13,1.32,46.78,12.52002163184,0.3502984,69.30392046,1749.0,1544.0,78.8,2026-09-09
3704,601186,中国铁建,6.14,0.66,0.41,4.8,6.12087480569,0.4220316,74.33027057,152.0,496.0,82.0,2026-09-09
3705,601187,厦门银行,7.27,-0.14,0.47,7.72,7.27118409995,0.2131364,62.08830272,-1618.0,3797.0,72.4,2026-09-09
3706,601188,龙江交通,2.99,0.34,0.95,18.32,2.976578287526,0.2362672,67.22117581,-915.0,2166.0,69.6,2026-09-09
3707,601198,东兴证券,13.15,-1.42,1.22,20.74,13.141742726355,0.3714748,70.64980829,841.0,1195.0,82.8,2026-09-09
3708,601199,江南水务,5.86,0.17,0.69,18.51,5.861319320249,0.1543512,65.7157302,493.0,2666.0,71.6,2026-09-09
3709,601200,上海环境,7.03,-0.14,0.35,15.45,7.036676365336,0.1880108,67.20193248,616.0,2173.0,68.4,2026-09-09
3710,601208,东材科技,47.17,-0.51,3.42,76.43,47.541019046709,0.3369332,67.99783462,-112.0,1926.0,84.0,2026-09-09
3711,601211,国泰海通,17.52,0.11,0.28,7.6,17.503138899295,0.3557708,71.67071632,-484.0,945.0,79.2,2026-09-09
3712,601212,白银有色,7.09,-0.28,5.83,327.3,6.947930942308,0.2976212,62.20603618,-1137.0,3767.0,95.2,2026-09-09
3713,601216,君正集团,4.85,0.41,0.54,12.28,4.838723273258,0.3473384,77.14010289,65.0,218.0,84.0,2026-09-09
3714,601218,吉鑫科技,4.56,0.22,1.43,18.54,4.5453409929,0.2057236,65.81934547,-820.0,2635.0,74.8,2026-09-09
3715,601222,林洋能源,6.05,0.83,1.06,14.47,6.016743718605,0.2345772,69.56123877,1651.0,1468.0,80.4,2026-09-09
3716,601225,陕西煤业,26.54,3.23,0.44,11.41,26.230313643934,0.3376136,83.13298735,56.0,22.0,89.6,2026-09-09
3717,601226,华电科工,6.73,1.97,0.96,51.19,6.663427452799,0.2436324,76.6668585,297.0,249.0,72.4,2026-09-09
3718,601228,广州港,3.16,0.64,0.32,21.44,3.161393809091,0.2752372,65.04359522,-583.0,2879.0,68.8,2026-09-09
3719,601229,上海银行,9.59,0.42,0.24,5.12,9.61158109413,0.2945952,70.77232808,1232.0,1169.0,81.2,2026-09-09
3720,601231,环旭电子,25.38,1.12,0.82,36.88,25.47196227383,0.2729872,73.25044741,935.0,649.0,73.6,2026-09-09
3721,601233,桐昆股份,24.97,-0.4,1.6,7.04,24.740786594085,0.3638364,78.63923886,-1.0,142.0,82.8,2026-09-09
3722,601236,红塔证券,6.99,-0.57,0.23,32.16,6.99517390872,0.2557236,61.17094864,135.0,4040.0,77.6,2026-09-09
3723,601238,广汽集团,5.18,-0.38,0.25,-5.91,5.177333035301,0.2571384,67.58115224,234.0,2044.0,80.0,2026-09-09
3724,601279,英利汽车,3.46,-0.86,0.69,-33.93,3.491154846986,0.1310096,65.14373554,959.0,2855.0,70.0,2026-09-09
3725,601288,农业银行,6.81,0.74,0.07,8.14,6.779758353198,0.4809672,74.1594513,134.0,515.0,92.8,2026-09-09
3726,601298,青岛港,9.46,1.94,0.2,11.11,9.44553807533,0.1637212,77.08162756,422.0,221.0,73.6,2026-09-09
3727,601311,骆驼股份,7.6,-1.17,0.8,15.95,7.622000608587,0.2590804,64.77387001,349.0,2991.0,75.2,2026-09-09
3728,601318,中国平安,56.26,1.01,0.49,5.5,56.170546370184,0.456938,74.27993452,-1.0,498.0,92.4,2026-09-09
3729,601319,中国人保,7.9,1.02,0.2,4.75,7.873028957148,0.376868,79.29506774,263.0,111.0,87.2,2026-09-09
3730,601326,秦港股份,3.63,1.4,0.4,9.98,3.61778511119,0.1644672,67.25407887,718.0,2156.0,68.4,2026-09-09
3731,601328,交通银行,7.29,0.14,0.39,6.73,7.284418345689,0.4470132,71.67972663,257.0,942.0,88.8,2026-09-09
3732,601330,绿色动力,8.29,1.34,2.4,12.76,8.255693045536,0.2148364,75.81307811,-21.0,323.0,80.0,2026-09-09
3733,601333,广深铁路,3.13,-0.32,0.89,9.32,3.131740922515,0.249634,69.20732821,297.0,1578.0,73.6,2026-09-09
3734,601336,新华保险,59.93,-0.22,0.81,4.1,59.832489967701,0.434184,72.45201883,-13.0,806.0,86.0,2026-09-09
3735,601339,百隆东方,7.54,1.34,0.47,10.1,7.493511502706,0.2465032,75.43431385,169.0,360.0,67.2,2026-09-09
3736,601360,三六零,8.82,-1.67,1.2,143.11,8.836407932038,0.3028984,65.59703976,-156.0,2699.0,85.2,2026-09-09
3737,601366,利群股份,3.92,-0.25,1.57,-41.13,3.911030704801,0.122598,61.38096841,129.0,3984.0,73.6,2026-09-09
3738,601368,绿城水务,4.62,-0.22,0.41,37.52,4.615500146335,0.1494972,63.79440719,-78.0,3307.0,63.2,2026-09-09
3739,601369,陕鼓动力,8.56,-0.7,0.33,22.27,8.574231880598,0.172058666667,64.04576157,-1164.0,3239.0,68.4,2026-09-09
3740,601375,中原证券,4.09,0.25,0.77,22.64,4.090476523538,0.3540736,62.73249452,97.0,3609.0,75.2,2026-09-09
3741,601377,兴业证券,5.93,0.34,0.5,12.03,5.923021309427,0.4444144,67.07551224,468.0,2220.0,78.8,2026-09-09
3742,601388,怡球资源,3.49,0.58,1.57,17.04,3.473368350774,0.2603928,67.40418592,-1411.0,2104.0,79.6,2026-09-09
3743,601390,中国中铁,4.44,0.45,0.42,6.29,4.430766804702,0.3916888,69.42830584,-811.0,1512.0,82.4,2026-09-09
3744,601398,工商银行,8.0,0.76,0.08,8.21,7.971945809646,0.5220888,73.91376191,839.0,550.0,93.6,2026-09-09
3745,601399,国机重装,3.27,1.24,0.84,45.17,3.253833535862,0.3748248,67.81215502,195.0,1975.0,73.2,2026-09-09
3746,601456,国联民生,8.83,-0.11,0.25,17.72,8.819992292297,0.3243504,67.03463281,203.0,2239.0,76.4,2026-09-09
3747,601500,通用股份,4.02,0.0,0.69,23.04,4.018583606016,0.2043216,68.41622358,-312.0,1809.0,69.2,2026-09-09
3748,601512,中新集团,8.75,-0.34,0.25,12.84,8.826093226927,0.231496,73.41050445,-177.0,620.0,70.4,2026-09-09
3749,601515,衢州东峰,3.34,-0.6,0.53,-55.12,3.335502382334,0.2598952,59.58415022,-196.0,4411.0,67.2,2026-09-09
3750,601518,吉林高速,2.88,0.0,0.6,12.2,2.875900076132,0.2284252,67.89341657,237.0,1951.0,67.6,2026-09-09
3751,601519,大智慧,8.75,-1.24,1.27,-310.44,8.762954309547,0.234562,62.67358453,-1475.0,3634.0,80.8,2026-09-09
3752,601528,瑞丰银行,5.21,0.19,1.16,5.69,5.21960918937,0.196286,69.54782821,-590.0,1476.0,70.8,2026-09-09
3753,601555,东吴证券,8.42,0.24,0.44,8.64,8.420775193568,0.29312,69.3410856,1586.0,1534.0,79.2,2026-09-09
3754,601566,九牧王,10.55,-2.94,6.89,76.11,10.642301930979,0.1913508,73.39337731,-234.0,626.0,88.8,2026-09-09
3755,601567,三星电气,13.47,-0.52,0.74,17.34,13.511607444847,0.2179544,65.01518091,-957.0,2889.0,72.8,2026-09-09
3756,601568,北元化工,3.93,1.03,0.96,107.06,3.951781765962,0.2182184,67.17491441,-1008.0,2186.0,68.4,2026-09-09
3757,601577,长沙银行,10.05,0.1,0.41,4.44,10.053470371121,0.2657208,68.4988448,321.0,1780.0,71.2,2026-09-09
3758,601579,会稽山,25.3,10.0,6.93,47.15,24.664337206156,0.4450804,80.09618176,1399.0,81.0,87.6,2026-09-09
3759,601588,北辰实业,1.78,-1.66,1.08,-3.4,1.779609338235,0.257296,61.82891457,-1798.0,3881.0,68.0,2026-09-09
3760,601595,上海电影,22.5,-0.84,7.88,330.52,21.964579272957,0.2876556,81.80552769,-32.0,36.0,90.8,2026-09-09
3761,601598,中国外运,6.56,1.08,0.16,13.64,6.549675478533,0.0730668,70.99375749,223.0,1121.0,73.2,2026-09-09
3762,601599,浙文影业,3.33,-1.77,2.09,21.53,3.316759041228,0.2245184,64.04665983,-1488.0,3238.0,72.8,2026-09-09
3763,601600,中国铝业,10.03,2.98,1.91,7.25,9.924483301087,0.4355136,80.31712708,12.0,73.0,87.6,2026-09-09
3764,601601,中国太保,33.43,-0.39,0.39,5.23,33.439459023006,0.3716636,74.47608589,-83.0,474.0,87.6,2026-09-09
3765,601606,长城军工,35.46,0.74,9.68,-133.13,35.762200777301,0.2828704,63.76226878,-2173.0,3318.0,94.8,2026-09-09
3766,601607,上海医药,16.48,-0.54,0.2,8.72,16.499149380016,0.2072156,76.3765851,389.0,276.0,82.8,2026-09-09
3767,601608,中信重工,4.95,1.85,0.79,54.17,4.914033671543,0.2878704,73.88200281,521.0,552.0,76.4,2026-09-09
3768,601609,金田股份,13.27,-0.9,2.69,25.93,13.410669095366,0.3058616,75.64167085,1250.0,343.0,85.2,2026-09-09
3769,601611,中国核建,11.19,4.29,1.86,30.28,11.001118714639,0.3700964,73.77840278,2724.0,566.0,78.8,2026-09-09
3770,601615,明阳智能,9.61,-1.13,1.29,97.73,9.626100254276,0.2247328,58.50500129,-1441.0,4621.0,80.0,2026-09-09
3771,601616,广电电气,3.88,0.78,1.22,-58.39,3.845095247834,0.228494,61.16810664,1025.0,4041.0,72.0,2026-09-09
3772,601618,中国中冶,2.62,0.0,0.46,11.65,2.616117490132,0.4028232,63.60823495,-1878.0,3364.0,80.8,2026-09-09
3773,601619,嘉泽新能,4.18,0.0,0.91,26.53,4.177296456696,0.3239164,68.49099402,-204.0,1783.0,76.8,2026-09-09
3774,601628,中国人寿,38.15,0.24,0.13,4.01,37.99439002991,0.4178376,81.14415288,138.0,54.0,88.8,2026-09-09
3775,601633,长城汽车,14.74,-1.93,0.27,25.65,14.797360248408,0.220008,74.34108093,457.0,494.0,80.0,2026-09-09
3776,601636,旗滨集团,5.79,0.17,1.91,-51.26,5.844467406801,0.3615736,67.3651661,1385.0,2115.0,71.2,2026-09-09
3777,601658,邮储银行,5.4,-0.37,0.16,6.3,5.395341191457,0.420126,70.71161233,1334.0,1179.0,87.2,2026-09-09
3778,601665,齐鲁银行,7.13,0.71,0.72,6.91,7.127430393601,0.2810844,68.7587916,99.0,1709.0,74.4,2026-09-09
3779,601666,平煤股份,9.65,2.66,1.62,37.61,9.610577059122,0.2088792,63.87506116,-946.0,3284.0,77.2,2026-09-09
3780,601668,中国建筑,4.39,0.46,0.44,3.94,4.381679779151,0.490228,74.95689334,-161.0,419.0,89.2,2026-09-09
3781,601669,中国电建,4.68,0.43,0.77,10.55,4.662936737539,0.5123392,72.05226286,271.0,873.0,76.0,2026-09-09
3782,601677,明泰铝业,17.14,3.19,2.62,7.57,17.004074908895,0.326864,77.75313462,67.0,187.0,77.6,2026-09-09
3783,601678,滨化股份,6.1,-1.29,3.73,21.38,6.091921501793,0.3040444,69.07425837,-1427.0,1614.0,77.2,2026-09-09
3784,601686,友发集团,5.27,0.0,0.29,14.0,5.269059255388,0.151222,66.62330252,332.0,2377.0,64.4,2026-09-09
3785,601688,华泰证券,19.32,0.26,0.37,7.46,19.260031038874,0.3393132,72.35047432,1207.0,827.0,82.4,2026-09-09
3786,601689,拓普集团,45.89,-0.78,0.83,39.0,46.244247945692,0.3430872,67.51260091,112.0,2070.0,76.8,2026-09-09
3787,601696,中银证券,11.71,-0.68,0.88,21.8,11.689018685677,0.3062216,58.22922342,-16.0,4669.0,75.6,2026-09-09
3788,601698,中国卫通,24.26,0.08,0.37,453.19,24.253885080275,0.2608316,70.44071667,481.0,1241.0,74.0,2026-09-09
3789,601699,潞安环能,16.67,3.03,1.04,14.02,16.565556283691,0.2771336,72.79701432,1033.0,739.0,76.0,2026-09-09
3790,601700,风范股份,6.62,-5.56,10.08,41.37,6.710603663637,0.247148,53.1042301,32.0,5149.0,83.2,2026-09-09
3791,601702,华峰铝业,15.8,1.09,0.74,14.15,15.784613782095,0.2403548,70.75815244,-895.0,1172.0,77.2,2026-09-09
3792,601717,中创智领,14.63,-1.61,0.79,8.15,14.648344936166,0.2449776,71.41653033,-792.0,1015.0,79.6,2026-09-09
3793,601718,ST际华,1.99,-1.0,0.71,-15.04,1.992378626127,0.4656792,63.48889205,1133.0,3403.0,74.4,2026-09-09
3794,601727,上海电气,6.74,0.0,0.45,53.99,6.749501403869,0.3926988,65.53220226,-1277.0,2720.0,76.0,2026-09-09
3795,601728,中国电信,6.28,-0.48,0.1,14.67,6.271130879339,0.3144776,71.48463866,115.0,1002.0,85.6,2026-09-09
3796,601766,中国中车,6.16,-0.48,0.37,11.06,6.16675837413,0.42427,77.52158065,63.0,192.0,84.8,2026-09-09
3797,601777,千里科技,8.09,-1.1,0.32,233.51,8.119338442948,0.3209008,69.02327317,305.0,1626.0,74.0,2026-09-09
3798,601778,晶科科技,3.6,-0.83,1.84,-35.75,3.617208984836,0.267588,57.06066041,-57.0,4852.0,72.8,2026-09-09
3799,601788,光大证券,14.38,-0.48,0.3,14.87,14.382093060027,0.2989396,61.72730191,-960.0,3905.0,77.6,2026-09-09
3800,601789,宁波建工,4.3,-0.69,2.03,13.07,4.292356885317,0.2622528,65.40732745,217.0,2762.0,78.4,2026-09-09
3801,601798,蓝科高新,7.84,0.51,1.33,26.2,7.824599914966,0.19682,71.08361053,326.0,1091.0,70.0,2026-09-09
3802,601799,星宇股份,75.2,-3.07,1.86,16.05,75.786043843459,0.2647164,72.38058485,-445.0,820.0,85.2,2026-09-09
3803,601800,中国交建,6.02,0.33,0.23,6.71,6.006646545984,0.371886,71.96098391,1076.0,885.0,79.6,2026-09-09
3804,601801,皖新传媒,5.38,-2.36,0.7,10.72,5.389627140658,0.1723068,64.78046554,-2154.0,2989.0,72.8,2026-09-09
3805,601808,中海油服,12.88,0.23,0.47,15.3,12.878752523893,0.2406352,75.12304216,226.0,397.0,81.2,2026-09-09
3806,601811,新华文轩,11.63,-3.08,0.47,10.96,11.654827177456,0.153736,69.4423011,529.0,1504.0,72.0,2026-09-09
3807,601816,京沪高铁,4.8,-0.41,0.26,17.34,4.791834267363,0.4581628,75.87134377,93.0,319.0,84.0,2026-09-09
3808,601818,光大银行,3.03,-0.33,0.25,4.78,3.031681898591,0.4865796,62.43106416,-1240.0,3708.0,84.4,2026-09-09
3809,601825,沪农商行,8.96,-0.55,0.18,6.11,8.994961200594,0.201014,67.72564049,198.0,2000.0,72.8,2026-09-09
3810,601827,三峰环境,8.17,1.36,0.27,10.35,8.122163905321,0.226688,74.52598311,1010.0,465.0,65.2,2026-09-09
3811,601828,美凯龙,2.3,-0.43,1.83,66.88,2.300566634909,0.268098,59.97394935,-193.0,4326.0,73.2,2026-09-09
3812,601838,成都银行,19.86,0.25,0.27,6.1,19.868587712934,0.2399992,73.43924685,-379.0,616.0,81.6,2026-09-09
3813,601857,中国石油,11.32,0.18,0.07,9.97,11.338517052506,0.4300032,80.21883871,-38.0,75.0,91.2,2026-09-09
3814,601858,中国科传,21.01,-8.25,3.08,46.73,21.223558442149,0.2924468,67.99925691,-1741.0,1925.0,82.0,2026-09-09
3815,601860,紫金银行,2.65,-0.38,1.2,5.14,2.656746087221,0.3256096,60.08151005,-227.0,4302.0,72.0,2026-09-09
3816,601865,福莱特,9.84,-1.5,0.56,-31.75,9.889942661195,0.2107092,63.44186057,314.0,3417.0,74.8,2026-09-09
3817,601866,中远海发,2.52,1.61,1.14,16.54,2.512015885124,0.3756876,68.32162434,-831.0,1838.0,78.4,2026-09-09
3818,601868,中国能建,2.51,0.8,0.9,24.37,2.507532804288,0.5545596,72.78889668,452.0,744.0,74.8,2026-09-09
3819,601869,长飞光纤,442.03,6.04,4.88,62.57,447.864827045853,0.5492404,81.74305304,84.0,39.0,90.4,2026-09-09
3820,601872,招商轮船,20.99,10.01,2.36,12.18,20.450973664009,0.5509336,88.46633081,7.0,1.0,90.0,2026-09-09
3821,601877,正泰电器,25.75,0.82,0.65,8.84,25.679923479998,0.303506,75.39501017,1370.0,365.0,86.8,2026-09-09
3822,601878,浙商证券,9.32,-0.53,0.3,13.12,9.320579529616,0.3483976,66.00355319,1443.0,2567.0,77.6,2026-09-09
3823,601880,辽港股份,1.48,0.68,0.67,19.71,1.475460209122,0.5631732,72.56891694,632.0,781.0,73.6,2026-09-09
3824,601881,中国银河,12.17,-0.65,0.26,8.53,12.170849301159,0.3318988,63.64595172,209.0,3352.0,76.0,2026-09-09
3825,601882,海天精工,22.73,-0.13,1.18,20.97,22.602041643494,0.1353956,69.22752275,17.0,1572.0,78.4,2026-09-09
3826,601886,江河集团,13.4,-0.07,1.09,17.23,13.402656705897,0.1256952,71.93249705,520.0,891.0,76.0,2026-09-09
3827,601888,中国中免,53.74,-1.56,1.08,17.97,53.719576976501,0.3549772,73.55110109,99.0,599.0,90.8,2026-09-09
3828,601890,亚星锚链,10.08,10.04,14.06,31.65,9.902527841601,0.5561228,83.57044175,1497.0,17.0,87.6,2026-09-09
3829,601898,中煤能源,15.13,1.54,0.43,12.31,15.062824740083,0.3768,80.61821651,9.0,66.0,85.6,2026-09-09
3830,601899,紫金矿业,34.4,1.59,0.97,11.68,34.169740758224,0.585324,84.69899324,10.0,7.0,94.0,2026-09-09
3831,601900,南方传媒,12.31,-4.57,2.07,11.44,12.412080246316,0.2241976,69.00395508,-1471.0,1636.0,80.4,2026-09-09
3832,601901,方正证券,6.88,-0.43,0.34,9.58,6.876767442524,0.3797152,64.1520284,-1246.0,3203.0,78.4,2026-09-09
3833,601908,京运通,3.0,-0.99,1.01,-9.32,3.00905401293,0.2388136,53.34819787,-134.0,5143.0,73.6,2026-09-09
3834,601916,浙商银行,2.96,0.0,0.5,5.2,2.962462298245,0.495056,69.48645023,137.0,1493.0,78.0,2026-09-09
3835,601918,新集能源,10.51,2.54,2.07,11.18,10.378793288117,0.3137628,76.97091004,409.0,231.0,78.4,2026-09-09
3836,601919,中远海控,16.54,2.48,0.67,9.41,16.40532151449,0.3847532,71.17905257,68.0,1062.0,89.6,2026-09-09
3837,601921,浙版传媒,7.54,-2.58,0.49,12.97,7.576931811856,0.1374732,69.90588868,-858.0,1374.0,76.0,2026-09-09
3838,601928,凤凰传媒,8.59,-3.27,0.57,10.01,8.621895150139,0.1795272,64.40147992,760.0,3128.0,79.2,2026-09-09
3839,601929,吉视传媒,2.53,-4.89,5.4,-20.03,2.53160346003,0.27416,63.64771968,-2546.0,3351.0,87.6,2026-09-09
3840,601933,永辉超市,3.31,-1.49,2.84,58.35,3.302250588335,0.3137944,64.94207744,-943.0,2916.0,91.6,2026-09-09
3841,601939,建设银行,10.82,1.31,0.82,8.35,10.747679378434,0.4192948,73.02431723,1110.0,686.0,91.2,2026-09-09
3842,601949,中国出版,6.68,-5.25,8.04,412.12,6.603729641008,0.2804648,67.05002285,-1729.0,2233.0,90.8,2026-09-09
3843,601952,苏垦农发,10.28,-2.93,5.54,49.2,10.381312498687,0.339908,78.99989943,-113.0,124.0,90.0,2026-09-09
3844,601956,东贝集团,5.02,-1.18,0.66,-31.45,5.014033619632,0.1030328,61.74906291,-1153.0,3901.0,67.2,2026-09-09
3845,601958,金钼股份,21.46,-0.19,0.79,19.89,21.415224565099,0.3543724,69.24870748,-1108.0,1559.0,79.6,2026-09-09
3846,601963,重庆银行,11.19,0.72,0.37,5.77,11.178933993884,0.123146,67.15026835,-762.0,2195.0,71.2,2026-09-09
3847,601965,中国汽研,13.67,-1.09,0.45,16.04,13.674231553018,0.1520076,71.4747695,-482.0,1004.0,70.0,2026-09-09
3848,601966,玲珑轮胎,10.9,0.09,0.35,78.63,10.901439205274,0.2031116,65.56686224,-1061.0,2713.0,74.4,2026-09-09
3849,601968,宝钢包装,4.72,0.0,0.36,20.91,4.706450431598,0.1293836,63.66213326,-838.0,3344.0,66.4,2026-09-09
3850,601969,海南矿业,9.88,2.07,0.88,19.06,9.799090055821,0.2323648,78.49710933,29.0,148.0,77.6,2026-09-09
3851,601975,招商南油,4.81,3.22,5.64,13.86,4.752750897726,0.4564212,83.50592298,28.0,18.0,88.0,2026-09-09
3852,601985,中国核电,9.03,1.12,0.36,25.5,8.989563091503,0.399858,71.74195001,1135.0,931.0,90.4,2026-09-09
3853,601988,中国银行,6.43,0.63,0.07,8.38,6.409634884945,0.4992004,76.76929944,15.0,241.0,92.0,2026-09-09
3854,601990,南京证券,6.76,-0.44,0.26,18.69,6.770978118209,0.2311564,63.09234533,149.0,3519.0,78.4,2026-09-09
3855,601991,大唐发电,5.83,3.55,2.77,9.79,5.740148452258,0.3673596,74.0912544,905.0,525.0,79.2,2026-09-09
3856,601992,金隅集团,1.42,-0.7,0.49,-3.49,1.420561436276,0.4835164,62.05990008,-347.0,3810.0,72.0,2026-09-09
3857,601995,中金公司,32.44,-0.43,0.69,9.55,32.360946320827,0.3371008,69.51847046,736.0,1484.0,89.6,2026-09-09
3858,601996,丰林集团,2.89,-1.7,4.72,-15.02,2.911137111775,0.332892,63.82072863,-2220.0,3300.0,70.0,2026-09-09
3859,601997,贵阳银行,5.64,0.53,1.16,4.37,5.637815144435,0.3836608,62.79672014,-69.0,3595.0,72.4,2026-09-09
3860,601998,中信银行,8.9,-0.11,0.08,6.59,8.873835252212,0.2956852,76.51956969,-141.0,262.0,86.0,2026-09-09
3861,601999,出版传媒,7.22,-9.98,8.74,61.76,7.280215158248,0.2592064,64.52336855,-2666.0,3081.0,84.0,2026-09-09
3862,603000,人民网,17.0,-3.02,2.18,442.51,17.057480741887,0.203954,70.01490756,-1166.0,1345.0,86.8,2026-09-09
3863,603001,奥康国际,9.15,-0.87,3.64,104.38,9.109926311108,0.2558772,60.92471938,-1047.0,4102.0,68.4,2026-09-09
3864,603002,宏昌电子,16.41,-0.06,4.61,236.22,16.544758695815,0.2431984,67.9996217,1148.0,1924.0,86.0,2026-09-09
3865,603004,鼎龙科技,18.61,-2.46,3.0,42.57,18.760269827537,0.1040072,61.46100374,-184.0,3963.0,66.0,2026-09-09
3866,603005,晶方科技,30.25,4.42,8.75,74.33,30.21166526822,0.349606,73.50533812,3096.0,608.0,72.4,2026-09-09
3867,603006,联明股份,11.2,-1.23,0.98,32.37,11.200178635799,0.0704568,61.06939689,-664.0,4066.0,67.2,2026-09-09
3868,603007,顺景科技,5.04,-1.75,2.52,50.02,5.057758734066,0.2328204,59.46762651,146.0,4435.0,74.0,2026-09-09
3869,603008,ST喜临门,9.15,-0.87,1.49,-46.55,9.148336953546,0.2530224,63.27368768,-1824.0,3464.0,67.2,2026-09-09
3870,603009,北特科技,48.0,-1.36,1.67,131.69,48.191866235388,0.3063692,72.51900158,995.0,794.0,88.4,2026-09-09
3871,603010,万盛股份,11.57,1.94,1.04,1562.69,11.467026851823,0.2326564,60.75043204,563.0,4149.0,67.2,2026-09-09
3872,603011,合锻智能,26.45,0.76,8.36,-190.24,26.476219853491,0.3152556,66.40534532,1394.0,2434.0,86.4,2026-09-09
3873,603012,创力集团,9.82,-1.41,3.36,37.47,9.876489102331,0.3052296,62.63625519,21.0,3642.0,72.4,2026-09-09
3874,603013,亚普股份,14.57,-1.75,0.74,12.66,14.623320086587,0.1189424,67.92800025,498.0,1940.0,66.4,2026-09-09
3875,603014,威高血净,31.46,-1.1,0.8,28.6,31.580150062382,0.1571892,64.34576004,-1754.0,3149.0,59.2,2026-09-09
3876,603015,弘讯科技,10.91,-0.73,0.77,87.79,10.897281544075,0.0650452,61.63777263,-1419.0,3928.0,69.6,2026-09-09
3877,603016,新宏泰,31.34,-3.48,3.63,90.76,31.289448798212,0.2045676,66.75307445,460.0,2332.0,78.4,2026-09-09
3878,603017,中衡设计,10.16,0.4,1.3,21.08,10.1330202361,0.080778,62.23540221,387.0,3760.0,69.2,2026-09-09
3879,603018,华设集团,5.4,-0.37,0.76,20.81,5.393213326457,0.2803216,71.87925647,-90.0,902.0,70.8,2026-09-09
3880,603019,中科曙光,82.43,-0.13,0.96,62.08,82.533609631359,0.3193776,65.1591522,-172.0,2852.0,79.6,2026-09-09
3881,603020,爱普股份,10.66,-0.47,3.2,33.58,10.760005155196,0.224352,68.11711349,-237.0,1888.0,69.2,2026-09-09
3882,603021,*ST华鹏,5.66,-1.22,1.34,-12.12,5.600117695469,0.2881504,54.40279182,-17.0,5103.0,65.2,2026-09-09
3883,603022,新通联,9.26,-0.86,1.31,41.68,9.291183623602,0.0553552,66.88076683,-1125.0,2281.0,66.4,2026-09-09
3884,603023,威帝股份,4.16,-2.12,1.5,-151.46,4.196332908634,0.1019392,59.29787959,-727.0,4469.0,68.0,2026-09-09
3885,603025,大豪科技,13.27,-1.34,0.45,13.92,13.342131900006,0.1481188,69.0180283,279.0,1629.0,80.4,2026-09-09
3886,603026,石大胜华,64.42,2.91,3.7,16.67,64.240454796998,0.3297984,73.14254984,346.0,666.0,73.6,2026-09-09
3887,603027,千禾味业,7.63,-1.17,1.05,25.28,7.644806116691,0.2051716,69.33266705,-438.0,1536.0,81.2,2026-09-09
3888,603028,赛福天,7.15,-0.56,1.05,-31.64,7.171621679211,0.060288,58.81239844,241.0,4558.0,64.4,2026-09-09
3889,603029,天鹅股份,17.33,-1.59,4.43,54.15,17.371644472932,0.129028,66.09639328,-1666.0,2537.0,78.8,2026-09-09
3890,603030,全筑股份,2.2,-2.65,3.93,-445.6,2.211527170162,0.2459696,65.39925385,-1316.0,2766.0,76.0,2026-09-09
3891,603031,安孚科技,43.38,-1.18,3.42,41.28,43.750949163672,0.3373524,72.32830709,-518.0,832.0,76.4,2026-09-09
3892,603032,德新科技,19.19,-0.26,2.0,41.92,19.128068144476,0.2231116,59.18055952,-252.0,4495.0,74.0,2026-09-09
3893,603033,三维股份,7.31,0.55,0.6,-20.3,7.285589015749,0.1929356,55.71571205,171.0,5009.0,61.2,2026-09-09
3894,603035,常熟汽饰,10.83,-0.37,0.67,17.02,10.818596733566,0.2779708,68.7264289,1966.0,1718.0,69.6,2026-09-09
3895,603036,如通股份,13.73,0.51,2.97,26.51,13.685333061471,0.161262,60.89478757,332.0,4109.0,66.0,2026-09-09
3896,603037,凯众股份,10.2,-0.68,1.06,44.43,10.251265053928,0.1090948,67.39487802,1761.0,2106.0,68.0,2026-09-09
3897,603038,华立股份,16.82,2.0,1.76,29.72,16.775768159372,0.1969876,74.1134877,463.0,521.0,77.6,2026-09-09
3898,603039,泛微网络,37.19,-2.13,3.65,49.85,37.287569598482,0.2297452,69.78799671,284.0,1405.0,71.6,2026-09-09
3899,603040,新坐标,48.8,-1.07,0.47,37.91,49.022735308961,0.176314,63.19749065,361.0,3485.0,62.4,2026-09-09
3900,603041,美思德,11.58,0.96,1.06,28.2,11.532551858177,0.106508,67.38769286,1708.0,2109.0,63.6,2026-09-09
3901,603042,华脉科技,18.67,10.02,2.19,105.1,18.67,0.5948052,73.00164589,-502.0,692.0,91.2,2026-09-09
3902,603043,广州酒家,13.99,-0.57,0.63,128.33,13.974192616698,0.1905004,70.06872754,204.0,1333.0,72.0,2026-09-09
3903,603045,福达合金,50.08,1.11,5.35,10.94,50.510094929971,0.2896012,73.21417878,1591.0,656.0,76.8,2026-09-09
3904,603048,浙江黎明,23.57,0.17,0.77,66.09,23.532135315854,0.1494024,64.76108253,1486.0,2994.0,64.0,2026-09-09
3905,603049,中策橡胶,48.13,0.46,0.36,8.62,48.118439398961,0.2574512,72.85946721,34.0,726.0,70.0,2026-09-09
3906,603050,科林电气,18.14,-0.22,0.41,31.65,18.093360909767,0.2512644,63.86491879,128.0,3286.0,68.0,2026-09-09
3907,603051,鹿山新材,22.37,5.32,4.44,40.88,21.959026658623,0.260382,70.36391371,3058.0,1260.0,66.0,2026-09-09
3908,603052,可川科技,56.53,-0.33,3.04,-187.79,58.45187429755,0.1793944,60.62740155,345.0,4183.0,78.0,2026-09-09
3909,603053,成都燃气,8.99,0.22,0.33,15.92,8.991020394078,0.106022,68.83731655,-185.0,1685.0,68.0,2026-09-09
3910,603055,台华新材,9.45,0.32,0.55,10.97,9.402246758013,0.1521484,75.25369659,1062.0,378.0,67.6,2026-09-09
3911,603057,紫燕食品,20.13,-1.32,0.41,62.37,20.168528798618,0.1722888,62.17852996,-109.0,3774.0,64.0,2026-09-09
3912,603058,永吉股份,9.46,-1.87,2.62,23.94,9.478081423718,0.239578,61.32225197,545.0,4001.0,72.4,2026-09-09
3913,603059,倍加洁,25.27,-3.18,2.56,26.42,25.773258234929,0.0843784,72.47553658,605.0,799.0,65.6,2026-09-09
3914,603060,国检集团,5.67,0.35,0.59,-110.49,5.649740491713,0.1665216,59.5540704,-632.0,4419.0,62.8,2026-09-09
3915,603061,金海通,316.2,-0.58,2.43,80.35,319.683015076805,0.3243352,65.83849393,18.0,2633.0,66.0,2026-09-09
3916,603062,麦加芯彩,37.92,-0.45,0.58,54.09,38.011616067258,0.0549712,61.75113833,-943.0,3900.0,61.6,2026-09-09
3917,603063,禾望电气,31.12,-2.14,3.1,46.18,31.42158894535,0.291578,69.66237924,-876.0,1441.0,79.6,2026-09-09
3918,603065,宿迁联盛,13.95,-2.17,5.21,302.98,14.264594628037,0.2099244,50.52610001,-37.0,5181.0,76.0,2026-09-09
3919,603066,音飞储存,9.75,4.95,7.14,10.21,9.800447386203,0.2415912,66.83762677,2152.0,2297.0,70.8,2026-09-09
3920,603067,振华股份,38.4,2.13,5.21,47.07,39.428290506212,0.3964404,72.47473162,815.0,800.0,83.6,2026-09-09
3921,603068,博通集成,37.67,-1.44,4.05,56.61,37.918564730399,0.2023792,68.32670731,1089.0,1836.0,78.8,2026-09-09
3922,603069,海汽集团,14.03,0.0,1.13,-49.65,14.054152092656,0.1236956,60.81181744,-1265.0,4132.0,74.4,2026-09-09
3923,603070,万控智造,11.76,-1.01,0.4,-125.85,11.797224021929,0.1411728,57.28924441,195.0,4817.0,63.2,2026-09-09
3924,603071,物产环能,12.77,0.87,0.42,9.85,12.712102116954,0.170158,73.32860342,1302.0,632.0,68.0,2026-09-09
3925,603072,天和磁材,31.26,-1.01,0.95,51.74,31.399106379412,0.1424812,65.53010147,166.0,2721.0,66.4,2026-09-09
3926,603073,彩蝶实业,17.04,-1.56,1.97,38.83,17.137747970258,0.0860492,58.07484722,-226.0,4696.0,62.8,2026-09-09
3927,603075,热威股份,20.3,-3.01,19.53,24.99,20.254349136034,0.2117892,74.68388998,-279.0,450.0,76.4,2026-09-09
3928,603076,乐惠国际,20.86,-0.24,1.04,66.07,20.900421675517,0.0641328,64.35148005,254.0,3147.0,68.8,2026-09-09
3929,603077,和邦生物,2.56,1.19,6.77,29.74,2.545693651881,0.3651632,68.82968235,-1506.0,1688.0,92.8,2026-09-09
3930,603078,江化微,31.87,-1.21,3.71,130.93,32.399267801552,0.225898,63.03122328,1104.0,3532.0,71.2,2026-09-09
3931,603079,圣达生物,13.08,-2.17,2.65,60.22,13.126673209894,0.1040228,60.29182544,-288.0,4265.0,76.0,2026-09-09
3932,603080,新疆火炬,20.36,-0.49,0.72,13.72,20.354547874963,0.1499564,70.82913322,264.0,1155.0,70.8,2026-09-09
3933,603081,大丰实业,9.95,-1.0,0.39,39.42,9.992230801713,0.1273536,65.47585194,133.0,2739.0,68.4,2026-09-09
3934,603082,北自科技,47.52,-1.64,11.25,79.15,47.929624101981,0.306218,71.18825225,-920.0,1059.0,78.4,2026-09-09
3935,603083,剑桥科技,218.99,-1.49,10.14,123.03,221.377996332596,0.49517,77.1664452,-125.0,216.0,95.2,2026-09-09
3936,603085,天成自控,9.86,-0.8,0.76,38.69,9.881799570745,0.0862276,63.10375468,163.0,3515.0,69.2,2026-09-09
3937,603086,先达股份,6.51,-0.91,6.6,19.56,6.532989896137,0.1684768,63.07061574,-2778.0,3522.0,80.0,2026-09-09
3938,603087,甘李药业,68.91,-0.69,0.65,33.76,68.898130117351,0.2939988,70.17057113,-678.0,1303.0,84.4,2026-09-09
3939,603088,宁波精达,10.31,0.68,1.59,51.83,10.255958471076,0.216842,66.59571522,227.0,2381.0,72.4,2026-09-09
3940,603089,正裕工业,9.73,-1.52,1.33,-40.94,9.761134462994,0.124682,59.2404798,-117.0,4487.0,73.6,2026-09-09
3941,603090,宏盛股份,40.98,-2.06,7.84,67.5,41.235817674205,0.2110628,67.15286654,-607.0,2193.0,81.6,2026-09-09
3942,603091,众鑫股份,49.91,-1.13,0.93,18.4,50.204196152129,0.1842392,68.41668224,109.0,1808.0,65.2,2026-09-09
3943,603092,德力佳,41.5,-1.28,2.4,20.16,41.659499887232,0.2186788,69.54485189,481.0,1477.0,64.4,2026-09-09
3944,603093,南华期货,13.33,0.3,1.47,17.82,13.279208481251,0.1953312,66.16762873,-1021.0,2509.0,77.2,2026-09-09
3945,603095,越剑智能,14.89,-0.67,2.86,64.35,14.777589880196,0.1508712,58.5969072,321.0,4600.0,73.6,2026-09-09
3946,603096,新经典,15.84,-3.94,1.95,27.66,15.959483495997,0.1405944,62.99454822,-2521.0,3544.0,70.0,2026-09-09
3947,603097,江苏华辰,19.32,0.57,0.68,-696.19,19.37099107519,0.1628124,59.49268154,264.0,4429.0,67.2,2026-09-09
3948,603098,森特股份,11.61,-0.26,1.21,50.79,11.669596716167,0.1701284,67.51528178,-1439.0,2067.0,76.8,2026-09-09
3949,603099,长白山,38.7,-1.78,2.82,4154.55,38.510827067033,0.2443716,69.24976785,-861.0,1558.0,82.8,2026-09-09
3950,603100,川仪股份,18.56,-1.07,0.5,16.79,18.614539281963,0.1218752,69.83973121,-663.0,1389.0,69.2,2026-09-09
3951,603101,汇嘉时代,8.09,2.02,3.17,19.38,8.035283494853,0.1487812,74.81101069,652.0,437.0,71.6,2026-09-09
3952,603102,百合股份,37.19,-1.9,2.43,19.17,37.387256227071,0.1290608,64.43389776,296.0,3111.0,69.6,2026-09-09
3953,603103,横店影视,16.55,0.36,1.36,-85.17,16.317945374649,0.2077268,68.80342526,-465.0,1698.0,78.8,2026-09-09
3954,603105,芯能科技,7.62,-2.31,2.56,78.94,7.656160849692,0.1523436,63.18501396,250.0,3488.0,82.4,2026-09-09
3955,603106,恒银科技,7.83,-2.97,3.35,266.17,7.836790269899,0.1593172,56.54460953,-230.0,4919.0,75.6,2026-09-09
3956,603107,上海汽配,12.06,-1.23,0.61,32.25,12.109145073196,0.1511052,66.8430214,-1016.0,2294.0,63.6,2026-09-09
3957,603108,润达医疗,9.71,-3.57,2.62,-33.41,9.777810164466,0.16542,60.341613,-1340.0,4255.0,78.8,2026-09-09
3958,603109,神驰机电,17.37,-0.57,0.39,27.85,17.332848380766,0.05073,68.02566342,1888.0,1915.0,66.8,2026-09-09
3959,603110,东方材料,23.95,-1.2,3.68,220.07,24.021328179902,0.2280764,64.60464235,-62.0,3049.0,80.0,2026-09-09
3960,603111,康尼机电,6.27,-0.79,0.27,15.91,6.265454393915,0.0845664,68.60541307,344.0,1752.0,69.6,2026-09-09
3961,603112,华翔股份,17.33,1.82,3.56,17.88,16.834628555346,0.3217748,83.43631602,360.0,19.0,73.2,2026-09-09
3962,603113,金能科技,5.6,-0.53,4.05,-4.04,5.599001448505,0.2148348,70.23433678,517.0,1284.0,77.6,2026-09-09
3963,603115,海星股份,83.51,7.0,7.06,97.97,83.43263768586,0.4208836,74.87747141,712.0,431.0,74.0,2026-09-09
3964,603116,红蜻蜓,6.34,-1.55,0.54,204.04,6.342631490288,0.1461852,65.74919513,957.0,2653.0,65.6,2026-09-09
3965,603117,万林物流,4.19,-0.95,1.15,-700.49,4.192351972811,0.1171976,58.7487826,-1310.0,4573.0,67.2,2026-09-09
3966,603118,共进股份,17.85,-1.05,11.35,96.74,18.057137567998,0.3289644,63.94949133,-702.0,3259.0,94.4,2026-09-09
3967,603119,浙江荣泰,53.97,0.5,2.56,84.98,53.752546955509,0.2461124,68.68541115,-1261.0,1727.0,87.6,2026-09-09
3968,603120,肯特催化,52.7,4.36,10.11,57.89,52.421509465175,0.3219324,72.15153939,63.0,855.0,62.8,2026-09-09
3969,603121,华培动力,13.16,-0.68,1.44,-476.89,13.140152965235,0.2086516,59.88522643,164.0,4346.0,74.8,2026-09-09
3970,603122,合富中国,13.35,-0.22,12.37,-354.3,13.332838806261,0.1682092,66.39721,331.0,2436.0,88.8,2026-09-09
3971,603123,翠微股份,11.05,-10.02,13.22,-61.26,11.290423963959,0.2461164,58.5412888,-2342.0,4613.0,93.6,2026-09-09
3972,603124,江南新材,128.81,-2.42,7.86,58.59,131.763453099784,0.3098748,70.05932642,-1036.0,1334.0,76.8,2026-09-09
3973,603125,常青科技,23.43,2.72,1.21,33.9,23.304114965934,0.23285,69.27603606,-15.0,1551.0,62.8,2026-09-09
3974,603126,中材节能,6.46,0.31,1.01,441.71,6.461928745445,0.1842364,69.55895327,1210.0,1472.0,77.2,2026-09-09
3975,603127,昭衍新药,43.74,0.28,4.66,21.92,43.376459259406,0.2806148,75.68125452,-194.0,338.0,78.8,2026-09-09
3976,603128,华贸物流,5.76,0.17,2.42,17.05,5.818003808374,0.2580872,66.10296094,613.0,2535.0,76.0,2026-09-09
3977,603129,春风动力,289.2,-0.44,0.39,20.85,289.956090848806,0.2048356,76.21184702,454.0,286.0,75.2,2026-09-09
3978,603130,云中马,38.2,-2.13,0.73,65.54,38.404724432949,0.1591596,64.27846091,-1821.0,3163.0,64.0,2026-09-09
3979,603131,上海沪工,14.35,-0.49,1.21,347.38,14.382325860885,0.122272,55.37376566,-16.0,5034.0,71.2,2026-09-09
3980,603132,金徽股份,20.39,-0.83,0.74,24.39,20.271702865871,0.1557684,71.65832553,223.0,950.0,72.4,2026-09-09
3981,603135,中重科技,9.01,-1.1,0.8,76.3,9.04194438082,0.115614,60.3645615,46.0,4251.0,61.6,2026-09-09
3982,603136,天目湖,9.79,1.14,2.4,34.49,9.68285875079,0.1857268,71.52981112,1864.0,988.0,71.6,2026-09-09
3983,603137,恒尚节能,19.61,-4.06,6.46,60.19,19.834915576939,0.2111292,55.35541864,-689.0,5035.0,66.4,2026-09-09
3984,603138,海量数据,13.95,-2.86,7.39,-21.59,14.067790176772,0.1604004,65.31777035,-1415.0,2795.0,86.0,2026-09-09
3985,603139,康惠股份,39.0,3.97,3.7,228.31,38.75431520665,0.2973496,60.13406326,690.0,4290.0,68.0,2026-09-09
3986,603150,万朗磁塑,70.14,0.36,3.25,59.83,70.240310588066,0.217458,70.94589119,410.0,1131.0,75.2,2026-09-09
3987,603151,邦基科技,19.3,-0.26,5.06,-3445.5,19.662888784686,0.1717224,76.02795761,-251.0,305.0,76.0,2026-09-09
3988,603153,上海建科,13.9,0.87,0.57,92.57,13.791800020061,0.1275292,76.65340521,-89.0,251.0,70.8,2026-09-09
3989,603155,新亚强,13.7,-1.51,1.29,43.42,13.876789694114,0.1409152,62.59085012,-397.0,3658.0,64.8,2026-09-09
3990,603156,养元饮品,41.45,0.97,0.74,30.58,40.902696120317,0.3340264,67.17773635,311.0,2184.0,78.8,2026-09-09
3991,603158,腾龙股份,10.93,-0.73,1.84,23.47,10.93433833821,0.2066348,64.96971502,-506.0,2901.0,78.8,2026-09-09
3992,603159,上海亚虹,23.74,-0.17,1.77,-438.04,23.486374871018,0.2286976,65.77038911,180.0,2647.0,64.0,2026-09-09
3993,603160,汇顶科技,51.68,-1.75,0.58,47.88,52.131362824965,0.2534092,68.63727462,-839.0,1745.0,78.8,2026-09-09
3994,603161,科华控股,16.81,-3.39,3.11,-495.39,16.923158283819,0.1529636,63.82363873,126.0,3298.0,77.2,2026-09-09
3995,603162,海通发展,15.43,9.98,15.75,20.27,14.690767822147,0.4129568,86.84277341,7.0,2.0,85.2,2026-09-09
3996,603163,圣晖集成,85.08,-0.62,7.36,60.6,88.21755974125,0.2826084,79.27339718,-60.0,113.0,79.6,2026-09-09
3997,603165,荣晟环保,13.94,-1.55,1.79,11.45,13.914782732939,0.169702,62.87837137,146.0,3577.0,71.2,2026-09-09
3998,603166,福达股份,10.82,-2.7,1.38,22.25,10.928156642694,0.1711936,64.84742877,-80.0,2960.0,70.0,2026-09-09
3999,603167,渤海轮渡,8.21,0.37,0.68,35.16,8.193827592456,0.3385732,66.92569672,785.0,2272.0,72.0,2026-09-09
4000,603168,莎普爱思,6.0,-1.15,1.41,57.56,6.012139787849,0.0445436,58.41951874,-587.0,4636.0,70.0,2026-09-09
4001,603169,兰石重装,6.69,-0.45,0.91,-21.53,6.732187680228,0.1739844,55.84445797,-770.0,4999.0,74.8,2026-09-09
4002,603170,宝立食品,12.71,-0.94,0.43,19.79,12.709145005245,0.0612996,71.20545054,-61.0,1056.0,65.6,2026-09-09
4003,603171,税友股份,41.68,-2.98,1.24,90.08,42.057173445469,0.1770612,72.36519226,61.0,822.0,72.4,2026-09-09
4004,603172,万丰股份,18.91,0.37,1.13,38.16,18.845491916195,0.1400152,63.46776567,400.0,3412.0,66.8,2026-09-09
4005,603173,福斯达,30.41,-1.04,0.44,16.09,30.517783667622,0.1096844,65.72032219,-1545.0,2663.0,60.4,2026-09-09
4006,603175,超颖电子,95.91,2.52,4.59,-109.61,94.333484831276,0.2719052,64.44986789,-1558.0,3108.0,64.4,2026-09-09
4007,603176,汇通集团,5.46,-0.73,0.62,-20.39,5.476267795964,0.0689304,64.0527289,1080.0,3235.0,68.8,2026-09-09
4008,603177,德创环保,11.07,-0.27,1.48,-33.44,11.068620928621,0.1394764,61.10930172,239.0,4055.0,70.8,2026-09-09
4009,603178,圣龙股份,17.28,-1.82,3.11,145.64,17.283565141236,0.1794904,59.32559521,241.0,4467.0,78.8,2026-09-09
4010,603179,新泉股份,39.84,-3.02,2.37,35.36,40.299411709032,0.3164992,65.34517073,206.0,2786.0,80.0,2026-09-09
4011,603180,金牌家居,16.01,-0.5,0.54,-9.71,15.955112924611,0.1618108,64.67420133,470.0,3027.0,64.8,2026-09-09
4012,603181,皇马科技,13.01,0.46,1.15,16.5,13.046971961132,0.2371836,72.05065654,370.0,874.0,65.2,2026-09-09
4013,603182,嘉华股份,14.24,0.56,1.67,20.67,14.208143536322,0.1511924,68.37459736,91.0,1823.0,68.4,2026-09-09
4014,603183,建研院,4.94,0.41,2.45,-200.18,4.914865002378,0.2949052,63.49147905,580.0,3401.0,64.8,2026-09-09
4015,603185,弘元绿能,14.8,-1.14,0.7,-7.44,14.866418155126,0.1438524,58.99933019,178.0,4527.0,74.0,2026-09-09
4016,603186,华正新材,212.06,10.0,14.41,96.13,206.134978738819,0.5645204,81.57639265,673.0,42.0,93.2,2026-09-09
4017,603187,海容冷链,11.15,0.54,1.23,13.72,11.104120102723,0.410914,73.560295,303.0,597.0,70.0,2026-09-09
4018,603188,亚邦股份,4.9,-0.81,1.96,140.55,4.917513863133,0.2109928,60.04537618,212.0,4310.0,73.6,2026-09-09
4019,603189,*ST网达,9.84,-1.89,0.62,-110.03,9.844685882778,0.118928,62.62412244,361.0,3650.0,70.4,2026-09-09
4020,603190,亚通精工,16.37,-1.62,0.75,20.01,16.460219288908,0.084058,63.89913271,-915.0,3272.0,63.6,2026-09-09
4021,603191,望变电气,16.01,-0.37,3.99,146.64,15.914479077723,0.1950004,64.79094137,-2175.0,2984.0,85.6,2026-09-09
4022,603192,汇得科技,20.8,-1.7,2.25,42.98,20.810112786676,0.109448,67.36348792,-1027.0,2118.0,75.2,2026-09-09
4023,603193,润本股份,21.0,-1.78,2.52,18.87,21.147208740656,0.1096764,68.22252032,60.0,1862.0,68.8,2026-09-09
4024,603194,中力股份,33.95,-1.48,0.56,15.9,34.149350975455,0.1351984,66.14113082,-1309.0,2519.0,62.4,2026-09-09
4025,603195,公牛集团,38.79,0.65,0.12,16.26,38.598030723594,0.1431468,70.93801361,92.0,1136.0,81.2,2026-09-09
4026,603196,璞源材料,19.0,0.05,0.8,67.23,18.794159533687,0.233518,67.08427326,1431.0,2216.0,65.6,2026-09-09
4027,603197,保隆科技,29.66,-0.8,0.88,12.03,29.74022454448,0.1880684,67.42006191,-30.0,2100.0,74.0,2026-09-09
4028,603198,迎驾贡酒,39.9,-2.52,0.42,13.74,40.089808095952,0.1601632,72.74457703,-369.0,755.0,82.4,2026-09-09
4029,603199,九华旅游,34.35,-0.92,1.99,12.51,34.213178723791,0.1819128,70.41250188,-8.0,1249.0,74.8,2026-09-09
4030,603200,上海洗霸,40.35,-1.32,4.26,-537.58,39.915550027265,0.2023248,65.28809516,-93.0,2805.0,82.8,2026-09-09
4031,603201,常润股份,15.41,-2.03,1.34,16.15,15.47011028132,0.14785,63.85861527,351.0,3291.0,62.8,2026-09-09
4032,603202,天有为,52.9,-1.67,1.29,14.51,53.156045511043,0.1223604,66.4514866,-849.0,2423.0,65.6,2026-09-09
4033,603203,快克智能,43.48,-0.25,2.7,47.37,44.384504906602,0.219028,71.72279756,-6.0,935.0,68.0,2026-09-09
4034,603205,健尔康,22.18,-2.51,1.85,34.28,22.358431946095,0.1263932,63.55741437,-138.0,3385.0,64.8,2026-09-09
4035,603206,嘉环科技,13.66,-2.01,0.91,66.63,13.76260587603,0.0690176,61.67754445,313.0,3913.0,61.6,2026-09-09
4036,603207,小方制药,25.3,-2.84,10.47,19.39,25.22517866967,0.1915152,73.27263197,-501.0,647.0,78.8,2026-09-09
4037,603208,江山欧派,11.45,-1.55,0.66,-10.88,11.493598189214,0.0621784,61.7869783,530.0,3893.0,65.6,2026-09-09
4038,603209,兴通股份,15.04,3.16,2.46,11.47,14.952082882655,0.1993928,78.89912929,1309.0,132.0,72.0,2026-09-09
4039,603210,泰鸿万立,13.36,-1.69,1.08,21.09,13.421210382416,0.1989872,63.75341806,-163.0,3319.0,60.8,2026-09-09
4040,603211,晋拓股份,20.7,-1.0,1.06,153.73,20.883685013171,0.1613568,62.70902171,71.0,3617.0,66.4,2026-09-09
4041,603212,赛伍技术,11.65,-0.43,1.86,-639.95,11.752825544607,0.1671236,66.16210226,-433.0,2510.0,71.2,2026-09-09
4042,603213,镇洋发展,13.77,-0.07,0.29,1113.74,13.756759051943,0.1662756,58.2784516,130.0,4660.0,65.6,2026-09-09
4043,603214,爱婴室,14.71,5.0,15.28,24.11,15.10395882218,0.27146,78.47694158,1780.0,150.0,70.0,2026-09-09
4044,603215,比依股份,14.44,-1.43,0.6,-47.57,14.479348174533,0.1146968,64.06979354,1209.0,3230.0,65.2,2026-09-09
4045,603216,梦天家居,22.81,4.83,7.02,80.69,21.97746052548,0.2625748,76.82843957,872.0,239.0,76.4,2026-09-09
4046,603217,元利科技,28.03,-6.07,1.84,19.84,28.757366404243,0.2088928,62.64263451,-1943.0,3639.0,66.4,2026-09-09
4047,603218,日月股份,9.28,-0.32,0.35,29.46,9.277668160029,0.18461,69.23255586,1463.0,1566.0,72.4,2026-09-09
4048,603219,富佳股份,13.12,-1.65,0.4,121.2,13.231780949426,0.159866,62.55429682,358.0,3666.0,66.0,2026-09-09
4049,603220,中贝通信,18.65,0.59,4.12,469.45,18.598673875278,0.2694844,64.47228789,493.0,3097.0,77.2,2026-09-09
4050,603221,爱丽家居,26.11,-5.09,5.69,-82.2,26.571698644208,0.232217241379,53.88966813,-375.0,5122.0,80.0,2026-09-09
4051,603222,济民健康,8.13,0.12,3.57,-43.19,8.210685609072,0.23628,63.51283063,1497.0,3396.0,68.4,2026-09-09
4052,603223,恒通股份,10.27,-0.58,1.71,19.66,10.262206348067,0.249108,67.3336603,-957.0,2129.0,62.8,2026-09-09
4053,603225,新凤鸣,18.7,-0.69,0.55,10.9,18.607313981947,0.1674632,68.67530772,-1302.0,1729.0,70.0,2026-09-09
4054,603226,菲林格尔,34.99,1.01,0.79,-167.7,35.04065571032,0.2920868,55.75141549,-690.0,5007.0,60.8,2026-09-09
4055,603227,雪峰科技,7.91,1.67,0.98,16.72,7.901131700002,0.281364,73.82418721,2214.0,560.0,70.8,2026-09-09
4056,603228,景旺电子,109.59,2.45,4.15,91.2,110.584013057025,0.4847312,77.39498395,445.0,199.0,93.6,2026-09-09
4057,603229,奥翔药业,7.89,-1.13,0.51,27.33,7.908771298588,0.1172344,63.32541516,-218.0,3450.0,72.8,2026-09-09
4058,603230,内蒙新华,9.97,-3.39,3.08,76.92,9.908182979872,0.188308,59.86245377,-2282.0,4350.0,75.6,2026-09-09
4059,603231,索宝蛋白,16.99,-0.35,1.85,23.87,16.932428000847,0.1087868,70.20208528,-838.0,1295.0,68.8,2026-09-09
4060,603232,格尔软件,15.18,-2.5,2.01,-28.88,15.269107719464,0.1510424,60.37685573,484.0,4249.0,79.2,2026-09-09
4061,603233,大参林,18.28,0.22,0.46,11.23,18.191401231808,0.1468092,77.06575764,637.0,224.0,75.6,2026-09-09
4062,603235,天新药业,25.44,0.55,0.22,17.44,25.390008591731,0.0935488,70.25058036,118.0,1281.0,67.2,2026-09-09
4063,603236,移远通信,61.06,-1.67,2.16,20.55,61.948352783106,0.3005116,74.01870309,-71.0,535.0,81.6,2026-09-09
4064,603237,五芳斋,15.9,-2.27,1.36,7.79,15.982848594308,0.0779944,64.26867107,488.0,3165.0,70.4,2026-09-09
4065,603238,诺邦股份,12.51,-0.87,0.96,21.0,12.517155199947,0.133904,71.26868929,1020.0,1041.0,68.0,2026-09-09
4066,603239,浙江仙通,14.14,-0.77,0.65,23.73,14.224500171566,0.1072784,69.2775287,119.0,1550.0,66.4,2026-09-09
4067,603248,锡华科技,17.36,-1.59,2.46,67.09,17.499044597626,0.1495524,62.71062345,136.0,3616.0,62.0,2026-09-09
4068,603255,鼎际得,30.76,-2.6,2.11,47.3,30.89319637415,0.2908452,62.22736019,426.0,3761.0,64.0,2026-09-09
4069,603256,宏和科技,128.25,1.16,1.52,152.86,128.570933057019,0.2687136,67.61325903,-512.0,2035.0,79.6,2026-09-09
4070,603257,中国瑞林,73.72,1.18,8.32,46.65,73.601429090904,0.303016,71.76622868,-288.0,923.0,71.6,2026-09-09
4071,603258,电魂网络,13.8,-3.16,1.77,-28.5,13.9350322384,0.0998264,57.22823905,-1660.0,4826.0,75.2,2026-09-09
4072,603259,药明康德,154.88,-0.94,1.16,21.13,154.743185599681,0.4590832,80.93144181,-35.0,59.0,86.8,2026-09-09
4073,603260,合盛硅业,33.92,0.8,0.66,61.79,33.672920055801,0.2614908,59.57288302,-1378.0,4412.0,75.2,2026-09-09
4074,603261,立航科技,57.6,3.52,2.74,-97.77,56.590691198643,0.2676556,66.46869848,2220.0,2412.0,70.4,2026-09-09
4075,603262,技源集团,17.96,-4.57,5.35,49.15,18.188530609018,0.206378,54.86155839,-14.0,5077.0,63.6,2026-09-09
4076,603266,天龙股份,16.1,-1.95,1.25,35.36,16.241129954882,0.1706832,61.53962764,-1013.0,3947.0,75.6,2026-09-09
4077,603267,鸿远电子,47.84,0.08,2.3,25.2,48.132300019569,0.251946,64.39412823,-306.0,3130.0,70.4,2026-09-09
4078,603268,松发股份,197.7,2.75,2.32,27.91,196.879712592863,0.5074872,83.32641818,360.0,20.0,82.0,2026-09-09
4079,603269,海鸥股份,26.03,-3.27,8.86,142.94,26.452416277733,0.2494864,63.89464601,-478.0,3273.0,83.6,2026-09-09
4080,603270,金帝股份,33.76,2.3,25.12,54.64,33.442621552723,0.2696876,76.17770037,194.0,290.0,84.0,2026-09-09
4081,603271,永杰新材,40.64,-0.68,1.28,7.83,40.741529567228,0.2021032,66.4058956,-935.0,2433.0,63.2,2026-09-09
4082,603272,*ST联翔,15.86,-5.71,4.1,-71.63,16.136309369628,0.2028512,52.76424696,-160.0,5155.0,60.8,2026-09-09
4083,603273,天元智能,14.98,-0.2,3.48,103.99,15.008533162612,0.1118336,65.69111922,866.0,2674.0,64.4,2026-09-09
4084,603275,众辰科技,35.92,-2.02,1.74,27.35,36.267568535734,0.1255224,62.92814086,-1013.0,3560.0,61.6,2026-09-09
4085,603276,恒兴新材,16.77,0.3,3.06,37.58,16.748350651745,0.1876924,65.55019831,324.0,2716.0,63.6,2026-09-09
4086,603277,银都股份,11.44,0.35,0.28,19.91,11.369438844578,0.1175816,69.75123623,1525.0,1415.0,68.4,2026-09-09
4087,603278,大业股份,9.42,-1.26,1.94,-25.15,9.438546848304,0.1249624,53.58375871,29.0,5135.0,69.6,2026-09-09
4088,603279,景津装备,11.45,-0.52,0.94,15.39,11.437190305701,0.2277776,67.91734466,-30.0,1946.0,69.6,2026-09-09
4089,603280,南方路机,26.44,-2.44,1.61,44.6,26.571220983682,0.1539644,62.80085316,-753.0,3593.0,74.8,2026-09-09
4090,603281,江瀚新材,19.15,0.21,0.31,27.88,19.185619068543,0.2060696,67.3882341,416.0,2108.0,62.4,2026-09-09
4091,603282,亚光股份,16.9,-0.41,0.84,43.64,16.955131322094,0.0556124,62.14980327,-1753.0,3783.0,63.6,2026-09-09
4092,603283,赛腾股份,45.12,-0.99,2.94,43.93,45.698636526225,0.2859088,63.64902428,-1382.0,3349.0,71.6,2026-09-09
4093,603284,林平发展,41.7,0.68,6.22,13.51,41.463325509287,0.29486,63.87493442,-1424.0,3285.0,66.0,2026-09-09
4094,603285,键邦股份,33.54,6.92,19.12,38.49,33.809579062856,0.3718816,74.26103707,3792.0,503.0,63.6,2026-09-09
4095,603286,日盈电子,45.5,-1.11,3.05,-111.31,46.050410004351,0.2705076,63.23345898,1025.0,3475.0,78.4,2026-09-09
4096,603288,海天味业,34.36,0.88,0.26,23.99,34.070739971807,0.3453592,73.17533647,1111.0,660.0,88.0,2026-09-09
4097,603289,泰瑞机器,9.65,2.44,2.16,155.88,9.628086571004,0.1842708,71.88390379,2961.0,900.0,73.2,2026-09-09
4098,603290,斯达半导,84.47,-0.25,1.28,155.6,84.857268115331,0.2291224,61.38482756,245.0,3983.0,82.8,2026-09-09
4099,603291,联合水务,9.31,0.22,1.0,68.63,9.287063190792,0.259322,67.58476524,-122.0,2042.0,66.0,2026-09-09
4100,603293,埃泰克,39.71,4.03,12.71,38.07,38.956559800388,0.240066,78.54393003,2214.0,145.0,69.2,2026-09-09
4101,603296,华勤技术,76.53,0.53,1.12,19.34,76.46910945744,0.3457184,72.15612085,-168.0,853.0,82.8,2026-09-09
4102,603297,永新光学,105.65,-0.07,0.97,61.23,106.738338604651,0.2614008,71.07813536,60.0,1095.0,72.4,2026-09-09
4103,603298,杭叉集团,25.16,-0.59,0.36,13.57,25.107315505973,0.3006944,69.56836667,666.0,1464.0,70.4,2026-09-09
4104,603299,苏盐井神,8.99,-0.33,0.36,24.55,8.996307765395,0.153672,70.03344993,-275.0,1339.0,73.2,2026-09-09
4105,603300,海南华铁,4.8,-1.64,1.68,20.17,4.804558134125,0.2152444,61.21175438,-820.0,4031.0,76.8,2026-09-09
4106,603301,振德医疗,83.2,-0.31,0.41,76.35,83.088333487469,0.214836,67.13639793,237.0,2199.0,71.2,2026-09-09
4107,603303,得邦照明,26.01,3.71,0.59,81.19,25.779822460457,0.2490304,75.09960149,331.0,401.0,62.8,2026-09-09
4108,603305,旭升集团,11.17,-1.33,0.9,27.15,11.217916566204,0.2096052,62.16294187,306.0,3778.0,72.8,2026-09-09
4109,603306,华懋科技,76.86,1.33,3.61,543.79,77.114695889758,0.4305488,68.02049218,153.0,1918.0,74.0,2026-09-09
4110,603307,扬州金泉,25.47,0.99,0.94,20.11,25.267052666282,0.1006352,68.20098489,822.0,1870.0,63.6,2026-09-09
4111,603308,应流股份,46.3,10.0,4.33,76.22,45.285610373216,0.4552392,73.2993009,2670.0,639.0,74.0,2026-09-09
4112,603309,维力医疗,11.33,-0.7,0.76,16.21,11.350084634533,0.3179572,65.79974592,1707.0,2638.0,67.6,2026-09-09
4113,603310,巍华新材,14.79,0.07,0.75,35.8,14.752428649835,0.1388852,58.57518217,-364.0,4609.0,62.0,2026-09-09
4114,603311,金海高科,27.48,0.59,7.1,72.71,26.455189930885,0.3402632,70.6600628,1379.0,1190.0,78.4,2026-09-09
4115,603312,西典新能,33.23,-0.12,2.37,31.73,33.613892293728,0.1511016,68.99145908,-785.0,1643.0,65.2,2026-09-09
4116,603313,梦百合,6.66,-4.58,3.78,358.61,6.765060194049,0.194912,66.17813266,-1761.0,2507.0,73.6,2026-09-09
4117,603315,福鞍股份,11.55,-1.2,1.66,53.55,11.672588406562,0.1815228,61.17320653,-407.0,4039.0,64.0,2026-09-09
4118,603316,诚邦股份,14.29,-2.26,9.55,86.12,14.548096624581,0.183558,56.1908631,-1969.0,4959.0,76.0,2026-09-09
4119,603317,天味食品,13.04,-2.9,1.02,18.18,13.10472158945,0.1512992,67.59999932,-1174.0,2037.0,72.4,2026-09-09
4120,603318,水发燃气,9.41,-0.95,10.12,64.71,9.470113813019,0.2362412,60.10759614,-2741.0,4295.0,84.4,2026-09-09
4121,603319,美湖股份,29.37,-1.61,3.26,90.83,29.768562908887,0.3179256,64.69581714,1190.0,3017.0,78.4,2026-09-09
4122,603320,迪贝电气,18.96,2.1,2.99,43.01,19.160168890883,0.2113748,68.7472918,334.0,1713.0,70.4,2026-09-09
4123,603321,梅轮电梯,7.67,2.54,6.03,64.36,7.631076685907,0.19007,69.43013696,695.0,1510.0,71.2,2026-09-09
4124,603322,超讯科技,29.91,1.18,7.87,45.56,30.12111614642,0.2567908,60.2744458,-1198.0,4269.0,79.2,2026-09-09
4125,603323,苏农银行,4.57,-0.22,1.57,4.18,4.580161833349,0.3630452,66.48239798,-1505.0,2406.0,70.8,2026-09-09
4126,603324,盛剑科技,25.7,-0.66,1.97,-19.81,26.09130192806,0.1127248,57.80097632,387.0,4733.0,64.4,2026-09-09
4127,603325,博隆技术,54.0,-1.01,0.62,22.11,54.150987059601,0.0656584,65.36588854,594.0,2779.0,60.0,2026-09-09
4128,603326,我乐家居,7.69,-1.16,0.86,24.53,7.723053245562,0.0918872,70.88822364,532.0,1147.0,70.4,2026-09-09
4129,603327,福蓉科技,8.81,-3.72,2.53,67.56,8.892809540756,0.178992,65.1129418,1224.0,2864.0,75.6,2026-09-09
4130,603328,依顿电子,12.1,10.0,4.31,56.04,11.675655139636,0.390288,74.19862265,3335.0,510.0,72.4,2026-09-09
4131,603329,上海雅仕,10.35,-0.29,1.1,11.35,10.308224530168,0.0581816,65.8782577,247.0,2624.0,62.0,2026-09-09
4132,603330,天洋新材,10.3,1.08,28.49,361.43,10.797153098049,0.4285696,66.5653725,2770.0,2392.0,80.4,2026-09-09
4133,603331,百达精工,13.87,1.99,4.51,13.74,13.739407639118,0.1930936,68.25740412,1225.0,1850.0,73.2,2026-09-09
4134,603332,苏州龙杰,11.86,-0.75,1.33,23.49,11.888621228277,0.0829452,72.28471382,1482.0,839.0,69.6,2026-09-09
4135,603333,福华尚纬,9.79,-1.61,1.78,344.68,9.764743317393,0.2238232,60.51452654,255.0,4211.0,77.6,2026-09-09
4136,603334,丰倍生物,31.57,-2.14,4.02,27.82,31.747731690612,0.151152,65.1296319,-1908.0,2856.0,66.4,2026-09-09
4137,603335,迪生力,6.36,-2.6,2.0,-32.98,6.389999323262,0.1641716,56.61649785,-400.0,4907.0,66.4,2026-09-09
4138,603336,宏辉果蔬,9.68,-2.02,4.99,569.98,9.75350859655,0.2456648,63.19783245,-2913.0,3484.0,80.4,2026-09-09
4139,603337,杰克科技,37.16,0.16,0.4,18.0,37.166411386827,0.2311008,72.88567907,482.0,718.0,64.4,2026-09-09
4140,603338,浙江鼎力,59.56,1.83,0.59,15.24,58.94614560426,0.2543888,76.03651171,572.0,303.0,68.8,2026-09-09
4141,603339,四方科技,12.3,-1.52,2.32,22.05,12.375635245617,0.1736472,62.25086632,257.0,3756.0,68.8,2026-09-09
4142,603341,龙旗科技,36.46,-1.46,2.38,38.75,36.657293993863,0.256502,63.00221964,-55.0,3541.0,75.2,2026-09-09
4143,603344,星德胜,24.84,-0.68,4.34,35.54,25.110162953169,0.2187848,70.62173306,-272.0,1202.0,66.0,2026-09-09
4144,603345,安井食品,74.35,-2.84,2.19,15.07,74.835836746625,0.2584044,70.55111924,-742.0,1219.0,82.8,2026-09-09
4145,603348,文灿股份,14.74,-1.27,0.7,-10.73,14.853937802725,0.1262476,59.35210373,-1500.0,4459.0,72.8,2026-09-09
4146,603350,安乃达,28.53,-0.63,0.73,35.48,28.640539033457,0.1108092,62.29019748,945.0,3747.0,62.0,2026-09-09
4147,603351,威尔药业,25.5,-1.51,0.41,22.49,25.621997087083,0.086312,65.99589717,-784.0,2570.0,60.8,2026-09-09
4148,603352,至信股份,25.48,-1.32,1.98,53.46,25.517951503693,0.1491908,67.47135669,1762.0,2081.0,59.6,2026-09-09
4149,603353,和顺石油,38.57,1.61,8.13,40.3,37.969028452133,0.351754,80.21800851,7.0,76.0,84.4,2026-09-09
4150,603355,莱克电气,30.09,1.31,0.71,37.22,30.155298255754,0.299498,70.51493468,158.0,1227.0,79.2,2026-09-09
4151,603356,华菱精工,17.21,0.12,1.53,-25.24,17.297302878503,0.1101576,54.86949948,-151.0,5075.0,60.8,2026-09-09
4152,603357,设计总院,6.17,-0.16,0.34,-58.13,6.146407393861,0.04849,66.34641743,-1015.0,2450.0,70.0,2026-09-09
4153,603358,华达科技,44.65,-3.21,1.86,-126.09,45.301798621176,0.4743792,59.88605566,-1368.0,4345.0,67.6,2026-09-09
4154,603359,*ST东珠,2.41,-3.6,1.67,-14.98,2.439305181474,0.1564736,54.59173138,-354.0,5094.0,66.0,2026-09-09
4155,603360,百傲化学,13.34,-3.19,1.79,73.12,13.649189206592,0.1453476,62.68982639,-2205.0,3626.0,75.2,2026-09-09
4156,603363,傲农生物,3.26,-0.31,2.74,-23.45,3.273734372056,0.2429396,62.00377442,-1071.0,3830.0,84.8,2026-09-09
4157,603365,水星家纺,16.8,0.84,0.42,14.68,16.735673734855,0.117642,71.63344182,801.0,958.0,64.4,2026-09-09
4158,603366,日出东方,7.84,1.29,5.02,86.97,7.728603608121,0.2467728,74.87206629,275.0,433.0,86.0,2026-09-09
4159,603367,辰欣药业,14.6,-1.62,1.29,12.5,14.632387720464,0.2405932,68.38650398,-1259.0,1819.0,72.4,2026-09-09
4160,603368,柳药集团,15.87,-0.06,0.68,8.54,15.838619921266,0.172168,70.83823726,116.0,1153.0,74.4,2026-09-09
4161,603369,今世缘,30.41,-0.78,0.73,9.11,30.412240437579,0.228778,74.48332766,45.0,470.0,86.0,2026-09-09
4162,603370,华新精科,28.92,0.17,1.65,37.81,28.759165422179,0.21951,60.7785499,984.0,4141.0,64.0,2026-09-09
4163,603373,安邦护卫,39.76,-0.7,2.15,46.42,39.891187323162,0.2777052,65.38093931,-388.0,2775.0,60.0,2026-09-09
4164,603375,盛景微,46.69,-0.21,3.91,807.17,46.593185714681,0.2573836,64.69658696,-652.0,3016.0,77.6,2026-09-09
4165,603376,大明电子,27.46,-1.79,7.43,168.28,27.435886805655,0.1227476,63.09406828,488.0,3518.0,68.8,2026-09-09
4166,603377,ST东时,3.16,-1.56,0.62,-5.84,3.16600114386,0.2062232,61.54931049,-817.0,3945.0,65.2,2026-09-09
4167,603378,*ST亚士,6.68,-1.04,1.78,-6.4,6.746622358242,0.2993156,58.40119027,338.0,4641.0,68.0,2026-09-09
4168,603379,三美股份,59.32,-0.27,0.45,16.92,59.250261709645,0.33762,67.39408453,-591.0,2107.0,68.0,2026-09-09
4169,603380,易德龙,33.72,-2.88,2.72,23.43,34.232593357189,0.2027968,66.27241231,-936.0,2468.0,63.2,2026-09-09
4170,603381,永臻股份,14.91,-1.0,1.91,44.68,14.919486046683,0.189992,63.40282042,1412.0,3430.0,65.6,2026-09-09
4171,603382,海阳科技,19.57,-1.71,1.56,27.43,19.597040431055,0.1520704,64.13183527,1275.0,3208.0,68.8,2026-09-09
4172,603383,顶点软件,28.03,-1.82,1.28,39.94,28.070743107816,0.2071292,68.97098724,324.0,1651.0,72.8,2026-09-09
4173,603385,惠达卫浴,5.86,0.51,0.88,-13.91,5.832218913052,0.088772,66.88893933,807.0,2278.0,64.4,2026-09-09
4174,603386,骏亚科技,14.81,1.44,2.12,-286.26,14.900457447271,0.1635476,54.58315243,26.0,5095.0,67.6,2026-09-09
4175,603387,基蛋生物,9.47,0.21,1.34,13.03,9.443065902318,0.1780596,66.24147237,-1599.0,2479.0,69.6,2026-09-09
4176,603389,亚振家居,43.65,0.83,0.93,-351.97,44.174599718928,0.3701616,63.97117901,1315.0,3253.0,71.2,2026-09-09
4177,603390,通达电气,10.94,-0.64,4.33,26.49,10.916343958839,0.1724732,74.84526415,1202.0,434.0,84.4,2026-09-09
4178,603391,力聚热能,67.79,-1.8,6.43,94.06,67.78024915385,0.3847328,67.31842903,-1396.0,2138.0,62.0,2026-09-09
4179,603392,万泰生物,28.06,1.74,0.69,-138.25,28.021304584432,0.2086636,66.01764525,580.0,2561.0,81.2,2026-09-09
4180,603393,新天然气,27.11,-1.06,1.58,14.89,27.189124297546,0.2606204,75.10936655,-155.0,398.0,79.2,2026-09-09
4181,603395,红四方,30.36,-1.97,27.9,150.32,30.329735242853,0.2533272,75.64108929,1047.0,344.0,88.4,2026-09-09
4182,603396,金辰股份,28.45,-2.37,4.27,58.74,28.562469038365,0.196186,72.45263909,288.0,805.0,82.0,2026-09-09
4183,603398,*ST沐邦,9.83,-1.6,2.21,-9.66,9.850323127903,0.3369744,55.14187325,116.0,5052.0,68.8,2026-09-09
4184,603399,永杉锂业,13.87,-0.57,4.42,17.96,13.83984721774,0.2587648,57.71575938,-228.0,4749.0,80.4,2026-09-09
4185,603400,华之杰,51.18,-3.09,11.05,75.08,51.963116470174,0.271164,66.40209397,-1467.0,2435.0,75.6,2026-09-09
4186,603402,陕西旅游,69.63,-4.21,13.91,28.08,69.872240840089,0.2590948,67.85985656,-365.0,1963.0,73.2,2026-09-09
4187,603406,天富龙,29.55,-2.15,3.03,23.33,29.835882024381,0.177322,68.20921708,566.0,1865.0,68.0,2026-09-09
4188,603407,长裕集团,53.81,0.86,10.37,79.73,54.079988178475,0.2759848,70.58301352,2432.0,1211.0,64.4,2026-09-09
4189,603408,建霖家居,11.89,-2.3,0.44,12.92,11.94623659757,0.0453984,73.47406932,350.0,614.0,65.6,2026-09-09
4190,603409,汇通控股,18.12,-1.41,2.3,22.89,18.164986343768,0.1388804,71.05243866,470.0,1102.0,65.6,2026-09-09
4191,603416,信捷电气,47.46,-0.88,0.82,24.03,47.575064966912,0.2741464,70.15552699,1365.0,1304.0,66.0,2026-09-09
4192,603418,友升股份,45.6,-2.21,3.36,17.64,46.169140956355,0.2191556,71.89217396,-561.0,899.0,68.0,2026-09-09
4193,603421,鼎信通讯,6.63,9.95,4.14,-10.91,6.552528465961,0.33363,67.57827499,2526.0,2045.0,70.0,2026-09-09
4194,603429,*ST集友,9.15,2.46,0.29,-135.75,8.939110406442,0.2650012,64.76455667,1190.0,2993.0,62.4,2026-09-09
4195,603435,嘉德利,46.52,-2.17,5.43,78.65,46.939951705071,0.1774668,64.60294593,-1169.0,3052.0,62.4,2026-09-09
4196,603439,三力制药,11.92,-2.05,1.65,64.73,11.920460139273,0.172856,63.1532664,2.0,3501.0,74.8,2026-09-09
4197,603444,吉比特,387.78,-3.75,2.84,12.8,392.07424658558,0.3342656,75.23671136,-77.0,385.0,85.2,2026-09-09
4198,603456,九洲药业,15.33,0.52,2.25,17.45,15.289942512016,0.2249048,70.39445275,-422.0,1252.0,82.0,2026-09-09
4199,603458,勘设股份,10.94,1.67,5.21,-12.9,10.816499041882,0.3258308,67.50230495,785.0,2072.0,74.0,2026-09-09
4200,603459,红板科技,88.02,0.73,11.39,61.54,88.358345270439,0.306816,70.53938147,2066.0,1221.0,73.2,2026-09-09
4201,603466,风语筑,12.91,2.3,17.67,40.97,12.271946453693,0.3035892,79.34559099,-42.0,107.0,92.4,2026-09-09
4202,603477,巨星农牧,16.24,1.25,2.37,-5.07,16.167750669031,0.2064908,65.12953693,55.0,2857.0,77.6,2026-09-09
4203,603486,科沃斯,51.42,-1.61,0.65,11.94,51.582885950592,0.2396108,68.99194042,358.0,1642.0,79.2,2026-09-09
4204,603488,展鹏科技,8.66,1.05,5.43,-38.8,8.640634004636,0.1566412,62.51917771,-618.0,3680.0,71.2,2026-09-09
4205,603489,八方股份,27.84,1.05,1.11,30.44,27.856919429204,0.1434876,65.54405806,-758.0,2717.0,70.8,2026-09-09
4206,603496,恒为科技,22.89,0.84,2.07,166.06,22.916723412529,0.2704968,65.58422182,1820.0,2704.0,72.4,2026-09-09
4207,603499,翔港科技,14.11,-0.84,1.23,36.19,14.058779310242,0.272466,69.97781009,267.0,1355.0,66.0,2026-09-09
4208,603500,祥和实业,9.59,0.21,1.36,22.05,9.526209850107,0.1484688,67.24049116,757.0,2157.0,61.2,2026-09-09
4209,603501,豪威集团,80.01,-0.57,1.0,41.25,80.169779308497,0.4020068,72.48123847,917.0,798.0,76.4,2026-09-09
4210,603505,金石资源,15.57,0.13,0.75,73.03,15.518458950272,0.3144852,66.92772355,-957.0,2271.0,66.4,2026-09-09
4211,603506,南都物业,11.75,-1.01,1.81,9.54,11.74876522251,0.10369,68.44812561,-1156.0,1795.0,70.8,2026-09-09
4212,603507,振江股份,22.37,-0.13,1.35,17.84,22.43986685986,0.214634,65.34202885,-396.0,2787.0,70.8,2026-09-09
4213,603508,思维列控,21.33,-0.97,0.48,12.8,21.374457400583,0.186862,69.26111878,-891.0,1555.0,71.2,2026-09-09
4214,603511,爱慕股份,12.77,-0.62,0.25,20.09,12.798613502935,0.0356464,68.55925921,982.0,1767.0,66.4,2026-09-09
4215,603515,欧普照明,15.15,-1.69,0.19,22.11,15.197818862261,0.0580672,66.91566134,-160.0,2274.0,67.6,2026-09-09
4216,603516,淳中科技,88.03,-1.64,2.28,68.01,89.062297119929,0.2317136,55.87847026,-90.0,4995.0,70.4,2026-09-09
4217,603517,ST绝味,12.01,-0.41,0.82,27.0,12.003822153201,0.3517624,65.8181865,407.0,2636.0,73.2,2026-09-09
4218,603518,锦泓集团,8.28,0.36,1.46,9.8,8.224235615455,0.2361152,72.79690399,635.0,740.0,70.0,2026-09-09
4219,603519,立霸股份,15.19,-0.39,1.38,20.5,15.177880075421,0.2323224,72.79505064,574.0,742.0,70.8,2026-09-09
4220,603520,司太立,8.74,-1.58,1.16,47.98,8.754921807884,0.148876,57.63582918,-1355.0,4765.0,65.6,2026-09-09
4221,603527,众源新材,10.53,2.63,3.93,26.72,10.521183413171,0.2637032,67.69531212,240.0,2009.0,69.2,2026-09-09
4222,603528,多伦科技,6.38,-0.47,1.11,-62.1,6.39402448844,0.1960284,64.92374383,479.0,2926.0,72.0,2026-09-09
4223,603529,爱玛科技,21.82,0.09,0.46,14.18,21.838479142067,0.2680532,68.27573656,-1132.0,1846.0,72.8,2026-09-09
4224,603530,神马电力,47.75,-3.14,0.93,47.95,48.225874703288,0.2009724,72.98772575,-341.0,696.0,86.0,2026-09-09
4225,603533,掌阅科技,24.01,-2.83,6.61,-105.08,24.110017958804,0.2227812,66.88676267,-1732.0,2279.0,86.4,2026-09-09
4226,603535,嘉诚国际,6.5,-0.46,0.55,58.17,6.51895982758,0.07881,58.60711353,-764.0,4595.0,65.2,2026-09-09
4227,603536,惠发食品,10.36,-2.17,4.23,343.03,10.356479267616,0.1139284,61.96641445,-526.0,3842.0,82.0,2026-09-09
4228,603538,美诺华,27.2,-3.1,11.79,72.59,27.645147821219,0.2542464,65.24537895,-2374.0,2822.0,91.6,2026-09-09
4229,603551,奥普科技,9.63,-1.23,0.55,17.27,9.603050579557,0.1079512,71.29976694,-716.0,1034.0,68.4,2026-09-09
4230,603556,海兴电力,23.8,-2.5,1.41,17.88,23.857120071534,0.1884476,69.45739668,-86.0,1501.0,69.2,2026-09-09
4231,603557,*ST起步,3.25,-2.4,1.23,-23.72,3.26446035732,0.2835084,51.19432808,-268.0,5176.0,62.8,2026-09-09
4232,603558,健盛集团,12.21,0.49,0.49,11.98,12.154124481328,0.1192004,74.16891916,1171.0,514.0,68.0,2026-09-09
4233,603559,中通国脉,10.18,-5.74,5.76,213.08,10.409700230359,0.2086656,57.33013086,-116.0,4811.0,76.0,2026-09-09
4234,603565,中谷物流,12.41,3.24,1.33,12.03,12.320566076034,0.1553052,78.37703291,1370.0,155.0,75.2,2026-09-09
4235,603566,普莱柯,10.69,-1.02,0.77,23.92,10.737694835505,0.1586948,66.94856179,-1157.0,2260.0,71.2,2026-09-09
4236,603567,珍宝岛,5.54,-2.64,2.03,-9.61,5.580721477298,0.1725884,49.94413607,-222.0,5185.0,68.0,2026-09-09
4237,603568,伟明环保,14.21,-0.56,0.18,15.66,14.252317409971,0.137756,67.18737116,-1030.0,2180.0,72.4,2026-09-09
4238,603569,长久物流,5.98,-0.66,0.63,242.24,5.960624134598,0.1096204,64.08301829,-841.0,3222.0,69.6,2026-09-09
4239,603577,汇金通,10.22,-0.1,0.72,46.7,10.24018266948,0.0850656,60.26406538,306.0,4272.0,66.4,2026-09-09
4240,603578,三星新材,13.53,-0.51,2.85,-40.02,13.458990744102,0.1889512,62.80996886,-2386.0,3589.0,67.6,2026-09-09
4241,603579,荣泰健康,18.69,-0.37,0.99,16.75,18.606739611631,0.1231272,71.13497365,-774.0,1075.0,69.6,2026-09-09
4242,603580,艾艾精工,68.8,-7.01,8.83,792.95,69.907259291443,0.312020357143,67.01086188,548.0,2246.0,83.6,2026-09-09
4243,603583,捷昌驱动,26.47,-1.23,1.04,22.27,26.596367434244,0.2132588,66.93099065,-177.0,2270.0,78.4,2026-09-09
4244,603585,苏利股份,11.18,0.45,1.97,28.54,11.14668668562,0.1443104,65.62982646,-1625.0,2690.0,72.0,2026-09-09
4245,603586,金麒麟,14.03,-0.99,0.62,79.53,14.050543874172,0.1007172,62.31162723,-1638.0,3737.0,69.2,2026-09-09
4246,603587,地素时尚,13.2,-2.22,0.78,14.88,13.24853375384,0.0797188,71.49599832,292.0,996.0,74.8,2026-09-09
4247,603588,高能环境,15.96,0.63,2.87,11.9,15.911974070062,0.4784516,81.33046459,-8.0,46.0,82.0,2026-09-09
4248,603589,口子窖,18.65,-3.92,2.12,15.29,18.789284736221,0.1812972,59.93638518,-1723.0,4336.0,78.8,2026-09-09
4249,603590,康辰药业,29.88,-1.48,0.91,24.82,29.928097449404,0.1195792,64.35054691,-313.0,3148.0,72.0,2026-09-09
4250,603595,ST东尼,29.9,-1.32,0.75,24.31,29.861529641096,0.2660544,59.59836395,-1928.0,4406.0,74.0,2026-09-09
4251,603596,伯特利,29.67,-1.53,1.53,20.76,29.703684749988,0.2624368,71.02991873,665.0,1109.0,83.2,2026-09-09
4252,603598,引力传媒,18.07,-4.34,7.38,139.15,18.117400060311,0.1785752,69.20697631,-1394.0,1579.0,88.8,2026-09-09
4253,603599,广信股份,11.41,-0.17,2.48,14.55,11.380366749292,0.3053296,75.24059288,-331.0,383.0,79.2,2026-09-09
4254,603600,永艺股份,11.04,1.1,2.84,13.33,10.911638852388,0.1624704,73.23967191,-536.0,651.0,75.6,2026-09-09
4255,603601,再升科技,9.05,0.56,3.78,115.27,9.090746819844,0.200122,57.28026355,-309.0,4818.0,72.4,2026-09-09
4256,603602,纵横通信,11.76,-0.76,1.11,91.04,11.749831243408,0.1112728,67.20290648,-953.0,2171.0,70.4,2026-09-09
4257,603605,珀莱雅,60.3,-2.68,1.02,10.22,60.581186379118,0.1900724,74.62609876,-310.0,458.0,81.2,2026-09-09
4258,603606,东方电缆,34.1,0.32,1.02,24.9,33.968070086894,0.303218,72.77876796,304.0,747.0,83.6,2026-09-09
4259,603607,京华激光,22.74,-0.92,2.38,41.81,22.690209472196,0.3218304,70.81753011,-257.0,1159.0,66.8,2026-09-09
4260,603608,天创时尚,22.14,-1.42,4.98,168.19,22.097105606799,0.411464,74.78054078,166.0,443.0,77.6,2026-09-09
4261,603609,禾丰股份,6.99,-0.14,0.93,-372.62,7.002119196588,0.1384196,65.5260438,-185.0,2724.0,75.2,2026-09-09
4262,603610,麒盛科技,14.26,-0.07,0.93,86.73,14.195778490602,0.2381132,59.7547446,-518.0,4365.0,66.4,2026-09-09
4263,603611,诺力股份,16.3,-0.43,0.38,14.8,16.261028747433,0.2185892,62.90936481,593.0,3566.0,68.0,2026-09-09
4264,603612,索通发展,17.54,2.1,2.7,10.76,17.386607822294,0.258704,75.17678783,613.0,390.0,78.0,2026-09-09
4265,603613,国联股份,19.98,-0.15,1.47,10.5,20.007295850407,0.294756,72.13936644,-281.0,859.0,80.4,2026-09-09
4266,603615,茶花股份,19.14,3.74,2.96,269.2,18.960062464582,0.2793016,78.0360533,754.0,170.0,69.2,2026-09-09
4267,603616,韩建河山,5.85,-1.52,2.64,-62.57,5.873697446708,0.1577988,58.24340506,-457.0,4666.0,74.4,2026-09-09
4268,603617,君禾股份,7.16,0.56,1.12,42.84,7.132249606955,0.1539832,68.35201858,1674.0,1830.0,65.6,2026-09-09
4269,603618,杭电股份,41.58,3.66,24.47,36.6,40.848800903668,0.370394,63.26938162,-3171.0,3465.0,96.0,2026-09-09
4270,603619,中曼石油,24.75,-0.6,8.86,57.8,24.867557567246,0.29708,67.38577906,-1776.0,2111.0,90.8,2026-09-09
4271,603626,科森科技,20.09,-7.38,12.19,20.51,20.502161559021,0.3778984,62.088147,-3295.0,3798.0,93.6,2026-09-09
4272,603628,清源股份,10.77,0.09,3.98,69.73,10.692508844136,0.2403188,72.14637246,1884.0,858.0,88.0,2026-09-09
4273,603629,利通电子,109.26,0.25,6.3,28.52,110.527737438439,0.3531756,69.3700049,319.0,1525.0,85.6,2026-09-09
4274,603630,拉芳家化,14.49,-2.88,2.64,43.88,14.557874165571,0.137598,68.0300975,1116.0,1911.0,71.6,2026-09-09
4275,603633,徕木股份,6.61,-0.6,1.02,-23.1,6.639725989092,0.0576824,58.58494442,-1141.0,4608.0,66.0,2026-09-09
4276,603636,南威软件,6.99,-1.41,1.48,-11.92,6.978263966222,0.1802092,56.61971647,278.0,4906.0,73.2,2026-09-09
4277,603637,镇海股份,14.8,-0.54,1.99,84.3,14.943082183866,0.277366,68.75267542,294.0,1711.0,68.8,2026-09-09
4278,603638,艾迪精密,18.14,-2.05,0.98,26.13,18.214032354679,0.1896052,63.57889154,-25.0,3379.0,66.0,2026-09-09
4279,603639,海利尔,11.12,-0.09,1.05,15.66,11.17341166207,0.1887448,63.49938271,-1031.0,3400.0,69.2,2026-09-09
4280,603648,畅联股份,9.63,-0.52,0.55,24.88,9.680332092181,0.1073868,67.02260945,-996.0,2243.0,69.6,2026-09-09
4281,603650,彤程新材,65.22,10.0,5.45,51.64,64.393126113071,0.4756732,76.45878291,3035.0,269.0,72.8,2026-09-09
4282,603655,朗博科技,30.26,-1.11,1.09,84.96,30.593890527412,0.1874088,67.50114584,124.0,2073.0,65.2,2026-09-09
4283,603656,泰禾智能,17.38,-0.57,0.62,104.58,17.498160929659,0.2028248,65.24988984,477.0,2819.0,66.0,2026-09-09
4284,603657,春光科技,27.15,1.31,2.68,-23.09,26.909195878567,0.2040844,67.36253198,844.0,2120.0,67.2,2026-09-09
4285,603658,安图生物,32.06,-0.53,0.33,18.43,32.074376032742,0.1197004,72.11949256,468.0,862.0,74.8,2026-09-09
4286,603659,璞泰来,22.07,-0.68,0.97,16.3,22.004071227885,0.26683,67.26083866,71.0,2154.0,74.0,2026-09-09
4287,603660,苏州科达,9.66,-2.72,2.78,-9.58,9.750689145502,0.2663332,51.38041823,-5.0,5174.0,72.0,2026-09-09
4288,603661,恒林股份,31.17,-4.09,2.18,17.85,31.696300539971,0.2786724,67.07008252,-1742.0,2221.0,63.2,2026-09-09
4289,603662,柯力传感,49.29,-1.32,0.89,52.96,49.541583116172,0.1956596,64.6355764,295.0,3041.0,72.8,2026-09-09
4290,603663,三祥新材,41.93,7.21,7.22,161.59,42.213541311358,0.4588324,75.42877272,2988.0,361.0,72.4,2026-09-09
4291,603665,康隆达,22.27,-0.27,1.61,41.62,22.244161350552,0.1577868,56.75712972,-558.0,4892.0,73.6,2026-09-09
4292,603666,亿嘉和,25.51,-0.78,1.57,-20.65,25.73030226025,0.3002056,58.23304767,-301.0,4668.0,71.2,2026-09-09
4293,603667,五洲新春,49.96,-1.98,2.35,157.14,50.302876199374,0.2238516,61.30884654,147.0,4003.0,73.2,2026-09-09
4294,603668,天马科技,13.01,-0.38,4.77,266.89,13.213701234324,0.2743452,63.15901172,-449.0,3498.0,83.6,2026-09-09
4295,603669,灵康药业,5.29,-1.12,1.58,89.24,5.311219659924,0.2271448,56.85510348,-139.0,4878.0,66.8,2026-09-09
4296,603676,卫信康,9.18,-0.65,0.21,13.97,9.161106223884,0.0267404,68.88537329,344.0,1674.0,66.8,2026-09-09
4297,603677,奇精机械,13.94,-0.85,0.78,249.31,13.99950871506,0.0859292,66.1708301,66.0,2508.0,66.8,2026-09-09
4298,603678,火炬电子,45.93,0.35,3.23,45.04,46.208009901414,0.2955012,72.3474671,-86.0,829.0,73.6,2026-09-09
4299,603679,华体科技,25.22,-3.56,12.91,-79.4,25.33778012995,0.3707192,67.39579505,-951.0,2105.0,86.8,2026-09-09
4300,603680,今创集团,10.1,0.3,0.46,9.14,10.122791840115,0.1553048,66.73339009,521.0,2340.0,63.2,2026-09-09
4301,603681,永冠新材,18.37,0.6,2.04,23.68,18.384474047444,0.1784792,64.94567134,-230.0,2913.0,66.4,2026-09-09
4302,603682,锦和商管,10.39,-1.33,1.7,107.41,10.444359705245,0.1644556,55.21432375,-259.0,5048.0,63.2,2026-09-09
4303,603683,晶华新材,15.82,-2.47,5.17,47.77,15.954531407254,0.2097684,62.02208576,375.0,3823.0,74.8,2026-09-09
4304,603685,晨丰科技,28.52,0.35,0.95,175.73,28.452623553268,0.2907216,69.38598098,-145.0,1521.0,69.2,2026-09-09
4305,603686,福龙马,13.66,-0.73,3.52,28.22,13.658452590923,0.1766436,68.99026294,-318.0,1644.0,82.8,2026-09-09
4306,603687,大胜达,16.43,3.2,4.21,70.04,16.339309596179,0.3481288,69.34239042,2391.0,1533.0,71.6,2026-09-09
4307,603688,石英股份,47.59,1.56,3.3,141.06,48.275900619178,0.2977032,70.36103606,1121.0,1261.0,76.8,2026-09-09
4308,603689,皖天然气,7.92,0.38,0.96,10.13,7.919371275965,0.1527492,68.39988356,-244.0,1815.0,69.2,2026-09-09
4309,603690,至纯科技,23.41,-1.64,3.31,-15.63,23.648388057209,0.196316,53.4219518,-88.0,5140.0,83.2,2026-09-09
4310,603693,江苏新能,11.51,1.23,0.66,38.85,11.449234812894,0.162746,61.40903417,-1214.0,3978.0,70.4,2026-09-09
4311,603696,安记食品,16.5,-6.78,18.16,116.68,16.490742917755,0.2288408,68.88870217,-1540.0,1672.0,92.0,2026-09-09
4312,603697,有友食品,10.17,-0.2,1.36,17.52,10.159965705502,0.0897016,66.81905033,144.0,2309.0,71.6,2026-09-09
4313,603698,航天工程,21.89,0.78,1.5,69.62,21.927591531981,0.2323548,68.0207627,722.0,1917.0,70.0,2026-09-09
4314,603699,纽威股份,44.29,0.61,0.5,23.41,44.181474422108,0.1754728,68.87852239,188.0,1675.0,68.8,2026-09-09
4315,603700,宁水集团,12.08,-1.71,1.65,43.63,12.202830750536,0.1639172,66.70266799,-448.0,2353.0,68.8,2026-09-09
4316,603701,德宏股份,19.82,-0.5,1.52,211.43,19.707953793784,0.208304,67.32410345,1703.0,2135.0,76.8,2026-09-09
4317,603703,盛洋科技,10.39,1.46,3.42,-100.84,10.484246691037,0.1959108,58.11622464,169.0,4686.0,78.0,2026-09-09
4318,603706,东方环宇,17.73,-0.45,0.53,13.69,17.748320428827,0.1751004,70.62810998,-9.0,1200.0,67.6,2026-09-09
4319,603707,健友股份,7.72,-1.53,0.45,33.25,7.730088849962,0.225328,72.07658444,215.0,867.0,69.6,2026-09-09
4320,603708,家家悦,9.77,-0.31,1.25,16.75,9.753374747477,0.1355208,69.47516182,248.0,1495.0,77.2,2026-09-09
4321,603709,中源家居,12.59,-0.79,1.47,306.83,12.662808358316,0.0548284,63.64500187,-431.0,3354.0,66.0,2026-09-09
4322,603711,香飘飘,11.94,-1.16,0.89,226.97,11.930651973041,0.112714,67.22681288,-716.0,2164.0,75.6,2026-09-09
4323,603712,七一二,11.87,-0.25,0.82,-41.34,11.905722209896,0.2038308,55.90652634,-667.0,4991.0,74.4,2026-09-09
4324,603713,密尔克卫,66.72,0.17,1.05,15.23,66.499361245133,0.1876924,66.70645855,-271.0,2350.0,64.8,2026-09-09
4325,603716,塞力医疗,17.43,-1.25,4.65,-41.14,17.422958000684,0.2593476,70.31335743,721.0,1266.0,78.4,2026-09-09
4326,603717,天域生物,6.6,-1.35,2.93,-17.61,6.628336815094,0.123638,55.14992737,-105.0,5051.0,65.2,2026-09-09
4327,603718,*ST海利,3.21,-1.83,0.62,90.94,3.23112282654,0.2111076,56.21024956,120.0,4958.0,66.8,2026-09-09
4328,603719,良品铺子,9.7,-2.9,1.36,119.19,9.750493756676,0.1053924,61.6749341,-1852.0,3916.0,75.6,2026-09-09
4329,603721,中广天择,19.17,-5.8,11.21,-97.3,19.28793416502,0.173132,63.42866172,-1539.0,3425.0,80.4,2026-09-09
4330,603722,阿科力,29.35,-1.77,0.93,-67.51,29.562589775143,0.157326181818,55.26690744,27.0,5045.0,59.2,2026-09-09
4331,603725,天安新材,10.58,-1.4,2.36,48.17,10.642850863772,0.264226,64.32323082,-115.0,3160.0,69.6,2026-09-09
4332,603726,朗迪集团,24.66,2.11,2.08,13.84,24.386323223053,0.215614,73.13281798,1330.0,668.0,64.8,2026-09-09
4333,603727,博迈科,18.15,-0.66,0.79,-36.29,18.168127420081,0.1021772,63.3834622,-2003.0,3435.0,65.6,2026-09-09
4334,603728,鸣志电器,48.88,-2.22,1.17,275.2,49.119421002793,0.208944,58.84829826,36.0,4552.0,87.6,2026-09-09
4335,603729,ST龙韵,12.8,-0.7,1.37,121.37,12.838205155493,0.2378844,69.32127223,-139.0,1541.0,68.0,2026-09-09
4336,603730,岱美股份,11.07,-2.47,0.49,28.29,11.191104831793,0.3267652,72.63843409,-449.0,770.0,67.2,2026-09-09
4337,603733,仙鹤股份,19.25,1.32,0.8,14.56,19.081787105645,0.3354744,68.23898565,1548.0,1858.0,68.0,2026-09-09
4338,603737,三棵树,22.9,-2.97,1.04,33.67,22.982167296817,0.2144812,69.04938385,1127.0,1620.0,72.4,2026-09-09
4339,603738,泰晶科技,35.79,0.93,7.59,136.25,36.309366788686,0.3209644,66.69637987,1882.0,2356.0,75.2,2026-09-09
4340,603739,蔚蓝生物,13.37,-1.62,2.12,43.87,13.359486300604,0.1441288,70.78532651,-578.0,1165.0,81.6,2026-09-09
4341,603755,日辰股份,25.58,-0.62,1.15,42.89,25.627492869969,0.115896,67.23351424,951.0,2162.0,66.8,2026-09-09
4342,603757,大元泵业,67.72,-4.98,5.86,200.54,68.530581248623,0.3106628,67.08044517,-854.0,2217.0,86.4,2026-09-09
4343,603758,秦安股份,11.04,-2.3,1.71,49.49,11.110348056801,0.182984,58.70067061,-10.0,4579.0,76.4,2026-09-09
4344,603759,海天股份,7.55,-0.79,0.54,51.53,7.548190838198,0.10244,66.46511306,-930.0,2414.0,67.6,2026-09-09
4345,603766,隆鑫通用,14.38,0.21,0.36,14.9,14.384297436172,0.1105596,74.0848155,-363.0,529.0,72.8,2026-09-09
4346,603767,中马传动,13.95,-1.48,0.83,164.11,14.010213484028,0.05777,59.01444376,150.0,4523.0,73.6,2026-09-09
4347,603768,常青股份,11.77,-0.08,0.91,75.25,11.796439765462,0.0919792,66.29688841,1445.0,2461.0,66.8,2026-09-09
4348,603773,沃格光电,86.01,-0.8,8.52,-78.24,88.32038792691,0.3387084,65.32938813,1618.0,2791.0,76.8,2026-09-09
4349,603776,永安行,20.03,0.25,0.88,-183.15,20.116191082385,0.2478256,64.53701807,814.0,3073.0,66.8,2026-09-09
4350,603777,来伊份,14.63,1.74,4.5,-26.55,14.730920303739,0.2818636,62.52278851,1400.0,3677.0,74.0,2026-09-09
4351,603778,国晟科技,10.51,-1.59,8.07,-40.17,10.604881607197,0.1838168,60.01259168,-1686.0,4318.0,88.8,2026-09-09
4352,603779,威龙股份,8.59,-2.94,9.14,-119.23,8.689691703117,0.1897104,59.39155763,-2758.0,4451.0,78.4,2026-09-09
4353,603786,科博达,39.0,-1.17,0.34,25.47,39.056231901535,0.1672984,69.27869671,-127.0,1549.0,68.0,2026-09-09
4354,603787,新日股份,10.43,-0.38,0.68,35.97,10.435061249336,0.0288812,60.94707088,-218.0,4096.0,66.4,2026-09-09
4355,603788,宁波高发,13.67,-0.8,0.44,16.33,13.673931176169,0.1191884,65.09390396,464.0,2867.0,65.2,2026-09-09
4356,603789,ST星农,6.09,-2.09,1.25,-10.26,6.153320150832,0.2088744,58.06264741,20.0,4699.0,66.0,2026-09-09
4357,603790,雅运股份,23.88,3.02,1.38,36.16,23.766562588649,0.2121996,67.66437295,1250.0,2016.0,65.6,2026-09-09
4358,603797,联泰环保,4.98,1.43,2.62,17.5,4.976053953085,0.2676456,67.18598647,264.0,2181.0,71.2,2026-09-09
4359,603798,康普顿,14.64,0.41,1.49,43.3,14.464801222278,0.2103052,68.8914136,-1054.0,1669.0,66.4,2026-09-09
4360,603799,华友钴业,38.19,0.55,2.35,10.31,38.006085095045,0.3847312,72.86033416,12.0,725.0,86.8,2026-09-09
4361,603800,洪田股份,57.9,0.87,3.56,-127.46,58.809288369349,0.3170548,55.41645486,-344.0,5030.0,63.2,2026-09-09
4362,603801,志邦家居,6.29,-2.33,2.42,-8.67,6.316522722306,0.1513032,62.29334407,554.0,3746.0,72.8,2026-09-09
4363,603803,瑞斯康达,11.21,-1.58,3.9,-523.72,11.405145559396,0.192196,58.95377064,-1452.0,4535.0,83.6,2026-09-09
4364,603806,福斯特,14.66,1.45,0.69,22.7,14.658298280577,0.2378968,69.35567586,475.0,1529.0,76.0,2026-09-09
4365,603808,歌力思,8.9,-0.22,0.58,16.11,8.847498230882,0.1684292,74.95932906,306.0,418.0,66.4,2026-09-09
4366,603809,豪能股份,8.7,-0.91,0.63,21.31,8.73084372701,0.1196476,64.7739909,-738.0,2990.0,69.6,2026-09-09
4367,603810,丰山集团,12.48,-1.58,1.33,54.96,12.580002184817,0.0821584,61.25673382,-786.0,4020.0,68.0,2026-09-09
4368,603811,诚意药业,7.19,-1.78,0.89,17.36,7.229281341286,0.169778,64.89850969,-1655.0,2937.0,65.6,2026-09-09
4369,603813,原尚股份,27.23,0.04,0.66,-34.97,27.10411435889,0.1103964,49.71768172,2.0,5186.0,57.6,2026-09-09
4370,603815,交建股份,5.54,0.18,1.13,27.56,5.481958110223,0.2119236,57.84890231,-80.0,4726.0,64.0,2026-09-09
4371,603816,顾家家居,23.51,2.0,0.72,11.76,23.280498667403,0.1888136,76.42137146,1519.0,272.0,72.0,2026-09-09
4372,603817,海峡环保,6.0,0.33,1.89,11.85,5.962089985352,0.2354648,71.67423471,1949.0,944.0,70.8,2026-09-09
4373,603818,曲美家居,3.74,1.91,2.78,-17.5,3.738962870534,0.261142,63.84146425,1634.0,3293.0,64.8,2026-09-09
4374,603819,神力股份,16.77,0.84,2.85,90.88,16.795476715713,0.1963944,59.95138783,241.0,4334.0,68.0,2026-09-09
4375,603822,ST嘉澳,63.24,-3.51,0.8,36.17,64.136322664925,0.2420432,70.14436792,-908.0,1310.0,66.8,2026-09-09
4376,603823,百合花,58.38,-8.55,10.87,105.23,60.710887076096,0.3971004,70.79599641,-423.0,1162.0,90.8,2026-09-09
4377,603825,ST华扬,8.4,-0.36,0.69,-8.64,8.407893269614,0.166736,63.25562318,-931.0,3471.0,71.6,2026-09-09
4378,603826,坤彩科技,17.19,0.94,2.51,41.68,16.924519708828,0.228184,70.82743233,622.0,1156.0,80.4,2026-09-09
4379,603828,*ST利达,5.71,0.35,0.83,-37.39,5.574995654898,0.2457948,61.4463563,-2165.0,3968.0,67.2,2026-09-09
4380,603829,洛凯股份,15.91,0.19,1.41,51.67,15.863588823574,0.077478,63.55497014,-442.0,3386.0,64.4,2026-09-09
4381,603833,欧派家居,30.81,-1.91,0.5,21.13,30.847680807139,0.1723964,63.88892082,220.0,3274.0,70.0,2026-09-09
4382,603836,海程邦达,9.59,0.52,0.93,26.86,9.563322544101,0.07282,67.51280399,2054.0,2069.0,65.6,2026-09-09
4383,603838,*ST四通,12.18,2.1,0.56,-75.61,12.04663628692,0.2533656,65.52659035,603.0,2723.0,66.0,2026-09-09
4384,603839,安正时尚,7.01,-1.82,1.08,18.12,7.034741301215,0.0602772,65.20293776,183.0,2836.0,70.4,2026-09-09
4385,603843,*ST正平,7.06,0.71,1.89,-16.4,6.980402884409,0.2574892,55.6712075,-136.0,5015.0,67.6,2026-09-09
4386,603848,好太太,13.85,-0.93,0.43,27.26,13.819496234896,0.1189152,69.71478921,830.0,1426.0,70.0,2026-09-09
4387,603855,华荣股份,17.11,0.47,0.44,15.46,17.072423529412,0.1969488,71.55816656,378.0,981.0,68.0,2026-09-09
4388,603856,东宏股份,11.84,-0.59,0.67,16.21,11.84524031336,0.2156524,63.80794357,-1472.0,3303.0,65.2,2026-09-09
4389,603858,步长制药,14.78,-0.4,0.34,15.51,14.786251655487,0.2334372,64.48039268,23.0,3092.0,74.8,2026-09-09
4390,603859,能科科技,38.48,-2.41,2.54,54.13,38.674777679647,0.269614,69.77200318,-1084.0,1409.0,71.6,2026-09-09
4391,603860,中公高科,26.78,-0.7,1.5,344.29,26.770347159527,0.0620376,66.82822995,419.0,2305.0,66.4,2026-09-09
4392,603861,白云电器,11.71,-0.26,0.86,36.68,11.697390709478,0.1636032,63.67148528,-839.0,3339.0,67.2,2026-09-09
4393,603863,松炀资源,12.63,-1.25,1.22,-44.2,12.632169909939,0.1107092,52.61118286,-38.0,5162.0,62.8,2026-09-09
4394,603866,桃李面包,4.48,-1.75,0.78,24.67,4.494909904845,0.168216,64.97990759,-1660.0,2898.0,76.8,2026-09-09
4395,603867,新化股份,30.42,-0.46,2.42,20.39,30.542634108052,0.4374952,65.61904821,-1187.0,2692.0,68.0,2026-09-09
4396,603868,飞科电器,31.01,-1.8,0.29,18.79,31.181173445535,0.1615888,67.86931075,-989.0,1959.0,68.8,2026-09-09
4397,603869,ST智知,8.76,-2.01,0.12,218.87,8.830846411568,0.060296,62.54392864,447.0,3670.0,65.6,2026-09-09
4398,603871,嘉友国际,14.23,0.57,0.68,13.31,14.247458802479,0.165872,75.74877811,-128.0,331.0,71.6,2026-09-09
4399,603876,鼎胜新材,20.06,1.31,1.23,19.42,19.94845253146,0.1959596,65.18453797,1124.0,2845.0,72.4,2026-09-09
4400,603877,太平鸟,12.72,-0.63,0.37,29.38,12.687323683755,0.0809928,61.89111491,-499.0,3865.0,64.4,2026-09-09
4401,603878,武进不锈,5.23,0.58,1.57,-29.86,5.189274056888,0.13955,65.57502202,-277.0,2709.0,64.4,2026-09-09
4402,603879,永悦科技,5.35,-2.19,1.43,-74.94,5.39306746207,0.0885636,61.02754179,-1403.0,4078.0,68.8,2026-09-09
4403,603880,南卫股份,9.77,-2.5,3.23,-79.36,9.914780825958,0.1995148,58.58573642,-1247.0,4607.0,70.4,2026-09-09
4404,603881,数据港,24.76,0.04,2.12,124.26,24.715836868443,0.2776116,68.2573991,1313.0,1851.0,86.0,2026-09-09
4405,603882,金域医学,26.64,0.49,1.14,32.44,26.595845394992,0.2190696,71.50577174,1216.0,992.0,80.0,2026-09-09
4406,603883,老百姓,13.51,-0.52,1.29,11.47,13.559250149342,0.1455156,73.09897744,144.0,675.0,84.0,2026-09-09
4407,603885,吉祥航空,10.15,-0.29,0.4,73.24,10.136577382061,0.2622616,70.29500795,1676.0,1272.0,70.4,2026-09-09
4408,603886,元祖股份,12.85,-1.53,1.16,-24.4,12.926190664699,0.1593232,58.30020966,209.0,4655.0,67.2,2026-09-09
4409,603887,城地香江,9.34,-2.71,4.17,-435.67,9.390672745518,0.1615748,55.34251536,-129.0,5038.0,82.4,2026-09-09
4410,603888,新华网,17.04,-3.84,5.25,43.44,16.967909524619,0.314452,72.2118438,-799.0,848.0,86.0,2026-09-09
4411,603889,新澳股份,6.25,0.0,0.59,9.12,6.229958152552,0.1307712,70.11891509,-230.0,1320.0,69.2,2026-09-09
4412,603890,春秋电子,18.03,-1.26,5.71,63.08,18.088181891039,0.2536772,61.0550103,-19.0,4071.0,87.2,2026-09-09
4413,603893,瑞芯微,187.36,-0.65,1.99,46.15,189.676885663361,0.3875884,73.5136999,886.0,607.0,84.0,2026-09-09
4414,603895,天永智能,27.31,-0.87,0.85,192.12,27.544470562629,0.079478,65.57126095,425.0,2712.0,67.6,2026-09-09
4415,603896,寿仙谷,15.11,-0.26,0.82,40.62,15.146898527509,0.0836832,60.31555674,36.0,4260.0,70.0,2026-09-09
4416,603897,长城科技,29.92,-2.7,4.56,21.79,30.168420386435,0.2048348,64.51646145,498.0,3084.0,81.6,2026-09-09
4417,603898,好莱客,11.6,-1.61,0.66,-50.71,11.673594920057,0.0747648,56.175847,64.0,4963.0,61.2,2026-09-09
4418,603899,晨光股份,23.65,0.34,0.58,18.49,23.749909367883,0.1686184,72.83680932,-39.0,730.0,77.6,2026-09-09
4419,603900,莱绅通灵,7.45,10.04,11.37,66.86,7.056213545916,0.3306648,76.98026961,3991.0,229.0,78.8,2026-09-09
4420,603901,永创智能,9.75,-0.91,1.18,19.18,9.749373725335,0.1480996,68.10752761,-631.0,1891.0,73.2,2026-09-09
4421,603903,中持股份,15.12,4.64,5.36,132.48,15.086019756525,0.3251756,68.20367083,1067.0,1868.0,66.0,2026-09-09
4422,603906,龙蟠科技,18.46,0.27,1.74,17.36,18.417345064914,0.2159684,64.5543891,45.0,3065.0,73.6,2026-09-09
4423,603908,牧高笛,19.71,-0.2,1.37,27.52,19.62735358565,0.0467864,59.26229784,-120.0,4479.0,66.4,2026-09-09
4424,603909,建发合诚,9.94,-0.8,0.77,24.89,9.975009285255,0.0363252,70.65877166,-238.0,1191.0,64.8,2026-09-09
4425,603912,佳力图,8.88,-1.55,3.44,-35.3,8.849325040345,0.2344064,61.77192284,5.0,3895.0,82.4,2026-09-09
4426,603915,国茂股份,13.25,-1.27,0.63,32.01,13.300698100473,0.150518,64.95443548,748.0,2908.0,66.4,2026-09-09
4427,603916,苏博特,10.96,-1.7,1.6,31.12,11.037951983013,0.1618836,63.65118385,298.0,3347.0,71.2,2026-09-09
4428,603917,合力科技,13.47,-1.97,1.41,-449.44,13.599597376002,0.1319272,58.76098263,-997.0,4572.0,69.6,2026-09-09
4429,603918,金桥信息,11.05,-2.21,2.09,-51.54,11.071883428091,0.1510736,59.63379584,-184.0,4398.0,77.6,2026-09-09
4430,603919,金徽酒,17.53,-2.29,0.91,20.77,17.629206338571,0.1084224,69.67939103,360.0,1439.0,75.2,2026-09-09
4431,603920,世运电路,40.35,2.33,4.67,172.9,40.411663779049,0.364204,72.30895194,205.0,835.0,84.0,2026-09-09
4432,603922,ST金鸿顺,14.0,-2.78,0.43,106.36,14.127191084463,0.19274,62.06183076,-1366.0,3807.0,63.2,2026-09-09
4433,603926,铁流股份,17.75,-2.37,3.0,30.0,17.852081972425,0.21568,73.56995512,570.0,595.0,76.0,2026-09-09
4434,603927,中科软,13.84,-1.14,0.58,63.65,13.878731682626,0.1166844,69.11825387,120.0,1603.0,76.8,2026-09-09
4435,603928,兴业股份,11.68,1.65,4.83,30.84,11.772182806682,0.218144,73.58583321,2802.0,590.0,66.0,2026-09-09
4436,603929,亚翔集成,159.65,0.8,2.28,34.73,161.979625068383,0.3485936,75.38144429,-149.0,366.0,75.6,2026-09-09
4437,603931,格林达,33.67,-0.36,1.64,55.13,34.07245601498,0.1131532,62.33211161,-250.0,3734.0,66.0,2026-09-09
4438,603933,睿能科技,19.12,-0.1,0.99,30.19,19.193015265326,0.0491548,61.84262324,277.0,3878.0,69.6,2026-09-09
4439,603936,博敏电子,18.16,3.48,9.6,-114.25,18.158464101246,0.3391972,65.40036328,2287.0,2764.0,88.0,2026-09-09
4440,603937,丽岛新材,12.04,1.52,1.71,35.43,11.965332701523,0.117196,62.67190607,961.0,3635.0,64.0,2026-09-09
4441,603938,三孚股份,47.11,6.03,14.55,75.66,47.824128061961,0.42279,78.90340546,332.0,130.0,92.4,2026-09-09
4442,603939,益丰药房,22.81,0.75,0.45,14.35,22.774728551239,0.152016,73.00135427,-24.0,693.0,74.8,2026-09-09
4443,603948,建业股份,19.94,-0.75,0.41,35.82,20.010125880414,0.0488204,63.76701203,183.0,3315.0,61.6,2026-09-09
4444,603949,雪龙集团,14.39,-1.44,0.83,31.5,14.432408146965,0.1210308,61.99581194,-822.0,3832.0,67.6,2026-09-09
4445,603950,长源东谷,61.28,-1.08,2.3,59.58,61.858854456696,0.4363924,70.07103186,-865.0,1332.0,73.2,2026-09-09
4446,603955,大千生态,22.4,0.9,1.64,-45.5,22.219420023325,0.2547052,64.82355016,-376.0,2967.0,70.8,2026-09-09
4447,603956,威派格,6.44,0.16,4.02,-14.1,6.483795010216,0.2396116,65.46249024,-785.0,2747.0,73.2,2026-09-09
4448,603958,哈森股份,17.35,-8.49,8.27,75.72,17.684657729611,0.1857684,57.81336199,-579.0,4730.0,80.0,2026-09-09
4449,603959,ST百利,4.43,1.84,1.43,-8.36,4.431937690513,0.2928208,59.04258935,645.0,4516.0,65.2,2026-09-09
4450,603960,克来机电,15.87,-1.12,1.38,-268.23,15.890248826064,0.1370508,59.78846261,638.0,4362.0,74.8,2026-09-09
4451,603966,法兰泰克,7.42,-0.54,0.76,15.77,7.424830338317,0.1429072,62.77561545,115.0,3602.0,66.0,2026-09-09
4452,603967,中创物流,11.79,0.08,0.77,11.75,11.795931374026,0.1282336,71.14083018,1668.0,1073.0,67.2,2026-09-09
4453,603968,醋化股份,11.17,0.45,1.57,-188.15,11.165162823791,0.0807568,62.15096149,-884.0,3782.0,65.6,2026-09-09
4454,603969,银龙股份,8.11,-0.37,0.72,14.67,8.098381293147,0.1968536,75.79199656,966.0,325.0,77.2,2026-09-09
4455,603970,中农立华,11.79,-0.92,2.24,12.77,11.877743165887,0.1827864,65.89909386,-1986.0,2617.0,73.2,2026-09-09
4456,603976,正川股份,34.26,-4.03,5.12,239.27,34.527930211853,0.228386,60.89629585,-388.0,4108.0,79.2,2026-09-09
4457,603977,国泰集团,12.07,0.67,1.37,38.26,12.030247411277,0.3468844,64.21516245,-1448.0,3180.0,68.0,2026-09-09
4458,603978,深圳新星,21.43,-0.79,6.4,113.01,21.338102706915,0.2216308,68.75445833,-821.0,1710.0,85.2,2026-09-09
4459,603979,金诚信,82.55,2.67,1.24,15.95,81.491671565049,0.3049324,83.80514881,3.0,16.0,78.8,2026-09-09
4460,603980,吉华集团,7.76,0.65,8.65,56.89,7.78182516031,0.3129532,72.98709865,197.0,697.0,81.2,2026-09-09
4461,603982,泉峰汽车,6.34,-0.78,1.0,-6.26,6.35978746697,0.0538024,58.93215167,-770.0,4542.0,69.2,2026-09-09
4462,603983,丸美生物,33.81,-1.43,1.02,43.6,33.980112743691,0.2267484,69.78390929,-458.0,1407.0,72.0,2026-09-09
4463,603985,恒润股份,17.19,-0.69,1.6,55.44,17.301419626176,0.2100876,65.27710956,-159.0,2809.0,72.0,2026-09-09
4464,603986,兆易创新,381.87,-1.06,3.41,19.6,384.916103778479,0.4609452,74.39058104,-387.0,484.0,85.2,2026-09-09
4465,603987,康德莱,7.66,-0.52,0.59,14.9,7.662787464564,0.102752,71.52897029,918.0,989.0,69.6,2026-09-09
4466,603988,中电电机,19.18,-0.36,1.26,479.76,19.223493674312,0.15833,55.04561731,-591.0,5062.0,72.0,2026-09-09
4467,603989,艾华集团,33.65,-1.87,9.86,39.53,33.50527182519,0.2705456,69.84378074,-1232.0,1386.0,90.0,2026-09-09
4468,603990,麦迪科技,20.54,0.64,3.25,472.61,20.49961986766,0.352638,69.74119725,-63.0,1420.0,70.8,2026-09-09
4469,603991,领先股份,180.4,1.68,5.09,76.45,179.065846171634,0.3575284,72.79422067,-411.0,743.0,76.8,2026-09-09
4470,603992,XD松霖科,20.01,-0.05,0.73,28.66,20.061871561719,0.1973728,65.41857383,95.0,2759.0,62.8,2026-09-09
4471,603993,XD洛阳钼,19.09,1.27,1.12,12.64,19.024049645722,0.4508628,78.42596683,-89.0,151.0,92.4,2026-09-09
4472,603995,甬金股份,24.43,0.53,0.91,12.33,24.44784550088,0.206114,69.85299911,-1122.0,1385.0,63.6,2026-09-09
4473,603997,继峰股份,12.3,0.08,1.74,21.43,12.28339011344,0.338252,68.13360042,-1526.0,1885.0,74.0,2026-09-09
4474,603998,方盛制药,10.84,-1.9,1.87,12.04,10.870098935291,0.2068112,68.49965903,562.0,1779.0,79.2,2026-09-09
4475,603999,读者传媒,6.72,-7.82,11.57,59.82,6.868770438111,0.3038424,67.21707758,-1640.0,2168.0,86.0,2026-09-09
4476,605001,威奥股份,6.3,-0.47,1.33,-30.69,6.336514013887,0.0892356,64.41760795,-584.0,3117.0,70.0,2026-09-09
4477,605003,众望布艺,24.0,-5.77,1.76,45.32,24.243698383607,0.0997388,71.1747625,-653.0,1064.0,67.2,2026-09-09
4478,605005,合兴股份,16.21,0.37,0.44,40.31,16.25630532972,0.191462,66.34527608,392.0,2452.0,65.6,2026-09-09
4479,605006,山东玻纤,16.34,5.9,11.5,182.7,15.908130328399,0.2412308,72.7734856,1736.0,751.0,89.2,2026-09-09
4480,605007,五洲特纸,14.91,0.88,0.87,15.43,14.861781035406,0.1031696,67.75114114,-457.0,1991.0,64.0,2026-09-09
4481,605008,长鸿高科,14.05,-0.57,0.62,-77.72,14.122001159713,0.2088756,61.07954284,-518.0,4063.0,70.4,2026-09-09
4482,605009,豪悦护理,25.4,1.11,0.79,17.74,25.311606692652,0.1440804,73.22161918,544.0,654.0,68.8,2026-09-09
4483,605011,杭州热电,17.54,2.93,2.25,36.68,17.492205862726,0.1746092,70.455172,3109.0,1238.0,74.4,2026-09-09
4484,605016,百龙创园,22.49,-0.66,1.37,22.42,22.45800844784,0.2423408,68.84337168,-1457.0,1682.0,72.4,2026-09-09
4485,605018,长华集团,11.62,-1.02,0.57,153.49,11.614332330995,0.205236,61.33710655,233.0,3998.0,62.8,2026-09-09
4486,605020,永和股份,32.59,-0.06,1.25,16.23,32.634512579417,0.259598,71.4218089,394.0,1013.0,70.0,2026-09-09
4487,605028,世茂能源,25.94,1.29,0.98,462.7,25.988574888464,0.1945244,69.54168568,-59.0,1479.0,68.4,2026-09-09
4488,605033,美邦股份,20.47,-1.21,2.97,27.1,20.57630998247,0.1962212,64.65773595,-1919.0,3031.0,76.0,2026-09-09
4489,605050,福然德,10.47,0.0,0.4,16.1,10.454836435563,0.1543068,65.19526267,512.0,2840.0,63.6,2026-09-09
4490,605055,迎丰股份,9.43,-2.58,0.66,-176.87,9.533321109093,0.1154984,60.1372391,139.0,4288.0,62.0,2026-09-09
4491,605056,咸亨国际,13.73,-0.79,0.94,44.37,13.817960597646,0.1174404,68.45066252,-513.0,1793.0,64.4,2026-09-09
4492,605058,澳弘电子,29.64,3.17,2.46,31.95,29.616967807408,0.1517504,68.02656745,1407.0,1914.0,64.0,2026-09-09
4493,605060,联德股份,40.49,1.2,1.11,34.98,40.66143382767,0.1145712,70.99648834,1400.0,1119.0,65.6,2026-09-09
4494,605066,天正电气,6.95,-0.14,1.11,51.55,6.961829793528,0.2552892,65.66530084,1723.0,2679.0,67.6,2026-09-09
4495,605068,明新旭腾,20.89,-4.26,5.82,-35.44,21.224850064666,0.1418416,58.60285779,-114.0,4599.0,74.8,2026-09-09
4496,605069,正和生态,10.5,-1.13,1.44,-16.01,10.534335458508,0.0946248,57.06320739,327.0,4851.0,62.8,2026-09-09
4497,605077,华康股份,13.78,9.98,11.35,49.7,13.466734677678,0.286694,76.12733703,83.0,294.0,79.2,2026-09-09
4498,605080,浙江自然,24.22,0.92,1.37,14.27,24.132510505837,0.2598016,73.55218994,-495.0,598.0,71.2,2026-09-09
4499,605086,龙高股份,24.36,-1.38,0.64,43.77,24.379519306541,0.1254276,65.89945568,-66.0,2616.0,64.4,2026-09-09
4500,605088,冠盛股份,21.44,-1.97,4.45,17.29,21.459347670651,0.1781008,72.35008158,75.0,828.0,79.6,2026-09-09
4501,605089,味知香,22.2,-0.49,1.49,37.2,22.147675973619,0.222412,70.60242297,791.0,1208.0,70.4,2026-09-09
4502,605090,九丰能源,33.63,0.6,1.02,12.5,33.508563206349,0.2895116,76.44965196,157.0,271.0,77.2,2026-09-09
4503,605098,行动教育,55.27,-0.05,0.67,19.19,55.363729641694,0.1473916,72.75887652,-653.0,753.0,67.2,2026-09-09
4504,605099,共创草坪,29.54,-2.09,0.36,15.7,29.640584498407,0.1330676,70.65777941,-609.0,1192.0,66.0,2026-09-09
4505,605100,华丰股份,32.22,-2.72,1.4,203.51,32.787241452315,0.2472864,61.53249926,-1355.0,3951.0,70.0,2026-09-09
4506,605108,同庆楼,13.38,-1.69,1.26,1245.47,13.358002102532,0.0967336,67.19269683,301.0,2178.0,69.6,2026-09-09
4507,605111,新洁能,53.95,-0.41,1.86,48.01,54.5110606982,0.215958,62.24337365,-928.0,3758.0,70.8,2026-09-09
4508,605116,奥锐特,19.54,-2.01,0.48,25.0,19.670265532089,0.1316748,65.97419724,-1576.0,2577.0,70.4,2026-09-09
4509,605117,德业股份,82.2,1.07,0.71,19.26,81.905927886333,0.2391792,73.69731117,226.0,576.0,80.8,2026-09-09
4510,605118,力鼎光电,33.9,-1.25,1.44,39.43,34.252099052587,0.1648336,70.14133032,41.0,1312.0,80.0,2026-09-09
4511,605122,四方新材,11.99,-0.99,1.05,141.11,11.996805306162,0.0992892,59.28644913,-1532.0,4471.0,67.2,2026-09-09
4512,605123,派克新材,82.3,2.49,1.42,25.07,81.910706847411,0.1982948,66.13707328,1151.0,2520.0,70.8,2026-09-09
4513,605128,上海沿浦,24.16,-2.78,1.6,40.88,24.445333623459,0.2813416,69.3491619,15.0,1530.0,67.2,2026-09-09
4514,605133,嵘泰股份,25.1,-1.41,1.18,40.77,25.402597851527,0.2959884,62.19951507,-1146.0,3770.0,66.0,2026-09-09
4515,605136,丽人丽妆,8.72,-1.69,2.01,77.52,8.718712685407,0.1013844,62.64894324,-431.0,3637.0,76.8,2026-09-09
4516,605138,盛泰集团,6.35,0.63,0.84,11.01,6.31605682919,0.1106208,65.75958026,-73.0,2649.0,68.0,2026-09-09
4517,605151,西上海,19.98,4.77,2.23,39.28,19.755721663224,0.105318,71.65091579,2160.0,951.0,61.6,2026-09-09
4518,605155,西大门,14.76,0.27,1.32,30.02,14.845073303322,0.1358676,72.45298715,-63.0,804.0,60.8,2026-09-09
4519,605158,华达新材,8.19,-0.61,0.65,69.23,8.18318421677,0.0553984,59.98660076,-1704.0,4323.0,66.4,2026-09-09
4520,605162,新中港,11.23,9.99,14.62,61.02,10.780731308654,0.3571384,75.52482379,2946.0,349.0,79.6,2026-09-09
4521,605166,聚合顺,8.76,0.11,0.98,21.88,8.774781595052,0.1801928,59.58542326,-925.0,4410.0,61.6,2026-09-09
4522,605167,利柏特,16.49,0.06,0.93,44.89,16.428675749511,0.198992,68.40465435,-956.0,1813.0,71.2,2026-09-09
4523,605168,三人行,49.64,-9.99,3.53,66.35,50.810778777631,0.4870852,73.15306632,-602.0,663.0,84.4,2026-09-09
4524,605169,洪通燃气,12.85,-1.38,1.15,18.37,12.899175538912,0.0658556,68.06921956,-688.0,1901.0,73.2,2026-09-09
4525,605177,东亚药业,22.78,3.26,11.76,-11.04,22.272449629861,0.2181308,70.51931779,249.0,1225.0,76.8,2026-09-09
4526,605178,时空科技,66.66,-1.57,2.9,-115.51,66.688461832858,0.2855952,57.78898481,-644.0,4736.0,63.6,2026-09-09
4527,605179,一鸣食品,26.45,-6.54,5.32,135.94,27.002225575061,0.198328,57.14783039,-1648.0,4840.0,84.0,2026-09-09
4528,605180,华生科技,13.35,0.0,0.84,-407.05,13.324827935655,0.0470132,66.21004251,887.0,2492.0,69.2,2026-09-09
4529,605183,确成股份,16.28,-1.93,0.75,19.11,16.291724236462,0.1667676,71.16359805,-854.0,1067.0,70.8,2026-09-09
4530,605186,健麾信息,25.27,-1.71,1.0,241.96,25.287406972477,0.1877468,63.1184156,798.0,3511.0,60.4,2026-09-09
4531,605188,国光连锁,15.36,3.3,6.64,179.93,15.166558183593,0.2028708,79.43356332,902.0,102.0,85.6,2026-09-09
4532,605189,富春染织,13.91,0.07,2.51,9.22,13.79675383131,0.164868,63.69823443,548.0,3334.0,64.4,2026-09-09
4533,605196,华通线缆,36.14,0.53,1.5,56.49,36.215258980033,0.3078788,77.0777676,-132.0,222.0,70.0,2026-09-09
4534,605198,安德利,77.0,10.0,1.46,102.41,76.506119489853,0.6273512,74.87831922,-197.0,430.0,68.8,2026-09-09
4535,605199,ST葫芦娃,5.99,-1.16,0.17,-10.57,5.999251360494,0.1267368,57.26345728,268.0,4822.0,70.4,2026-09-09
4536,605208,永茂泰,14.9,-0.07,1.56,30.55,14.861232755867,0.2308292,65.99552766,-497.0,2571.0,66.0,2026-09-09
4537,605218,伟时电子,14.31,-3.05,1.42,-33.6,14.46817208565,0.132704,62.77885461,553.0,3601.0,68.8,2026-09-09
4538,605222,起帆电缆,23.43,6.11,4.54,24.64,23.211183699819,0.2815848,77.90476541,757.0,179.0,70.4,2026-09-09
4539,605228,神通科技,10.55,-1.77,0.69,27.35,10.623174864387,0.2091284,65.85638254,-393.0,2628.0,66.0,2026-09-09
4540,605255,天普股份,64.86,0.29,0.47,-303.52,64.746475526691,0.2414264,61.10643571,900.0,4056.0,68.8,2026-09-09
4541,605258,协和电子,31.57,3.64,4.32,49.17,31.464479446428,0.1424808,73.52397244,1036.0,605.0,74.8,2026-09-09
4542,605259,绿田机械,18.08,0.22,0.4,17.62,18.039189409939,0.109062,65.73482815,-629.0,2655.0,62.8,2026-09-09
4543,605266,健之佳,16.21,-0.25,0.78,23.35,16.229386207298,0.052522,63.31518926,68.0,3456.0,66.4,2026-09-09
4544,605268,王力安防,9.85,0.51,0.62,31.34,9.82972841404,0.151054,65.88253588,403.0,2622.0,70.0,2026-09-09
4545,605277,新亚电子,17.36,5.92,9.73,26.18,17.617051994103,0.3336872,81.86234771,1001.0,34.0,83.2,2026-09-09
4546,605286,同力天启,25.61,-2.55,1.97,109.83,25.754976018823,0.1720736,60.59098817,-831.0,4193.0,76.0,2026-09-09
4547,605287,德才股份,38.0,1.55,2.16,60.15,37.395710524505,0.2671224,69.67784764,437.0,1440.0,64.4,2026-09-09
4548,605288,凯迪股份,65.29,-3.5,1.86,-133.27,66.445524432533,0.2770372,66.10936224,-1277.0,2533.0,74.8,2026-09-09
4549,605289,罗曼股份,100.13,1.51,1.87,106.15,100.636194589138,0.2959756,69.65584983,1037.0,1444.0,63.2,2026-09-09
4550,605296,神农集团,35.5,-1.11,0.59,-11.55,35.604673232993,0.1910224,64.3353795,-799.0,3152.0,76.4,2026-09-09
4551,605298,必得科技,45.57,-2.61,0.36,201.7,45.960179272799,0.2621908,62.33978732,-4.0,3730.0,61.6,2026-09-09
4552,605299,舒华体育,12.92,-4.79,5.53,56.73,13.018657845236,0.1194236,67.85001815,-1633.0,1964.0,83.2,2026-09-09
4553,605300,佳禾食品,10.73,-4.88,4.55,85.1,10.815547246827,0.1638108,64.86593724,-2460.0,2953.0,81.2,2026-09-09
4554,605303,园林股份,24.75,-1.79,1.59,-28.07,24.811713829124,0.1781412,59.24524177,-54.0,4485.0,68.8,2026-09-09
4555,605305,中际联合,31.89,0.03,1.05,12.86,31.818699231354,0.2624756,72.82605095,1396.0,733.0,64.4,2026-09-09
4556,605318,法狮龙,78.18,0.54,0.59,-373.64,78.585397337636,0.2377192,58.10099266,-55.0,4689.0,58.0,2026-09-09
4557,605319,无锡振华,26.35,3.41,1.21,22.47,26.118821775078,0.3451444,73.53316523,2234.0,604.0,63.6,2026-09-09
4558,605333,沪光股份,17.19,-3.05,0.59,74.39,17.376933435013,0.1069376,65.05868713,276.0,2873.0,74.4,2026-09-09
4559,605336,*ST帅电,11.33,-6.21,1.25,-104.49,11.490958434129,0.223034,58.58594867,135.0,4606.0,63.6,2026-09-09
4560,605337,李子园,9.64,-1.23,0.87,28.73,9.659767276813,0.0406784,62.38923899,224.0,3718.0,72.0,2026-09-09
4561,605338,巴比食品,19.01,-2.66,1.24,16.91,18.954729761624,0.1399472,67.60572713,-1065.0,2036.0,71.2,2026-09-09
4562,605339,南侨食品,13.7,-1.79,0.52,1120.46,13.793440367952,0.112402,59.43436716,139.0,4443.0,66.4,2026-09-09
4563,605358,立昂微,42.13,0.52,2.53,193.71,42.247073291808,0.293968,65.99092587,1750.0,2573.0,77.6,2026-09-09
4564,605365,立达信,14.71,-2.39,1.77,52.9,14.763157601635,0.1664976,69.00855508,613.0,1633.0,77.2,2026-09-09
4565,605366,宏柏新材,8.23,2.36,3.63,-104.32,8.304635728443,0.293496,65.97823447,1208.0,2576.0,65.2,2026-09-09
4566,605368,蓝天燃气,7.02,0.0,0.36,15.79,7.004799012694,0.153136,71.95413188,1357.0,888.0,68.4,2026-09-09
4567,605369,拱东医疗,16.63,-0.95,0.46,33.42,16.620078452673,0.0764288,61.46364385,230.0,3962.0,61.2,2026-09-09
4568,605376,博迁新材,133.44,-1.07,2.88,128.72,134.84971022144,0.2543972,64.60450819,-19.0,3050.0,74.8,2026-09-09
4569,605377,XD华旺科,8.07,0.62,0.98,17.11,8.025117798638,0.2176888,65.22447689,1575.0,2829.0,58.4,2026-09-09
4570,605378,野马电池,14.22,-0.91,0.43,-173.78,14.234564092926,0.088678,61.99435991,-836.0,3833.0,68.0,2026-09-09
4571,605388,均瑶健康,6.42,-1.53,2.03,428.43,6.453471473381,0.117232,60.59274688,33.0,4191.0,73.2,2026-09-09
4572,605389,长龄液压,67.35,1.77,0.44,87.53,67.403020414318,0.2078272,63.42499269,966.0,3426.0,61.2,2026-09-09
4573,605398,新炬网络,24.09,-5.08,8.05,-306.28,24.147488451535,0.180196,70.97364225,884.0,1125.0,85.2,2026-09-09
4574,605399,晨光新材,11.67,0.52,0.94,-46.75,11.701744130657,0.1796056,58.57125321,-347.0,4611.0,68.0,2026-09-09
4575,605488,福莱新材,30.09,0.4,2.38,86.84,30.147866355019,0.2058412,69.18832211,-966.0,1584.0,82.0,2026-09-09
4576,605499,东鹏饮料,117.25,-2.45,0.99,15.01,118.029424065542,0.2857704,71.86309092,-71.0,904.0,82.8,2026-09-09
4577,605500,森林包装,7.57,0.0,0.61,191.44,7.532208382917,0.0992764,61.3445021,-706.0,3992.0,64.4,2026-09-09
4578,605507,国邦医药,15.69,1.16,0.39,17.98,15.667666961556,0.1709624,70.03257266,1175.0,1340.0,65.6,2026-09-09
4579,605555,德昌股份,12.4,-2.52,0.65,89.35,12.499529159303,0.1238464,62.92493544,155.0,3561.0,67.2,2026-09-09
4580,605566,福莱蒽特,27.45,-1.82,2.12,45.63,27.554135975417,0.1533036,58.96576144,-34.0,4532.0,68.0,2026-09-09
4581,605567,春雪食品,10.2,3.76,7.45,49.85,10.116702390254,0.2184532,70.61026304,2414.0,1204.0,69.6,2026-09-09
4582,605577,龙版传媒,,,0.0,52.73,18.665083494146,0.1320392,66.90944888,-1254.0,2276.0,91.2,2026-09-09
4583,605580,恒盛能源,24.0,-4.19,11.31,35.66,24.268777349814,0.2353,78.27877698,-101.0,160.0,86.0,2026-09-09
4584,605588,冠石科技,45.42,0.15,1.31,-36.17,45.810263729834,0.1093876,57.10840427,-558.0,4845.0,66.8,2026-09-09
4585,605589,圣泉集团,38.54,0.18,1.95,36.45,38.742156081455,0.3016236,73.72592962,822.0,571.0,71.6,2026-09-09
4586,605598,上海港湾,25.72,0.12,0.96,-101.57,25.799851365365,0.0845352,63.71932105,1255.0,3328.0,67.6,2026-09-09
4587,605599,菜百股份,14.83,-1.13,0.83,13.2,14.78061943599,0.132432,69.70426198,-218.0,1429.0,68.4,2026-09-09
4588,688001,华兴源创,66.31,8.6,4.04,164.77,65.301196241801,0.4227684,74.79312282,-105.0,441.0,76.4,2026-09-09
4589,688002,睿创微纳,182.02,1.86,2.24,33.64,183.892826786219,0.453048,79.89235546,-53.0,89.0,80.0,2026-09-09
4590,688003,天准科技,80.04,-0.46,1.6,79.15,81.338259226234,0.271124,67.6252183,-403.0,2030.0,72.0,2026-09-09
4591,688004,博汇科技,20.72,-3.72,2.38,-40.01,21.014004929888,0.1694264,59.37967129,-123.0,4455.0,61.2,2026-09-09
4592,688005,容百科技,24.33,-0.08,1.0,79.46,24.308442988773,0.3306828,57.16003906,48.0,4837.0,72.0,2026-09-09
4593,688006,杭可科技,20.54,0.05,1.0,40.15,20.609456587537,0.3020692,66.44814321,-124.0,2424.0,65.2,2026-09-09
4594,688007,光峰科技,10.52,-2.77,0.92,-26.18,10.621531696022,0.2062292,54.40109749,-50.0,5104.0,64.4,2026-09-09
4595,688008,澜起科技,195.3,-0.18,1.64,59.67,196.425753639712,0.4840432,71.9880959,-68.0,881.0,84.8,2026-09-09
4596,688009,中国通号,4.88,-0.81,0.28,17.54,4.894380570798,0.3372992,71.85601886,269.0,905.0,68.8,2026-09-09
4597,688010,福光股份,26.22,-1.91,1.99,-162.5,26.843261050005,0.1841096,63.87548949,1270.0,3283.0,61.2,2026-09-09
4598,688011,新光光电,79.99,0.11,1.54,-117.47,80.250781770268,0.4099496,63.3683767,275.0,3437.0,62.8,2026-09-09
4599,688012,中微公司,333.0,-0.9,1.07,56.45,334.954781599833,0.4747076,72.38215933,-11.0,819.0,86.8,2026-09-09
4600,688013,天臣医疗,23.85,-1.85,0.84,70.43,23.996694340951,0.074014,62.16969799,1044.0,3777.0,60.4,2026-09-09
4601,688015,交控科技,16.71,-1.59,0.49,29.15,16.863918313588,0.0992908,67.76037551,70.0,1989.0,62.8,2026-09-09
4602,688016,心脉医疗,85.87,-1.28,0.82,16.42,86.090211422569,0.286462,68.06636797,-664.0,1903.0,68.0,2026-09-09
4603,688017,绿的谐波,290.5,-0.7,2.03,379.82,290.695285331706,0.3624484,63.94780758,208.0,3260.0,78.8,2026-09-09
4604,688018,乐鑫科技,108.38,-2.47,1.24,38.0,109.683638472284,0.337748,75.69188014,225.0,337.0,74.0,2026-09-09
4605,688019,安集科技,226.68,-1.01,1.4,48.67,227.16459686554,0.324914,71.57475152,-794.0,974.0,77.2,2026-09-09
4606,688020,方邦股份,142.05,0.49,5.83,-177.35,143.520299595255,0.4609376,64.47941591,1123.0,3093.0,66.8,2026-09-09
4607,688021,奥福科技,19.92,-1.82,1.58,42.02,19.980023931231,0.048962,63.59897739,328.0,3369.0,60.0,2026-09-09
4608,688022,ST瀚川,9.24,-1.91,0.89,152.62,9.337600658614,0.2803076,60.77837611,258.0,4142.0,62.8,2026-09-09
4609,688023,安恒信息,41.51,-1.17,1.67,-12.03,41.511180602703,0.2929276,64.84441368,284.0,2961.0,69.6,2026-09-09
4610,688025,杰普特,395.85,0.71,2.67,96.27,403.460548093282,0.4734824,76.574429,275.0,256.0,72.4,2026-09-09
4611,688026,洁特生物,22.03,-0.77,5.84,74.27,22.216734123853,0.208772,60.90088124,-1708.0,4106.0,69.6,2026-09-09
4612,688027,国盾量子,356.8,-0.93,1.16,-791.81,359.661242918909,0.2909144,59.67791824,154.0,4389.0,76.0,2026-09-09
4613,688028,沃尔德,124.35,10.15,9.37,160.6,121.187420030046,0.5210952,81.27473009,77.0,49.0,77.6,2026-09-09
4614,688029,南微医学,76.7,-0.72,0.49,23.74,77.155994672675,0.218682,69.79876395,-761.0,1397.0,68.0,2026-09-09
4615,688030,山石网科,16.25,-2.29,1.57,-69.34,16.421317815742,0.1692384,62.55624789,-579.0,3665.0,61.2,2026-09-09
4616,688031,星环科技-U,105.05,-3.67,4.88,-56.39,106.174070649497,0.296404,62.88372679,259.0,3575.0,68.4,2026-09-09
4617,688032,禾迈股份,71.22,-0.61,0.66,-26.94,71.333074113207,0.2499444,61.67015875,1070.0,3917.0,66.8,2026-09-09
4618,688033,*ST天宜,7.36,12.2,3.01,-12.73,7.172793946065,0.3377668,65.04535021,2119.0,2878.0,62.8,2026-09-09
4619,688035,德邦科技,71.9,2.98,5.92,75.14,72.520256580116,0.362848,73.57784552,554.0,593.0,71.6,2026-09-09
4620,688036,传音控股,52.9,-2.52,0.88,17.17,53.378860971598,0.2667308,67.29697978,-59.0,2147.0,76.8,2026-09-09
4621,688037,芯源微,327.47,-0.96,1.27,4097.69,331.551942374388,0.379342,60.754233,-213.0,4146.0,75.6,2026-09-09
4622,688038,中科通达,18.9,-0.42,1.53,557.95,18.848011794985,0.1239888,61.27297022,-1291.0,4010.0,61.6,2026-09-09
4623,688039,当虹科技,35.54,-5.43,7.64,-61.31,35.635264950748,0.2892692,60.12007767,-1878.0,4292.0,76.0,2026-09-09
4624,688041,海光信息,235.8,-0.46,0.72,152.37,238.924575090284,0.4532568,71.7055829,254.0,938.0,82.0,2026-09-09
4625,688045,必易微,55.03,0.92,2.29,51.65,55.574237752321,0.1501564,61.20957357,354.0,4033.0,61.2,2026-09-09
4626,688046,药康生物,31.62,-2.65,2.35,58.52,31.673752342948,0.2375116,71.20979251,-727.0,1054.0,66.8,2026-09-09
4627,688047,龙芯中科,101.0,-1.35,0.83,-90.44,101.699008785471,0.3102956,57.46745222,150.0,4789.0,73.2,2026-09-09
4628,688048,长光华芯,310.7,-1.52,6.53,902.67,317.0933377876,0.4888232,64.47482682,-2342.0,3096.0,81.6,2026-09-09
4629,688049,炬芯科技,40.52,0.05,3.07,32.78,40.942927236692,0.3839804,74.10006586,1426.0,524.0,68.8,2026-09-09
4630,688050,爱博医疗,39.28,-2.41,0.95,20.81,39.623077368083,0.1731568,64.89580223,-128.0,2939.0,68.0,2026-09-09
4631,688051,佳华科技,25.08,-2.79,1.8,-16.91,25.262709639608,0.0614696,64.19425954,866.0,3187.0,62.0,2026-09-09
4632,688052,纳芯微,234.01,-2.1,1.6,283.04,240.585252677249,0.3180104,70.66463446,269.0,1188.0,68.8,2026-09-09
4633,688053,ST思科瑞,38.36,-1.69,0.56,180.06,38.595149491401,0.2568056,65.5789249,672.0,2706.0,60.8,2026-09-09
4634,688055,龙腾光电,3.69,-1.07,0.18,-32.71,3.699789608606,0.1645124,57.30238099,-635.0,4816.0,59.6,2026-09-09
4635,688056,莱伯泰科,40.76,-0.42,0.91,102.79,41.150157631824,0.1300576,64.32936651,395.0,3155.0,57.2,2026-09-09
4636,688057,金达莱,18.18,-0.76,2.13,410.44,18.635323258433,0.2947712,66.71614014,314.0,2348.0,58.4,2026-09-09
4637,688058,宝兰德,24.65,-1.44,1.18,-15.91,24.801377794396,0.1042056,60.76524234,-849.0,4143.0,64.0,2026-09-09
4638,688059,华锐精密,86.2,-2.12,2.49,25.37,87.76334221906,0.3384204,71.92855376,-496.0,894.0,64.8,2026-09-09
4639,688060,云涌科技,37.18,0.87,1.27,-58.43,38.088340979462,0.13167,64.0573878,1180.0,3234.0,61.2,2026-09-09
4640,688061,灿瑞科技,45.8,-4.1,2.65,-109.35,46.431998958551,0.2462092,63.34036369,204.0,3445.0,65.6,2026-09-09
4641,688062,迈威生物-U,26.02,-2.11,2.27,-11.14,26.143484879824,0.227652,58.57336656,-1342.0,4610.0,65.2,2026-09-09
4642,688063,派能科技,41.39,-0.34,1.39,64.04,41.461213398951,0.254154,63.90532458,384.0,3270.0,70.0,2026-09-09
4643,688065,凯赛生物,40.1,-1.09,0.58,38.8,40.329120267395,0.25116,65.52863673,-1130.0,2722.0,66.0,2026-09-09
4644,688066,*ST航图,9.03,8.01,5.51,-3.39,8.620161036449,0.3341656,64.9502439,1367.0,2911.0,66.4,2026-09-09
4645,688067,爱威科技,23.19,-1.95,1.49,44.59,23.232817365878,0.0830336,62.29493821,-588.0,3745.0,60.8,2026-09-09
4646,688068,热景生物,90.7,-2.14,1.72,-33.35,91.06857270215,0.2448616,53.779935,-78.0,5127.0,65.6,2026-09-09
4647,688069,德林海,38.53,2.75,2.22,-531.42,39.15567881391,0.4047492,73.24007529,1728.0,650.0,59.2,2026-09-09
4648,688070,纵横股份,34.7,-1.84,1.65,-60.71,35.083434157692,0.201074,61.41177911,-560.0,3977.0,65.6,2026-09-09
4649,688071,华依科技,32.07,-1.84,2.32,184.92,32.193378526788,0.214046,55.86896643,33.0,4997.0,60.0,2026-09-09
4650,688072,拓荆科技,631.18,-0.13,0.96,68.67,633.356036156895,0.441237333333,70.18797151,385.0,1297.0,80.4,2026-09-09
4651,688073,毕得医药,63.71,-0.76,5.58,28.02,63.349715477895,0.3034632,74.58867688,-434.0,461.0,70.0,2026-09-09
4652,688075,安旭生物,29.57,-1.76,0.35,-176.57,29.63727900802,0.2471524,60.98050289,147.0,4088.0,62.4,2026-09-09
4653,688076,ST诺泰,28.76,-1.0,0.4,21.18,28.769143813095,0.2880344,67.06854089,207.0,2222.0,66.0,2026-09-09
4654,688077,大地熊,27.33,-1.12,1.1,45.36,27.411865660848,0.1502152,62.28928216,310.0,3748.0,64.4,2026-09-09
4655,688078,龙软科技,28.35,5.08,3.23,-69.44,27.600531886416,0.20739,67.93067009,1949.0,1937.0,63.6,2026-09-09
4656,688079,美迪凯,15.11,-0.46,1.88,-34.87,15.341464792988,0.1945484,57.64587709,-34.0,4763.0,59.6,2026-09-09
4657,688080,映翰通,37.66,0.19,0.87,37.26,37.677236928939,0.146502,69.15781373,-1073.0,1592.0,60.8,2026-09-09
4658,688081,兴图新科,26.24,-1.24,0.93,-42.74,26.386897806794,0.059834,55.47379958,-30.0,5026.0,58.8,2026-09-09
4659,688082,盛美上海,276.53,-1.53,0.57,67.47,278.84711518585,0.2944832,68.38023803,-59.0,1821.0,76.0,2026-09-09
4660,688083,中望软件,49.92,-3.39,1.33,-245.43,50.364099090501,0.3043872,65.27315878,-1073.0,2810.0,65.6,2026-09-09
4661,688084,晶品特装,46.62,2.91,2.85,-104.06,46.882134809221,0.2203164,68.34931306,2697.0,1832.0,64.0,2026-09-09
4662,688085,三友医疗,13.08,-1.88,0.65,86.44,13.094740557458,0.1571504,62.34911886,-286.0,3727.0,64.8,2026-09-09
4663,688087,英科再生,36.84,-0.43,0.78,23.16,36.636519085039,0.1482128,69.69875347,1224.0,1432.0,60.8,2026-09-09
4664,688088,虹软科技,29.81,-2.23,1.07,77.52,29.939596961218,0.257634,66.78617454,-1017.0,2322.0,70.0,2026-09-09
4665,688089,ST嘉必优,8.93,1.13,1.03,-7.39,8.96394864794,0.144770784314,60.79751807,-384.0,4136.0,62.4,2026-09-09
4666,688090,瑞松科技,71.38,-4.3,5.35,135.38,73.524164229977,0.4130224,69.51593687,386.0,1486.0,63.2,2026-09-09
4667,688091,上海谊众,39.15,-1.88,0.8,95.65,39.177197897562,0.2672692,63.48023064,-1050.0,3408.0,63.6,2026-09-09
4668,688092,爱科科技,22.41,-1.36,0.62,126.9,22.578868658581,0.1761484,69.630843,328.0,1449.0,59.6,2026-09-09
4669,688093,世华科技,21.84,0.78,0.49,25.02,21.722190908244,0.2290416,64.86116161,369.0,2955.0,59.2,2026-09-09
4670,688095,福昕软件,60.29,-2.41,2.43,197.3,60.506817998608,0.275564,71.44170239,322.0,1011.0,65.6,2026-09-09
4671,688096,京源环保,8.08,-0.86,1.9,541.54,8.120908195622,0.1314512,48.78745806,4.0,5189.0,59.6,2026-09-09
4672,688097,博众精工,46.25,-1.34,1.24,40.21,46.962987291492,0.2622028,71.09846214,110.0,1084.0,67.2,2026-09-09
4673,688098,申联生物,8.2,-0.73,0.36,-87.94,8.210939872813,0.1943136,62.57069496,965.0,3664.0,61.2,2026-09-09
4674,688099,晶晨股份,87.77,-0.33,1.14,30.42,87.95359946807,0.3383428,67.86801299,165.0,1960.0,71.2,2026-09-09
4675,688100,威胜信息,25.46,-0.51,0.38,30.93,25.626702586879,0.1723752,66.02194663,-634.0,2559.0,64.0,2026-09-09
4676,688101,三达膜,14.93,-0.2,0.48,13.49,14.892755094642,0.2381556,71.22991925,967.0,1047.0,60.8,2026-09-09
4677,688102,斯瑞新材,31.44,-0.19,1.08,127.82,31.601753824412,0.2708156,63.9602615,-79.0,3254.0,70.8,2026-09-09
4678,688103,国力电子,71.24,1.64,1.85,107.76,71.630418188905,0.2881932,65.79826975,-454.0,2640.0,57.2,2026-09-09
4679,688105,诺唯赞,20.41,-0.97,1.52,481.26,20.525813935575,0.2943808,65.7321633,-857.0,2657.0,69.2,2026-09-09
4680,688106,金宏气体,25.68,-1.31,3.79,101.43,26.05859139735,0.3543312,67.25670105,-240.0,2155.0,70.0,2026-09-09
4681,688107,安路科技,29.28,0.45,1.56,-78.81,29.5689057212,0.1923584,55.89893149,37.0,4992.0,62.4,2026-09-09
4682,688108,赛诺医疗,16.07,-0.56,1.2,66.73,16.093771338508,0.272724,69.71731699,1417.0,1424.0,64.4,2026-09-09
4683,688109,品茗科技,71.45,-0.9,0.69,1549.69,71.393452759879,0.2732976,65.34956314,-30.0,2784.0,60.4,2026-09-09
4684,688110,东芯股份,114.88,-1.07,3.23,38.54,117.306978907483,0.4343048,74.3153633,1140.0,497.0,79.2,2026-09-09
4685,688111,金山办公,231.69,-1.52,1.0,21.35,231.307151251968,0.436,75.16356337,-12.0,393.0,80.8,2026-09-09
4686,688112,鼎阳科技,71.13,1.88,2.91,61.84,72.222409024182,0.2855336,79.87824904,20.0,90.0,69.6,2026-09-09
4687,688113,联测科技,34.68,-1.73,1.16,19.36,34.767074489786,0.0966916,65.02565786,101.0,2887.0,61.2,2026-09-09
4688,688114,华大智造,57.49,-2.81,1.76,-76.02,58.320189930199,0.321678,68.62467074,-837.0,1747.0,71.2,2026-09-09
4689,688115,思林杰,58.8,-6.67,2.29,296.35,60.393303405882,0.2792816,69.21588071,132.0,1574.0,62.4,2026-09-09
4690,688116,天奈科技,33.73,-1.49,1.28,45.89,33.910126905084,0.225978,60.09826922,-30.0,4298.0,69.6,2026-09-09
4691,688117,圣诺生物,23.29,-1.9,1.85,18.98,23.35499385483,0.2800096,66.87874511,-1359.0,2282.0,65.2,2026-09-09
4692,688118,普元信息,20.0,-2.34,2.19,-20.72,20.117844437986,0.1794852,62.53218411,585.0,3674.0,65.2,2026-09-09
4693,688119,中钢洛耐,3.96,-0.5,0.69,-26.01,3.971842175508,0.2599272,61.7709401,724.0,3896.0,60.4,2026-09-09
4694,688120,华海清科,240.3,-0.7,0.99,105.87,241.754404884872,0.31807,66.54441891,176.0,2395.0,74.8,2026-09-09
4695,688121,*ST卓然,1.65,-4.07,2.21,-1.95,1.690478098633,0.067829892473,43.66071742,0.0,5195.0,59.2,2026-09-09
4696,688122,西部超导,50.73,3.53,2.08,47.72,50.04372771491,0.379196,71.29669243,1883.0,1037.0,76.8,2026-09-09
4697,688123,聚辰股份,134.6,-3.32,3.66,20.37,137.407063590672,0.3324352,70.53164954,-139.0,1222.0,72.8,2026-09-09
4698,688125,安达智能,120.14,0.38,0.87,-274.81,121.561034511707,0.1803444,64.52527315,989.0,3078.0,59.2,2026-09-09
4699,688126,沪硅产业,22.58,-1.05,1.14,-38.66,22.792742333078,0.3131148,56.3951748,-13.0,4936.0,71.6,2026-09-09
4700,688127,蓝特光学,71.11,6.28,2.97,53.04,69.816603345746,0.3492352,77.37982467,252.0,201.0,67.2,2026-09-09
4701,688128,XD中国电,21.95,0.27,0.28,16.83,21.934744011119,0.1603708,69.94679769,1730.0,1363.0,63.6,2026-09-09
4702,688129,东来技术,21.84,-0.18,0.64,28.71,21.847292253672,0.0701208,62.51829019,-980.0,3681.0,59.6,2026-09-09
4703,688130,晶华微,22.46,-1.23,2.79,-672.29,22.625189746988,0.1341972,58.76953098,-587.0,4569.0,64.8,2026-09-09
4704,688131,皓元医药,93.74,-0.98,1.49,58.38,93.764459209685,0.2979516,71.82254069,-840.0,913.0,71.6,2026-09-09
4705,688132,邦彦技术,15.97,-2.44,1.34,-11.67,16.180960629504,0.1062296,59.95861033,-455.0,4332.0,64.8,2026-09-09
4706,688133,泰坦科技,21.1,1.59,2.24,-40.64,20.977523563913,0.2230612,59.55843758,686.0,4414.0,60.8,2026-09-09
4707,688135,利扬芯片,34.55,7.47,10.46,261.91,33.662363762589,0.3723776,74.08086475,288.0,530.0,72.8,2026-09-09
4708,688136,科兴制药,20.72,-4.12,2.77,15.62,20.911883908091,0.2548476,64.78367998,-1645.0,2986.0,68.4,2026-09-09
4709,688137,近岸蛋白,71.65,0.9,12.76,-85.77,71.218856130786,0.3303608,63.2270603,210.0,3476.0,75.2,2026-09-09
4710,688138,清溢光电,34.7,3.58,2.66,46.31,34.429588201186,0.2929408,64.81200898,910.0,2973.0,64.8,2026-09-09
4711,688139,海尔生物,32.18,-0.06,0.85,34.54,32.278507259425,0.2771736,74.41928875,-98.0,481.0,67.6,2026-09-09
4712,688141,杰华特,118.4,3.09,2.01,-51.27,117.147311258716,0.4049408,63.2541844,1518.0,3472.0,64.0,2026-09-09
4713,688143,长盈通,174.2,3.69,12.34,747.09,173.246793877682,0.4872404,62.33761766,270.0,3731.0,77.2,2026-09-09
4714,688146,中船特气,225.7,-1.16,6.64,171.73,228.613985858276,0.3914536,62.45449752,-376.0,3703.0,74.8,2026-09-09
4715,688147,微导纳米,103.22,0.16,1.36,233.98,104.866768002099,0.2816496,60.96761879,-1019.0,4092.0,66.4,2026-09-09
4716,688148,芳源股份,6.05,-0.82,2.5,34.21,6.06286017127,0.1964932,65.96605378,-84.0,2580.0,61.6,2026-09-09
4717,688150,莱特光电,39.07,0.9,1.26,71.45,39.282223436395,0.2478616,72.22224698,154.0,846.0,62.0,2026-09-09
4718,688151,华强科技,16.96,3.04,1.76,306.61,16.887313558341,0.2166372,72.61930801,2496.0,774.0,67.2,2026-09-09
4719,688152,麒麟信安,34.99,-5.56,5.56,-734.4,35.398422881798,0.2488852,60.21672535,-2666.0,4279.0,69.6,2026-09-09
4720,688153,唯捷创芯,24.84,-0.8,0.6,-55.95,25.070917218105,0.2047232,63.93424049,127.0,3266.0,63.6,2026-09-09
4721,688155,先惠技术,49.29,-0.8,1.26,14.86,49.4318739505,0.2558996,63.6007556,267.0,3368.0,64.4,2026-09-09
4722,688156,路德科技,24.35,-2.6,6.37,137.37,24.611497238939,0.2935536,65.85902996,-1315.0,2626.0,66.4,2026-09-09
4723,688157,松井股份,18.77,-6.38,1.74,-352.1,19.260123305624,0.1722708,56.15228036,-515.0,4968.0,62.8,2026-09-09
4724,688158,优刻得-W,29.59,0.44,2.34,843.87,29.637677365442,0.2583724,59.49026058,143.0,4430.0,71.2,2026-09-09
4725,688159,有方科技,33.75,-0.38,2.89,21.0,34.305472712971,0.1837728,66.31827809,1547.0,2457.0,63.2,2026-09-09
4726,688160,步科股份,96.78,-1.51,0.84,121.48,97.557152403831,0.2492988,64.48464497,517.0,3090.0,65.2,2026-09-09
4727,688161,威高骨科,22.32,-0.4,0.34,33.76,22.199550783604,0.232782,71.4733794,1815.0,1005.0,64.0,2026-09-09
4728,688162,巨一科技,23.91,-0.58,0.42,37.34,24.009528213806,0.0862104,64.65555467,-861.0,3033.0,61.6,2026-09-09
4729,688163,赛伦生物,35.42,1.99,0.97,53.76,35.334110935148,0.2435664,67.74704217,2271.0,1995.0,58.0,2026-09-09
4730,688165,埃夫特-U,15.59,1.04,1.08,-71.45,15.418863733085,0.2179272,59.11079728,649.0,4504.0,65.2,2026-09-09
4731,688166,博瑞医药,36.76,-3.03,2.44,135.92,37.596118218494,0.3076072,66.47343618,-1676.0,2409.0,73.6,2026-09-09
4732,688167,炬光科技,302.55,0.14,7.12,-292.83,310.373054003339,0.5411392,71.34877808,2398.0,1025.0,82.0,2026-09-09
4733,688168,安博通,36.3,0.17,4.04,-86.08,36.951054722245,0.2864032,64.95349617,1628.0,2910.0,62.0,2026-09-09
4734,688169,石头科技,126.79,-0.09,1.77,16.68,125.639961872113,0.322582,80.28916928,521.0,74.0,78.4,2026-09-09
4735,688170,德龙激光,66.78,2.74,11.16,-90.4,67.788246739076,0.4227852,73.01958903,2349.0,687.0,72.0,2026-09-09
4736,688171,纬德信息,24.14,-0.66,0.78,-181.25,24.213509261211,0.1294232,57.42883469,20.0,4798.0,58.4,2026-09-09
4737,688172,燕东微,44.57,-1.35,0.77,-73.21,45.097367336076,0.2402072,56.07954601,168.0,4973.0,61.2,2026-09-09
4738,688173,希荻微,12.54,-1.18,1.42,-85.72,12.585047658995,0.261832,64.15921677,669.0,3200.0,60.4,2026-09-09
4739,688175,高凌信息,17.83,-0.89,0.83,684.87,17.953367051806,0.133842,55.70746373,-74.0,5010.0,59.2,2026-09-09
4740,688176,亚虹医药-U,13.08,-3.82,2.32,-15.68,13.203603130645,0.2344716,61.47976001,-912.0,3958.0,64.8,2026-09-09
4741,688177,百奥泰,17.07,-1.95,0.45,-14.03,17.170202831408,0.07635,58.95310938,-939.0,4537.0,63.2,2026-09-09
4742,688178,万德斯,28.43,-0.66,0.68,744.65,28.579498877434,0.1607976,55.94863988,-424.0,4984.0,59.2,2026-09-09
4743,688179,阿拉丁,19.58,0.88,1.93,52.3,19.519962081397,0.253668,71.91617638,0.0,895.0,62.0,2026-09-09
4744,688180,君实生物-U,32.34,-2.0,1.06,766.36,32.432827022684,0.2564704,58.8387784,-1537.0,4553.0,72.4,2026-09-09
4745,688181,八亿时空,40.39,7.02,9.35,61.48,40.124951420699,0.383728,71.09194821,1526.0,1088.0,62.0,2026-09-09
4746,688182,灿勤科技,27.52,0.62,1.11,97.89,27.719013935575,0.1883816,67.1439029,36.0,2197.0,63.2,2026-09-09
4747,688183,生益电子,128.53,1.56,1.99,48.46,128.914126563192,0.4810688,80.44102853,497.0,71.0,82.4,2026-09-09
4748,688184,ST帕瓦,11.0,-0.45,0.31,19.13,10.988198901285,0.115652,53.03006526,8.0,5152.0,59.6,2026-09-09
4749,688185,康希诺,68.82,-3.75,6.08,-11792.91,68.870065623789,0.3793184,69.14880636,-871.0,1594.0,79.2,2026-09-09
4750,688186,广大特材,13.93,-2.18,0.8,158.27,14.015435346203,0.1585316,59.86633338,-1078.0,4347.0,64.0,2026-09-09
4751,688187,时代电气,46.1,-0.45,0.25,17.91,46.235113235262,0.2742836,67.88346454,359.0,1955.0,67.6,2026-09-09
4752,688188,柏楚电子,96.18,-1.43,0.4,24.78,96.694906315484,0.2094396,68.05836236,88.0,1905.0,68.4,2026-09-09
4753,688189,ST南新,6.63,-2.93,1.3,-24.34,6.703725455068,0.292226,57.19021416,-170.0,4831.0,60.8,2026-09-09
4754,688190,云路股份,72.61,-0.52,0.7,34.65,73.136663706069,0.2698576,70.91417821,226.0,1141.0,64.0,2026-09-09
4755,688191,智洋创新,19.64,-0.25,1.04,-70.14,19.803089961021,0.1887036,56.40379074,-81.0,4934.0,62.4,2026-09-09
4756,688192,迪哲医药-U,54.9,-2.73,0.96,-60.7,55.411555983892,0.2861592,55.97992668,-95.0,4981.0,65.2,2026-09-09
4757,688193,仁度生物,47.47,0.98,1.01,99.32,47.456235490454,0.1362384,61.39288354,886.0,3980.0,59.6,2026-09-09
4758,688195,腾景科技,203.12,0.31,7.65,367.23,207.168456759423,0.4883196,79.90118117,-12.0,88.0,82.8,2026-09-09
4759,688196,卓越新能,38.22,-2.92,2.67,151.15,39.111149891173,0.1764376,65.45071775,-1926.0,2751.0,69.2,2026-09-09
4760,688197,首药控股-U,32.08,-2.85,2.4,-39.07,32.410302365113,0.1625928,59.06540582,-162.0,4512.0,59.6,2026-09-09
4761,688198,佰仁医疗,69.9,-0.51,0.25,109.7,69.890395485413,0.2589592,62.90816743,-285.0,3567.0,60.4,2026-09-09
4762,688199,久日新材,23.37,1.26,2.64,43.39,23.558989778568,0.3071272,66.14850408,681.0,2516.0,61.2,2026-09-09
4763,688200,华峰测控,353.99,-1.69,1.96,85.39,357.779948925164,0.2943988,66.96127598,-201.0,2258.0,70.4,2026-09-09
4764,688201,ST信安,7.43,-1.72,0.4,-57.31,7.475088654778,0.1472336,66.08843222,631.0,2538.0,61.6,2026-09-09
4765,688202,美迪西,96.7,3.2,6.72,125.88,95.94546290756,0.2837668,69.97334463,-281.0,1357.0,74.4,2026-09-09
4766,688203,海正生材,14.94,-3.98,4.05,72.36,15.145147564741,0.2165784,64.66628963,-1489.0,3028.0,68.8,2026-09-09
4767,688205,德科立,223.3,5.33,12.15,180.95,224.486567717992,0.5303196,78.75709241,592.0,137.0,82.4,2026-09-09
4768,688206,概伦电子,38.8,-2.32,1.67,-1530.41,39.46070334002,0.309116,60.05198757,-368.0,4307.0,67.6,2026-09-09
4769,688207,格灵深瞳,19.05,-1.7,6.2,-25.96,19.201505936379,0.3099812,63.4007985,-625.0,3433.0,63.6,2026-09-09
4770,688208,道通科技,25.27,-1.71,1.01,19.52,25.389627441034,0.3476324,68.64402538,761.0,1742.0,69.6,2026-09-09
4771,688209,英集芯,33.92,1.89,7.34,70.84,34.815721727582,0.365256,66.13097165,66.0,2524.0,73.2,2026-09-09
4772,688210,统联精密,30.37,-2.66,2.37,-42.92,30.791946656762,0.24278,57.78874399,-402.0,4737.0,63.6,2026-09-09
4773,688211,中科微至,30.69,1.22,0.31,154.69,30.647799973213,0.1370396,63.95055443,760.0,3258.0,59.2,2026-09-09
4774,688212,澳华内镜,30.12,-2.3,1.01,-23.69,30.272353299941,0.1302424,61.57023864,563.0,3939.0,64.4,2026-09-09
4775,688213,思特威-W,92.51,0.83,1.1,35.22,93.246856554885,0.3076492,67.99712109,-95.0,1927.0,67.2,2026-09-09
4776,688215,瑞晟智能,49.92,1.26,1.33,85.02,49.506047935312,0.3004996,73.94673361,276.0,540.0,62.8,2026-09-09
4777,688216,气派科技,31.01,1.87,4.16,148.81,31.286685742258,0.2418988,68.18747843,1063.0,1875.0,59.6,2026-09-09
4778,688217,睿昂基因,24.65,0.49,1.85,-55.78,24.453538761361,0.1093224,56.90108361,78.0,4875.0,60.8,2026-09-09
4779,688218,江苏北人,40.92,0.1,1.35,150.63,40.542779547633,0.289426,60.87124794,-528.0,4116.0,61.6,2026-09-09
4780,688219,会通股份,10.38,-0.95,0.64,26.56,10.396547911833,0.2253508,64.85755387,543.0,2956.0,60.8,2026-09-09
4781,688220,翱捷科技-U,91.11,0.0,1.11,226.2,92.01004753054,0.2505128,67.2935683,417.0,2149.0,63.6,2026-09-09
4782,688221,前沿生物-U,16.58,-2.53,3.1,20.85,16.667444241645,0.2276888,60.47698037,-1645.0,4222.0,64.4,2026-09-09
4783,688222,成都先导,32.4,-0.15,4.86,80.46,32.579808758354,0.3053896,76.387626,-185.0,274.0,75.6,2026-09-09
4784,688223,晶科能源,4.04,0.0,0.5,-6.74,4.046555893577,0.3311076,59.97353223,-600.0,4327.0,72.4,2026-09-09
4785,688225,亚信安全,12.85,-1.61,1.17,-10.07,12.866629844441,0.2104592,64.12170681,-330.0,3211.0,66.0,2026-09-09
4786,688226,威腾电气,30.54,8.26,5.0,170.51,30.037374423582,0.2646556,71.90852867,2984.0,897.0,61.2,2026-09-09
4787,688227,品高股份,69.68,-3.09,2.3,890.26,70.525003650265,0.2550632,58.94280411,-308.0,4540.0,60.0,2026-09-09
4788,688228,开普云,77.5,-2.59,1.83,-138.16,78.552826416922,0.2743052,61.03567003,-91.0,4074.0,66.4,2026-09-09
4789,688229,博睿数据,62.49,-3.94,1.57,-38.95,63.157285932447,0.21559,56.05147078,-79.0,4978.0,60.4,2026-09-09
4790,688230,芯导科技,57.57,-0.02,0.7,44.83,58.014420178787,0.1711764,62.24850379,72.0,3757.0,62.4,2026-09-09
4791,688231,隆达股份,33.88,2.82,1.14,50.45,33.88507431475,0.238132,74.93829318,631.0,422.0,64.4,2026-09-09
4792,688232,新点软件,17.68,-2.43,0.8,-45.06,17.824185858907,0.0856264,64.82357087,1333.0,2966.0,62.0,2026-09-09
4793,688233,神工股份,93.6,-1.6,2.67,193.99,94.611744068076,0.2637444,60.21286644,143.0,4281.0,67.6,2026-09-09
4794,688234,天岳先进,98.05,0.26,1.31,-405.32,99.241688384015,0.2400512,56.75950178,7.0,4891.0,71.6,2026-09-09
4795,688235,百济神州,256.8,-1.27,1.94,60.55,257.071881829985,0.3363904,70.98987633,-449.0,1122.0,81.6,2026-09-09
4796,688236,春立医疗,13.89,-1.91,0.45,22.21,13.956721365376,0.102444,66.83685036,427.0,2298.0,62.0,2026-09-09
4797,688237,超卓航科,60.05,1.83,1.75,360.92,59.409190032982,0.376005454545,71.75415682,454.0,928.0,62.4,2026-09-09
4798,688238,和元生物,6.56,-1.8,2.45,-20.99,6.618091422752,0.1922024,60.14155024,-2034.0,4287.0,68.0,2026-09-09
4799,688239,航宇科技,56.39,3.96,4.21,45.96,56.655301959267,0.3788108,74.33109813,-205.0,495.0,72.8,2026-09-09
4800,688244,永信至诚,14.5,-2.42,1.09,-20.47,14.582346182256,0.0896756,59.45713062,107.0,4440.0,61.6,2026-09-09
4801,688246,嘉和美康,16.8,-2.04,1.45,-14.44,16.88455058247,0.1331348,53.43763183,16.0,5138.0,62.0,2026-09-09
4802,688247,宣泰医药,9.27,-1.28,0.84,70.74,9.273422440869,0.187458,61.87342841,-453.0,3869.0,63.6,2026-09-09
4803,688248,南网科技,48.8,4.27,1.1,88.21,47.842562175771,0.2980524,71.28098248,-652.0,1040.0,68.4,2026-09-09
4804,688249,晶合集成,35.5,-0.28,0.62,161.65,35.619881351018,0.3492612,65.84014546,-344.0,2632.0,68.4,2026-09-09
4805,688251,井松智能,19.55,-1.56,1.1,-20.53,19.74181074012,0.0691216,57.15434107,46.0,4838.0,58.8,2026-09-09
4806,688252,天德钰,20.7,-0.91,0.82,30.67,20.870644540585,0.2052256,66.58161547,6.0,2388.0,61.6,2026-09-09
4807,688253,英诺特,55.65,-0.45,0.65,122.5,56.189600290038,0.323598,64.3737969,-318.0,3135.0,59.6,2026-09-09
4808,688255,凯尔达,25.28,-0.82,1.37,49.12,25.388738187395,0.1193708,65.56212161,-1059.0,2715.0,63.6,2026-09-09
4809,688256,寒武纪,1054.96,-0.38,1.04,143.54,1056.27659536513,0.9852216,75.4930924,86.0,353.0,86.4,2026-09-09
4810,688257,新锐股份,52.38,-1.36,2.69,16.46,53.05389820702,0.2960972,75.08527403,86.0,405.0,62.0,2026-09-09
4811,688258,卓易信息,92.0,0.0,2.38,52.45,93.114626022165,0.2862404,65.31337663,804.0,2796.0,64.4,2026-09-09
4812,688259,创耀科技,31.62,1.35,0.95,150.25,31.40760520584,0.2509044,61.96662388,998.0,3841.0,60.8,2026-09-09
4813,688260,昀冢科技,91.94,-0.71,3.06,-60.44,93.699444099652,0.3608744,57.547451,-752.0,4780.0,68.8,2026-09-09
4814,688261,东微半导,66.06,-1.27,1.76,38.11,66.948272986228,0.2602284,62.42755568,1071.0,3710.0,66.4,2026-09-09
4815,688262,国芯科技,26.92,-0.22,1.63,-55.24,27.300159908903,0.2399508,57.65065206,22.0,4761.0,68.4,2026-09-09
4816,688265,南模生物,39.42,-1.96,1.48,169.3,39.75630071541,0.2184152,62.67764047,-2087.0,3631.0,64.4,2026-09-09
4817,688266,泽璟制药-U,109.62,-5.59,2.17,22.67,110.657489790264,0.2715508,68.37190788,-355.0,1824.0,70.4,2026-09-09
4818,688267,中触媒,19.29,-1.88,0.8,27.34,19.427721726308,0.2703212,72.86298099,843.0,722.0,60.0,2026-09-09
4819,688268,华特气体,130.7,-0.21,3.12,89.88,132.39777014533,0.3272084,62.92471178,79.0,3562.0,71.6,2026-09-09
4820,688269,凯立新材,27.7,0.54,1.01,33.86,27.901825337724,0.216292,67.1311829,-90.0,2203.0,62.4,2026-09-09
4821,688270,ST臻镭,55.88,-1.11,1.32,111.89,56.062766113472,0.361826,62.68514766,-1333.0,3629.0,68.0,2026-09-09
4822,688271,XD联影医,103.5,-3.15,0.49,47.55,104.359468501026,0.294872,69.89599897,-80.0,1377.0,77.2,2026-09-09
4823,688272,富吉瑞,28.04,-0.14,1.23,-40.58,28.150123023336,0.0825508,56.84595705,-349.0,4879.0,58.4,2026-09-09
4824,688273,麦澜德,28.38,-0.94,0.82,38.63,28.486604617576,0.1179708,66.69298742,1846.0,2358.0,61.6,2026-09-09
4825,688275,万润新能,71.25,0.28,1.89,7.46,71.366491946839,0.274564,64.16529316,-222.0,3196.0,66.4,2026-09-09
4826,688276,百克生物,16.1,-2.31,0.55,-63.91,16.133293225902,0.1536212,60.67719149,-1807.0,4172.0,67.6,2026-09-09
4827,688277,天智航-U,15.11,-1.31,0.66,-50.27,15.25807489426,0.212607666667,57.0076654,-406.0,4861.0,63.6,2026-09-09
4828,688278,特宝生物,55.37,-2.17,0.36,23.71,55.624199071141,0.2196364,71.8369688,276.0,912.0,69.6,2026-09-09
4829,688279,峰岹科技,179.45,-2.89,1.62,51.85,181.845634527525,0.2359336,67.05990697,-377.0,2226.0,64.4,2026-09-09
4830,688280,精进电动-W,5.14,-2.84,1.91,-8.47,5.196115101383,0.1615256,57.45757802,-65.0,4791.0,60.0,2026-09-09
4831,688281,华秦科技,51.7,1.75,1.05,57.62,51.918521494552,0.3117732,71.0972095,-535.0,1086.0,64.8,2026-09-09
4832,688282,理工导航,54.13,-0.95,0.62,-86.34,54.334090752306,0.2116276,66.06585072,1746.0,2544.0,60.4,2026-09-09
4833,688283,坤恒顺维,27.05,0.11,1.01,152.01,27.200975380044,0.1656908,63.82649662,1348.0,3296.0,59.6,2026-09-09
4834,688285,高铁电气,7.79,1.04,0.59,45.15,7.7434762464,0.170224,70.35407142,1427.0,1262.0,61.2,2026-09-09
4835,688286,敏芯股份,45.38,-3.16,4.35,-86.19,46.425434744853,0.2365972,59.46403579,-1144.0,4436.0,68.0,2026-09-09
4836,688288,鸿泉技术,18.47,-2.64,0.93,-74.24,18.689194214765,0.0565416,61.35795787,470.0,3989.0,61.6,2026-09-09
4837,688289,圣湘生物,16.01,-1.17,0.59,46.95,16.066951089766,0.1544488,61.27807749,-1845.0,4009.0,68.4,2026-09-09
4838,688290,景业智能,61.53,0.87,0.67,-251.33,61.659267358669,0.2819036,58.00180114,225.0,4706.0,58.8,2026-09-09
4839,688291,金橙子,44.4,0.0,0.0,35.63,44.365979787252,0.1282864,72.86108612,210.0,724.0,69.2,2026-09-09
4840,688292,浩瀚深度,18.08,-0.82,1.43,-29.95,18.029842890695,0.141902,55.91851138,-101.0,4988.0,61.6,2026-09-09
4841,688293,奥浦迈,70.98,3.94,9.63,40.69,70.290078920828,0.3160868,78.03854766,9.0,169.0,73.6,2026-09-09
4842,688295,中复神鹰,38.61,0.03,0.44,247.63,38.643605578028,0.294234,63.06409836,-1243.0,3525.0,66.8,2026-09-09
4843,688296,和达科技,24.37,4.01,4.15,-53.75,24.327701359112,0.1641056,60.05192798,464.0,4308.0,64.4,2026-09-09
4844,688297,中无人机,44.72,-0.38,1.87,274.79,44.440235113328,0.3211488,64.29086119,-613.0,3162.0,80.0,2026-09-09
4845,688298,东方生物,18.9,-1.15,0.52,-8.57,18.851552148497,0.0998592,55.45019366,-20.0,5028.0,65.6,2026-09-09
4846,688299,长阳科技,12.81,0.23,1.25,184.84,12.901111599274,0.1717948,63.78653756,1231.0,3309.0,64.0,2026-09-09
4847,688300,联瑞新材,181.79,8.41,7.3,147.29,175.16806851423,0.5242372,76.89528616,2068.0,235.0,78.4,2026-09-09
4848,688301,奕瑞科技,90.32,-1.5,1.19,34.89,90.967645870773,0.2242892,64.93997956,-88.0,2917.0,64.8,2026-09-09
4849,688302,海创药业-U,30.65,-1.64,1.06,-26.99,30.763697709982,0.187126,57.18327047,-650.0,4832.0,61.2,2026-09-09
4850,688303,大全能源,17.04,-0.23,0.2,-11.39,17.078046068741,0.204148,55.88972291,-58.0,4993.0,69.6,2026-09-09
4851,688305,科德数控,57.6,0.28,1.67,109.5,57.780833404665,0.3214156,67.64185435,1752.0,2024.0,74.0,2026-09-09
4852,688306,均普智能,8.42,-0.71,0.38,-202.2,8.435670998607,0.181068,60.79530775,240.0,4139.0,62.4,2026-09-09
4853,688307,中润光学,45.29,-1.31,3.02,88.45,46.314943457715,0.2019844,66.1504349,-336.0,2514.0,59.6,2026-09-09
4854,688308,欧科亿,85.8,-0.13,3.18,18.37,86.177558398127,0.3000232,63.88608616,-5.0,3277.0,71.6,2026-09-09
4855,688309,恒誉科技,82.11,0.56,3.28,40.21,84.108149475652,0.4325088,68.23576277,-192.0,1859.0,65.2,2026-09-09
4856,688310,迈得医疗,14.74,-0.81,0.65,-74.01,14.772783568651,0.132022,62.63762269,956.0,3641.0,59.2,2026-09-09
4857,688311,盟升电子,23.7,0.55,2.2,-39.22,23.916613260579,0.2526624,59.38142263,-25.0,4454.0,63.2,2026-09-09
4858,688312,燕麦科技,49.03,-0.14,5.49,235.63,49.947131343764,0.253002,70.64814121,182.0,1196.0,67.2,2026-09-09
4859,688313,仕佳光子,147.95,-1.5,3.87,106.22,151.256812729215,0.4230852,73.39830639,171.0,623.0,83.6,2026-09-09
4860,688314,康拓医疗,31.3,-1.79,0.72,30.86,31.358482949812,0.1267692,61.9157861,-55.0,3857.0,60.0,2026-09-09
4861,688315,诺禾致源,13.82,-1.36,1.04,45.56,13.822600845755,0.1934396,71.79490491,-230.0,917.0,64.0,2026-09-09
4862,688316,青云科技-U,45.36,-1.61,2.67,-31.48,45.542797305017,0.1845624,54.88705872,-3.0,5074.0,66.4,2026-09-09
4863,688317,之江生物,16.62,-2.12,0.63,-38.87,16.684697370817,0.1046576,60.32207363,572.0,4258.0,63.2,2026-09-09
4864,688318,财富趋势,84.6,-0.08,1.27,164.65,84.45873115874,0.3619664,70.12292438,-250.0,1319.0,72.0,2026-09-09
4865,688319,欧林生物,29.15,3.44,1.93,-179.75,28.963324409913,0.2862588,65.46963617,1565.0,2742.0,61.2,2026-09-09
4866,688320,禾川科技,31.86,-1.33,1.69,105.98,31.965862855055,0.1636836,56.5636853,-12.0,4915.0,66.0,2026-09-09
4867,688321,微芯生物,24.93,-1.89,1.47,77.35,25.086951897249,0.330172,69.94389359,-47.0,1365.0,69.2,2026-09-09
4868,688322,奥比中光-W,92.5,-2.56,1.88,458.53,92.880126658621,0.3092484,68.72114447,-54.0,1720.0,72.0,2026-09-09
4869,688323,瑞华泰,25.55,1.11,4.15,-65.46,25.552204664099,0.29524,59.24709439,666.0,4483.0,60.4,2026-09-09
4870,688325,赛微微电,107.0,0.11,0.53,148.43,106.633611125722,0.3572652,67.11800745,480.0,2205.0,60.8,2026-09-09
4871,688326,经纬恒润-W,59.11,-1.25,1.83,-9.28,59.767910421138,0.28362,64.0376998,1292.0,3241.0,63.2,2026-09-09
4872,688327,云从科技-UW,9.98,-2.25,1.58,-65.88,10.042019544031,0.2523248,58.44928311,-699.0,4631.0,70.4,2026-09-09
4873,688328,深科达,79.1,-0.38,4.6,60.8,79.629122085796,0.3338508,71.39631897,132.0,1019.0,64.4,2026-09-09
4874,688329,艾隆科技,21.79,-1.89,1.62,-60.18,21.902600065644,0.0547636,59.72588799,220.0,4372.0,60.8,2026-09-09
4875,688330,宏力达,36.42,-0.38,1.04,8.77,36.624331808893,0.230464,61.80757407,432.0,3887.0,63.6,2026-09-09
4876,688331,荣昌生物,117.82,-4.09,1.54,7.13,119.13165200492,0.3429676,72.90495511,-608.0,712.0,78.4,2026-09-09
4877,688332,中科蓝讯,94.5,-3.28,2.28,17.58,95.52239542654,0.3444484,66.31192495,-856.0,2459.0,71.2,2026-09-09
4878,688333,铂力特,115.7,-0.66,4.42,310.32,116.754538462966,0.4769328,68.52097932,-1471.0,1775.0,78.8,2026-09-09
4879,688334,西高院,18.57,0.98,0.45,21.12,18.461392024906,0.2110828,72.8254298,809.0,734.0,61.6,2026-09-09
4880,688335,复洁科技,19.32,-0.92,0.94,-281.22,19.411957480688,0.0731388,51.75767213,-1.0,5173.0,58.4,2026-09-09
4881,688336,三生国健,40.4,-4.04,0.68,48.75,40.880701499658,0.2929172,69.2322739,-1082.0,1568.0,64.8,2026-09-09
4882,688337,普源精电,42.02,-0.69,1.53,123.68,42.720549151547,0.2135312,69.5344263,139.0,1481.0,61.2,2026-09-09
4883,688338,赛科希德,29.28,-1.74,1.02,36.54,29.369592244642,0.1449264,65.58429338,414.0,2703.0,61.2,2026-09-09
4884,688339,亿华通-U,18.11,-1.36,2.11,-20.9,18.560089164066,0.1884256,58.98631513,-144.0,4529.0,66.0,2026-09-09
4885,688343,云天励飞-U,54.5,-0.51,1.55,-38.88,54.799140424961,0.2986956,63.79906964,492.0,3306.0,66.8,2026-09-09
4886,688345,博力威,50.96,-0.93,1.01,35.81,51.188724876774,0.1818252,66.03301368,-135.0,2554.0,61.6,2026-09-09
4887,688347,华虹宏力,224.0,-0.36,2.36,487.97,226.320016776688,0.3822484,61.90833948,-293.0,3860.0,78.8,2026-09-09
4888,688348,昱能科技,30.57,-2.18,0.63,-18.05,30.823070857392,0.1877952,57.80618739,419.0,4732.0,62.8,2026-09-09
4889,688349,三一重能,13.01,-0.76,0.36,44.45,12.981866180807,0.2691796,71.04280899,-60.0,1106.0,63.6,2026-09-09
4890,688350,富淼科技,30.94,9.72,3.78,229.61,30.637582254436,0.349518,63.00544585,706.0,3540.0,59.2,2026-09-09
4891,688351,微电生理,17.6,-1.29,0.57,103.31,17.718538921292,0.1999212,58.83333674,-716.0,4555.0,60.4,2026-09-09
4892,688352,颀中科技,17.7,1.61,7.97,-34.69,18.00564395577,0.328934,71.54831451,476.0,983.0,63.2,2026-09-09
4893,688353,华盛锂电,85.31,3.04,2.46,30.53,84.367810016566,0.4085452,69.29617789,2689.0,1547.0,67.2,2026-09-09
4894,688355,明志科技,17.23,-0.29,0.87,65.2,17.311989778776,0.1502276,57.51860435,97.0,4783.0,58.4,2026-09-09
4895,688356,键凯科技,79.88,-5.58,7.18,829.64,80.718339696857,0.3399,58.64629736,-1890.0,4589.0,70.8,2026-09-09
4896,688357,建龙微纳,26.0,-1.92,0.6,34.53,26.272910054054,0.1484204,60.591829,-892.0,4192.0,61.6,2026-09-09
4897,688358,祥生医疗,27.63,-1.67,0.69,22.46,27.707269008111,0.163488,63.05857966,-8.0,3527.0,60.4,2026-09-09
4898,688359,三孚新科,97.7,-1.11,3.01,419.5,99.056493726529,0.307268,60.8023253,-1901.0,4135.0,60.8,2026-09-09
4899,688360,德马科技,14.77,0.2,0.89,24.6,14.773156090556,0.1177184,63.17228766,398.0,3494.0,60.0,2026-09-09
4900,688361,中科飞测,309.17,-2.02,1.38,-427.05,310.873746489847,0.3393924,62.02277677,-845.0,3822.0,74.8,2026-09-09
4901,688362,甬矽电子,59.3,-2.31,3.31,341.41,60.370968440143,0.3717112,60.99188055,-1474.0,4086.0,68.0,2026-09-09
4902,688363,华熙生物,34.73,-1.67,0.48,54.74,34.86362464475,0.2734004,66.81268837,-1054.0,2311.0,75.6,2026-09-09
4903,688365,光云科技,14.65,-4.87,2.79,268.25,14.881220945855,0.2190148,60.75119945,-133.0,4148.0,66.4,2026-09-09
4904,688366,昊海生科,30.14,-1.54,0.16,30.62,30.212497585063,0.1358944,62.15283039,-1081.0,3781.0,64.8,2026-09-09
4905,688367,工大高科,28.68,-2.32,2.32,279.8,28.946047513249,0.2780172,56.13004488,-156.0,4970.0,57.2,2026-09-09
4906,688368,晶丰明源,144.0,-1.31,2.41,169.55,148.017734344269,0.3328788,66.07386186,-276.0,2542.0,68.4,2026-09-09
4907,688369,致远互联,19.83,-0.6,1.89,-10.14,19.802493785566,0.0857124,62.78564296,527.0,3599.0,62.0,2026-09-09
4908,688370,丛麟科技,23.93,-0.79,0.2,73.17,23.89982006895,0.1369192,62.40129343,560.0,3717.0,60.8,2026-09-09
4909,688371,菲沃泰,25.06,-3.76,2.06,-92.09,25.464153268552,0.2096548,55.90770583,-547.0,4990.0,57.2,2026-09-09
4910,688372,伟测科技,113.06,-0.53,2.97,59.97,114.488468974963,0.2630204,61.73278735,51.0,3904.0,66.4,2026-09-09
4911,688373,盟科药业-U,5.4,-3.91,1.63,-47.17,5.458170196049,0.1780236,63.82595956,-1082.0,3297.0,63.2,2026-09-09
4912,688375,国博电子,73.13,0.94,0.4,222.05,73.267037172569,0.1949484,66.62120317,807.0,2379.0,66.0,2026-09-09
4913,688376,美埃科技,64.21,-0.3,0.75,52.07,64.777607427051,0.1903148,65.22327853,1591.0,2830.0,57.6,2026-09-09
4914,688377,迪威尔,17.76,-4.36,1.04,62.86,18.006691727627,0.132576,62.72743461,-1593.0,3612.0,60.8,2026-09-09
4915,688378,奥来德,43.9,1.86,5.31,32.64,43.578397186459,0.4139564,71.66136066,390.0,948.0,65.2,2026-09-09
4916,688379,华光新材,56.99,-1.62,3.42,29.51,58.243155232164,0.2842208,71.72104987,-546.0,936.0,66.4,2026-09-09
4917,688380,中微半导,38.08,-1.09,1.47,44.42,38.529094192053,0.2375548,64.95692404,201.0,2907.0,72.8,2026-09-09
4918,688381,帝奥微,36.26,-0.98,3.25,32.39,37.083917671174,0.3522584,61.0800305,-135.0,4062.0,65.6,2026-09-09
4919,688382,益方生物-U,18.92,-3.47,1.49,-40.0,19.112899334374,0.2007404,59.14037353,-1863.0,4499.0,61.6,2026-09-09
4920,688383,新益昌,138.8,5.47,3.32,149.27,137.295262134281,0.4441032,62.72548627,-79.0,3613.0,63.6,2026-09-09
4921,688385,复旦微电,53.64,0.06,1.25,26.02,54.051190771327,0.286776,67.71364775,46.0,2004.0,77.6,2026-09-09
4922,688386,泛亚微透,47.82,0.08,1.52,76.47,47.963702422168,0.292308,68.26093871,1768.0,1849.0,66.0,2026-09-09
4923,688387,信科移动-U,12.37,-0.88,1.4,-617.87,12.442154575394,0.3098152,59.28141455,-1002.0,4474.0,66.8,2026-09-09
4924,688388,嘉元科技,27.3,0.44,3.34,23.57,27.619148395408,0.29942,67.43198005,66.0,2097.0,74.0,2026-09-09
4925,688389,普门科技,11.34,-0.96,0.3,30.65,11.338928455269,0.1736788,65.58718802,138.0,2701.0,62.8,2026-09-09
4926,688390,固德威,59.5,-0.34,2.22,25.25,59.609029515866,0.2610544,72.21840465,1235.0,847.0,72.0,2026-09-09
4927,688391,钜泉科技,25.7,-1.42,0.75,109.25,25.985647906099,0.19497,55.87393973,-628.0,4996.0,59.6,2026-09-09
4928,688392,骄成超声,170.5,-0.81,2.2,95.84,173.511390287975,0.4006656,67.46849095,-138.0,2084.0,65.2,2026-09-09
4929,688393,安必平,20.4,-0.54,1.28,1247.74,20.343402563062,0.1167108,65.26421499,367.0,2815.0,63.2,2026-09-09
4930,688395,正弦电气,23.0,-0.52,0.98,39.39,23.055986229267,0.0724512,69.41632463,1998.0,1513.0,62.4,2026-09-09
4931,688396,华润微,56.28,-0.57,0.74,51.74,56.620052131068,0.3213268,64.82925683,-122.0,2965.0,75.2,2026-09-09
4932,688398,赛特新材,20.48,0.84,0.67,1021.42,20.335338655205,0.1503392,59.10767882,-681.0,4505.0,60.4,2026-09-09
4933,688399,硕世生物,26.13,-3.01,0.99,82.89,26.353476751966,0.1290308,53.31868789,-35.0,5145.0,63.6,2026-09-09
4934,688400,凌云光,47.15,-0.11,2.63,17.09,47.437407623489,0.3270592,72.62114962,-364.0,773.0,73.2,2026-09-09
4935,688401,路维光电,66.28,2.7,2.7,47.08,66.416277867316,0.3225512,70.60453586,750.0,1206.0,62.8,2026-09-09
4936,688403,汇成股份,25.8,-3.44,5.01,2555.92,26.273057551885,0.4512796,70.21350414,-348.0,1290.0,70.8,2026-09-09
4937,688408,中信博,22.91,-3.17,1.8,-12.31,23.157527597734,0.2340668,58.29959626,175.0,4656.0,61.6,2026-09-09
4938,688409,富创精密,179.16,-0.73,1.13,204.45,181.297164724204,0.225268,62.14747991,-201.0,3785.0,72.4,2026-09-09
4939,688410,山外山,9.72,-2.02,1.59,23.04,9.75883822125,0.1709232,69.02257247,-614.0,1627.0,62.4,2026-09-09
4940,688411,海博思创,172.91,-1.67,1.46,24.95,173.815512382371,0.32432,69.3335204,3.0,1535.0,65.2,2026-09-09
4941,688416,恒烁股份,74.3,-1.95,4.27,28.7,75.876861300399,0.2872012,69.90330057,258.0,1376.0,66.0,2026-09-09
4942,688418,震有科技,32.12,-0.86,1.67,-23.67,32.544070312063,0.3032236,57.88770602,422.0,4721.0,62.8,2026-09-09
4943,688419,耐科装备,47.7,-0.79,2.45,55.49,48.22116407737,0.2344168,67.27099227,304.0,2152.0,59.6,2026-09-09
4944,688420,美腾科技,21.91,-0.9,0.84,-51.66,21.918100625259,0.1278584,58.12955235,247.0,4681.0,60.0,2026-09-09
4945,688425,铁建重工,4.07,0.0,0.22,21.51,4.070919164279,0.3185212,67.67935491,1480.0,2011.0,67.6,2026-09-09
4946,688426,康为世纪,21.03,-0.71,0.97,-33.62,21.249187007917,0.1157036,62.76261795,1232.0,3605.0,63.2,2026-09-09
4947,688428,诺诚健华,28.89,-5.19,3.99,103.73,29.35233248714,0.223864,75.02847987,-312.0,411.0,69.2,2026-09-09
4948,688429,时创能源,10.13,-3.52,0.33,-7.18,10.291625550752,0.0999116,56.05947123,93.0,4976.0,60.8,2026-09-09
4949,688432,有研硅,45.22,0.0,0.0,212.83,45.453720343181,0.212196,67.51293112,412.0,2068.0,76.0,2026-09-09
4950,688433,华曙高科,98.9,-4.19,2.26,2436.37,99.166694094427,0.3815544,65.89820818,-159.0,2618.0,68.0,2026-09-09
4951,688435,英方软件,34.1,-5.01,8.97,-75.69,34.676279026633,0.2034528,64.63231816,447.0,3043.0,68.0,2026-09-09
4952,688439,振华风光,38.3,-0.62,0.74,-431.61,38.509626586373,0.2176152,65.69031293,-738.0,2675.0,62.4,2026-09-09
4953,688443,智翔金泰-U,22.57,-2.0,1.41,-13.09,22.763083868684,0.1546532,57.24183377,11.0,4824.0,62.0,2026-09-09
4954,688448,磁谷科技,67.27,0.43,1.66,2712.85,66.829274645228,0.40222,62.69718523,-1145.0,3622.0,62.8,2026-09-09
4955,688449,联芸科技,61.45,-0.76,1.65,27.2,62.371635697716,0.2254696,67.57340503,-1217.0,2049.0,68.4,2026-09-09
4956,688450,光格科技,32.44,-0.83,2.0,-75.35,32.715604712237,0.1028072,60.82287717,86.0,4127.0,57.2,2026-09-09
4957,688455,科捷智能,17.27,0.0,1.67,25.68,17.567733664692,0.217394,67.15401868,-211.0,2191.0,62.0,2026-09-09
4958,688456,有研粉材,72.28,-0.18,3.95,67.68,73.332891360538,0.204144,64.40921533,526.0,3124.0,64.8,2026-09-09
4959,688458,美芯晟,35.63,-1.14,1.29,-387.01,36.0764853469,0.2539608,59.41085831,-12.0,4445.0,62.4,2026-09-09
4960,688459,哈铁科技,8.2,0.24,0.18,-602.25,8.186863588889,0.2413304,69.084081,1338.0,1612.0,61.2,2026-09-09
4961,688466,金科环境,14.35,-1.37,0.71,67.29,14.38646475539,0.0367276,63.31623133,-207.0,3455.0,60.8,2026-09-09
4962,688468,科美诊断,6.35,-1.4,0.62,81.97,6.363900298979,0.0481576,59.7327376,29.0,4369.0,61.2,2026-09-09
4963,688469,芯联集成-U,8.4,0.24,0.93,126.49,8.420259033244,0.3956664,61.43291746,30.0,3973.0,72.4,2026-09-09
4964,688472,阿特斯,8.62,-0.69,0.66,52.41,8.64182995055,0.28106,60.70370324,-543.0,4165.0,69.6,2026-09-09
4965,688475,萤石网络,28.21,-0.39,0.29,27.12,28.248787199315,0.1445192,71.00122527,-85.0,1118.0,66.8,2026-09-09
4966,688478,晶升股份,41.68,-0.5,1.71,-245.09,42.234671981671,0.1827368,56.91265498,254.0,4874.0,60.0,2026-09-09
4967,688479,友车科技,35.3,-1.86,1.71,304.63,35.391641875824,0.3502992,68.85617523,102.0,1679.0,62.0,2026-09-09
4968,688480,赛恩斯,71.38,0.52,0.51,50.89,71.0774453455,0.1551636,68.11119668,75.0,1889.0,61.2,2026-09-09
4969,688484,南芯科技,33.36,-1.18,1.33,-159.7,33.437783007352,0.3017304,64.38452175,-91.0,3132.0,62.4,2026-09-09
4970,688485,九州一轨,97.31,0.32,4.81,-396.56,100.454714493194,0.5447168,68.20968322,667.0,1864.0,69.6,2026-09-09
4971,688486,龙迅股份,42.12,4.93,2.5,47.82,41.302166646913,0.2539268,73.31207685,2296.0,636.0,60.0,2026-09-09
4972,688488,艾迪药业,15.08,-2.14,0.83,138.34,15.158611519557,0.1435136,65.79836016,321.0,2639.0,62.0,2026-09-09
4973,688489,三未信安,23.21,-2.85,0.63,-156.67,23.380331279808,0.207266,61.68866716,-998.0,3911.0,62.0,2026-09-09
4974,688496,*ST清越,0.73,-19.78,9.82,-0.72,0.817235769606,0.2231384,46.51312263,-163.0,5194.0,61.6,2026-09-09
4975,688498,源杰科技,1718.0,0.17,2.1,176.17,1742.99116598409,0.9803124,81.4978631,0.0,43.0,88.4,2026-09-09
4976,688499,利元亨,32.48,0.68,1.75,70.35,32.710323606523,0.2357976,61.72116874,485.0,3906.0,68.4,2026-09-09
4977,688500,慧辰股份,32.68,-3.14,1.72,-20.74,33.017877800914,0.1130612,59.54081792,167.0,4422.0,61.2,2026-09-09
4978,688501,青达环保,13.58,-0.37,0.87,22.6,13.652135889045,0.0705912,63.63358272,115.0,3358.0,59.6,2026-09-09
4979,688502,茂莱光学,414.1,-1.05,2.22,-814.87,422.530590255672,0.3253204,62.14193321,99.0,3786.0,69.2,2026-09-09
4980,688503,聚和材料,73.88,2.9,8.34,-103.37,73.535685122169,0.401254,77.93609857,84.0,177.0,72.8,2026-09-09
4981,688505,复旦张江,7.8,-1.64,0.6,109.57,7.83490449194,0.1778244,61.56310108,-1019.0,3941.0,65.2,2026-09-09
4982,688506,百利天恒,240.35,-1.72,0.4,-30.31,240.327979783074,0.2278044,59.28239899,-292.0,4472.0,69.6,2026-09-09
4983,688507,索辰科技,145.27,-1.11,7.61,-82.29,146.400835653704,0.4020648,60.39541165,-58.0,4243.0,65.6,2026-09-09
4984,688508,芯朋微,84.6,0.06,3.74,35.55,84.126801078086,0.4629752,69.51278311,144.0,1489.0,69.6,2026-09-09
4985,688509,正元地信,4.2,-0.71,1.49,-21.17,4.191954489902,0.2722372,60.24411952,377.0,4277.0,60.8,2026-09-09
4986,688510,航亚科技,27.3,5.57,4.9,69.16,27.059534084673,0.222262,75.10859462,301.0,399.0,67.6,2026-09-09
4987,688511,天微电子,22.8,-0.13,0.99,933.5,22.952867760921,0.2279244,60.89170168,137.0,4110.0,59.6,2026-09-09
4988,688512,慧智微-U,13.57,1.04,3.86,-23.47,13.656126963158,0.262128,61.91029726,89.0,3859.0,59.2,2026-09-09
4989,688513,苑东生物,47.6,4.87,1.76,32.38,47.488312467202,0.3961696,72.90592772,1244.0,711.0,60.4,2026-09-09
4990,688515,裕太微-U,146.03,2.35,7.75,-79.53,149.784536588247,0.3406772,67.82322662,2616.0,1971.0,62.4,2026-09-09
4991,688516,奥特维,41.48,-1.71,1.4,21.9,42.066467732614,0.1762108,64.32632082,357.0,3158.0,66.4,2026-09-09
4992,688517,金冠电气,16.01,-0.25,0.97,59.77,16.097507700304,0.1729424,63.64914461,1246.0,3348.0,61.6,2026-09-09
4993,688518,联赢激光,20.77,0.53,2.43,36.03,20.952537545823,0.2934636,64.45413109,77.0,3106.0,64.8,2026-09-09
4994,688519,南亚新材,291.65,2.44,2.1,74.38,296.138111190266,0.4464244,72.85687286,1691.0,727.0,75.2,2026-09-09
4995,688520,神州细胞,34.02,-1.02,0.21,-21.88,34.147987185347,0.128204,61.09531479,-593.0,4058.0,64.4,2026-09-09
4996,688521,芯原股份,191.0,0.06,3.19,-82.05,193.86982120008,0.4617432,63.95440511,-407.0,3255.0,79.6,2026-09-09
4997,688522,纳睿雷达,18.01,-1.75,2.32,61.66,18.163593558134,0.1651132,65.22978212,380.0,2827.0,62.4,2026-09-09
4998,688523,航天环宇,41.49,0.97,0.75,2123.74,41.601618696088,0.2426556,62.50581716,-562.0,3685.0,64.0,2026-09-09
4999,688525,佰维存储,217.7,-1.72,2.74,7.24,219.877887701046,0.4599812,71.56259247,-624.0,977.0,81.2,2026-09-09
5000,688526,科前生物,12.95,-0.15,0.25,26.08,12.91301007517,0.1980788,69.91441724,1450.0,1372.0,63.6,2026-09-09
5001,688528,秦川物联,10.23,-0.97,1.11,-20.14,10.293964176228,0.0416832,57.43738145,128.0,4794.0,60.4,2026-09-09
5002,688529,豪森智能,15.29,-1.42,0.56,-3.03,15.260945160422,0.118762,58.5906654,202.0,4604.0,60.8,2026-09-09
5003,688530,欧莱新材,55.98,1.36,10.56,64.52,56.917316875883,0.3194568,65.78017404,1325.0,2645.0,63.6,2026-09-09
5004,688531,日联科技,142.18,-0.46,3.11,91.95,145.256433482651,0.3586028,75.94900341,-117.0,310.0,65.2,2026-09-09
5005,688533,上声电子,19.99,-1.33,0.44,41.43,20.042229976713,0.140868,64.24024612,-651.0,3172.0,60.8,2026-09-09
5006,688535,华海诚科,100.26,-0.61,2.93,180.99,101.925695631348,0.3358908,66.23593446,-93.0,2483.0,67.2,2026-09-09
5007,688536,思瑞浦,308.72,3.48,1.64,69.25,309.924086317723,0.3305708,77.24352345,514.0,211.0,72.4,2026-09-09
5008,688538,和辉光电-U,2.18,-0.46,0.97,-16.77,2.187869747453,0.2090244,54.94827691,-88.0,5071.0,63.2,2026-09-09
5009,688539,高华科技,23.54,-1.38,1.04,-74.39,23.720949607911,0.2230524,56.18555536,-360.0,4961.0,61.2,2026-09-09
5010,688543,国科军工,45.49,8.41,7.53,96.52,44.673965300537,0.365718,80.81195989,743.0,63.0,76.4,2026-09-09
5011,688545,兴福电子,73.17,-0.34,3.23,106.98,74.515493213023,0.2924088,63.01845059,-1484.0,3535.0,62.8,2026-09-09
5012,688548,广钢气体,28.81,-0.45,1.14,74.27,29.077534375831,0.2373572,62.0720858,-122.0,3802.0,64.4,2026-09-09
5013,688549,中巨芯-U,22.54,2.92,5.72,1184.33,22.907450161708,0.3771636,69.59825996,1906.0,1457.0,72.8,2026-09-09
5014,688550,瑞联新材,36.69,0.25,1.18,25.03,36.856176818337,0.3006784,66.8358093,-621.0,2299.0,62.0,2026-09-09
5015,688551,科威尔,38.38,-1.46,2.42,138.79,38.764388826407,0.1810252,67.46675933,317.0,2085.0,58.8,2026-09-09
5016,688552,航天南湖,33.29,2.59,1.68,1442.53,33.005090968181,0.2026092,69.12140459,1065.0,1600.0,65.6,2026-09-09
5017,688553,汇宇制药-W,11.35,-2.24,1.14,61.61,11.391715906083,0.2418408,65.35322476,409.0,2782.0,60.0,2026-09-09
5018,688556,高测股份,8.11,-2.17,2.39,-6.88,8.13491269881,0.2585108,59.70108584,-1315.0,4381.0,65.2,2026-09-09
5019,688557,兰剑智能,19.62,-0.86,0.62,33.16,19.789320535853,0.1120396,63.87623706,-296.0,3282.0,61.2,2026-09-09
5020,688558,国盛智科,31.89,1.11,0.45,22.49,31.751806076693,0.1632096,71.65987068,109.0,949.0,62.0,2026-09-09
5021,688559,海目星,59.03,12.5,10.27,140.86,57.645844501887,0.3154096,62.09068381,898.0,3796.0,71.2,2026-09-09
5022,688560,明冠新材,12.45,0.4,1.55,-72.35,12.560010851766,0.2144684,65.63393407,1603.0,2688.0,61.6,2026-09-09
5023,688561,奇安信-U,26.85,-2.51,0.77,-22.27,27.069726319811,0.3017428,65.69144495,-466.0,2673.0,73.2,2026-09-09
5024,688562,航天软件,14.65,-1.01,0.6,-29.44,14.702123918433,0.2258324,60.75698475,195.0,4145.0,62.4,2026-09-09
5025,688563,航材股份,55.7,1.72,3.15,53.91,55.307226330652,0.2927008,74.07124911,-265.0,531.0,68.8,2026-09-09
5026,688565,力源科技,11.49,-0.78,1.17,205.17,11.499014065407,0.1673848,65.08235231,476.0,2871.0,61.2,2026-09-09
5027,688566,吉贝尔,25.95,0.15,1.2,26.29,25.914454714231,0.3285164,69.46170347,-879.0,1500.0,62.8,2026-09-09
5028,688567,孚能科技,8.95,-0.78,0.55,-13.78,8.982260963982,0.2342352,61.41632661,363.0,3976.0,68.8,2026-09-09
5029,688568,中科星图,30.71,-1.06,0.72,-38.94,30.854159791364,0.1958356,60.81053946,796.0,4133.0,71.2,2026-09-09
5030,688569,铁科轨道,18.91,-0.42,0.26,22.48,18.914301679283,0.0900916,71.31765854,1714.0,1029.0,64.4,2026-09-09
5031,688570,天玛智控,14.74,-0.81,0.36,479.09,14.727314272014,0.1919116,58.89209185,229.0,4547.0,61.2,2026-09-09
5032,688571,杭华股份,8.24,-1.55,1.15,35.2,8.348357933242,0.140714,63.12734271,405.0,3509.0,57.2,2026-09-09
5033,688573,信宇人,16.02,-1.84,2.3,-9.67,16.141842158102,0.084398,61.95948719,1178.0,3847.0,60.8,2026-09-09
5034,688575,亚辉龙,9.92,-3.03,1.71,40.41,9.99291874438,0.2053888,66.39205001,-828.0,2438.0,66.0,2026-09-09
5035,688576,西山科技,38.99,-1.59,1.14,-51.79,38.977406490284,0.0856968,55.27955159,-9.0,5044.0,59.6,2026-09-09
5036,688577,浙海德曼,42.16,-0.75,0.53,70.3,42.195195920846,0.1489704,63.01130982,430.0,3538.0,61.6,2026-09-09
5037,688578,艾力斯,104.3,-2.8,1.22,15.23,104.995820445707,0.2509324,71.24345894,-183.0,1045.0,71.6,2026-09-09
5038,688579,地纬智能,7.9,-2.83,0.85,-57.59,7.944606649316,0.0978396,64.71730587,162.0,3011.0,61.2,2026-09-09
5039,688580,伟思医疗,42.38,-3.0,1.36,20.27,42.792338499326,0.2125236,65.41995052,-1300.0,2758.0,64.0,2026-09-09
5040,688581,安杰思,50.89,-0.39,0.53,17.39,50.782051728015,0.1671192,65.57211278,-851.0,2711.0,60.0,2026-09-09
5041,688582,芯动联科,39.81,-1.34,0.75,219.22,39.99679051094,0.2168564,61.97898362,101.0,3840.0,65.2,2026-09-09
5042,688583,思看科技,77.65,-4.99,7.2,340.26,78.53979841853,0.4191344,63.88524374,348.0,3278.0,66.4,2026-09-09
5043,688584,上海合晶,25.28,-0.67,1.44,316.37,25.537095339082,0.1953444,58.27564468,-547.0,4662.0,59.6,2026-09-09
5044,688585,上纬新材,143.88,-3.08,0.56,-174.24,145.757603738899,0.400518,62.23544498,-1716.0,3759.0,76.0,2026-09-09
5045,688586,江航装备,11.58,1.4,0.87,155.73,11.620218084244,0.2153904,62.50263201,-1466.0,3688.0,64.8,2026-09-09
5046,688588,凌志软件,9.16,-3.78,1.65,-73.04,9.241367889501,0.1796816,63.33742431,-1136.0,3446.0,64.4,2026-09-09
5047,688589,力合微,19.48,-0.26,1.23,73.39,19.575924134563,0.1283736,57.5061347,-42.0,4784.0,63.2,2026-09-09
5048,688590,新致软件,11.94,-3.24,2.2,-180.15,12.041232817782,0.17233,57.96509413,-901.0,4711.0,62.0,2026-09-09
5049,688591,泰凌微,27.69,-0.86,1.45,33.87,27.91478205784,0.1754536,67.89780331,2219.0,1950.0,64.0,2026-09-09
5050,688592,司南导航,23.23,-0.85,1.45,-214.38,23.355685943526,0.1009444,57.23423119,-66.0,4825.0,60.0,2026-09-09
5051,688593,新相微,29.0,-0.24,1.76,1131.82,28.924167410697,0.3729256,57.46851032,-34.0,4788.0,59.6,2026-09-09
5052,688595,芯海科技,28.85,-0.72,1.28,-54.18,29.185412657718,0.2234684,55.05111255,-1.0,5061.0,63.6,2026-09-09
5053,688596,正帆科技,61.88,-2.55,3.73,-196.61,62.932416610104,0.3038164,59.3931209,-1292.0,4450.0,66.0,2026-09-09
5054,688597,煜邦电力,6.44,-1.08,1.24,-24.45,6.4696952975,0.1692032,60.86481801,327.0,4117.0,61.2,2026-09-09
5055,688598,金博股份,32.65,-1.18,4.17,-23.94,33.164399644132,0.2719552,63.17335758,1121.0,3493.0,67.2,2026-09-09
5056,688599,天合光能,11.3,-1.31,0.92,-49.05,11.337989678381,0.2911476,58.46770863,93.0,4627.0,74.8,2026-09-09
5057,688600,皖仪科技,34.1,5.9,6.77,74.03,34.319048990197,0.3657036,73.86929413,1991.0,554.0,66.4,2026-09-09
5058,688601,力芯微,60.87,0.84,3.31,-1014.53,61.569525649767,0.4040244,64.90060592,1735.0,2936.0,66.0,2026-09-09
5059,688602,康鹏科技,6.91,1.32,1.42,-43.99,6.959202519611,0.3297684,59.70602743,725.0,4379.0,59.6,2026-09-09
5060,688603,天承科技,113.39,-2.65,3.84,114.78,115.672090836576,0.366378,65.93690734,-10.0,2595.0,66.0,2026-09-09
5061,688605,先锋精科,79.08,7.9,8.08,145.39,78.563940853608,0.3077232,66.38987281,-315.0,2439.0,61.6,2026-09-09
5062,688606,奥泰生物,45.77,-1.21,0.26,34.05,45.830779691053,0.1264436,63.83903702,-1024.0,3294.0,62.4,2026-09-09
5063,688607,康众医疗,39.99,-1.55,1.23,-74.33,40.335932417167,0.2398544,56.36557563,-510.0,4938.0,58.8,2026-09-09
5064,688608,恒玄科技,93.1,-5.25,2.09,64.45,95.037394590325,0.2998012,63.90356858,-229.0,3271.0,70.0,2026-09-09
5065,688609,九联科技,9.07,-1.09,2.73,67.42,9.220318358544,0.2576796,59.69938194,-1145.0,4383.0,68.4,2026-09-09
5066,688610,埃科光电,154.27,1.32,2.5,75.84,155.733450434463,0.2224364,62.85060128,137.0,3581.0,58.8,2026-09-09
5067,688611,杭州柯林,62.66,2.7,0.81,-220.33,61.915268668946,0.2797096,62.04451309,1203.0,3813.0,59.2,2026-09-09
5068,688612,威迈斯,39.5,0.28,2.06,28.87,39.293594828111,0.2797232,76.29550978,-83.0,280.0,67.2,2026-09-09
5069,688613,奥精医疗,15.83,-1.06,1.62,393.68,15.893604894125,0.221878,63.292149,-320.0,3459.0,64.8,2026-09-09
5070,688615,合合信息,90.5,-2.22,1.97,35.95,91.167725511572,0.2808068,66.96346987,0.0,2257.0,65.2,2026-09-09
5071,688616,西力科技,11.16,-0.45,0.96,25.52,11.155560641398,0.1650056,71.17698904,1801.0,1063.0,60.4,2026-09-09
5072,688617,惠泰医疗,239.21,-0.16,0.76,31.5,239.857834698427,0.21934,76.52854343,4.0,261.0,68.0,2026-09-09
5073,688618,三旺通信,29.35,-1.94,1.46,-4231.58,29.736534088045,0.2396432,63.35252083,631.0,3441.0,60.8,2026-09-09
5074,688619,罗普特,14.42,1.55,2.07,-32.1,14.600599746055,0.1703268,60.96791175,857.0,4091.0,62.0,2026-09-09
5075,688620,安凯微,15.35,1.66,2.76,74.72,15.331410691099,0.246496,68.91330609,2494.0,1658.0,62.0,2026-09-09
5076,688621,阳光诺和,69.0,-1.75,1.5,-158.36,68.854615776,0.4153988,67.49659052,136.0,2075.0,68.0,2026-09-09
5077,688622,*ST禾信,102.19,4.38,0.81,-185.23,100.911675157654,0.4218796,57.60769517,343.0,4770.0,62.8,2026-09-09
5078,688623,双元科技,56.06,-0.05,0.78,54.86,55.848233790245,0.2949172,62.28065163,351.0,3752.0,59.6,2026-09-09
5079,688625,呈和科技,56.53,-0.69,1.33,57.01,56.960981698351,0.376296,70.13815876,-181.0,1313.0,60.0,2026-09-09
5080,688626,翔宇医疗,39.12,-1.95,1.04,78.92,39.339441810966,0.236296,62.67647862,-1331.0,3633.0,67.2,2026-09-09
5081,688627,精智达,474.21,-2.82,3.37,456.31,481.793530916768,0.454464,67.19478475,-846.0,2177.0,76.0,2026-09-09
5082,688628,优利德,80.84,-2.24,3.66,32.27,83.10722170826,0.3683776,71.4939241,-501.0,997.0,66.4,2026-09-09
5083,688629,华丰科技,126.29,2.2,2.89,200.68,127.519942253038,0.4097268,76.06087324,1641.0,301.0,70.4,2026-09-09
5084,688630,芯碁微装,410.78,1.43,2.43,106.93,415.001923967711,0.4534944,77.38538003,-28.0,200.0,74.4,2026-09-09
5085,688631,莱斯信息,39.13,-1.81,0.53,-83.88,39.389166132292,0.1480104,62.99036265,-493.0,3546.0,63.6,2026-09-09
5086,688633,星球石墨,22.6,-1.01,1.2,15.39,22.646431462437,0.2221436,66.69033901,-163.0,2359.0,60.4,2026-09-09
5087,688635,长进光子,281.5,-2.6,12.82,419.12,289.002430391829,0.445514,70.29675416,-671.0,1270.0,73.2,2026-09-09
5088,688636,智明达,20.67,1.42,2.85,33.49,20.622635808864,0.1784108,70.7207185,1937.0,1175.0,62.0,2026-09-09
5089,688638,誉辰智能,32.39,-1.25,1.67,-12.08,32.499589981762,0.0911336,59.79088392,131.0,4360.0,59.6,2026-09-09
5090,688639,华恒生物,17.8,-3.31,2.26,22.07,18.104872358714,0.168428,65.64131161,-1982.0,2684.0,66.0,2026-09-09
5091,688646,逸飞激光,79.76,3.02,6.21,-238.11,79.961856983134,0.526318431373,71.71328755,1348.0,937.0,67.6,2026-09-09
5092,688648,中邮科技,32.0,-1.45,1.86,-93.05,32.124586739012,0.1716988,59.65283612,-828.0,4392.0,63.2,2026-09-09
5093,688651,盛邦安全,23.35,-4.85,4.28,-29.54,23.575437391858,0.1251788,63.75058273,231.0,3320.0,63.6,2026-09-09
5094,688652,京仪装备,129.3,-1.07,1.73,118.25,130.220910482762,0.1723292,63.11648992,166.0,3513.0,61.2,2026-09-09
5095,688653,康希通信,13.41,0.3,1.97,103.43,13.466798844755,0.23824,65.42557175,1693.0,2757.0,62.0,2026-09-09
5096,688655,迅捷兴,56.52,3.03,13.45,264.28,56.508462151042,0.413406,64.14572658,-214.0,3205.0,76.4,2026-09-09
5097,688656,浩欧博,124.77,5.47,2.15,237.6,124.081453510411,0.4058008,73.11681787,953.0,673.0,66.8,2026-09-09
5098,688657,浩辰软件,32.32,-1.64,1.2,69.86,32.653543600604,0.1109444,69.08514436,-619.0,1610.0,60.8,2026-09-09
5099,688658,悦康药业,13.01,-3.13,2.52,-27.91,13.095308185085,0.2132752,58.4635092,-667.0,4628.0,68.0,2026-09-09
5100,688659,元琛科技,9.76,-1.01,1.64,-41.08,9.784127062448,0.04724,57.65456381,-352.0,4760.0,60.0,2026-09-09
5101,688660,电气风电,8.89,-0.67,4.38,-10.94,8.969943879439,0.2630612,62.88555191,-2025.0,3574.0,78.0,2026-09-09
5102,688661,和林微纳,104.18,2.74,2.77,-1171.21,106.981388560047,0.3208524,67.73396046,2192.0,1997.0,61.2,2026-09-09
5103,688662,富信科技,82.43,-0.78,5.46,214.1,83.677736550266,0.3506244,67.07843838,1632.0,2218.0,71.6,2026-09-09
5104,688663,新风光,55.98,-1.86,1.32,107.37,56.315985976943,0.3852988,66.21619015,-1099.0,2489.0,62.8,2026-09-09
5105,688665,四方光电,43.74,0.97,0.39,27.49,43.793277767067,0.1469872,71.57763476,1767.0,971.0,58.8,2026-09-09
5106,688667,菱电电控,96.17,2.31,1.39,39.16,96.079169481986,0.2662804,72.95530723,447.0,702.0,60.8,2026-09-09
5107,688668,鼎通科技,263.5,-0.55,2.69,99.85,269.308841010635,0.4231112,74.80779594,-90.0,438.0,76.4,2026-09-09
5108,688669,聚石化学,72.29,0.33,1.16,-41.85,72.004608712259,0.3146256,53.5261873,-204.0,5136.0,56.8,2026-09-09
5109,688670,金迪克,17.23,0.94,1.18,-20.78,17.090196686957,0.0833296,59.27569922,-1455.0,4476.0,63.2,2026-09-09
5110,688671,碧兴物联,24.65,-1.0,1.33,-31.67,24.869022506601,0.1291136,57.99780605,387.0,4707.0,58.0,2026-09-09
5111,688676,金盘科技,67.46,2.62,2.59,51.24,67.643343098595,0.3926856,75.86214871,536.0,320.0,79.6,2026-09-09
5112,688677,海泰新光,89.33,-5.46,9.08,70.17,93.480862496698,0.4564772,77.29934087,-112.0,205.0,71.6,2026-09-09
5113,688678,福立旺,21.88,-1.44,3.91,64.4,21.843007095175,0.3679752,74.78427272,1376.0,442.0,68.0,2026-09-09
5114,688679,通源环境,42.0,1.25,3.34,-426.72,42.757219634429,0.3818228,64.54510082,375.0,3070.0,61.6,2026-09-09
5115,688680,海优新材,32.3,-1.01,0.75,-33.13,32.609826994198,0.1588828,61.53292137,957.0,3950.0,61.6,2026-09-09
5116,688681,科汇股份,15.7,-1.32,2.43,59.26,15.622004139467,0.1754256,61.67921922,-757.0,3912.0,59.6,2026-09-09
5117,688682,霍莱沃,30.42,0.4,0.96,353.93,30.640112173243,0.1701888,63.61649102,728.0,3363.0,60.4,2026-09-09
5118,688683,莱尔科技,28.96,0.52,0.5,92.17,29.180520401156,0.165356,61.79964754,-150.0,3890.0,58.4,2026-09-09
5119,688685,迈信林,37.79,-1.74,1.18,257.72,38.135732134355,0.222862,53.68888517,-221.0,5131.0,61.6,2026-09-09
5120,688686,奥普特,143.58,-1.66,1.3,51.47,145.486858921131,0.2445648,65.90479686,244.0,2612.0,68.0,2026-09-09
5121,688687,凯因科技,17.58,-1.35,0.92,56.18,17.604751766329,0.204018,62.01165905,-1105.0,3827.0,63.6,2026-09-09
5122,688689,银河微电,37.7,-0.48,2.73,56.6,38.312388570063,0.2468504,68.97239091,642.0,1649.0,59.6,2026-09-09
5123,688690,纳微科技,42.8,3.38,4.13,63.17,42.328439781535,0.2897572,73.48333032,-462.0,612.0,71.2,2026-09-09
5124,688691,灿芯股份,61.02,-1.1,2.98,-59.96,61.891627099074,0.1687636,55.15956243,12.0,5050.0,61.2,2026-09-09
5125,688692,达梦数据,208.18,-0.42,0.82,53.33,207.950709851717,0.4218244,71.44667602,58.0,1010.0,66.4,2026-09-09
5126,688693,锴威特,74.7,0.81,3.94,-81.3,75.728458475403,0.3033036,60.6445404,366.0,4176.0,59.6,2026-09-09
5127,688695,中创股份,19.39,-1.47,1.57,-41.3,19.440243036472,0.0636228,62.86292746,1216.0,3578.0,62.0,2026-09-09
5128,688696,极米科技,86.6,-2.97,1.25,36.45,87.311878787532,0.2404908,68.14583974,-610.0,1884.0,68.0,2026-09-09
5129,688697,纽威数控,14.64,-0.68,0.97,26.07,14.551343233622,0.1441256,69.7123886,-55.0,1427.0,66.4,2026-09-09
5130,688698,伟创电气,42.4,-2.51,1.24,41.35,42.869859662163,0.204222,65.73020636,-583.0,2659.0,66.0,2026-09-09
5131,688699,明微电子,57.2,-0.26,2.02,37.04,57.734157297821,0.2256224,61.27232963,-921.0,4011.0,61.6,2026-09-09
5132,688700,东威科技,64.6,6.97,6.61,97.24,63.341903604366,0.4000252,76.82395826,2259.0,240.0,71.6,2026-09-09
5133,688701,卓锦股份,9.17,-1.19,1.48,-20.53,9.23046221125,0.0745048,59.38922884,630.0,4453.0,61.2,2026-09-09
5134,688702,盛科通信-U,313.11,-0.65,2.39,-3654.04,316.496697348396,0.3775152,57.04677554,-1.0,4855.0,73.2,2026-09-09
5135,688707,振华新材,10.4,-0.38,0.93,-15.18,10.402320912691,0.2435956,54.79990831,14.0,5079.0,63.6,2026-09-09
5136,688708,佳驰科技,43.98,8.11,3.07,131.66,43.076505935499,0.2797764,71.74301823,981.0,930.0,61.6,2026-09-09
5137,688709,成都华微,23.81,-0.46,1.35,-62.38,23.975170579518,0.160232,57.43233698,325.0,4797.0,64.4,2026-09-09
5138,688710,益诺思,85.0,3.49,4.68,152.95,84.351261558152,0.3006336,71.81850683,-68.0,914.0,65.6,2026-09-09
5139,688711,宏微科技,23.76,-0.59,2.0,646.07,24.084105975855,0.2611936,56.02858906,-539.0,4979.0,62.8,2026-09-09
5140,688712,北芯生命,30.22,-2.58,5.07,67.77,30.452607287937,0.2766356,64.75670441,-1285.0,2998.0,60.4,2026-09-09
5141,688716,中研股份,27.17,1.12,1.63,-127.51,27.188083276235,0.1926236,61.65281908,1106.0,3922.0,62.8,2026-09-09
5142,688717,艾罗能源,44.08,-1.72,4.28,-100.38,44.346049230758,0.1976428,53.64916003,3.0,5133.0,63.6,2026-09-09
5143,688718,唯赛勃,13.96,0.43,0.67,54.15,13.990608115768,0.099898,66.53817955,448.0,2397.0,60.4,2026-09-09
5144,688719,爱科赛博,56.7,-2.58,8.81,-194.36,55.719994347437,0.3762304,70.94359999,-622.0,1133.0,66.4,2026-09-09
5145,688720,艾森股份,60.86,1.82,6.0,170.91,61.82429947464,0.3087804,71.55581783,1470.0,982.0,60.4,2026-09-09
5146,688721,龙图光罩,39.63,5.74,8.05,156.08,38.785059436399,0.2118088,68.66109163,1741.0,1735.0,60.4,2026-09-09
5147,688722,同益中,14.59,-0.48,1.07,23.45,14.610799108465,0.2445268,61.20875271,264.0,4034.0,60.0,2026-09-09
5148,688726,拉普拉斯,42.6,-3.18,2.21,27.3,43.102613688885,0.2805052,65.93093293,584.0,2600.0,61.6,2026-09-09
5149,688727,恒坤新材,45.18,1.35,7.28,120.72,45.607120993314,0.2418672,59.65020535,517.0,4395.0,59.6,2026-09-09
5150,688728,格科微,14.02,-0.5,0.56,2491.61,14.105100091777,0.2536836,59.32679968,60.0,4466.0,62.4,2026-09-09
5151,688729,屹唐股份,22.34,-0.8,1.21,83.43,22.515376222346,0.3555772,63.01685214,-123.0,3536.0,66.0,2026-09-09
5152,688733,壹石通,28.75,0.84,2.13,244.78,28.927434434021,0.2132,63.69820843,158.0,3335.0,62.0,2026-09-09
5153,688737,中自科技,17.16,-0.75,0.79,-15.68,17.215263830324,0.0308352,58.618509,-579.0,4594.0,61.6,2026-09-09
5154,688739,成大生物,20.46,-0.78,0.29,128.01,20.510948082275,0.2314084,65.29623527,1340.0,2802.0,64.8,2026-09-09
5155,688750,金天钛业,14.73,1.17,1.34,103.8,14.693879498265,0.2749408,59.83191531,281.0,4354.0,62.4,2026-09-09
5156,688755,汉邦科技,26.15,-1.62,0.55,33.69,26.313094270447,0.0725048,67.81141862,-469.0,1976.0,60.0,2026-09-09
5157,688757,胜科纳米,30.3,-4.81,5.78,329.99,30.870794439193,0.2220496,67.23932147,-601.0,2158.0,62.0,2026-09-09
5158,688758,赛分科技,28.5,0.64,2.61,53.64,28.480581610864,0.2608008,75.74838318,-117.0,332.0,65.2,2026-09-09
5159,688759,必贝特-U,21.5,-1.51,6.27,-49.68,21.387933121387,0.21748,53.13187553,-18.0,5148.0,60.8,2026-09-09
5160,688765,禾元生物-U,37.65,-3.26,3.37,-107.24,38.118545832619,0.2262264,61.77666551,-2311.0,3894.0,64.0,2026-09-09
5161,688766,普冉股份,393.39,-1.97,4.91,35.38,399.993363799481,0.4861324,72.63475986,-561.0,771.0,81.2,2026-09-09
5162,688767,博拓生物,37.63,-1.62,0.7,-169.74,37.621268167737,0.3139036,61.07327874,-423.0,4064.0,60.8,2026-09-09
5163,688768,容知日新,42.71,-0.84,0.46,-47.47,42.832680029473,0.228542,64.26132962,435.0,3166.0,60.8,2026-09-09
5164,688772,珠海冠宇,15.08,0.94,1.43,-42.24,15.120727035677,0.3598016,63.0256157,1334.0,3533.0,63.6,2026-09-09
5165,688775,影石创新,101.29,-2.31,1.09,667.89,102.065244964914,0.2795932,62.46702899,-113.0,3698.0,72.8,2026-09-09
5166,688776,国光电气,46.93,-0.59,1.11,-35.03,47.395314282188,0.163332,58.0511833,417.0,4702.0,65.2,2026-09-09
5167,688777,中控技术,86.52,-1.31,1.07,220.7,87.240790327555,0.3651432,61.76484609,259.0,3897.0,72.4,2026-09-09
5168,688778,厦钨新能,43.96,-0.99,0.87,22.59,44.01455844044,0.244516,64.45370295,-48.0,3107.0,71.2,2026-09-09
5169,688779,五矿新能,7.73,0.39,0.67,19.75,7.721501893532,0.2696124,65.29170266,576.0,2804.0,70.0,2026-09-09
5170,688781,视涯科技-UW,38.72,-3.49,5.38,-360.37,39.39323606677,0.27754,61.90384285,-1833.0,3862.0,62.4,2026-09-09
5171,688783,西安奕材-U,26.9,-0.85,5.92,-187.74,27.351732558427,0.3069592,54.4224644,49.0,5101.0,66.4,2026-09-09
5172,688785,恒运昌,295.61,-2.72,4.15,191.15,296.215057533389,0.3401324,71.29788455,-674.0,1035.0,65.6,2026-09-09
5173,688786,悦安新材,25.89,0.12,1.57,61.63,26.088101262664,0.2146376,64.63731911,-1697.0,3040.0,58.8,2026-09-09
5174,688787,海天瑞声,92.72,-1.81,2.34,286.17,93.00714341088,0.261424,68.00850698,92.0,1920.0,68.0,2026-09-09
5175,688788,科思科技,30.02,0.07,0.85,-18.65,30.120137164179,0.2561648,59.12377164,-107.0,4503.0,62.4,2026-09-09
5176,688789,宏华数科,41.1,-2.74,1.73,33.34,41.256787089433,0.218356,66.62130468,120.0,2378.0,62.4,2026-09-09
5177,688790,昂瑞微-UW,101.3,-3.52,7.13,32.3,104.162722813669,0.2950864,59.6081881,401.0,4403.0,64.4,2026-09-09
5178,688793,倍轻松,18.0,-3.43,1.33,-16.23,18.190059656005,0.1368928,59.63825889,627.0,4396.0,63.2,2026-09-09
5179,688795,摩尔线程-U,387.15,-3.24,16.15,-7868.63,388.737841231169,0.5042076,71.64173019,260.0,956.0,92.0,2026-09-09
5180,688796,百奥赛图,126.01,-1.98,7.93,116.79,126.025930782399,0.3419356,75.39758578,-350.0,364.0,70.0,2026-09-09
5181,688798,艾为电子,58.43,-1.93,4.46,71.79,60.532100475842,0.2978068,67.17614363,2085.0,2185.0,66.8,2026-09-09
5182,688799,华纳药厂,48.41,-2.42,1.07,50.07,48.965956275176,0.3701684,72.88192184,521.0,719.0,62.4,2026-09-09
5183,688800,瑞可达,67.68,2.08,5.07,88.01,67.918628572214,0.3883664,78.69971254,13.0,139.0,70.0,2026-09-09
5184,688802,沐曦股份-U,532.0,-4.31,8.69,173.77,539.380588662985,0.4041536,55.67997545,-112.0,5013.0,84.4,2026-09-09
5185,688805,健信超导,40.05,-3.14,3.21,68.12,40.642733925888,0.2518448,64.35628076,-760.0,3144.0,62.8,2026-09-09
5186,688807,优迅股份,335.65,0.79,14.57,223.11,346.846786505004,0.507726,75.61816867,2064.0,346.0,68.0,2026-09-09
5187,688808,联讯仪器,2471.0,-6.86,6.03,223.66,2525.52284029423,0.981684,80.81550037,-52.0,62.0,81.2,2026-09-09
5188,688809,强一股份,477.0,3.92,7.42,138.93,476.121088926521,0.4806556,73.62888473,217.0,582.0,66.0,2026-09-09
5189,688811,有研复材,20.1,0.45,3.42,279.17,20.181833394811,0.2433352,64.74099413,1635.0,3004.0,60.0,2026-09-09
5190,688813,泰金新能,117.62,-3.16,15.33,108.3,119.920420268607,0.3681292,75.90581751,868.0,316.0,71.2,2026-09-09
5191,688816,易思维,47.44,-1.23,1.1,-63.94,47.648487409818,0.1503172,61.74683493,390.0,3902.0,61.6,2026-09-09
5192,688818,电科蓝天,43.35,-1.21,2.89,524.23,43.656609178348,0.3243428,71.21211946,1744.0,1052.0,62.4,2026-09-09
5193,688819,天能股份,21.34,-0.14,0.13,36.87,21.308645910497,0.1633416,65.03113764,-646.0,2884.0,65.6,2026-09-09
5194,688820,盛合晶微,124.78,-3.64,5.69,258.63,126.70566884114,0.3433284,64.52494352,-1313.0,3079.0,76.8,2026-09-09
5195,688981,中芯国际,120.51,-0.83,1.09,115.48,121.081947833254,0.4670392,68.44890359,338.0,1794.0,84.4,2026-09-09
5196,689009,九号公司-WD,38.5,-2.46,1.48,14.05,38.835484754323,0.2951948,69.6876746,-673.0,1436.0,73.2,2026-09-09
