time,open,close,high,low,volume,amount
2026-08-27 13:58:00,37.55,37.53,37.55,37.53,2218.0,83258.0
2026-08-27 13:59:00,37.52,37.52,37.53,37.52,6585.0,247088.0
2026-08-27 14:00:00,37.53,37.53,37.53,37.53,520.0,19516.0
2026-08-27 14:01:00,37.54,37.54,37.54,37.54,380.0,14264.0
2026-08-27 14:02:00,37.54,37.58,37.63,37.54,300.0,11280.0
2026-08-27 14:03:00,37.58,37.63,37.63,37.58,962.0,36160.0
2026-08-27 14:04:00,37.64,37.73,37.73,37.64,3470.0,130748.0
2026-08-27 14:05:00,37.72,37.75,37.75,37.72,3646.0,137600.0
2026-08-27 14:06:00,37.74,37.74,37.74,37.74,861.0,32496.0
2026-08-27 14:07:00,37.74,37.7,37.74,37.7,333.0,12564.0
2026-08-27 14:08:00,37.7,37.71,37.71,37.7,370.0,13952.0
2026-08-27 14:09:00,37.73,37.75,37.75,37.73,1514.0,57148.0
2026-08-27 14:10:00,37.75,37.74,37.75,37.74,275.0,10380.0
2026-08-27 14:11:00,37.75,37.78,37.78,37.75,3025.0,114272.0
2026-08-27 14:12:00,37.77,37.77,37.77,37.77,200.0,7552.0
2026-08-27 14:13:00,37.8,37.88,37.9,37.8,6444.0,243850.0
2026-08-27 14:15:00,37.8,37.8,37.8,37.8,100.0,3780.0
2026-08-27 14:16:00,37.81,37.81,37.81,37.81,100.0,3782.0
2026-08-27 14:18:00,37.9,37.91,37.91,37.9,9087.0,344340.0
2026-08-27 14:20:00,37.89,37.82,37.89,37.82,1823.0,68960.0
2026-08-27 14:21:00,37.88,37.88,37.88,37.88,430.0,16288.0
2026-08-27 14:22:00,37.88,37.88,37.88,37.88,1519.0,57540.0
2026-08-27 14:23:00,37.88,37.88,37.88,37.88,2000.0,75760.0
2026-08-27 14:25:00,37.82,37.88,37.88,37.81,3205.0,121272.0
2026-08-27 14:26:00,37.81,37.81,37.81,37.81,200.0,7560.0
2026-08-27 14:27:00,37.81,37.81,37.81,37.81,200.0,7564.0
2026-08-27 14:28:00,37.83,37.85,37.85,37.83,829.0,31368.0
2026-08-27 14:29:00,37.85,37.85,37.85,37.85,100.0,3786.0
2026-08-27 14:30:00,37.85,37.85,37.88,37.85,2181.0,82558.0
2026-08-27 14:31:00,37.82,37.82,37.82,37.82,1200.0,45384.0
2026-08-27 14:32:00,37.82,37.83,37.83,37.82,200.0,7564.0
2026-08-27 14:33:00,37.82,37.82,37.82,37.82,1093.0,41338.0
2026-08-27 14:34:00,37.82,37.82,37.83,37.82,1640.0,62034.0
2026-08-27 14:35:00,37.81,37.81,37.81,37.81,669.0,25294.0
2026-08-27 14:36:00,37.81,37.81,37.81,37.81,1277.0,48282.0
2026-08-27 14:37:00,37.8,37.8,37.8,37.78,6827.0,258048.0
2026-08-27 14:39:00,37.79,37.77,37.79,37.77,1100.0,41550.0
2026-08-27 14:40:00,37.75,37.79,37.79,37.75,1190.0,44948.0
2026-08-27 14:41:00,37.79,37.79,37.79,37.79,100.0,3778.0
2026-08-27 14:42:00,37.86,37.85,37.86,37.85,822.0,31116.0
2026-08-27 14:43:00,37.85,37.8,37.85,37.8,2679.0,101332.0
2026-08-27 14:44:00,37.81,37.86,37.86,37.81,1089.0,41210.0
2026-08-27 14:45:00,37.86,37.86,37.86,37.86,3087.0,116878.0
2026-08-27 14:46:00,37.85,37.85,37.85,37.85,1000.0,37848.0
2026-08-27 14:47:00,37.86,37.87,37.88,37.86,2434.0,92180.0
2026-08-27 14:48:00,37.86,37.87,37.87,37.86,3260.0,123444.0
2026-08-27 14:49:00,37.87,37.88,37.88,37.87,1728.0,65446.0
2026-08-27 14:50:00,37.87,37.87,37.88,37.86,10809.0,409422.0
2026-08-27 14:51:00,37.86,37.85,37.88,37.85,7812.0,295774.0
2026-08-27 14:52:00,37.87,37.85,37.87,37.83,31534.0,936564.0
2026-08-27 14:53:00,37.82,37.83,37.83,37.82,4023.0,152150.0
2026-08-27 14:54:00,37.85,37.86,37.86,37.85,1608.0,60868.0
2026-08-27 14:55:00,37.88,37.9,37.9,37.88,8188.0,310288.0
2026-08-27 14:56:00,37.9,37.93,37.93,37.9,10968.0,415848.0
2026-08-27 14:57:00,37.93,37.97,37.97,37.93,10108.0,383532.0
2026-08-27 15:00:00,37.98,37.98,37.98,37.98,12127.0,460584.0
2026-08-28 09:31:00,38.05,37.96,38.05,37.68,2650.0,100333.0
2026-08-28 09:32:00,37.96,37.82,37.96,37.7,4342.0,164085.0
2026-08-28 09:33:00,37.67,37.66,37.71,37.66,6279.0,236637.0
2026-08-28 09:34:00,37.62,37.7,37.7,37.61,6500.0,244879.0
2026-08-28 09:35:00,37.69,37.7,37.7,37.69,16905.0,637294.0
2026-08-28 09:37:00,37.8,37.94,37.94,37.77,3120.0,118010.0
2026-08-28 09:38:00,37.94,37.89,37.95,37.77,12230.0,463297.0
2026-08-28 09:39:00,37.73,37.63,37.73,37.61,6052.0,227898.0
2026-08-28 09:40:00,37.61,37.96,37.96,37.61,14379.0,544181.0
2026-08-28 09:41:00,37.96,37.95,37.96,37.79,7194.0,272504.0
2026-08-28 09:42:00,37.95,37.79,37.95,37.79,9194.0,347732.0
2026-08-28 09:43:00,37.79,37.69,37.79,37.69,300.0,11327.0
2026-08-28 09:44:00,37.71,37.71,37.71,37.71,232.0,8749.0
2026-08-28 09:45:00,37.78,37.78,37.78,37.78,2102.0,79406.0
2026-08-28 09:46:00,37.77,37.79,37.79,37.77,10886.0,411373.0
2026-08-28 09:47:00,37.98,37.98,37.98,37.98,2431.0,92327.0
2026-08-28 09:48:00,37.98,37.99,37.99,37.98,5663.0,215080.0
2026-08-28 09:49:00,37.98,37.98,37.98,37.98,600.0,22788.0
2026-08-28 09:50:00,37.88,37.88,37.88,37.88,1670.0,63258.0
2026-08-28 09:51:00,37.86,37.82,37.86,37.82,1332.0,50417.0
2026-08-28 09:52:00,37.82,37.71,37.82,37.71,1568.0,59205.0
2026-08-28 09:53:00,37.86,37.71,37.86,37.71,9002.0,339795.0
2026-08-28 09:54:00,37.71,37.71,37.71,37.71,344.0,12972.0
2026-08-28 09:55:00,37.72,37.66,37.72,37.62,9467.0,356738.0
2026-08-28 09:56:00,37.65,37.62,37.65,37.61,6704.0,225913.0
2026-08-28 09:57:00,37.65,37.65,37.71,37.62,4453.0,167644.0
2026-08-28 09:58:00,37.66,37.63,37.66,37.63,3287.0,123768.0
2026-08-28 09:59:00,37.63,37.62,37.63,37.62,3335.0,125514.0
2026-08-28 10:00:00,37.62,37.63,37.63,37.62,6917.0,260262.0
2026-08-28 10:01:00,37.66,37.63,37.66,37.62,6847.0,257702.0
2026-08-28 10:02:00,37.63,37.63,37.63,37.63,1000.0,37630.0
2026-08-28 10:03:00,37.66,37.65,37.66,37.65,1600.0,60246.0
2026-08-28 10:04:00,37.66,37.72,37.72,37.65,10900.0,411017.0
2026-08-28 10:05:00,37.67,37.67,37.67,37.67,2000.0,75340.0
2026-08-28 10:06:00,37.7,37.7,37.7,37.7,100.0,3770.0
2026-08-28 10:07:00,37.7,37.7,37.7,37.7,1550.0,58423.0
2026-08-28 10:08:00,37.7,37.7,37.7,37.69,2042.0,76979.0
2026-08-28 10:09:00,37.7,37.7,37.7,37.7,300.0,11310.0
2026-08-28 10:10:00,37.7,37.75,37.75,37.7,1411.0,53204.0
2026-08-28 10:11:00,37.8,37.75,37.8,37.75,861.0,32527.0
2026-08-28 10:12:00,37.75,37.75,37.75,37.75,953.0,35997.0
2026-08-28 10:13:00,37.75,37.75,37.75,37.75,152.0,5738.0
2026-08-28 10:14:00,37.75,37.66,37.75,37.66,14010.0,528122.0
2026-08-28 10:15:00,37.66,37.63,37.66,37.63,5909.0,222457.0
2026-08-28 10:16:00,37.65,37.63,37.65,37.63,4976.0,97428.0
2026-08-28 10:17:00,37.63,37.63,37.63,37.63,1242.0,46737.0
2026-08-28 10:18:00,37.65,37.65,37.65,37.65,1149.0,43260.0
2026-08-28 10:19:00,37.65,37.63,37.65,37.63,3259.0,122653.0
2026-08-28 10:20:00,37.63,37.6,37.63,37.6,19053.0,716462.0
2026-08-28 10:21:00,37.58,37.6,37.6,37.58,2600.0,97712.0
2026-08-28 10:22:00,37.6,37.5,37.6,37.5,10790.0,405332.0
2026-08-28 10:23:00,37.52,37.5,37.52,37.5,950.0,35628.0
2026-08-28 10:24:00,37.51,37.46,37.51,37.46,27902.0,1045926.0
2026-08-28 10:25:00,37.44,37.42,37.44,37.41,12203.0,456511.0
2026-08-28 10:26:00,37.42,37.4,37.42,37.4,5803.0,217102.0
2026-08-28 10:27:00,37.42,37.36,37.42,37.36,10529.0,393696.0
2026-08-28 10:28:00,37.35,37.31,37.55,37.31,20842.0,777971.0
2026-08-28 10:29:00,37.28,37.2,37.28,37.2,6333.0,235791.0
2026-08-28 10:30:00,37.2,37.53,37.53,37.2,14164.0,527266.0
2026-08-28 10:31:00,37.21,37.22,37.22,37.21,702.0,26124.0
2026-08-28 10:32:00,37.23,37.24,37.24,37.23,3900.0,145230.0
2026-08-28 10:33:00,37.47,37.45,37.47,37.45,10223.0,383026.0
2026-08-28 10:34:00,37.26,37.26,37.26,37.26,300.0,11178.0
2026-08-28 10:35:00,37.26,37.26,37.26,37.26,3126.0,116475.0
2026-08-28 10:39:00,37.26,37.26,37.26,37.26,3300.0,122996.0
2026-08-28 10:40:00,37.25,37.26,37.26,37.25,1444.0,53800.0
2026-08-28 10:41:00,37.3,37.26,37.37,37.26,518.0,19338.0
2026-08-28 10:42:00,37.26,37.24,37.26,37.24,12363.0,460673.0
2026-08-28 10:43:00,37.24,37.23,37.26,37.23,3887.0,144777.0
2026-08-28 10:44:00,37.23,37.24,37.26,37.23,2042.0,76054.0
2026-08-28 10:45:00,37.24,37.23,37.25,37.23,7200.0,268094.0
2026-08-28 10:46:00,37.22,37.2,37.22,37.2,21017.0,781942.0
2026-08-28 10:47:00,37.21,37.23,37.23,37.21,901.0,33530.0
2026-08-28 10:48:00,37.23,37.23,37.23,37.23,100.0,3723.0
2026-08-28 10:50:00,37.25,37.23,37.25,37.23,5814.0,216469.0
2026-08-28 10:51:00,37.21,37.25,37.25,37.21,9131.0,339833.0
2026-08-28 10:52:00,37.21,37.21,37.21,37.21,200.0,7442.0
2026-08-28 10:53:00,37.33,37.22,37.33,37.22,1100.0,40953.0
2026-08-28 10:54:00,37.22,37.22,37.22,37.22,310.0,11538.0
2026-08-28 10:55:00,37.23,37.23,37.23,37.23,900.0,33507.0
2026-08-28 10:56:00,37.23,37.22,37.23,37.22,1400.0,52121.0
2026-08-28 10:58:00,37.22,37.22,37.22,37.22,100.0,3722.0
2026-08-28 11:01:00,37.25,37.26,37.26,37.25,849.0,31632.0
2026-08-28 11:03:00,37.28,37.28,37.28,37.28,100.0,3728.0
2026-08-28 11:04:00,37.37,37.33,37.39,37.33,791.0,29558.0
2026-08-28 11:09:00,37.3,37.3,37.3,37.3,600.0,22380.0
2026-08-28 11:10:00,37.3,37.42,37.42,37.3,1210.0,45230.0
2026-08-28 11:11:00,37.42,37.43,37.43,37.42,2158.0,80758.0
2026-08-28 11:12:00,37.46,37.31,37.46,37.31,9923.0,370442.0
2026-08-28 11:13:00,37.31,37.33,37.33,37.31,5396.0,201370.0
2026-08-28 11:14:00,37.34,37.46,37.46,37.34,2458.0,91898.0
2026-08-28 11:16:00,37.34,37.23,37.34,37.2,16139.0,600900.0
2026-08-28 11:17:00,37.23,37.23,37.23,37.22,950.0,35368.0
2026-08-28 11:18:00,37.23,37.25,37.41,37.23,300.0,11188.0
2026-08-28 11:19:00,37.25,37.25,37.25,37.25,6028.0,224556.0
2026-08-28 11:20:00,37.25,37.25,37.25,37.24,672.0,25032.0
2026-08-28 11:21:00,37.24,37.24,37.24,37.24,100.0,3724.0
2026-08-28 11:22:00,37.25,37.25,37.25,37.25,100.0,3724.0
2026-08-28 11:24:00,37.3,37.3,37.3,37.3,100.0,3732.0
2026-08-28 11:25:00,37.3,37.3,37.3,37.3,439.0,16374.0
2026-08-28 11:26:00,37.3,37.3,37.3,37.3,456.0,17008.0
2026-08-28 11:27:00,37.3,37.3,37.3,37.3,27.0,1008.0
2026-08-28 11:29:00,37.39,37.39,37.39,37.39,665.0,24864.0
2026-08-28 11:30:00,37.39,37.4,37.4,37.39,3089.0,115514.0
2026-08-28 13:01:00,37.4,37.28,37.4,37.28,800.0,29836.0
2026-08-28 13:02:00,37.27,37.27,37.27,37.27,100.0,3728.0
2026-08-28 13:04:00,37.28,37.28,37.28,37.28,200.0,7456.0
2026-08-28 13:05:00,37.26,37.25,37.26,37.25,1500.0,55888.0
2026-08-28 13:07:00,37.28,37.28,37.28,37.28,100.0,3728.0
2026-08-28 13:09:00,37.34,37.34,37.34,37.34,360.0,13444.0
2026-08-28 13:10:00,37.34,37.34,37.34,37.34,548.0,20462.0
2026-08-28 13:11:00,37.34,37.26,37.34,37.26,1379.0,51490.0
2026-08-28 13:12:00,37.26,37.25,37.26,37.25,3497.0,130278.0
2026-08-28 13:13:00,37.25,37.24,37.25,37.24,1594.0,59370.0
2026-08-28 13:14:00,37.24,37.25,37.33,37.24,1261.0,47020.0
2026-08-28 13:15:00,37.25,37.25,37.25,37.25,100.0,3726.0
2026-08-28 13:16:00,37.25,37.32,37.32,37.25,2012.0,75080.0
2026-08-28 13:17:00,37.25,37.25,37.25,37.25,500.0,18654.0
2026-08-28 13:18:00,37.25,37.25,37.25,37.25,752.0,28012.0
2026-08-28 13:19:00,37.24,37.23,37.24,37.23,8525.0,317456.0
2026-08-28 13:20:00,37.23,37.22,37.23,37.22,4207.0,156588.0
2026-08-28 13:21:00,37.22,37.22,37.22,37.21,2900.0,107930.0
2026-08-28 13:22:00,37.28,37.22,37.28,37.22,582.0,21670.0
2026-08-28 13:23:00,37.26,37.23,37.26,37.23,500.0,18628.0
2026-08-28 13:24:00,37.23,37.23,37.23,37.23,500.0,18616.0
2026-08-28 13:25:00,37.28,37.32,37.32,37.21,14156.0,527626.0
2026-08-28 13:26:00,37.32,37.32,37.32,37.32,103.0,3844.0
2026-08-28 13:30:00,37.24,37.24,37.24,37.24,200.0,7448.0
2026-08-28 13:31:00,37.3,37.3,37.3,37.3,500.0,18650.0
2026-08-28 13:32:00,37.24,37.22,37.24,37.22,1259.0,46876.0
2026-08-28 13:34:00,37.28,37.24,37.28,37.24,1237.0,46082.0
2026-08-28 13:35:00,37.24,37.22,37.24,37.22,689.0,25654.0
2026-08-28 13:37:00,37.23,37.23,37.23,37.23,1232.0,45868.0
2026-08-28 13:39:00,37.25,37.24,37.25,37.24,1300.0,48416.0
2026-08-28 13:40:00,37.23,37.25,37.25,37.23,774.0,28824.0
2026-08-28 13:41:00,37.24,37.24,37.24,37.24,980.0,36496.0
2026-08-28 13:42:00,37.3,37.3,37.3,37.3,1430.0,53320.0
2026-08-28 13:43:00,37.3,37.3,37.44,37.3,3300.0,123126.0
2026-08-28 13:44:00,37.31,37.31,37.31,37.31,300.0,11194.0
2026-08-28 13:45:00,37.3,37.23,37.3,37.23,1505.0,56068.0
2026-08-28 13:46:00,37.23,37.24,37.24,37.23,226.0,8416.0
2026-08-28 13:47:00,37.23,37.21,37.23,37.21,5979.0,222554.0
2026-08-28 13:48:00,37.23,37.21,37.23,37.21,4656.0,173290.0
2026-08-28 13:49:00,37.22,37.21,37.23,37.21,9203.0,342558.0
2026-08-28 13:50:00,37.23,37.24,37.24,37.23,6320.0,235294.0
2026-08-28 13:51:00,37.23,37.23,37.23,37.23,1200.0,44676.0
2026-08-28 13:52:00,37.23,37.23,37.23,37.23,1900.0,70738.0
2026-08-28 13:53:00,37.28,37.29,37.29,37.28,1543.0,57524.0
2026-08-28 13:55:00,37.3,37.3,37.3,37.3,1123.0,41886.0
2026-08-28 13:56:00,37.28,37.28,37.28,37.28,157.0,5852.0
2026-08-28 13:57:00,37.24,37.23,37.24,37.23,143.0,5326.0
2026-08-28 13:58:00,37.23,37.28,37.28,37.23,888.0,33086.0
2026-08-28 13:59:00,37.25,37.25,37.25,37.25,112.0,4172.0
2026-08-28 14:00:00,37.24,37.23,37.24,37.23,788.0,29344.0
2026-08-28 14:01:00,37.21,37.21,37.21,37.21,7400.0,275400.0
2026-08-28 14:03:00,37.23,37.23,37.23,37.21,759.0,28256.0
2026-08-28 14:04:00,37.24,37.23,37.24,37.23,1100.0,40964.0
2026-08-28 14:05:00,37.24,37.22,37.24,37.21,3697.0,137636.0
2026-08-28 14:06:00,37.22,37.22,37.23,37.22,603.0,22450.0
2026-08-28 14:09:00,37.23,37.22,37.23,37.22,860.0,32014.0
2026-08-28 14:11:00,37.22,37.21,37.22,37.21,6474.0,240950.0
2026-08-28 14:12:00,37.22,37.22,37.22,37.22,100.0,3722.0
2026-08-28 14:13:00,37.22,37.21,37.22,37.21,800.0,29770.0
2026-08-28 14:14:00,37.21,37.22,37.22,37.21,1928.0,71746.0
2026-08-28 14:15:00,37.24,37.24,37.24,37.24,100.0,3724.0
2026-08-28 14:16:00,37.24,37.21,37.24,37.21,900.0,33490.0
2026-08-28 14:17:00,37.21,37.21,37.21,37.21,220.0,8186.0
2026-08-28 14:19:00,37.21,37.21,37.21,37.21,100.0,3720.0
2026-08-28 14:21:00,37.22,37.23,37.23,37.21,1926.0,71690.0
2026-08-28 14:22:00,37.21,37.21,37.21,37.21,100.0,3722.0
2026-08-28 14:23:00,37.2,37.2,37.2,37.2,12906.0,480124.0
2026-08-28 14:24:00,37.17,37.05,37.17,37.03,19450.0,722136.0
2026-08-28 14:25:00,37.05,37.04,37.08,37.03,5800.0,214916.0
2026-08-28 14:26:00,37.05,37.08,37.1,37.04,3952.0,146502.0
2026-08-28 14:27:00,37.08,37.09,37.12,37.08,4846.0,179868.0
2026-08-28 14:28:00,37.09,37.0,37.09,37.0,16617.0,615418.0
2026-08-28 14:29:00,37.03,37.0,37.03,37.0,17553.0,649566.0
2026-08-28 14:30:00,37.0,37.01,37.05,37.0,1500.0,55510.0
2026-08-28 14:31:00,37.05,37.04,37.19,37.03,3389.0,125656.0
2026-08-28 14:32:00,37.03,37.1,37.17,37.03,700.0,25968.0
2026-08-28 14:33:00,37.06,37.06,37.06,37.06,100.0,3708.0
2026-08-28 14:34:00,37.11,37.06,37.12,37.06,737.0,27348.0
2026-08-28 14:35:00,37.12,37.06,37.12,37.06,600.0,22264.0
2026-08-28 14:36:00,37.06,37.12,37.12,37.06,134.0,4974.0
2026-08-28 14:37:00,37.1,37.08,37.1,37.08,900.0,33386.0
2026-08-28 14:38:00,37.1,37.07,37.1,37.07,800.0,29664.0
2026-08-28 14:39:00,37.09,37.03,37.13,37.03,3614.0,133944.0
2026-08-28 14:40:00,37.02,37.02,37.03,37.02,1300.0,48132.0
2026-08-28 14:41:00,37.02,37.02,37.02,37.02,600.0,22212.0
2026-08-28 14:42:00,37.04,37.04,37.04,37.04,200.0,7408.0
2026-08-28 14:43:00,37.05,37.03,37.05,37.03,1400.0,51856.0
2026-08-28 14:44:00,37.04,37.0,37.04,37.0,7874.0,291432.0
2026-08-28 14:45:00,37.0,36.99,37.0,36.99,9504.0,351648.0
2026-08-28 14:46:00,36.95,36.86,36.95,36.85,11949.0,393464.0
2026-08-28 14:47:00,36.83,36.84,36.87,36.83,7830.0,288586.0
2026-08-28 14:48:00,36.83,36.85,36.91,36.83,3542.0,130616.0
2026-08-28 14:49:00,36.85,36.84,36.9,36.84,4213.0,155270.0
2026-08-28 14:50:00,36.83,36.83,36.86,36.83,4334.0,159688.0
2026-08-28 14:51:00,36.86,36.86,36.86,36.84,750.0,27642.0
2026-08-28 14:52:00,36.84,36.84,36.88,36.84,7344.0,270642.0
2026-08-28 14:53:00,36.85,36.84,36.85,36.84,2200.0,81068.0
2026-08-28 14:54:00,36.84,36.84,36.85,36.84,3502.0,129036.0
2026-08-28 14:55:00,36.85,36.85,36.86,36.84,7690.0,283356.0
2026-08-28 14:56:00,36.85,36.84,36.85,36.84,1796.0,66168.0
2026-08-28 14:57:00,36.84,36.83,36.85,36.83,5185.0,191040.0
2026-08-28 15:00:00,36.82,36.82,36.82,36.82,9439.0,347544.0
2026-08-31 09:31:00,36.48,36.16,36.48,36.1,24299.0,881353.0
2026-08-31 09:32:00,36.17,36.2,36.42,36.17,8584.0,310962.0
2026-08-31 09:33:00,36.4,36.23,36.4,36.23,15645.0,567574.0
2026-08-31 09:34:00,36.23,36.23,36.23,36.18,5643.0,204291.0
2026-08-31 09:35:00,36.24,36.26,36.26,36.24,1200.0,43513.0
2026-08-31 09:36:00,36.24,36.24,36.24,36.24,200.0,7250.0
2026-08-31 09:37:00,36.36,36.36,36.36,36.24,890.0,32338.0
2026-08-31 09:39:00,36.3,36.33,36.36,36.23,8849.0,321025.0
2026-08-31 09:40:00,36.33,36.39,36.39,36.33,6224.0,193432.0
2026-08-31 09:41:00,36.39,36.41,36.41,36.39,1695.0,61691.0
2026-08-31 09:42:00,36.41,36.54,36.54,36.41,1958.0,71441.0
2026-08-31 09:43:00,36.54,36.55,36.55,36.54,1500.0,54811.0
2026-08-31 09:44:00,36.55,36.55,36.55,36.55,100.0,3655.0
2026-08-31 09:45:00,36.15,36.43,36.55,36.15,15677.0,568779.0
2026-08-31 09:46:00,36.2,36.21,36.39,36.2,968.0,35065.0
2026-08-31 09:47:00,36.38,36.38,36.38,36.38,740.0,26921.0
2026-08-31 09:48:00,36.37,36.38,36.38,36.26,12632.0,457961.0
2026-08-31 09:49:00,36.38,36.38,36.38,36.38,540.0,19646.0
2026-08-31 09:50:00,36.38,36.38,36.38,36.25,2378.0,86390.0
2026-08-31 09:51:00,36.25,36.26,36.26,36.25,3864.0,140090.0
2026-08-31 09:52:00,36.26,36.26,36.26,36.26,1600.0,58016.0
2026-08-31 09:53:00,36.26,36.25,36.26,36.25,12175.0,441388.0
2026-08-31 09:54:00,36.2,36.18,36.2,36.18,2041.0,73911.0
2026-08-31 09:55:00,36.19,36.24,36.24,36.18,6852.0,248000.0
2026-08-31 09:56:00,36.24,36.14,36.24,36.14,9573.0,346468.0
2026-08-31 09:58:00,36.18,36.26,36.26,36.18,200.0,7244.0
2026-08-31 09:59:00,36.26,36.26,36.26,36.26,890.0,32271.0
2026-08-31 10:00:00,36.26,36.2,36.26,36.2,15.0,543.0
2026-08-31 10:02:00,36.26,36.26,36.26,36.26,100.0,3626.0
2026-08-31 10:04:00,36.26,36.25,36.26,36.25,5708.0,206936.0
2026-08-31 10:06:00,36.26,36.26,36.26,36.26,1534.0,55622.0
2026-08-31 10:07:00,36.26,36.26,36.26,36.26,1161.0,42098.0
2026-08-31 10:08:00,36.25,36.3,36.3,36.25,1846.0,66962.0
2026-08-31 10:09:00,36.29,36.32,36.32,36.29,3825.0,117021.0
2026-08-31 10:10:00,36.32,36.3,36.32,36.3,2856.0,103715.0
2026-08-31 10:11:00,36.32,36.36,36.36,36.32,1600.0,58156.0
2026-08-31 10:12:00,36.38,36.36,36.38,36.36,1200.0,43634.0
2026-08-31 10:13:00,36.36,36.36,36.36,36.36,1250.0,45455.0
2026-08-31 10:14:00,36.3,36.35,36.35,36.3,1289.0,46797.0
2026-08-31 10:15:00,36.35,36.35,36.35,36.35,249.0,9054.0
2026-08-31 10:16:00,36.3,36.32,36.32,36.3,1174.0,42624.0
2026-08-31 10:18:00,36.32,36.35,36.35,36.32,1674.0,60841.0
2026-08-31 10:20:00,36.35,36.35,36.35,36.35,178.0,6470.0
2026-08-31 10:21:00,36.33,36.33,36.33,36.33,2490.0,90462.0
2026-08-31 10:23:00,36.34,36.34,36.34,36.34,456.0,16573.0
2026-08-31 10:24:00,36.34,36.34,36.34,36.34,69.0,2507.0
2026-08-31 10:25:00,36.34,36.35,36.35,36.33,2303.0,83674.0
2026-08-31 10:26:00,36.35,36.35,36.35,36.35,200.0,7270.0
2026-08-31 10:28:00,36.18,36.18,36.18,36.18,19000.0,688479.0
2026-08-31 10:30:00,36.19,36.19,36.19,36.19,1475.0,53392.0
2026-08-31 10:31:00,36.35,36.35,36.35,36.35,141.0,5125.0
2026-08-31 10:32:00,36.34,36.34,36.34,36.34,100.0,3634.0
2026-08-31 10:34:00,36.23,36.23,36.23,36.23,1000.0,36230.0
2026-08-31 10:36:00,36.23,36.23,36.23,36.23,600.0,21738.0
2026-08-31 10:37:00,36.23,36.23,36.23,36.23,600.0,21738.0
2026-08-31 10:38:00,36.28,36.18,36.28,36.18,8240.0,298288.0
2026-08-31 10:39:00,36.23,36.23,36.23,36.23,4215.0,152692.0
2026-08-31 10:40:00,36.23,36.23,36.23,36.23,1300.0,47099.0
2026-08-31 10:41:00,36.23,36.28,36.28,36.23,1120.0,40586.0
2026-08-31 10:43:00,36.24,36.24,36.24,36.23,1557.0,56420.0
2026-08-31 10:44:00,36.3,36.32,36.32,36.24,440.0,15969.0
2026-08-31 10:46:00,36.25,36.25,36.25,36.24,2285.0,82820.0
2026-08-31 10:48:00,36.25,36.25,36.25,36.25,100.0,3625.0
2026-08-31 10:49:00,36.24,36.24,36.24,36.24,1594.0,57767.0
2026-08-31 10:50:00,36.24,36.23,36.24,36.23,7128.0,258264.0
2026-08-31 10:51:00,36.23,36.18,36.24,36.18,4335.0,156952.0
2026-08-31 10:52:00,36.17,36.16,36.24,36.16,2721.0,98426.0
2026-08-31 10:53:00,36.16,36.16,36.16,36.15,3788.0,136970.0
2026-08-31 10:54:00,36.13,36.13,36.13,36.13,6975.0,252032.0
2026-08-31 10:55:00,36.11,36.1,36.11,36.1,8341.0,301164.0
2026-08-31 10:56:00,36.1,36.1,36.1,36.1,3063.0,110575.0
2026-08-31 10:57:00,36.15,36.11,36.15,36.11,3089.0,111548.0
2026-08-31 10:58:00,36.15,36.15,36.15,36.15,1300.0,46995.0
2026-08-31 10:59:00,36.12,36.11,36.12,36.11,2139.0,77267.0
2026-08-31 11:00:00,36.12,36.11,36.12,36.11,506.0,18275.0
2026-08-31 11:01:00,36.12,36.12,36.12,36.12,844.0,30485.0
2026-08-31 11:03:00,36.15,36.15,36.15,36.15,100.0,3615.0
2026-08-31 11:05:00,36.15,36.15,36.15,36.15,791.0,28595.0
2026-08-31 11:07:00,36.15,36.15,36.15,36.15,2500.0,90375.0
2026-08-31 11:08:00,36.15,36.15,36.15,36.15,100.0,3615.0
2026-08-31 11:09:00,36.12,36.12,36.12,36.12,600.0,21672.0
2026-08-31 11:10:00,36.12,36.13,36.24,36.12,352.0,12729.0
2026-08-31 11:14:00,36.13,36.13,36.13,36.13,1011.0,36527.0
2026-08-31 11:15:00,36.23,36.23,36.23,36.23,100.0,3623.0
2026-08-31 11:16:00,36.23,36.22,36.23,36.22,100.0,3622.0
2026-08-31 11:18:00,36.22,36.22,36.22,36.22,23.0,833.0
2026-08-31 11:19:00,36.14,36.14,36.14,36.14,500.0,18070.0
2026-08-31 11:20:00,36.15,36.15,36.15,36.15,200.0,7230.0
2026-08-31 11:22:00,36.15,36.22,36.22,36.15,600.0,21697.0
2026-08-31 11:24:00,36.17,36.17,36.17,36.17,1170.0,42319.0
2026-08-31 11:26:00,36.15,36.15,36.15,36.15,5000.0,180797.0
2026-08-31 11:27:00,36.15,36.15,36.15,36.15,100.0,3615.0
2026-08-31 11:28:00,36.23,36.23,36.23,36.23,160.0,5796.0
2026-08-31 11:29:00,36.23,36.13,36.23,36.13,803.0,29033.0
2026-08-31 13:03:00,36.21,36.21,36.21,36.21,3000.0,108630.0
2026-08-31 13:04:00,36.21,36.21,36.21,36.21,1950.0,70610.0
2026-08-31 13:05:00,36.22,36.22,36.22,36.21,2800.0,101398.0
2026-08-31 13:06:00,36.22,36.21,36.22,36.21,10473.0,379229.0
2026-08-31 13:09:00,36.21,36.21,36.21,36.21,5706.0,206615.0
2026-08-31 13:11:00,36.24,36.24,36.24,36.24,100.0,3624.0
2026-08-31 13:13:00,36.23,36.23,36.23,36.23,500.0,18115.0
2026-08-31 13:14:00,36.23,36.23,36.23,36.23,1330.0,48185.0
2026-08-31 13:16:00,36.22,36.22,36.22,36.22,100.0,3622.0
2026-08-31 13:18:00,36.23,36.24,36.24,36.22,2770.0,100349.0
2026-08-31 13:19:00,36.24,36.35,36.35,36.24,11239.0,407939.0
2026-08-31 13:20:00,36.35,36.35,36.5,36.35,200.0,7293.0
2026-08-31 13:24:00,36.47,36.47,36.47,36.47,2100.0,76582.0
2026-08-31 13:25:00,36.48,36.48,36.48,36.48,100.0,3648.0
2026-08-31 13:29:00,36.45,36.45,36.45,36.45,1238.0,45125.0
2026-08-31 13:30:00,36.45,36.3,36.45,36.3,5100.0,185337.0
2026-08-31 13:31:00,36.45,36.45,36.45,36.45,1000.0,36450.0
2026-08-31 13:32:00,36.45,36.45,36.48,36.45,1400.0,51036.0
2026-08-31 13:33:00,36.45,36.45,36.45,36.45,100.0,3645.0
2026-08-31 13:35:00,36.45,36.45,36.45,36.45,300.0,10935.0
2026-08-31 13:37:00,36.45,36.45,36.45,36.45,100.0,3645.0
2026-08-31 13:38:00,36.45,36.45,36.45,36.45,1106.0,40308.0
2026-08-31 13:43:00,36.44,36.44,36.44,36.44,100.0,3644.0
2026-08-31 13:46:00,36.45,36.45,36.45,36.45,2000.0,72897.0
2026-08-31 13:47:00,36.48,36.48,36.48,36.48,1058.0,38594.0
2026-08-31 13:48:00,36.48,36.48,36.48,36.48,890.0,32467.0
2026-08-31 13:49:00,36.49,36.49,36.49,36.49,100.0,3649.0
2026-08-31 13:50:00,36.49,36.5,36.5,36.49,1000.0,36500.0
2026-08-31 13:52:00,36.48,36.48,36.48,36.48,52.0,1897.0
2026-08-31 13:54:00,36.33,36.33,36.33,36.33,2250.0,81748.0
2026-08-31 13:55:00,36.46,36.46,36.46,36.46,100.0,3646.0
2026-08-31 13:57:00,36.32,36.31,36.32,36.31,950.0,34496.0
2026-08-31 13:58:00,36.21,36.31,36.31,36.21,10050.0,364051.0
2026-08-31 13:59:00,36.25,36.23,36.25,36.23,1927.0,69833.0
2026-08-31 14:01:00,36.23,36.23,36.23,36.23,4400.0,159635.0
2026-08-31 14:02:00,36.43,36.46,36.46,36.43,1000.0,36448.0
2026-08-31 14:03:00,36.42,36.42,36.42,36.42,200.0,7284.0
2026-08-31 14:04:00,36.4,36.4,36.4,36.4,1363.0,49456.0
2026-08-31 14:06:00,36.4,36.4,36.4,36.4,1000.0,36391.0
2026-08-31 14:07:00,36.4,36.4,36.4,36.4,359.0,13067.0
2026-08-31 14:08:00,36.45,36.4,36.45,36.4,3050.0,111025.0
2026-08-31 14:09:00,36.45,36.45,36.45,36.45,448.0,16330.0
2026-08-31 14:14:00,36.45,36.45,36.45,36.4,1803.0,65669.0
2026-08-31 14:15:00,36.47,36.47,36.47,36.47,251.0,9153.0
2026-08-31 14:16:00,36.49,36.49,36.49,36.49,109.0,3976.0
2026-08-31 14:17:00,36.4,36.4,36.4,36.4,2023.0,73659.0
2026-08-31 14:18:00,36.4,36.45,36.45,36.4,1008.0,36701.0
2026-08-31 14:19:00,36.45,36.45,36.45,36.45,421.0,15345.0
2026-08-31 14:20:00,36.45,36.52,36.52,36.45,1827.0,66679.0
2026-08-31 14:21:00,36.52,36.53,36.53,36.52,500.0,18264.0
2026-08-31 14:22:00,36.52,36.52,36.52,36.52,2.0,73.0
2026-08-31 14:24:00,36.52,36.52,36.52,36.52,3700.0,135124.0
2026-08-31 14:25:00,36.52,36.55,36.55,36.52,2312.0,84476.0
2026-08-31 14:26:00,36.52,36.54,36.54,36.52,1084.0,39603.0
2026-08-31 14:27:00,36.55,36.58,36.58,36.55,5370.0,196358.0
2026-08-31 14:28:00,36.55,36.58,36.58,36.55,223.0,8154.0
2026-08-31 14:29:00,36.55,36.55,36.55,36.55,500.0,18275.0
2026-08-31 14:30:00,36.55,36.63,36.63,36.55,173.0,6333.0
2026-08-31 14:32:00,36.55,36.55,36.55,36.55,100.0,3655.0
2026-08-31 14:33:00,36.55,36.55,36.55,36.55,3779.0,138123.0
2026-08-31 14:34:00,36.55,36.55,36.55,36.55,975.0,35636.0
2026-08-31 14:35:00,36.55,36.55,36.55,36.55,300.0,10965.0
2026-08-31 14:36:00,36.55,36.6,36.6,36.55,1046.0,38236.0
2026-08-31 14:38:00,36.54,36.54,36.54,36.54,486.0,17759.0
2026-08-31 14:39:00,36.54,36.54,36.54,36.54,230.0,8404.0
2026-08-31 14:40:00,36.53,36.53,36.53,36.53,1010.0,36895.0
2026-08-31 14:41:00,36.52,36.52,36.52,36.52,648.0,23665.0
2026-08-31 14:42:00,36.52,36.52,36.52,36.52,826.0,30166.0
2026-08-31 14:43:00,36.51,36.51,36.51,36.51,370.0,13508.0
2026-08-31 14:45:00,36.51,36.51,36.51,36.51,100.0,3651.0
2026-08-31 14:46:00,36.51,36.51,36.51,36.51,1129.0,41220.0
2026-08-31 14:47:00,36.5,36.49,36.5,36.49,200.0,7299.0
2026-08-31 14:48:00,36.5,36.5,36.5,36.5,100.0,3650.0
2026-08-31 14:49:00,36.48,36.46,36.48,36.46,624.0,22753.0
2026-08-31 14:50:00,36.45,36.34,36.45,36.34,2595.0,94384.0
2026-08-31 14:51:00,36.46,36.46,36.46,36.46,1685.0,61401.0
2026-08-31 14:52:00,36.52,36.6,36.6,36.52,2832.0,103465.0
2026-08-31 14:53:00,36.6,36.6,36.64,36.6,6151.0,225189.0
2026-08-31 14:54:00,36.6,36.63,36.63,36.6,1536.0,56232.0
2026-08-31 14:55:00,36.63,36.6,36.63,36.6,1652.0,60482.0
2026-08-31 14:56:00,36.6,36.6,36.6,36.6,3708.0,135712.0
2026-08-31 14:57:00,36.6,36.39,36.6,36.39,1980.0,72219.0
2026-08-31 14:58:00,36.6,36.6,36.6,36.6,200.0,7320.0
2026-08-31 15:00:00,36.63,36.63,36.63,36.63,4779.0,175055.0
2026-09-01 09:31:00,36.83,36.8,36.83,36.8,7297.0,268640.0
2026-09-01 09:32:00,36.65,36.66,36.8,36.65,1700.0,62459.0
2026-09-01 09:33:00,36.8,36.6,36.83,36.6,5607.0,205983.0
2026-09-01 09:34:00,36.65,36.79,36.79,36.61,7535.0,275945.0
2026-09-01 09:35:00,36.79,36.7,36.79,36.7,1237.0,45488.0
2026-09-01 09:36:00,36.78,36.71,36.78,36.71,301.0,11064.0
2026-09-01 09:37:00,36.7,36.7,36.7,36.7,322.0,11819.0
2026-09-01 09:38:00,36.77,36.8,36.8,36.77,3723.0,136922.0
2026-09-01 09:39:00,36.9,36.85,36.96,36.85,5241.0,193444.0
2026-09-01 09:40:00,36.96,36.85,36.98,36.85,12100.0,447238.0
2026-09-01 09:41:00,37.0,37.0,37.07,36.99,11255.0,416504.0
2026-09-01 09:42:00,37.0,36.99,37.0,36.99,5706.0,211100.0
2026-09-01 09:43:00,37.05,37.04,37.06,37.04,1487.0,55085.0
2026-09-01 09:44:00,37.09,37.26,37.27,36.87,19662.0,730794.0
2026-09-01 09:45:00,37.27,37.27,37.33,37.25,34182.0,1271573.0
2026-09-01 09:46:00,37.25,37.25,37.48,37.25,8819.0,330107.0
2026-09-01 09:47:00,37.38,37.45,37.46,37.38,9035.0,338346.0
2026-09-01 09:48:00,37.4,37.47,37.47,37.4,16363.0,612401.0
2026-09-01 09:49:00,37.41,37.58,37.58,37.41,20437.0,766577.0
2026-09-01 09:50:00,37.67,37.69,37.7,37.58,15004.0,565068.0
2026-09-01 09:51:00,37.77,37.57,37.77,37.55,30109.0,1135093.0
2026-09-01 09:52:00,37.57,37.55,37.58,37.55,18200.0,683851.0
2026-09-01 09:53:00,37.51,37.4,37.51,37.4,16952.0,634760.0
2026-09-01 09:54:00,37.38,37.47,37.47,37.31,8600.0,321144.0
2026-09-01 09:55:00,37.47,37.44,37.47,37.44,1100.0,41185.0
2026-09-01 09:56:00,37.44,37.4,37.44,37.4,5460.0,204273.0
2026-09-01 09:57:00,37.4,37.39,37.4,37.38,3577.0,133725.0
2026-09-01 09:58:00,37.38,37.38,37.38,37.38,6846.0,255902.0
2026-09-01 09:59:00,37.39,37.47,37.47,37.38,12033.0,450239.0
2026-09-01 10:00:00,37.49,37.44,37.49,37.44,4422.0,165607.0
2026-09-01 10:01:00,37.53,37.38,37.53,37.38,3613.0,135228.0
2026-09-01 10:03:00,37.38,37.38,37.38,37.3,2700.0,100851.0
2026-09-01 10:04:00,37.4,37.38,37.4,37.38,2195.0,82053.0
2026-09-01 10:05:00,37.38,37.42,37.42,37.38,4563.0,148088.0
2026-09-01 10:06:00,37.39,37.39,37.39,37.39,3900.0,145824.0
2026-09-01 10:07:00,37.39,37.39,37.39,37.39,168.0,6283.0
2026-09-01 10:08:00,37.3,37.23,37.3,37.23,4051.0,150856.0
2026-09-01 10:09:00,37.21,37.24,37.24,37.21,2362.0,87922.0
2026-09-01 10:11:00,37.23,37.23,37.23,37.23,5000.0,186197.0
2026-09-01 10:12:00,37.44,37.23,37.44,37.23,400.0,14934.0
2026-09-01 10:14:00,37.22,37.22,37.22,37.22,6281.0,233824.0
2026-09-01 10:16:00,37.22,37.2,37.22,37.2,4869.0,181206.0
2026-09-01 10:17:00,37.2,37.2,37.2,37.2,801.0,29798.0
2026-09-01 10:18:00,37.21,37.21,37.21,37.21,1113.0,41414.0
2026-09-01 10:19:00,37.22,37.38,37.38,37.22,7220.0,269039.0
2026-09-01 10:21:00,37.22,37.22,37.22,37.22,100.0,3722.0
2026-09-01 10:22:00,37.38,37.38,37.38,37.38,1975.0,73811.0
2026-09-01 10:23:00,37.22,37.4,37.4,37.21,10595.0,395981.0
2026-09-01 10:24:00,37.38,37.5,37.5,37.38,17688.0,661798.0
2026-09-01 10:25:00,37.55,37.87,37.89,37.55,95750.0,3223667.0
2026-09-01 10:26:00,37.86,37.77,37.88,37.62,18591.0,702686.0
2026-09-01 10:27:00,37.5,38.06,38.06,37.5,46898.0,1775590.0
2026-09-01 10:28:00,38.08,38.28,38.29,38.0,24696.0,942738.0
2026-09-01 10:29:00,38.28,38.24,38.34,38.2,33753.0,1290966.0
2026-09-01 10:30:00,38.24,38.05,38.24,38.05,9055.0,344804.0
2026-09-01 10:31:00,38.18,38.0,38.18,38.0,13496.0,513212.0
2026-09-01 10:32:00,37.8,37.81,37.81,37.8,3938.0,148896.0
2026-09-01 10:33:00,37.81,38.38,38.38,37.8,55396.0,2113712.0
2026-09-01 10:34:00,38.52,38.8,38.8,38.52,83670.0,3238662.0
2026-09-01 10:35:00,38.85,39.1,39.1,38.85,63639.0,2310414.0
2026-09-01 10:36:00,39.1,39.12,39.2,39.0,81326.0,3182016.0
2026-09-01 10:37:00,39.12,39.05,39.12,39.0,46446.0,1813824.0
2026-09-01 10:38:00,39.0,39.17,39.17,38.96,57873.0,2259052.0
2026-09-01 10:39:00,39.19,39.39,39.39,39.19,55063.0,2164240.0
2026-09-01 10:40:00,39.3,39.2,39.3,39.06,18678.0,732484.0
2026-09-01 10:41:00,39.18,39.09,39.18,39.0,25710.0,1003676.0
2026-09-01 10:42:00,38.89,38.9,39.03,38.89,3665.0,142892.0
2026-09-01 10:43:00,38.9,38.88,38.9,38.87,11359.0,441720.0
2026-09-01 10:44:00,38.85,38.73,38.91,38.73,10665.0,414512.0
2026-09-01 10:45:00,38.73,38.73,38.73,38.72,3321.0,128596.0
2026-09-01 10:46:00,38.88,38.88,38.9,38.88,14315.0,556716.0
2026-09-01 10:47:00,38.72,38.72,38.74,38.72,6951.0,269768.0
2026-09-01 10:48:00,38.58,38.3,38.62,38.3,16185.0,622740.0
2026-09-01 10:49:00,38.35,38.52,38.52,38.35,1527.0,58644.0
2026-09-01 10:50:00,38.52,38.72,38.72,38.52,9830.0,379568.0
2026-09-01 10:51:00,38.68,38.59,38.68,38.59,2017.0,77868.0
2026-09-01 10:52:00,38.59,38.59,38.59,38.59,724.0,27940.0
2026-09-01 10:53:00,38.61,38.61,38.61,38.61,3420.0,132048.0
2026-09-01 10:54:00,38.63,38.72,38.72,38.63,8285.0,320560.0
2026-09-01 10:55:00,38.63,38.63,38.63,38.63,8356.0,323576.0
2026-09-01 10:56:00,38.65,38.62,38.65,38.62,2935.0,113412.0
2026-09-01 10:57:00,38.62,38.57,38.62,38.5,3972.0,153236.0
2026-09-01 10:58:00,38.5,38.39,38.5,38.39,2300.0,88336.0
2026-09-01 10:59:00,38.39,38.5,38.5,38.39,6336.0,243800.0
2026-09-01 11:00:00,38.6,38.6,38.6,38.6,1839.0,70976.0
2026-09-01 11:01:00,38.61,38.57,38.61,38.57,7160.0,276376.0
2026-09-01 11:02:00,38.48,38.55,38.55,38.42,5585.0,215144.0
2026-09-01 11:03:00,38.48,38.55,38.55,38.48,11173.0,430464.0
2026-09-01 11:04:00,38.55,38.59,38.59,38.55,1369.0,52808.0
2026-09-01 11:05:00,38.68,38.77,38.77,38.59,8260.0,311920.0
2026-09-01 11:06:00,38.71,38.91,38.91,38.71,8562.0,332588.0
2026-09-01 11:07:00,39.01,38.91,39.03,38.91,7193.0,280292.0
2026-09-01 11:08:00,38.8,38.8,38.8,38.8,137.0,5312.0
2026-09-01 11:09:00,38.85,38.85,38.85,38.85,4660.0,181044.0
2026-09-01 11:10:00,38.8,38.8,38.8,38.8,600.0,23280.0
2026-09-01 11:11:00,38.65,38.65,38.65,38.65,900.0,34784.0
2026-09-01 11:12:00,38.65,38.8,38.8,38.62,3003.0,116404.0
2026-09-01 11:13:00,38.84,38.62,38.85,38.62,5718.0,221956.0
2026-09-01 11:14:00,38.62,38.62,38.62,38.62,125.0,4828.0
2026-09-01 11:15:00,38.62,38.59,38.62,38.59,148.0,5712.0
2026-09-01 11:16:00,38.61,38.61,38.61,38.61,400.0,15444.0
2026-09-01 11:17:00,38.61,38.61,38.61,38.61,100.0,3860.0
2026-09-01 11:18:00,38.8,38.8,38.8,38.8,200.0,7760.0
2026-09-01 11:19:00,38.75,38.75,38.8,38.75,8366.0,324352.0
2026-09-01 11:20:00,38.61,38.79,38.79,38.61,3975.0,154172.0
2026-09-01 11:21:00,38.79,38.58,38.79,38.55,7100.0,274092.0
2026-09-01 11:22:00,38.58,38.53,38.58,38.53,8472.0,326728.0
2026-09-01 11:23:00,38.53,38.53,38.53,38.53,28.0,1076.0
2026-09-01 11:24:00,38.56,38.56,38.56,38.56,200.0,7712.0
2026-09-01 11:25:00,38.56,38.53,38.56,38.53,2108.0,81252.0
2026-09-01 11:26:00,38.5,38.49,38.73,38.49,1300.0,50116.0
2026-09-01 11:29:00,38.52,38.52,38.52,38.52,808.0,31124.0
2026-09-01 11:30:00,38.65,38.65,38.65,38.65,1900.0,73436.0
2026-09-01 13:01:00,38.74,38.77,38.8,38.66,6250.0,241940.0
2026-09-01 13:02:00,38.8,38.8,38.8,38.8,200.0,7760.0
2026-09-01 13:03:00,38.78,38.77,38.78,38.77,3215.0,124656.0
2026-09-01 13:04:00,38.77,38.77,38.77,38.77,6740.0,261308.0
2026-09-01 13:05:00,38.54,38.54,38.54,38.54,100.0,3852.0
2026-09-01 13:06:00,38.75,38.76,38.76,38.75,700.0,27132.0
2026-09-01 13:07:00,38.76,38.75,38.76,38.75,1180.0,45728.0
2026-09-01 13:08:00,38.74,38.59,38.74,38.59,600.0,23184.0
2026-09-01 13:09:00,38.59,38.59,38.59,38.59,394.0,15204.0
2026-09-01 13:11:00,38.74,38.74,38.74,38.74,618.0,23944.0
2026-09-01 13:12:00,38.73,38.73,38.73,38.73,978.0,37876.0
2026-09-01 13:13:00,38.73,38.73,38.73,38.73,709.0,27460.0
2026-09-01 13:14:00,38.74,38.62,38.74,38.62,600.0,23232.0
2026-09-01 13:16:00,38.6,38.48,38.6,38.48,3996.0,154128.0
2026-09-01 13:19:00,38.56,38.56,38.56,38.56,600.0,23136.0
2026-09-01 13:20:00,38.56,38.56,38.56,38.56,222.0,8560.0
2026-09-01 13:21:00,38.59,38.6,38.6,38.51,1742.0,67208.0
2026-09-01 13:22:00,38.6,38.51,38.6,38.51,1040.0,40064.0
2026-09-01 13:23:00,38.58,38.5,38.58,38.5,2657.0,102452.0
2026-09-01 13:24:00,38.5,38.55,38.55,38.5,410.0,15796.0
2026-09-01 13:25:00,38.55,38.56,38.56,38.55,1447.0,53984.0
2026-09-01 13:26:00,38.58,38.62,38.66,38.58,2396.0,92540.0
2026-09-01 13:27:00,38.66,38.67,38.67,38.62,2116.0,81804.0
2026-09-01 13:28:00,38.67,38.66,38.67,38.61,2152.0,83160.0
2026-09-01 13:29:00,38.66,38.62,38.66,38.62,496.0,19172.0
2026-09-01 13:30:00,38.62,38.68,38.68,38.6,9289.0,358812.0
2026-09-01 13:31:00,38.61,38.67,38.67,38.61,700.0,27032.0
2026-09-01 13:32:00,38.67,38.61,38.67,38.61,419.0,16184.0
2026-09-01 13:33:00,38.6,38.6,38.6,38.6,1400.0,54040.0
2026-09-01 13:34:00,38.6,38.58,38.6,38.58,580.0,22380.0
2026-09-01 13:35:00,38.58,38.59,38.59,38.58,647.0,24968.0
2026-09-01 13:36:00,38.6,38.58,38.6,38.58,2477.0,95604.0
2026-09-01 13:37:00,38.61,38.61,38.61,38.61,130.0,5020.0
2026-09-01 13:38:00,38.61,38.67,38.67,38.61,861.0,33276.0
2026-09-01 13:39:00,38.66,38.66,38.66,38.66,3973.0,153608.0
2026-09-01 13:40:00,38.68,38.68,38.68,38.68,732.0,28312.0
2026-09-01 13:41:00,38.68,38.66,38.68,38.66,1378.0,53296.0
2026-09-01 13:42:00,38.66,38.61,38.66,38.61,107.0,4128.0
2026-09-01 13:43:00,38.69,38.69,38.69,38.69,1200.0,46424.0
2026-09-01 13:44:00,38.67,38.69,38.69,38.67,1034.0,40000.0
2026-09-01 13:45:00,38.68,38.68,38.68,38.68,437.0,16900.0
2026-09-01 13:46:00,38.62,38.65,38.65,38.62,665.0,25688.0
2026-09-01 13:47:00,38.62,38.62,38.62,38.62,317.0,12244.0
2026-09-01 13:48:00,38.62,38.61,38.62,38.61,713.0,27532.0
2026-09-01 13:49:00,38.59,38.58,38.59,38.58,703.0,27124.0
2026-09-01 13:50:00,38.58,38.58,38.58,38.58,3623.0,139776.0
2026-09-01 13:51:00,38.57,38.57,38.57,38.56,3502.0,135064.0
2026-09-01 13:52:00,38.61,38.6,38.61,38.6,2027.0,78248.0
2026-09-01 13:53:00,38.62,38.65,38.65,38.62,800.0,30904.0
2026-09-01 13:54:00,38.66,38.68,38.68,38.66,6397.0,247408.0
2026-09-01 13:55:00,38.68,38.61,38.68,38.61,745.0,28804.0
2026-09-01 13:56:00,38.61,38.61,38.61,38.61,100.0,3860.0
2026-09-01 13:57:00,38.61,38.62,38.62,38.61,1548.0,59784.0
2026-09-01 13:58:00,38.62,38.65,38.65,38.62,472.0,18236.0
2026-09-01 13:59:00,38.63,38.67,38.67,38.63,804.0,31084.0
2026-09-01 14:00:00,38.68,38.68,38.68,38.68,919.0,35544.0
2026-09-01 14:01:00,38.67,38.67,38.67,38.67,100.0,3868.0
2026-09-01 14:02:00,38.67,38.64,38.68,38.64,944.0,36492.0
2026-09-01 14:03:00,38.63,38.58,38.65,38.58,7194.0,277872.0
2026-09-01 14:04:00,38.58,38.57,38.6,38.57,1431.0,55216.0
2026-09-01 14:05:00,38.6,38.57,38.6,38.57,2228.0,85992.0
2026-09-01 14:06:00,38.57,38.59,38.59,38.57,200.0,7716.0
2026-09-01 14:07:00,38.57,38.56,38.57,38.56,500.0,19284.0
2026-09-01 14:08:00,38.56,38.57,38.57,38.56,550.0,21212.0
2026-09-01 14:10:00,38.57,38.57,38.57,38.57,1121.0,43236.0
2026-09-01 14:11:00,38.56,38.57,38.57,38.56,2810.0,108384.0
2026-09-01 14:12:00,38.59,38.66,38.67,38.59,12134.0,468716.0
2026-09-01 14:13:00,38.6,38.66,38.66,38.6,2819.0,108976.0
2026-09-01 14:14:00,38.67,38.67,38.67,38.67,1804.0,69760.0
2026-09-01 14:15:00,38.67,38.66,38.67,38.66,2851.0,110248.0
2026-09-01 14:16:00,38.65,38.65,38.66,38.65,1640.0,63392.0
2026-09-01 14:17:00,38.59,38.59,38.59,38.59,600.0,23156.0
2026-09-01 14:18:00,38.59,38.59,38.59,38.59,100.0,3856.0
2026-09-01 14:19:00,38.64,38.64,38.64,38.64,500.0,19320.0
2026-09-01 14:20:00,38.59,38.59,38.59,38.59,486.0,18756.0
2026-09-01 14:21:00,38.58,38.63,38.63,38.58,800.0,30892.0
2026-09-01 14:22:00,38.63,38.63,38.63,38.63,1699.0,65636.0
2026-09-01 14:23:00,38.59,38.63,38.63,38.59,422.0,16296.0
2026-09-01 14:24:00,38.59,38.59,38.59,38.59,200.0,7720.0
2026-09-01 14:25:00,38.59,38.58,38.59,38.58,382.0,14736.0
2026-09-01 14:27:00,38.58,38.57,38.58,38.57,3488.0,134540.0
2026-09-01 14:28:00,38.56,38.56,38.56,38.56,600.0,23136.0
2026-09-01 14:30:00,38.56,38.56,38.56,38.56,400.0,15424.0
2026-09-01 14:31:00,38.57,38.56,38.57,38.56,3090.0,119164.0
2026-09-01 14:32:00,38.57,38.56,38.57,38.56,366.0,14116.0
2026-09-01 14:34:00,38.57,38.56,38.57,38.54,3486.0,134384.0
2026-09-01 14:35:00,38.54,38.55,38.56,38.53,3285.0,106536.0
2026-09-01 14:37:00,38.53,38.53,38.53,38.53,139.0,5356.0
2026-09-01 14:38:00,38.52,38.48,38.52,38.48,3141.0,120924.0
2026-09-01 14:40:00,38.47,38.42,38.47,38.42,2017.0,77532.0
2026-09-01 14:41:00,38.42,38.41,38.42,38.41,1000.0,38420.0
2026-09-01 14:42:00,38.39,38.41,38.41,38.38,11025.0,423428.0
2026-09-01 14:43:00,38.42,38.46,38.46,38.42,1329.0,51084.0
2026-09-01 14:44:00,38.47,38.46,38.47,38.46,300.0,11536.0
2026-09-01 14:45:00,38.47,38.48,38.49,38.47,378.0,14548.0
2026-09-01 14:46:00,38.5,38.5,38.51,38.5,4129.0,158988.0
2026-09-01 14:47:00,38.51,38.49,38.51,38.49,10266.0,395180.0
2026-09-01 14:48:00,38.5,38.47,38.5,38.47,2388.0,91916.0
2026-09-01 14:49:00,38.49,38.49,38.49,38.49,4605.0,177240.0
2026-09-01 14:50:00,38.49,38.48,38.49,38.48,2869.0,110428.0
2026-09-01 14:51:00,38.48,38.46,38.48,38.46,1052.0,40472.0
2026-09-01 14:52:00,38.47,38.46,38.47,38.46,1392.0,53540.0
2026-09-01 14:53:00,38.46,38.43,38.46,38.43,9719.0,373520.0
2026-09-01 14:54:00,38.42,38.42,38.43,38.38,16393.0,629728.0
2026-09-01 14:55:00,38.43,38.41,38.43,38.37,4061.0,155932.0
2026-09-01 14:56:00,38.42,38.38,38.43,38.38,33375.0,1282292.0
2026-09-01 14:57:00,38.36,38.4,38.4,38.36,7496.0,287688.0
2026-09-01 15:00:00,38.42,38.42,38.42,38.42,17220.0,661592.0
2026-09-02 09:31:00,37.5,37.61,37.7,37.41,116669.0,4372652.0
2026-09-02 09:32:00,37.5,37.56,37.61,37.26,34882.0,1305876.0
2026-09-02 09:33:00,37.56,37.64,37.69,37.55,19150.0,720056.0
2026-09-02 09:34:00,37.69,37.69,37.69,37.5,10259.0,385999.0
2026-09-02 09:35:00,37.69,37.98,37.98,37.5,20669.0,780057.0
2026-09-02 09:36:00,37.81,38.2,38.2,37.8,31815.0,1202833.0
2026-09-02 09:37:00,38.18,37.82,38.18,37.8,12978.0,492950.0
2026-09-02 09:38:00,38.0,37.81,38.0,37.8,10015.0,379072.0
2026-09-02 09:39:00,37.82,37.99,37.99,37.65,13800.0,521559.0
2026-09-02 09:40:00,37.67,37.69,37.99,37.66,22533.0,774842.0
2026-09-02 09:41:00,37.67,37.6,37.67,37.58,54741.0,2060649.0
2026-09-02 09:42:00,37.56,37.6,37.6,37.28,36117.0,1351142.0
2026-09-02 09:43:00,37.6,37.78,37.78,37.3,43052.0,1611149.0
2026-09-02 09:44:00,37.78,37.38,37.78,37.38,30955.0,1158362.0
2026-09-02 09:45:00,37.35,37.34,37.75,37.34,15813.0,590924.0
2026-09-02 09:46:00,37.34,37.33,37.34,37.33,6275.0,234234.0
2026-09-02 09:47:00,37.34,37.35,37.58,37.34,1348.0,50390.0
2026-09-02 09:48:00,37.33,37.34,37.34,37.33,7299.0,272526.0
2026-09-02 09:49:00,37.34,37.35,37.69,37.34,2734.0,102470.0
2026-09-02 09:50:00,37.35,37.7,37.7,37.35,820.0,30908.0
2026-09-02 09:51:00,37.69,37.67,37.69,37.5,1927.0,72322.0
2026-09-02 09:52:00,37.65,37.48,37.65,37.48,12248.0,459380.0
2026-09-02 09:53:00,37.52,37.56,37.65,37.43,3161.0,118442.0
2026-09-02 09:54:00,37.56,37.65,37.65,37.56,1442.0,54214.0
2026-09-02 09:55:00,37.61,37.7,37.7,37.61,9052.0,340908.0
2026-09-02 09:56:00,37.65,37.7,37.7,37.65,1043.0,39316.0
2026-09-02 09:57:00,37.7,37.85,37.98,37.7,8638.0,326564.0
2026-09-02 09:58:00,37.98,37.65,37.98,37.65,1951.0,73660.0
2026-09-02 09:59:00,37.97,37.96,37.98,37.67,2366.0,89424.0
2026-09-02 10:00:00,37.96,37.85,37.96,37.83,1333.0,50480.0
2026-09-02 10:01:00,37.9,37.98,37.98,37.9,8115.0,308052.0
2026-09-02 10:02:00,38.0,38.0,38.02,38.0,8475.0,322086.0
2026-09-02 10:03:00,37.97,38.2,38.2,37.97,10893.0,414226.0
2026-09-02 10:04:00,38.14,38.49,38.49,38.14,12780.0,489780.0
2026-09-02 10:05:00,38.49,38.7,38.8,38.39,48901.0,1888156.0
2026-09-02 10:06:00,38.75,38.88,38.95,38.75,28060.0,1088860.0
2026-09-02 10:07:00,38.85,39.2,39.2,38.84,52671.0,2050014.0
2026-09-02 10:08:00,39.2,39.1,39.28,39.08,22815.0,894396.0
2026-09-02 10:09:00,39.1,39.19,39.19,39.03,28203.0,1102712.0
2026-09-02 10:10:00,39.16,39.03,39.16,39.03,15241.0,596126.0
2026-09-02 10:11:00,38.99,39.1,39.11,38.99,16927.0,660944.0
2026-09-02 10:12:00,39.09,39.11,39.11,39.01,14302.0,558508.0
2026-09-02 10:13:00,39.1,39.0,39.1,39.0,7495.0,292486.0
2026-09-02 10:14:00,39.0,38.87,39.01,38.87,11049.0,430698.0
2026-09-02 10:15:00,38.87,38.95,38.98,38.87,7763.0,301966.0
2026-09-02 10:16:00,38.96,39.02,39.02,38.96,9559.0,372766.0
2026-09-02 10:17:00,39.02,39.0,39.06,39.0,10173.0,397022.0
2026-09-02 10:18:00,39.01,39.06,39.1,39.01,11153.0,435408.0
2026-09-02 10:19:00,39.06,39.0,39.06,39.0,1748.0,68210.0
2026-09-02 10:20:00,39.0,39.11,39.11,39.0,24151.0,944292.0
2026-09-02 10:21:00,39.11,39.18,39.18,39.11,36357.0,1423184.0
2026-09-02 10:22:00,39.18,39.23,39.23,39.18,21064.0,825668.0
2026-09-02 10:23:00,39.28,39.4,39.4,39.25,25665.0,1009360.0
2026-09-02 10:24:00,39.38,39.8,39.8,39.38,85370.0,3378020.0
2026-09-02 10:25:00,39.9,39.8,39.9,39.76,55365.0,2206020.0
2026-09-02 10:26:00,39.8,39.91,39.91,39.76,61069.0,2430308.0
2026-09-02 10:27:00,39.95,39.95,39.97,39.93,23656.0,945100.0
2026-09-02 10:28:00,39.95,39.93,39.95,39.93,53425.0,2133884.0
2026-09-02 10:29:00,39.93,39.77,39.93,39.74,13198.0,525212.0
2026-09-02 10:30:00,39.78,39.92,39.92,39.78,28530.0,1025000.0
2026-09-02 10:31:00,39.93,39.99,39.99,39.93,24296.0,970848.0
2026-09-02 10:32:00,39.99,39.98,39.99,39.85,6797.0,271744.0
2026-09-02 10:33:00,39.98,40.17,40.17,39.98,43899.0,1756560.0
2026-09-02 10:34:00,40.17,40.17,40.19,40.17,26277.0,1055716.0
2026-09-02 10:35:00,40.2,40.08,40.24,40.07,23688.0,951204.0
2026-09-02 10:36:00,40.08,40.07,40.15,40.01,35190.0,1410184.0
2026-09-02 10:37:00,40.07,40.26,40.26,40.01,29080.0,1168512.0
2026-09-02 10:38:00,40.26,40.35,40.35,40.26,11266.0,454056.0
2026-09-02 10:39:00,40.35,40.28,40.35,40.28,42176.0,1701584.0
2026-09-02 10:40:00,40.25,40.03,40.25,40.03,4717.0,189624.0
2026-09-02 10:41:00,40.12,40.05,40.13,40.05,20803.0,832992.0
2026-09-02 10:42:00,40.06,40.36,40.36,40.05,63501.0,2557928.0
2026-09-02 10:43:00,40.4,41.22,41.22,40.4,93110.0,3807424.0
2026-09-02 10:44:00,41.22,41.13,41.4,41.06,134454.0,5542896.0
2026-09-02 10:45:00,41.02,41.12,41.25,41.01,41525.0,1709680.0
2026-09-02 10:46:00,41.24,41.3,41.3,41.13,24131.0,995720.0
2026-09-02 10:47:00,41.38,41.13,41.47,41.13,65641.0,2716152.0
2026-09-02 10:48:00,41.05,41.05,41.11,41.03,16724.0,687416.0
2026-09-02 10:49:00,41.1,41.12,41.25,41.05,26291.0,1081536.0
2026-09-02 10:50:00,41.25,41.65,41.66,41.25,32926.0,1365888.0
2026-09-02 10:51:00,41.66,41.55,41.79,41.55,97189.0,4053304.0
2026-09-02 10:52:00,41.65,41.74,41.74,41.65,35656.0,1486104.0
2026-09-02 10:53:00,41.76,41.5,41.76,41.5,27200.0,1133248.0
2026-09-02 10:54:00,41.5,41.47,41.51,41.4,15008.0,622448.0
2026-09-02 10:55:00,41.4,41.29,41.4,41.07,12106.0,499584.0
2026-09-02 10:56:00,41.07,41.09,41.1,41.05,12080.0,496184.0
2026-09-02 10:57:00,41.05,40.98,41.05,40.98,15312.0,627936.0
2026-09-02 10:58:00,40.98,40.8,40.98,40.8,11365.0,464216.0
2026-09-02 10:59:00,40.69,40.38,40.69,40.3,26565.0,1073696.0
2026-09-02 11:00:00,40.38,40.38,40.38,40.38,11003.0,444296.0
2026-09-02 11:01:00,40.38,40.77,40.78,40.38,9210.0,375432.0
2026-09-02 11:02:00,40.68,40.46,40.68,40.45,9590.0,388184.0
2026-09-02 11:03:00,40.46,40.51,40.51,40.46,5063.0,205088.0
2026-09-02 11:04:00,40.51,40.53,40.53,40.51,1123.0,45512.0
2026-09-02 11:05:00,40.67,40.77,40.77,40.67,7754.0,315712.0
2026-09-02 11:06:00,40.77,41.3,41.3,40.77,3856.0,158152.0
2026-09-02 11:07:00,41.46,41.46,41.49,41.31,33577.0,1392520.0
2026-09-02 11:08:00,41.46,41.5,41.5,41.24,21852.0,904248.0
2026-09-02 11:09:00,41.5,41.53,41.55,41.5,31357.0,1302272.0
2026-09-02 11:10:00,41.53,41.28,41.53,41.28,11552.0,452224.0
2026-09-02 11:11:00,41.28,41.28,41.4,41.28,2328.0,96128.0
2026-09-02 11:12:00,41.28,41.34,41.34,41.24,13336.0,550480.0
2026-09-02 11:13:00,41.24,41.24,41.29,41.24,3550.0,146424.0
2026-09-02 11:14:00,41.24,41.01,41.24,41.01,4649.0,191264.0
2026-09-02 11:15:00,41.15,41.18,41.18,41.15,5756.0,236952.0
2026-09-02 11:16:00,41.23,41.18,41.23,41.18,4746.0,195512.0
2026-09-02 11:17:00,41.18,41.02,41.18,41.02,1148.0,47240.0
2026-09-02 11:18:00,41.1,41.1,41.1,41.1,1071.0,44024.0
2026-09-02 11:19:00,41.1,41.14,41.14,41.1,2183.0,89784.0
2026-09-02 11:20:00,41.14,41.14,41.14,41.14,1300.0,45256.0
2026-09-02 11:21:00,41.14,41.1,41.14,41.02,2641.0,108552.0
2026-09-02 11:22:00,41.1,40.89,41.14,40.89,17540.0,719864.0
2026-09-02 11:23:00,40.89,40.85,40.89,40.85,6454.0,263856.0
2026-09-02 11:24:00,40.85,40.53,40.85,40.53,12736.0,516712.0
2026-09-02 11:25:00,40.85,40.95,40.95,40.85,2610.0,106704.0
2026-09-02 11:26:00,40.88,41.2,41.2,40.88,3356.0,137736.0
2026-09-02 11:27:00,41.18,41.18,41.18,41.18,6334.0,260888.0
2026-09-02 11:28:00,41.18,41.29,41.29,41.18,13797.0,568856.0
2026-09-02 11:29:00,41.38,41.38,41.39,41.38,2703.0,111856.0
2026-09-02 11:30:00,41.39,41.52,41.52,41.38,42308.0,1753232.0
2026-09-02 13:01:00,41.53,41.83,41.83,41.53,35118.0,1464048.0
2026-09-02 13:02:00,41.85,41.97,41.97,41.85,32950.0,1380608.0
2026-09-02 13:03:00,41.95,41.96,42.0,41.95,37216.0,1562416.0
2026-09-02 13:04:00,41.97,41.89,41.97,41.89,17575.0,736920.0
2026-09-02 13:05:00,41.89,41.89,41.9,41.89,11575.0,484880.0
2026-09-02 13:06:00,41.87,41.71,41.87,41.7,4910.0,205000.0
2026-09-02 13:07:00,41.8,41.8,41.81,41.8,10720.0,448088.0
2026-09-02 13:08:00,41.8,41.54,41.83,41.54,18707.0,780616.0
2026-09-02 13:09:00,41.59,41.39,41.59,41.39,9465.0,392856.0
2026-09-02 13:10:00,41.25,41.39,41.39,41.25,4702.0,181968.0
2026-09-02 13:11:00,41.47,41.48,41.48,41.47,1713.0,71040.0
2026-09-02 13:12:00,41.5,41.8,41.8,41.48,7783.0,324464.0
2026-09-02 13:13:00,41.8,40.8,41.8,40.8,14622.0,604248.0
2026-09-02 13:14:00,40.8,40.8,41.48,40.8,6243.0,257984.0
2026-09-02 13:15:00,40.82,40.83,41.41,40.8,7564.0,309384.0
2026-09-02 13:16:00,40.85,41.27,41.27,40.85,2242.0,91672.0
2026-09-02 13:17:00,40.9,41.26,41.26,40.9,751.0,30792.0
2026-09-02 13:19:00,41.1,41.15,41.15,41.1,332.0,13656.0
2026-09-02 13:20:00,41.14,41.1,41.14,41.1,1700.0,65776.0
2026-09-02 13:21:00,41.1,40.96,41.14,40.96,1796.0,73720.0
2026-09-02 13:22:00,40.94,40.91,40.94,40.91,2350.0,96184.0
2026-09-02 13:23:00,40.91,40.91,40.91,40.9,6943.0,283776.0
2026-09-02 13:24:00,40.85,40.96,40.96,40.83,8461.0,346032.0
2026-09-02 13:25:00,40.81,40.88,40.88,40.8,2171.0,88608.0
2026-09-02 13:26:00,40.82,40.83,40.83,40.82,3304.0,134904.0
2026-09-02 13:27:00,40.83,40.83,40.83,40.83,100.0,4088.0
2026-09-02 13:28:00,40.98,40.98,40.98,40.98,200.0,8192.0
2026-09-02 13:29:00,40.99,41.1,41.1,40.99,3900.0,159968.0
2026-09-02 13:30:00,41.14,41.19,41.19,41.14,2157.0,88816.0
2026-09-02 13:31:00,41.19,41.18,41.22,41.18,5256.0,216528.0
2026-09-02 13:32:00,41.22,41.26,41.26,41.22,9598.0,395872.0
2026-09-02 13:33:00,41.23,41.28,41.28,41.23,3701.0,152680.0
2026-09-02 13:34:00,41.23,41.26,41.26,41.23,7958.0,328128.0
2026-09-02 13:35:00,41.02,41.02,41.02,41.02,100.0,4104.0
2026-09-02 13:36:00,41.02,40.84,41.02,40.84,8037.0,328496.0
2026-09-02 13:37:00,40.85,40.85,40.85,40.85,1677.0,68512.0
2026-09-02 13:38:00,40.85,41.14,41.14,40.85,2323.0,95440.0
2026-09-02 13:39:00,41.2,41.27,41.27,41.2,10047.0,413880.0
2026-09-02 13:40:00,41.2,41.05,41.21,41.05,3949.0,162480.0
2026-09-02 13:41:00,41.08,41.08,41.08,41.08,4502.0,184920.0
2026-09-02 13:42:00,41.08,41.08,41.08,41.08,1017.0,41776.0
2026-09-02 13:43:00,41.08,41.08,41.08,41.08,800.0,32864.0
2026-09-02 13:44:00,41.08,40.87,41.08,40.87,1069.0,43696.0
2026-09-02 13:45:00,40.86,40.88,40.88,40.86,3384.0,138288.0
2026-09-02 13:46:00,41.0,40.86,41.0,40.86,1216.0,49832.0
2026-09-02 13:47:00,40.86,40.88,40.88,40.86,803.0,32816.0
2026-09-02 13:48:00,40.88,40.97,40.97,40.88,1119.0,45840.0
2026-09-02 13:49:00,40.88,40.87,40.88,40.87,3268.0,133592.0
2026-09-02 13:50:00,40.85,40.81,40.85,40.81,11639.0,458912.0
2026-09-02 13:51:00,40.8,40.55,40.8,40.55,7729.0,314816.0
2026-09-02 13:52:00,40.54,40.5,40.54,40.5,28824.0,1168240.0
2026-09-02 13:53:00,40.49,40.51,40.51,40.49,12480.0,505344.0
2026-09-02 13:54:00,40.51,40.51,40.52,40.51,16632.0,673856.0
2026-09-02 13:55:00,40.35,40.35,40.35,40.35,600.0,24216.0
2026-09-02 13:56:00,40.34,40.32,40.34,40.32,3180.0,128272.0
2026-09-02 13:57:00,40.32,40.31,40.33,40.31,4606.0,185712.0
2026-09-02 13:58:00,40.31,40.31,40.31,40.3,6184.0,249272.0
2026-09-02 13:59:00,40.3,40.33,40.33,40.3,4370.0,176136.0
2026-09-02 14:00:00,40.33,40.33,40.33,40.33,619.0,24960.0
2026-09-02 14:01:00,40.35,40.35,40.35,40.35,100.0,4040.0
2026-09-02 14:02:00,40.35,40.35,40.35,40.35,957.0,38616.0
2026-09-02 14:03:00,40.35,40.35,40.35,40.35,1960.0,79088.0
2026-09-02 14:04:00,40.36,40.36,40.36,40.36,399.0,16104.0
2026-09-02 14:05:00,40.38,40.5,40.5,40.38,2447.0,98824.0
2026-09-02 14:06:00,40.5,40.5,40.5,40.5,2405.0,97400.0
2026-09-02 14:07:00,40.36,40.36,40.36,40.36,10312.0,416328.0
2026-09-02 14:08:00,40.37,40.37,40.37,40.37,2226.0,89848.0
2026-09-02 14:09:00,40.47,40.47,40.5,40.47,6566.0,265752.0
2026-09-02 14:10:00,40.47,40.48,40.48,40.47,600.0,24288.0
2026-09-02 14:11:00,40.48,40.48,40.48,40.48,1500.0,60720.0
2026-09-02 14:12:00,40.48,40.42,40.48,40.42,672.0,27176.0
2026-09-02 14:13:00,40.4,40.39,40.4,40.39,3741.0,151104.0
2026-09-02 14:14:00,40.39,40.38,40.4,40.38,9955.0,402064.0
2026-09-02 14:15:00,40.36,40.36,40.36,40.36,100.0,4032.0
2026-09-02 14:16:00,40.36,40.37,40.37,40.36,1362.0,54984.0
2026-09-02 14:17:00,40.37,40.38,40.38,40.37,3903.0,157560.0
2026-09-02 14:18:00,40.35,40.35,40.35,40.35,1800.0,72632.0
2026-09-02 14:19:00,40.35,40.31,40.35,40.31,3400.0,137144.0
2026-09-02 14:20:00,40.3,40.28,40.31,40.28,8519.0,343304.0
2026-09-02 14:21:00,40.24,40.05,40.24,40.05,4911.0,197008.0
2026-09-02 14:22:00,40.07,40.06,40.07,40.06,400.0,16024.0
2026-09-02 14:23:00,40.09,40.13,40.13,40.07,2046.0,82024.0
2026-09-02 14:24:00,40.23,40.25,40.25,40.23,924.0,37176.0
2026-09-02 14:25:00,40.25,40.16,40.25,40.16,4353.0,175112.0
2026-09-02 14:26:00,40.15,40.1,40.15,40.1,2800.0,112352.0
2026-09-02 14:27:00,40.1,40.1,40.1,40.09,845.0,33880.0
2026-09-02 14:28:00,40.09,40.01,40.09,40.01,16220.0,649664.0
2026-09-02 14:29:00,40.01,39.97,40.01,39.96,11184.0,447336.0
2026-09-02 14:30:00,39.95,39.93,39.95,39.93,2379.0,95048.0
2026-09-02 14:31:00,39.94,39.92,39.94,39.92,8106.0,323664.0
2026-09-02 14:32:00,39.91,39.81,39.92,39.81,6030.0,240328.0
2026-09-02 14:33:00,39.81,39.8,39.82,39.8,15788.0,628464.0
2026-09-02 14:34:00,39.82,39.8,39.82,39.8,2250.0,89568.0
2026-09-02 14:35:00,39.82,39.88,39.88,39.82,914.0,36416.0
2026-09-02 14:36:00,39.84,39.89,39.89,39.84,3482.0,138848.0
2026-09-02 14:37:00,39.9,39.92,39.92,39.9,7621.0,304120.0
2026-09-02 14:38:00,39.92,39.92,39.92,39.92,741.0,29584.0
2026-09-02 14:39:00,39.92,39.9,39.92,39.9,5998.0,239344.0
2026-09-02 14:40:00,39.89,39.88,39.9,39.88,6228.0,248448.0
2026-09-02 14:41:00,39.87,39.82,39.87,39.82,3532.0,140752.0
2026-09-02 14:42:00,39.81,39.73,39.81,39.71,9632.0,383120.0
2026-09-02 14:43:00,39.71,39.68,39.73,39.65,12873.0,511064.0
2026-09-02 14:44:00,39.7,39.74,39.74,39.7,4201.0,166824.0
2026-09-02 14:45:00,39.74,39.79,39.79,39.73,4216.0,167584.0
2026-09-02 14:46:00,39.84,39.86,39.86,39.8,4836.0,192704.0
2026-09-02 14:47:00,39.86,39.79,39.86,39.79,6059.0,241152.0
2026-09-02 14:48:00,39.79,39.72,39.8,39.72,2573.0,102336.0
2026-09-02 14:49:00,39.75,39.61,39.75,39.61,5690.0,225680.0
2026-09-02 14:50:00,39.61,39.42,39.62,39.42,11652.0,387520.0
2026-09-02 14:51:00,39.54,39.43,39.54,39.4,7150.0,281920.0
2026-09-02 14:52:00,39.43,39.4,39.43,39.4,6196.0,244192.0
2026-09-02 14:53:00,39.4,39.35,39.4,39.35,9633.0,379512.0
2026-09-02 14:54:00,39.36,39.45,39.45,39.36,12012.0,473008.0
2026-09-02 14:55:00,39.38,39.45,39.45,39.38,3273.0,129088.0
2026-09-02 14:56:00,39.47,39.45,39.47,39.44,7895.0,311456.0
2026-09-02 14:57:00,39.44,39.42,39.44,39.41,10159.0,400536.0
2026-09-02 14:58:00,39.42,39.42,39.42,39.42,159.0,6272.0
2026-09-02 15:00:00,39.42,39.49,39.49,39.42,12261.0,484184.0
2026-09-03 09:31:00,38.1,38.77,38.84,38.1,153909.0,5889549.0
2026-09-03 09:32:00,38.79,38.5,38.85,38.21,38395.0,1486311.0
2026-09-03 09:33:00,38.36,39.14,39.14,38.36,34974.0,1355580.0
2026-09-03 09:34:00,39.14,38.99,39.25,38.8,31965.0,1246658.0
2026-09-03 09:35:00,38.8,38.6,39.06,38.6,28430.0,1101710.0
2026-09-03 09:36:00,38.6,38.38,38.6,38.38,36874.0,1418189.0
2026-09-03 09:37:00,38.36,38.38,38.38,38.35,19174.0,735422.0
2026-09-03 09:38:00,38.38,38.36,38.38,38.26,40592.0,1556210.0
2026-09-03 09:39:00,38.38,38.3,38.39,38.24,24771.0,949335.0
2026-09-03 09:40:00,38.21,38.5,38.8,38.21,42472.0,1625216.0
2026-09-03 09:41:00,38.5,38.5,38.6,38.37,17464.0,672662.0
2026-09-03 09:42:00,38.5,38.68,38.68,38.33,10154.0,389990.0
2026-09-03 09:43:00,38.68,38.75,38.84,38.66,15297.0,592664.0
2026-09-03 09:44:00,38.75,38.74,38.78,38.7,3567.0,138246.0
2026-09-03 09:45:00,38.66,38.77,38.77,38.5,8568.0,330888.0
2026-09-03 09:46:00,38.77,38.41,38.77,38.41,6575.0,253474.0
2026-09-03 09:47:00,38.48,38.49,38.49,38.48,10668.0,410188.0
2026-09-03 09:48:00,38.51,38.67,38.67,38.51,900.0,34740.0
2026-09-03 09:49:00,38.68,38.51,38.68,38.51,14557.0,527588.0
2026-09-03 09:50:00,38.67,38.65,38.71,38.55,8503.0,328136.0
2026-09-03 09:51:00,38.71,38.58,38.76,38.58,15780.0,608778.0
2026-09-03 09:52:00,38.75,38.58,38.75,38.58,13134.0,506784.0
2026-09-03 09:53:00,38.78,38.64,38.78,38.61,2702.0,104426.0
2026-09-03 09:54:00,38.64,38.64,38.64,38.64,1007.0,38912.0
2026-09-03 09:55:00,38.78,38.98,38.98,38.78,5788.0,224844.0
2026-09-03 09:56:00,39.1,39.25,39.25,39.1,35400.0,1385328.0
2026-09-03 09:57:00,39.24,39.19,39.24,39.11,14286.0,560348.0
2026-09-03 09:58:00,39.19,39.19,39.22,39.19,13191.0,517148.0
2026-09-03 09:59:00,39.18,39.3,39.3,39.18,5018.0,196728.0
2026-09-03 10:00:00,39.28,39.52,39.59,39.28,11963.0,471980.0
2026-09-03 10:01:00,39.51,39.31,39.57,39.3,20880.0,823924.0
2026-09-03 10:02:00,39.31,39.44,39.44,39.3,20863.0,820998.0
2026-09-03 10:03:00,39.44,39.44,39.44,39.33,21252.0,837018.0
2026-09-03 10:04:00,39.44,39.58,39.66,39.43,15127.0,598080.0
2026-09-03 10:05:00,39.69,39.99,39.99,39.69,27580.0,1099068.0
2026-09-03 10:06:00,39.96,40.44,40.5,39.96,76874.0,3098580.0
2026-09-03 10:07:00,40.17,40.53,40.53,40.09,56779.0,2291880.0
2026-09-03 10:08:00,40.59,40.6,40.68,40.55,117812.0,4783960.0
2026-09-03 10:09:00,40.6,40.91,40.91,40.58,78916.0,3124660.0
2026-09-03 10:10:00,40.9,41.93,41.93,40.9,197533.0,8245004.0
2026-09-03 10:11:00,41.7,40.99,41.7,40.9,62996.0,2612696.0
2026-09-03 10:12:00,40.88,40.99,41.48,40.88,59500.0,2447600.0
2026-09-03 10:13:00,40.99,40.9,41.17,40.9,43266.0,1773032.0
2026-09-03 10:14:00,41.0,40.56,41.0,40.51,45198.0,1842268.0
2026-09-03 10:15:00,40.56,40.75,40.77,40.51,20641.0,837784.0
2026-09-03 10:16:00,40.55,40.75,40.75,40.55,8921.0,363000.0
2026-09-03 10:17:00,40.7,40.8,40.8,40.7,15723.0,641212.0
2026-09-03 10:18:00,40.7,40.8,40.86,40.7,19336.0,789140.0
2026-09-03 10:19:00,40.8,40.56,40.8,40.56,8854.0,318772.0
2026-09-03 10:20:00,40.6,40.69,40.7,40.6,3417.0,138924.0
2026-09-03 10:21:00,40.68,40.62,40.68,40.61,5644.0,229296.0
2026-09-03 10:22:00,40.62,40.6,40.68,40.6,25727.0,1044888.0
2026-09-03 10:23:00,40.6,40.5,40.6,40.5,16231.0,658200.0
2026-09-03 10:24:00,40.43,40.25,40.43,40.22,12800.0,516012.0
2026-09-03 10:25:00,40.21,40.2,40.22,40.2,16269.0,654072.0
2026-09-03 10:26:00,40.22,40.22,40.22,40.2,716.0,28796.0
2026-09-03 10:27:00,40.4,40.4,40.4,40.39,11216.0,453064.0
2026-09-03 10:28:00,40.41,40.25,40.41,40.25,12039.0,485296.0
2026-09-03 10:29:00,40.22,40.25,40.26,40.22,8853.0,356312.0
2026-09-03 10:30:00,40.37,40.25,40.37,40.22,4852.0,195480.0
2026-09-03 10:31:00,40.22,40.2,40.22,40.2,9780.0,393184.0
2026-09-03 10:32:00,40.2,40.25,40.25,40.2,2538.0,102136.0
2026-09-03 10:33:00,40.26,40.34,40.34,40.26,3477.0,140112.0
2026-09-03 10:34:00,40.27,40.39,40.39,40.27,6962.0,281088.0
2026-09-03 10:35:00,40.39,40.38,40.39,40.38,9969.0,402560.0
2026-09-03 10:36:00,40.38,40.28,40.38,40.28,2735.0,110224.0
2026-09-03 10:37:00,40.3,40.3,40.3,40.27,5033.0,202736.0
2026-09-03 10:38:00,40.3,40.32,40.33,40.3,2552.0,102888.0
2026-09-03 10:39:00,40.25,40.25,40.25,40.25,1191.0,47944.0
2026-09-03 10:40:00,40.23,40.26,40.26,40.2,3632.0,146096.0
2026-09-03 10:41:00,40.25,40.3,40.3,40.2,5749.0,231424.0
2026-09-03 10:42:00,40.31,40.32,40.32,40.31,2805.0,113056.0
2026-09-03 10:43:00,40.33,40.32,40.33,40.32,1891.0,76248.0
2026-09-03 10:44:00,40.32,40.25,40.32,40.25,2209.0,88992.0
2026-09-03 10:45:00,40.25,40.21,40.25,40.21,11070.0,445368.0
2026-09-03 10:46:00,40.2,40.1,40.3,40.1,16735.0,672992.0
2026-09-03 10:47:00,40.08,39.91,40.08,39.91,14419.0,576704.0
2026-09-03 10:48:00,39.98,39.93,40.0,39.93,5564.0,222544.0
2026-09-03 10:49:00,39.91,39.5,39.91,39.5,9561.0,380248.0
2026-09-03 10:50:00,39.76,39.88,39.89,39.5,3054.0,121616.0
2026-09-03 10:51:00,39.87,39.6,39.87,39.53,3000.0,119120.0
2026-09-03 10:52:00,39.6,39.62,39.89,39.6,6519.0,258472.0
2026-09-03 10:53:00,39.87,39.87,39.87,39.62,6400.0,253840.0
2026-09-03 10:54:00,39.87,39.88,39.88,39.87,1306.0,52080.0
2026-09-03 10:55:00,39.87,39.93,39.93,39.87,3209.0,128008.0
2026-09-03 10:56:00,39.99,39.93,39.99,39.93,5869.0,234424.0
2026-09-03 10:58:00,39.74,39.73,39.74,39.73,2797.0,111136.0
2026-09-03 10:59:00,39.73,39.69,39.73,39.69,4709.0,186984.0
2026-09-03 11:00:00,39.64,39.4,39.64,39.4,26210.0,1034584.0
2026-09-03 11:01:00,39.3,39.63,39.63,39.3,9614.0,379952.0
2026-09-03 11:02:00,39.63,39.63,39.84,39.63,5000.0,198280.0
2026-09-03 11:03:00,39.62,39.43,39.62,39.43,801.0,31664.0
2026-09-03 11:04:00,39.5,39.5,39.5,39.5,1335.0,52728.0
2026-09-03 11:05:00,39.5,39.43,39.5,39.43,600.0,23672.0
2026-09-03 11:06:00,39.46,39.5,39.53,39.46,5428.0,214392.0
2026-09-03 11:07:00,39.5,39.5,39.5,39.5,3923.0,154944.0
2026-09-03 11:08:00,39.5,39.41,39.5,39.41,5592.0,220784.0
2026-09-03 11:09:00,39.49,39.51,39.55,39.49,1000.0,35568.0
2026-09-03 11:10:00,39.51,39.51,39.51,39.51,200.0,7896.0
2026-09-03 11:11:00,39.55,39.52,39.55,39.52,1300.0,51384.0
2026-09-03 11:12:00,39.53,39.55,39.55,39.53,946.0,37400.0
2026-09-03 11:13:00,39.59,39.41,39.59,39.41,1441.0,56944.0
2026-09-03 11:14:00,39.4,39.32,39.4,39.32,3386.0,133368.0
2026-09-03 11:15:00,39.32,39.28,39.33,39.28,26794.0,1053272.0
2026-09-03 11:16:00,39.21,39.16,39.21,39.13,2769.0,108432.0
2026-09-03 11:17:00,39.21,39.3,39.3,39.14,8761.0,343784.0
2026-09-03 11:18:00,39.53,39.3,39.53,39.3,1383.0,54376.0
2026-09-03 11:19:00,39.35,39.35,39.35,39.35,1670.0,43312.0
2026-09-03 11:20:00,39.41,39.4,39.41,39.4,1160.0,45704.0
2026-09-03 11:21:00,39.41,39.5,39.5,39.41,1003.0,39544.0
2026-09-03 11:23:00,39.47,39.45,39.47,39.45,1669.0,65840.0
2026-09-03 11:24:00,39.45,39.41,39.45,39.41,4213.0,166176.0
2026-09-03 11:25:00,39.41,39.36,39.45,39.36,4037.0,159128.0
2026-09-03 11:26:00,39.36,39.14,39.36,39.14,13256.0,519320.0
2026-09-03 11:27:00,39.14,39.14,39.14,39.14,3447.0,134912.0
2026-09-03 11:29:00,39.17,39.37,39.37,39.17,13258.0,520824.0
2026-09-03 11:30:00,39.37,39.23,39.37,39.19,3653.0,143688.0
2026-09-03 13:01:00,39.23,39.13,39.25,39.13,19702.0,771400.0
2026-09-03 13:02:00,39.13,39.13,39.13,39.13,900.0,35232.0
2026-09-03 13:03:00,39.14,39.14,39.14,39.13,2138.0,83672.0
2026-09-03 13:04:00,39.14,39.05,39.14,39.05,8484.0,331928.0
2026-09-03 13:05:00,39.05,38.9,39.05,38.9,7741.0,301688.0
2026-09-03 13:06:00,38.9,38.9,38.9,38.9,1080.0,42008.0
2026-09-03 13:07:00,38.82,38.78,38.82,38.78,3484.0,135208.0
2026-09-03 13:08:00,38.78,38.82,38.82,38.78,2037.0,79032.0
2026-09-03 13:09:00,38.82,38.9,38.9,38.82,90.0,3496.0
2026-09-03 13:10:00,38.96,38.96,38.96,38.96,200.0,7792.0
2026-09-03 13:11:00,38.99,39.0,39.0,38.99,765.0,29832.0
2026-09-03 13:12:00,39.0,39.0,39.0,39.0,415.0,16152.0
2026-09-03 13:13:00,39.0,38.86,39.0,38.86,1385.0,53920.0
2026-09-03 13:14:00,38.85,38.85,38.85,38.83,3767.0,146336.0
2026-09-03 13:15:00,38.83,38.83,38.84,38.83,3063.0,118952.0
2026-09-03 13:16:00,38.82,38.8,38.82,38.79,2766.0,107328.0
2026-09-03 13:17:00,38.78,38.77,38.78,38.77,3347.0,129784.0
2026-09-03 13:18:00,38.79,38.8,38.82,38.79,500.0,19400.0
2026-09-03 13:19:00,38.8,38.78,38.82,38.78,7800.0,302608.0
2026-09-03 13:20:00,38.79,38.8,38.8,38.77,3013.0,116864.0
2026-09-03 13:21:00,38.78,38.84,38.85,38.78,11642.0,452112.0
2026-09-03 13:22:00,38.85,38.85,38.85,38.85,1000.0,38856.0
2026-09-03 13:23:00,38.85,38.84,38.85,38.84,2901.0,112696.0
2026-09-03 13:24:00,38.84,38.82,38.84,38.82,1965.0,76320.0
2026-09-03 13:25:00,38.82,38.85,38.85,38.8,4257.0,165344.0
2026-09-03 13:26:00,38.85,38.85,38.93,38.85,976.0,37936.0
2026-09-03 13:27:00,38.84,38.9,38.9,38.84,630.0,24472.0
2026-09-03 13:28:00,38.8,38.81,38.81,38.8,2100.0,81496.0
2026-09-03 13:29:00,38.8,38.9,38.9,38.8,8345.0,230800.0
2026-09-03 13:30:00,38.9,38.8,38.9,38.8,496.0,19296.0
2026-09-03 13:31:00,38.8,38.8,38.8,38.8,1033.0,40080.0
2026-09-03 13:32:00,38.95,38.95,38.95,38.95,2900.0,112904.0
2026-09-03 13:33:00,38.97,38.97,38.97,38.97,2050.0,79864.0
2026-09-03 13:34:00,38.95,38.95,39.39,38.95,2447.0,95520.0
2026-09-03 13:35:00,39.37,38.96,39.37,38.96,800.0,31248.0
2026-09-03 13:36:00,39.35,38.96,39.35,38.96,2000.0,78400.0
2026-09-03 13:37:00,39.07,39.07,39.07,39.07,100.0,3904.0
2026-09-03 13:38:00,39.06,39.06,39.06,39.06,200.0,7816.0
2026-09-03 13:39:00,39.06,39.06,39.06,39.06,110.0,4296.0
2026-09-03 13:40:00,39.07,39.07,39.07,39.07,255.0,9960.0
2026-09-03 13:41:00,39.07,38.97,39.07,38.97,2949.0,115000.0
2026-09-03 13:42:00,38.99,38.97,38.99,38.97,227.0,8848.0
2026-09-03 13:43:00,38.99,38.99,38.99,38.99,1008.0,39296.0
2026-09-03 13:44:00,38.97,38.96,38.97,38.96,305.0,11888.0
2026-09-03 13:45:00,38.95,38.9,38.95,38.9,3100.0,120632.0
2026-09-03 13:46:00,38.96,38.96,38.97,38.96,400.0,15584.0
2026-09-03 13:48:00,38.9,38.9,38.9,38.9,559.0,21744.0
2026-09-03 13:49:00,38.9,38.9,38.9,38.9,670.0,26064.0
2026-09-03 13:50:00,38.9,38.91,38.91,38.9,780.0,30344.0
2026-09-03 13:51:00,38.91,38.8,38.91,38.8,6110.0,237224.0
2026-09-03 13:52:00,38.81,38.8,38.81,38.8,1590.0,61696.0
2026-09-03 13:53:00,38.84,38.79,38.84,38.79,5160.0,200256.0
2026-09-03 13:54:00,38.82,38.77,38.83,38.77,7445.0,288792.0
2026-09-03 13:55:00,38.77,38.77,38.77,38.77,3561.0,138056.0
2026-09-03 13:56:00,38.76,38.77,38.77,38.76,2944.0,114128.0
2026-09-03 13:57:00,38.77,38.77,38.77,38.77,3091.0,119840.0
2026-09-03 13:58:00,38.82,38.83,38.83,38.82,1585.0,61528.0
2026-09-03 13:59:00,38.83,38.9,38.9,38.83,3631.0,141000.0
2026-09-03 14:00:00,38.91,38.91,38.91,38.91,1690.0,65760.0
2026-09-03 14:02:00,38.93,38.93,38.93,38.93,100.0,3896.0
2026-09-03 14:03:00,39.01,39.07,39.07,39.01,2028.0,79192.0
2026-09-03 14:04:00,39.17,39.17,39.17,39.17,1208.0,47320.0
2026-09-03 14:05:00,39.17,39.19,39.19,39.17,579.0,22680.0
2026-09-03 14:06:00,39.19,39.16,39.19,39.16,1873.0,73376.0
2026-09-03 14:07:00,39.05,38.98,39.05,38.98,1100.0,42904.0
2026-09-03 14:08:00,38.95,38.95,38.95,38.95,400.0,15576.0
2026-09-03 14:09:00,38.94,38.91,38.94,38.91,800.0,31144.0
2026-09-03 14:10:00,38.91,38.87,38.91,38.87,3623.0,140896.0
2026-09-03 14:11:00,38.93,38.88,38.93,38.88,303.0,11784.0
2026-09-03 14:14:00,38.89,38.89,38.89,38.89,327.0,12720.0
2026-09-03 14:15:00,38.89,38.89,38.89,38.89,673.0,26168.0
2026-09-03 14:16:00,38.89,38.89,38.89,38.89,2958.0,115040.0
2026-09-03 14:17:00,38.88,38.96,38.96,38.88,1595.0,62056.0
2026-09-03 14:18:00,38.89,38.89,38.89,38.89,500.0,19448.0
2026-09-03 14:19:00,38.9,38.94,38.94,38.9,1779.0,69264.0
2026-09-03 14:20:00,38.9,38.9,38.9,38.9,2054.0,79912.0
2026-09-03 14:21:00,38.89,38.94,38.94,38.89,1676.0,65208.0
2026-09-03 14:22:00,38.94,38.93,38.94,38.93,678.0,26400.0
2026-09-03 14:23:00,38.93,38.9,38.93,38.9,457.0,17776.0
2026-09-03 14:24:00,38.93,38.94,38.94,38.9,902.0,35112.0
2026-09-03 14:25:00,38.94,38.87,38.94,38.87,6897.0,268232.0
2026-09-03 14:26:00,38.87,38.86,38.88,38.86,2161.0,84000.0
2026-09-03 14:27:00,38.88,38.86,38.88,38.86,1281.0,49792.0
2026-09-03 14:28:00,38.88,38.91,38.91,38.88,2422.0,94232.0
2026-09-03 14:29:00,38.91,38.92,38.92,38.91,610.0,23736.0
2026-09-03 14:30:00,38.93,38.93,38.93,38.93,661.0,25736.0
2026-09-03 14:31:00,38.93,38.91,38.93,38.91,1434.0,55816.0
2026-09-03 14:32:00,38.88,38.87,38.88,38.87,8828.0,343216.0
2026-09-03 14:33:00,38.88,38.87,38.88,38.87,2134.0,82968.0
2026-09-03 14:34:00,38.86,38.85,38.86,38.85,1870.0,72656.0
2026-09-03 14:35:00,38.85,38.85,38.85,38.83,3393.0,131800.0
2026-09-03 14:36:00,38.85,38.85,38.86,38.85,1541.0,59872.0
2026-09-03 14:37:00,38.84,38.81,38.84,38.81,4158.0,161424.0
2026-09-03 14:38:00,38.81,38.81,38.81,38.81,145.0,5624.0
2026-09-03 14:39:00,38.82,38.81,38.82,38.81,1913.0,74248.0
2026-09-03 14:40:00,38.8,38.78,38.81,38.78,9467.0,367320.0
2026-09-03 14:41:00,38.78,38.78,38.78,38.78,2220.0,86096.0
2026-09-03 14:42:00,38.78,38.77,38.78,38.77,1013.0,39272.0
2026-09-03 14:43:00,38.76,38.81,38.81,38.76,2048.0,79432.0
2026-09-03 14:44:00,38.8,38.8,38.8,38.8,1200.0,46560.0
2026-09-03 14:45:00,38.8,38.79,38.8,38.79,1472.0,57104.0
2026-09-03 14:46:00,38.79,38.79,38.81,38.78,3088.0,119784.0
2026-09-03 14:47:00,38.8,38.8,38.8,38.8,700.0,27160.0
2026-09-03 14:48:00,38.79,38.82,38.82,38.78,7534.0,292216.0
2026-09-03 14:49:00,38.82,38.82,38.82,38.82,1031.0,40024.0
2026-09-03 14:50:00,38.83,38.83,38.83,38.83,4146.0,160984.0
2026-09-03 14:51:00,38.83,38.88,38.88,38.83,4328.0,168176.0
2026-09-03 14:52:00,38.87,38.88,38.88,38.87,1754.0,68192.0
2026-09-03 14:53:00,38.87,38.9,38.9,38.87,3679.0,143024.0
2026-09-03 14:54:00,38.92,39.16,39.16,38.91,2665.0,103784.0
2026-09-03 14:55:00,39.16,39.27,39.27,39.16,3598.0,141304.0
2026-09-03 14:56:00,39.19,39.0,39.19,38.99,5543.0,217024.0
2026-09-03 14:57:00,38.99,39.0,39.0,38.99,3674.0,143280.0
2026-09-03 15:00:00,39.2,39.2,39.2,39.2,7742.0,303488.0
2026-09-04 09:31:00,38.38,38.5,38.75,38.32,112527.0,4328323.0
2026-09-04 09:32:00,38.5,37.9,38.5,37.9,87809.0,3355920.0
2026-09-04 09:33:00,37.9,38.24,38.25,37.79,73586.0,2793863.0
2026-09-04 09:34:00,38.28,38.1,38.28,38.06,17704.0,675363.0
2026-09-04 09:35:00,38.07,37.98,38.07,37.98,52830.0,2007852.0
2026-09-04 09:36:00,37.98,37.78,37.98,37.78,88116.0,3334657.0
2026-09-04 09:37:00,37.74,37.9,37.9,37.74,38520.0,1458754.0
2026-09-04 09:38:00,37.9,38.06,38.06,37.9,17314.0,657256.0
2026-09-04 09:39:00,38.02,37.99,38.07,37.9,24869.0,943844.0
2026-09-04 09:40:00,38.23,38.38,38.5,38.23,8245.0,314488.0
2026-09-04 09:41:00,38.38,38.38,38.38,38.38,4990.0,191140.0
2026-09-04 09:42:00,38.19,37.9,38.19,37.9,9966.0,378822.0
2026-09-04 09:43:00,37.99,38.29,38.29,37.92,28524.0,1083270.0
2026-09-04 09:44:00,38.38,38.37,38.38,38.28,5370.0,205782.0
2026-09-04 09:45:00,38.05,38.01,38.05,37.96,18355.0,697914.0
2026-09-04 09:46:00,38.01,38.08,38.3,38.01,8425.0,320718.0
2026-09-04 09:47:00,38.3,38.3,38.36,38.1,3331.0,127494.0
2026-09-04 09:48:00,38.3,38.07,38.3,38.07,7049.0,269014.0
2026-09-04 09:49:00,38.06,38.1,38.28,38.06,2935.0,111938.0
2026-09-04 09:50:00,38.1,38.26,38.27,38.1,10005.0,381416.0
2026-09-04 09:51:00,38.27,38.27,38.27,38.27,719.0,27476.0
2026-09-04 09:52:00,38.1,38.26,38.26,38.08,10644.0,405540.0
2026-09-04 09:53:00,38.27,38.21,38.27,38.1,4869.0,185738.0
2026-09-04 09:54:00,38.1,38.26,38.26,38.1,6237.0,237866.0
2026-09-04 09:55:00,38.26,38.1,38.26,38.1,327.0,12490.0
2026-09-04 09:56:00,38.1,38.26,38.26,38.09,12813.0,488192.0
2026-09-04 09:57:00,38.13,38.28,38.28,38.11,10059.0,384190.0
2026-09-04 09:58:00,38.27,38.48,38.49,38.27,5989.0,229652.0
2026-09-04 09:59:00,38.48,38.47,38.48,38.45,3117.0,119926.0
2026-09-04 10:00:00,38.47,38.4,38.48,38.4,2900.0,111476.0
2026-09-04 10:01:00,38.4,38.49,38.49,38.33,6796.0,261154.0
2026-09-04 10:02:00,38.49,38.5,38.55,38.49,16744.0,644648.0
2026-09-04 10:03:00,38.54,38.36,38.59,38.36,8740.0,336544.0
2026-09-04 10:04:00,38.58,38.5,38.58,38.5,2975.0,114458.0
2026-09-04 10:05:00,38.48,38.42,38.48,38.42,600.0,23064.0
2026-09-04 10:06:00,38.47,38.67,38.78,38.47,19021.0,734774.0
2026-09-04 10:07:00,38.79,39.09,39.09,38.76,11649.0,452932.0
2026-09-04 10:08:00,39.1,38.82,39.1,38.81,7690.0,299860.0
2026-09-04 10:09:00,38.82,38.92,38.96,38.81,14186.0,551678.0
2026-09-04 10:10:00,38.92,38.95,38.96,38.9,5242.0,203978.0
2026-09-04 10:11:00,38.9,38.9,39.0,38.9,4900.0,190770.0
2026-09-04 10:12:00,38.9,39.06,39.08,38.9,7096.0,276620.0
2026-09-04 10:13:00,39.01,39.0,39.05,38.95,5216.0,203440.0
2026-09-04 10:14:00,39.0,38.9,39.03,38.9,14950.0,583042.0
2026-09-04 10:15:00,38.9,39.0,39.01,38.9,30337.0,1182946.0
2026-09-04 10:16:00,39.0,38.92,39.0,38.92,7421.0,289218.0
2026-09-04 10:17:00,38.91,39.0,39.0,38.91,19745.0,769654.0
2026-09-04 10:18:00,39.05,39.11,39.11,39.05,13446.0,467066.0
2026-09-04 10:19:00,39.14,39.23,39.25,39.14,10346.0,405532.0
2026-09-04 10:20:00,39.28,39.1,39.28,39.1,8532.0,334728.0
2026-09-04 10:21:00,39.1,39.19,39.19,39.1,19121.0,747944.0
2026-09-04 10:22:00,39.19,39.32,39.33,39.19,6783.0,266264.0
2026-09-04 10:23:00,39.3,39.18,39.3,39.18,4262.0,167184.0
2026-09-04 10:24:00,39.18,39.15,39.18,39.14,2855.0,111844.0
2026-09-04 10:25:00,39.11,39.2,39.2,39.03,6820.0,266920.0
2026-09-04 10:26:00,39.2,39.19,39.2,39.19,3371.0,132124.0
2026-09-04 10:27:00,39.1,39.06,39.1,39.06,1100.0,43008.0
2026-09-04 10:28:00,39.07,39.11,39.11,39.06,1613.0,63024.0
2026-09-04 10:29:00,39.11,39.11,39.18,39.11,2531.0,98996.0
2026-09-04 10:30:00,39.11,39.11,39.11,39.11,554.0,21668.0
2026-09-04 10:31:00,39.11,39.0,39.11,39.0,8405.0,328204.0
2026-09-04 10:32:00,39.0,38.94,39.0,38.94,7570.0,295012.0
2026-09-04 10:33:00,38.96,38.9,38.96,38.9,5914.0,230328.0
2026-09-04 10:34:00,38.89,38.83,38.89,38.83,3899.0,151464.0
2026-09-04 10:35:00,38.8,38.8,38.8,38.8,3690.0,142980.0
2026-09-04 10:36:00,38.6,38.83,38.83,38.54,5641.0,217828.0
2026-09-04 10:37:00,38.83,38.7,38.83,38.7,1200.0,46560.0
2026-09-04 10:38:00,38.7,38.7,38.7,38.7,450.0,17416.0
2026-09-04 10:39:00,38.67,38.8,38.82,38.67,400.0,15508.0
2026-09-04 10:40:00,38.8,38.88,38.88,38.8,1642.0,63776.0
2026-09-04 10:41:00,38.88,38.89,38.89,38.83,4189.0,162860.0
2026-09-04 10:42:00,38.8,38.82,38.89,38.8,3993.0,155040.0
2026-09-04 10:43:00,38.82,38.8,38.97,38.8,8319.0,323128.0
2026-09-04 10:44:00,38.8,38.8,39.03,38.8,6062.0,235432.0
2026-09-04 10:45:00,38.79,39.03,39.03,38.79,3009.0,117288.0
2026-09-04 10:46:00,39.03,39.03,39.1,39.03,3107.0,121284.0
2026-09-04 10:48:00,39.0,38.99,39.0,38.74,12116.0,470132.0
2026-09-04 10:49:00,39.0,39.01,39.04,39.0,7705.0,300560.0
2026-09-04 10:50:00,39.11,39.02,39.11,39.02,2336.0,91280.0
2026-09-04 10:51:00,39.02,39.18,39.18,39.02,5536.0,216296.0
2026-09-04 10:53:00,39.04,39.05,39.05,39.04,1300.0,50756.0
2026-09-04 10:54:00,39.14,39.06,39.14,39.06,200.0,7820.0
2026-09-04 10:55:00,39.06,39.15,39.15,39.03,1687.0,65888.0
2026-09-04 10:56:00,39.04,39.04,39.04,39.04,300.0,11712.0
2026-09-04 10:57:00,39.04,39.15,39.15,39.04,1900.0,74200.0
2026-09-04 10:58:00,39.15,39.15,39.15,39.07,1136.0,44392.0
2026-09-04 10:59:00,39.2,39.2,39.25,39.2,7724.0,302696.0
2026-09-04 11:00:00,39.28,39.27,39.29,39.27,6692.0,262844.0
2026-09-04 11:01:00,39.2,39.2,39.2,39.2,3867.0,151592.0
2026-09-04 11:02:00,39.26,39.26,39.26,39.26,3000.0,117664.0
2026-09-04 11:03:00,39.13,39.13,39.13,39.13,1920.0,75128.0
2026-09-04 11:04:00,39.12,39.13,39.14,39.12,1638.0,64100.0
2026-09-04 11:05:00,39.13,39.13,39.13,39.13,100.0,3912.0
2026-09-04 11:06:00,39.13,39.13,39.13,39.13,500.0,19564.0
2026-09-04 11:07:00,39.13,39.13,39.13,39.13,600.0,23480.0
2026-09-04 11:08:00,39.13,39.14,39.14,39.13,1163.0,45512.0
2026-09-04 11:09:00,39.13,39.14,39.14,39.13,1469.0,57484.0
2026-09-04 11:10:00,39.14,39.14,39.14,39.14,401.0,15696.0
2026-09-04 11:11:00,39.17,39.17,39.17,39.17,854.0,33452.0
2026-09-04 11:12:00,39.17,39.12,39.19,39.12,1305.0,51076.0
2026-09-04 11:13:00,39.12,39.11,39.12,39.11,5637.0,220512.0
2026-09-04 11:14:00,39.11,39.11,39.11,39.11,300.0,11736.0
2026-09-04 11:15:00,39.11,39.11,39.11,39.11,700.0,27376.0
2026-09-04 11:16:00,39.11,39.12,39.12,39.11,5106.0,199704.0
2026-09-04 11:17:00,39.12,39.12,39.12,39.12,80.0,3128.0
2026-09-04 11:18:00,39.11,39.09,39.11,39.09,2079.0,81288.0
2026-09-04 11:19:00,39.09,38.75,39.09,38.75,5213.0,203052.0
2026-09-04 11:20:00,38.69,38.89,38.89,38.69,10353.0,401592.0
2026-09-04 11:21:00,38.89,38.89,38.89,38.89,948.0,36836.0
2026-09-04 11:22:00,38.78,38.8,38.8,38.77,2632.0,102072.0
2026-09-04 11:23:00,38.76,38.77,38.77,38.76,991.0,38416.0
2026-09-04 11:24:00,38.76,38.78,38.78,38.75,5454.0,211392.0
2026-09-04 11:25:00,38.95,38.95,38.95,38.78,4747.0,184456.0
2026-09-04 11:26:00,38.95,38.95,38.95,38.95,100.0,3892.0
2026-09-04 11:27:00,38.79,38.79,38.79,38.79,300.0,11636.0
2026-09-04 11:28:00,38.88,38.78,38.88,38.78,1289.0,50004.0
2026-09-04 11:29:00,38.8,38.8,38.8,38.78,3191.0,123788.0
2026-09-04 11:30:00,38.8,38.8,38.8,38.8,963.0,37364.0
2026-09-04 13:01:00,38.8,38.8,38.8,38.8,2433.0,94384.0
2026-09-04 13:02:00,38.88,38.95,38.95,38.88,1338.0,52108.0
2026-09-04 13:05:00,38.83,38.83,38.83,38.83,267.0,10368.0
2026-09-04 13:06:00,38.8,38.83,38.83,38.8,862.0,33456.0
2026-09-04 13:07:00,38.83,38.84,38.84,38.83,1068.0,41476.0
2026-09-04 13:08:00,38.83,38.83,38.83,38.83,891.0,34596.0
2026-09-04 13:09:00,38.83,38.81,38.83,38.8,3294.0,127876.0
2026-09-04 13:10:00,38.81,38.78,38.81,38.78,1754.0,68052.0
2026-09-04 13:11:00,38.77,38.81,38.81,38.77,2721.0,105568.0
2026-09-04 13:12:00,38.81,38.81,38.81,38.81,100.0,3880.0
2026-09-04 13:13:00,38.8,38.78,38.8,38.78,5449.0,211368.0
2026-09-04 13:14:00,38.78,38.76,38.78,38.76,2097.0,81304.0
2026-09-04 13:15:00,38.76,38.75,38.76,38.74,6132.0,237624.0
2026-09-04 13:16:00,38.8,38.81,38.81,38.8,3021.0,117192.0
2026-09-04 13:17:00,38.83,38.8,38.84,38.8,47103.0,1828440.0
2026-09-04 13:18:00,38.81,38.92,38.93,38.81,800.0,31132.0
2026-09-04 13:19:00,39.0,39.0,39.0,39.0,10000.0,389612.0
2026-09-04 13:20:00,38.83,38.89,38.89,38.83,1400.0,54384.0
2026-09-04 13:21:00,38.89,38.93,38.93,38.89,819.0,31876.0
2026-09-04 13:22:00,38.93,38.93,38.93,38.93,100.0,3892.0
2026-09-04 13:23:00,38.93,38.83,38.93,38.83,1100.0,42736.0
2026-09-04 13:24:00,38.83,38.83,38.83,38.83,100.0,3880.0
2026-09-04 13:25:00,38.83,38.83,38.83,38.83,100.0,3884.0
2026-09-04 13:26:00,38.83,38.83,38.83,38.81,2331.0,90508.0
2026-09-04 13:28:00,38.81,38.78,38.81,38.78,932.0,36144.0
2026-09-04 13:29:00,38.77,38.7,38.77,38.7,9280.0,359340.0
2026-09-04 13:30:00,38.68,38.65,38.68,38.65,520.0,20104.0
2026-09-04 13:31:00,38.61,38.6,38.61,38.6,2346.0,90572.0
2026-09-04 13:32:00,38.6,38.69,38.69,38.6,1490.0,57612.0
2026-09-04 13:33:00,38.63,38.7,38.7,38.63,1100.0,42556.0
2026-09-04 13:34:00,38.63,38.77,38.77,38.62,1200.0,46420.0
2026-09-04 13:35:00,38.63,38.63,38.63,38.63,200.0,7724.0
2026-09-04 13:37:00,38.67,38.63,38.67,38.63,1300.0,50248.0
2026-09-04 13:38:00,38.62,38.56,38.62,38.56,4859.0,187612.0
2026-09-04 13:39:00,38.55,38.5,38.55,38.5,13965.0,537908.0
2026-09-04 13:40:00,38.5,38.38,38.5,38.38,7204.0,277024.0
2026-09-04 13:41:00,38.38,38.4,38.4,38.38,5274.0,202456.0
2026-09-04 13:42:00,38.4,38.41,38.41,38.4,250.0,9604.0
2026-09-04 13:43:00,38.46,38.41,38.46,38.41,1749.0,67204.0
2026-09-04 13:44:00,38.42,38.42,38.42,38.42,1000.0,38416.0
2026-09-04 13:45:00,38.41,38.41,38.41,38.41,341.0,13104.0
2026-09-04 13:46:00,38.45,38.45,38.45,38.45,500.0,19224.0
2026-09-04 13:47:00,38.51,38.45,38.51,38.45,2500.0,96260.0
2026-09-04 13:48:00,38.43,38.45,38.45,38.43,3000.0,115324.0
2026-09-04 13:49:00,38.45,38.44,38.45,38.44,1100.0,42296.0
2026-09-04 13:50:00,38.45,38.45,38.45,38.45,573.0,22032.0
2026-09-04 13:51:00,38.46,38.46,38.46,38.46,330.0,12688.0
2026-09-04 13:52:00,38.45,38.44,38.55,38.44,8700.0,334988.0
2026-09-04 13:53:00,38.45,38.44,38.45,38.44,4524.0,173916.0
2026-09-04 13:54:00,38.43,38.35,38.43,38.35,7206.0,276716.0
2026-09-04 13:55:00,38.3,38.18,38.31,38.18,10149.0,388680.0
2026-09-04 13:56:00,38.16,38.11,38.16,38.1,9604.0,366028.0
2026-09-04 13:57:00,38.1,37.98,38.1,37.98,12065.0,458640.0
2026-09-04 13:58:00,37.96,37.93,37.96,37.9,13917.0,528064.0
2026-09-04 13:59:00,37.96,37.96,37.96,37.96,5135.0,194896.0
2026-09-04 14:00:00,37.96,38.03,38.03,37.96,6734.0,255712.0
2026-09-04 14:01:00,38.03,38.03,38.03,38.03,1100.0,41832.0
2026-09-04 14:02:00,38.03,38.03,38.03,38.03,2690.0,102304.0
2026-09-04 14:03:00,38.03,38.02,38.03,38.02,4000.0,152096.0
2026-09-04 14:04:00,38.02,38.02,38.02,38.02,128.0,4868.0
2026-09-04 14:05:00,38.02,38.04,38.04,38.02,364.0,13840.0
2026-09-04 14:07:00,38.15,38.14,38.15,38.14,355.0,13540.0
2026-09-04 14:08:00,38.15,38.04,38.15,38.04,1996.0,76092.0
2026-09-04 14:09:00,38.04,38.02,38.04,38.02,2801.0,106508.0
2026-09-04 14:10:00,38.01,37.97,38.01,37.97,3132.0,119008.0
2026-09-04 14:11:00,37.97,37.94,37.97,37.94,3548.0,134664.0
2026-09-04 14:12:00,37.94,37.94,37.94,37.94,1051.0,39872.0
2026-09-04 14:14:00,37.95,37.95,37.95,37.9,4984.0,189048.0
2026-09-04 14:15:00,37.95,37.95,38.0,37.95,1901.0,72232.0
2026-09-04 14:16:00,38.13,38.14,38.14,38.13,600.0,22856.0
2026-09-04 14:17:00,37.95,38.12,38.12,37.95,900.0,34272.0
2026-09-04 14:18:00,37.95,37.99,37.99,37.95,600.0,22776.0
2026-09-04 14:19:00,37.95,37.94,37.95,37.94,3128.0,118700.0
2026-09-04 14:20:00,37.94,37.88,37.94,37.88,10958.0,415268.0
2026-09-04 14:21:00,37.88,37.73,37.88,37.73,24933.0,942360.0
2026-09-04 14:22:00,37.71,37.61,37.71,37.61,6517.0,245472.0
2026-09-04 14:23:00,37.6,37.6,37.6,37.54,13343.0,501332.0
2026-09-04 14:24:00,37.6,37.6,37.6,37.56,3509.0,131920.0
2026-09-04 14:25:00,37.61,37.6,37.61,37.6,5636.0,211940.0
2026-09-04 14:26:00,37.62,37.62,37.62,37.62,1570.0,59064.0
2026-09-04 14:27:00,37.62,37.63,37.63,37.62,2154.0,81036.0
2026-09-04 14:29:00,37.63,37.64,37.64,37.63,308.0,11596.0
2026-09-04 14:30:00,37.72,37.65,37.72,37.65,389.0,14656.0
2026-09-04 14:31:00,37.64,37.71,37.71,37.64,5284.0,198912.0
2026-09-04 14:32:00,37.59,37.51,37.6,37.51,15760.0,592392.0
2026-09-04 14:33:00,37.5,37.39,37.5,37.38,21375.0,801092.0
2026-09-04 14:34:00,37.38,37.32,37.39,37.32,4394.0,164160.0
2026-09-04 14:35:00,37.32,37.31,37.33,37.31,11576.0,432044.0
2026-09-04 14:36:00,37.3,37.3,37.31,37.3,4531.0,169032.0
2026-09-04 14:37:00,37.3,37.34,37.34,37.28,21748.0,811132.0
2026-09-04 14:38:00,37.35,37.41,37.41,37.35,1186.0,44348.0
2026-09-04 14:39:00,37.42,37.42,37.42,37.42,208.0,7784.0
2026-09-04 14:40:00,37.42,37.41,37.5,37.41,2211.0,82740.0
2026-09-04 14:41:00,37.35,37.37,37.41,37.35,3404.0,127280.0
2026-09-04 14:42:00,37.41,37.39,37.41,37.38,9059.0,338652.0
2026-09-04 14:43:00,37.39,37.37,37.39,37.35,4439.0,165856.0
2026-09-04 14:44:00,37.36,37.36,37.36,37.35,6330.0,236516.0
2026-09-04 14:45:00,37.39,37.5,37.5,37.39,2401.0,89956.0
2026-09-04 14:46:00,37.49,37.45,37.49,37.4,2262.0,84656.0
2026-09-04 14:47:00,37.43,37.4,37.43,37.4,5074.0,189872.0
2026-09-04 14:48:00,37.39,37.38,37.39,37.37,8435.0,296664.0
2026-09-04 14:49:00,37.38,37.41,37.41,37.38,4122.0,154080.0
2026-09-04 14:50:00,37.4,37.41,37.44,37.4,27612.0,1032944.0
2026-09-04 14:51:00,37.38,37.43,37.43,37.38,1823.0,68164.0
2026-09-04 14:52:00,37.38,37.39,37.43,37.38,2666.0,99708.0
2026-09-04 14:53:00,37.4,37.39,37.43,37.39,6263.0,234324.0
2026-09-04 14:54:00,37.41,37.4,37.43,37.39,14346.0,536656.0
2026-09-04 14:55:00,37.39,37.39,37.4,37.38,10409.0,389228.0
2026-09-04 14:56:00,37.39,37.43,37.43,37.39,8981.0,335912.0
2026-09-04 14:57:00,37.49,37.49,37.49,37.49,3350.0,125592.0
2026-09-04 15:00:00,37.47,37.47,37.47,37.47,11051.0,414080.0
2026-09-07 09:31:00,37.3,37.08,37.3,36.9,45032.0,1669060.0
2026-09-07 09:32:00,36.99,37.34,37.34,36.99,23127.0,749608.0
2026-09-07 09:33:00,37.34,37.19,37.35,37.19,4928.0,183856.0
2026-09-07 09:34:00,37.29,37.2,37.29,37.19,15206.0,565548.0
2026-09-07 09:35:00,37.2,37.03,37.2,37.02,15924.0,590917.0
2026-09-07 09:36:00,37.02,36.93,37.02,36.9,20902.0,772302.0
2026-09-07 09:37:00,36.9,36.89,36.93,36.88,6106.0,225365.0
2026-09-07 09:38:00,36.93,36.65,36.93,36.65,40232.0,1478403.0
2026-09-07 09:39:00,36.79,36.8,36.81,36.68,15926.0,586004.0
2026-09-07 09:40:00,36.78,36.93,36.93,36.78,7986.0,294104.0
2026-09-07 09:41:00,36.81,36.81,36.81,36.81,3113.0,114580.0
2026-09-07 09:42:00,36.76,36.67,36.76,36.67,31814.0,1020105.0
2026-09-07 09:43:00,36.66,36.8,36.8,36.66,5274.0,193580.0
2026-09-07 09:44:00,36.74,36.7,36.74,36.7,4808.0,176575.0
2026-09-07 09:45:00,36.75,36.51,36.75,36.5,29258.0,1071729.0
2026-09-07 09:46:00,36.51,36.62,36.76,36.51,3951.0,144595.0
2026-09-07 09:47:00,36.72,36.71,36.73,36.71,3415.0,125390.0
2026-09-07 09:48:00,36.71,36.72,36.72,36.61,8124.0,297975.0
2026-09-07 09:49:00,36.71,36.71,36.8,36.71,11892.0,436768.0
2026-09-07 09:50:00,36.71,36.71,36.71,36.71,2763.0,101437.0
2026-09-07 09:51:00,36.78,36.81,36.81,36.71,4101.0,150901.0
2026-09-07 09:52:00,37.0,37.0,37.29,36.82,6028.0,189714.0
2026-09-07 09:53:00,37.0,36.88,37.0,36.88,2930.0,108204.0
2026-09-07 09:54:00,36.95,36.87,36.95,36.86,2522.0,93086.0
2026-09-07 09:55:00,36.89,36.9,36.96,36.87,2109.0,77809.0
2026-09-07 09:56:00,36.91,36.88,36.91,36.88,3224.0,118964.0
2026-09-07 09:57:00,36.88,36.88,36.91,36.88,6270.0,231309.0
2026-09-07 09:58:00,36.89,36.92,36.92,36.89,1789.0,66026.0
2026-09-07 09:59:00,36.9,36.9,36.9,36.9,2299.0,84833.0
2026-09-07 10:00:00,36.88,36.81,36.88,36.81,7530.0,277517.0
2026-09-07 10:01:00,36.81,36.72,36.81,36.71,10182.0,374200.0
2026-09-07 10:02:00,36.72,36.71,36.72,36.7,19365.0,653247.0
2026-09-07 10:03:00,36.71,36.79,36.79,36.71,1143.0,41963.0
2026-09-07 10:04:00,36.79,36.63,36.79,36.63,6132.0,224870.0
2026-09-07 10:05:00,36.63,36.8,36.8,36.63,2374.0,87030.0
2026-09-07 10:06:00,36.65,36.66,36.66,36.65,2715.0,99523.0
2026-09-07 10:08:00,36.66,36.66,36.67,36.66,1746.0,64021.0
2026-09-07 10:09:00,36.67,36.65,36.78,36.65,7333.0,268842.0
2026-09-07 10:10:00,36.77,36.8,36.8,36.77,13730.0,504970.0
2026-09-07 10:11:00,36.8,36.78,36.8,36.78,6824.0,251071.0
2026-09-07 10:12:00,36.68,36.68,36.68,36.68,4300.0,146720.0
2026-09-07 10:13:00,36.68,36.7,36.7,36.68,1900.0,69726.0
2026-09-07 10:14:00,36.7,36.69,36.71,36.69,6463.0,237192.0
2026-09-07 10:15:00,36.66,36.66,36.66,36.66,15676.0,574919.0
2026-09-07 10:16:00,36.66,36.66,36.66,36.66,13197.0,483806.0
2026-09-07 10:17:00,36.66,36.66,36.66,36.66,21098.0,773452.0
2026-09-07 10:18:00,36.67,36.66,36.67,36.66,2659.0,97494.0
2026-09-07 10:19:00,36.66,36.67,36.67,36.66,6379.0,233862.0
2026-09-07 10:20:00,36.68,36.64,36.69,36.64,10119.0,371040.0
2026-09-07 10:21:00,36.65,36.64,36.68,36.63,6161.0,225748.0
2026-09-07 10:22:00,36.64,36.64,36.64,36.63,1270.0,39198.0
2026-09-07 10:23:00,36.63,36.68,36.68,36.62,4905.0,179664.0
2026-09-07 10:24:00,36.64,36.64,36.64,36.64,236.0,8650.0
2026-09-07 10:25:00,36.64,36.64,36.64,36.64,1299.0,47596.0
2026-09-07 10:26:00,36.64,36.63,36.64,36.63,3029.0,110966.0
2026-09-07 10:27:00,36.63,36.63,36.63,36.62,11155.0,408500.0
2026-09-07 10:28:00,36.6,36.6,36.6,36.6,748.0,27376.0
2026-09-07 10:29:00,36.6,36.54,36.6,36.54,7923.0,289758.0
2026-09-07 10:30:00,36.54,36.53,36.54,36.53,5598.0,204544.0
2026-09-07 10:31:00,36.52,36.53,36.53,36.51,12358.0,451356.0
2026-09-07 10:32:00,36.53,36.52,36.53,36.52,5113.0,183098.0
2026-09-07 10:33:00,36.52,36.52,36.52,36.51,3221.0,117610.0
2026-09-07 10:34:00,36.52,36.52,36.52,36.52,4572.0,166972.0
2026-09-07 10:35:00,36.53,36.53,36.53,36.52,24605.0,898734.0
2026-09-07 10:36:00,36.53,36.62,36.62,36.53,7349.0,268878.0
2026-09-07 10:37:00,36.53,36.63,36.63,36.53,10120.0,370668.0
2026-09-07 10:38:00,36.63,36.63,36.63,36.63,931.0,34104.0
2026-09-07 10:39:00,36.64,36.63,36.64,36.63,1837.0,67300.0
2026-09-07 10:40:00,36.64,36.68,36.68,36.64,4750.0,174156.0
2026-09-07 10:41:00,36.68,36.68,36.68,36.64,4263.0,156364.0
2026-09-07 10:42:00,36.68,36.68,36.68,36.64,4600.0,168580.0
2026-09-07 10:43:00,36.65,36.64,36.65,36.64,1925.0,70562.0
2026-09-07 10:44:00,36.63,36.64,36.64,36.63,1800.0,65938.0
2026-09-07 10:45:00,36.63,36.63,36.63,36.63,2888.0,105786.0
2026-09-07 10:46:00,36.64,36.64,36.64,36.63,1368.0,50116.0
2026-09-07 10:47:00,36.63,36.63,36.63,36.63,3772.0,138170.0
2026-09-07 10:48:00,36.63,36.63,36.63,36.63,100.0,3662.0
2026-09-07 10:49:00,36.58,36.58,36.58,36.58,1499.0,54834.0
2026-09-07 10:50:00,36.54,36.5,36.55,36.5,20959.0,765342.0
2026-09-07 10:51:00,36.5,36.48,36.5,36.48,4808.0,175418.0
2026-09-07 10:52:00,36.48,36.5,36.5,36.48,1300.0,47450.0
2026-09-07 10:53:00,36.5,36.5,36.5,36.5,6915.0,252380.0
2026-09-07 10:54:00,36.49,36.42,36.49,36.42,9804.0,357230.0
2026-09-07 10:55:00,36.42,36.42,36.42,36.42,1000.0,36420.0
2026-09-07 10:56:00,36.48,36.48,36.48,36.42,9719.0,354460.0
2026-09-07 10:57:00,36.43,36.43,36.43,36.43,300.0,10940.0
2026-09-07 10:58:00,36.55,36.43,36.55,36.43,2845.0,103720.0
2026-09-07 10:59:00,36.43,36.44,36.44,36.43,9667.0,352180.0
2026-09-07 11:00:00,36.45,36.45,36.45,36.44,5453.0,198760.0
2026-09-07 11:01:00,36.45,36.44,36.45,36.44,3972.0,144750.0
2026-09-07 11:02:00,36.43,36.43,36.45,36.43,19308.0,703420.0
2026-09-07 11:03:00,36.45,36.45,36.55,36.43,9436.0,343848.0
2026-09-07 11:04:00,36.45,36.45,36.45,36.45,100.0,3646.0
2026-09-07 11:06:00,36.46,36.46,36.46,36.46,400.0,14584.0
2026-09-07 11:07:00,36.55,36.55,36.55,36.55,500.0,18274.0
2026-09-07 11:09:00,36.48,36.48,36.48,36.48,1000.0,36480.0
2026-09-07 11:10:00,36.5,36.46,36.5,36.46,3901.0,142302.0
2026-09-07 11:12:00,36.46,36.47,36.47,36.46,4399.0,160476.0
2026-09-07 11:14:00,36.43,36.43,36.43,36.43,18020.0,656572.0
2026-09-07 11:15:00,36.43,36.43,36.43,36.43,1200.0,43716.0
2026-09-07 11:16:00,36.43,36.43,36.43,36.43,500.0,18216.0
2026-09-07 11:17:00,36.43,36.51,36.51,36.43,5265.0,191884.0
2026-09-07 11:18:00,36.48,36.48,36.48,36.48,200.0,7296.0
2026-09-07 11:19:00,36.44,36.45,36.45,36.44,800.0,29156.0
2026-09-07 11:21:00,36.45,36.43,36.45,36.43,3094.0,112736.0
2026-09-07 11:22:00,36.43,36.5,36.5,36.43,600.0,21864.0
2026-09-07 11:23:00,36.5,36.5,36.5,36.5,1103.0,40250.0
2026-09-07 11:24:00,36.51,36.52,36.52,36.51,1770.0,64630.0
2026-09-07 11:25:00,36.49,36.49,36.49,36.49,97.0,3540.0
2026-09-07 11:26:00,36.44,36.39,36.44,36.39,16751.0,610034.0
2026-09-07 11:27:00,36.39,36.39,36.39,36.39,4970.0,180858.0
2026-09-07 11:28:00,36.4,36.4,36.4,36.39,1900.0,69154.0
2026-09-07 11:29:00,36.4,36.38,36.4,36.38,10507.0,382284.0
2026-09-07 11:30:00,36.3,36.28,36.3,36.28,18478.0,671390.0
2026-09-07 13:01:00,36.33,36.35,36.35,36.33,4598.0,167144.0
2026-09-07 13:02:00,36.35,36.45,36.45,36.35,129.0,4700.0
2026-09-07 13:03:00,36.43,36.43,36.43,36.43,300.0,10930.0
2026-09-07 13:04:00,36.43,36.35,36.43,36.35,2719.0,98906.0
2026-09-07 13:05:00,36.35,36.33,36.35,36.33,1012.0,36768.0
2026-09-07 13:06:00,36.33,36.31,36.33,36.31,1745.0,63364.0
2026-09-07 13:07:00,36.32,36.33,36.33,36.32,1456.0,52896.0
2026-09-07 13:09:00,36.41,36.42,36.42,36.41,3399.0,123776.0
2026-09-07 13:12:00,36.39,36.33,36.4,36.33,3226.0,109956.0
2026-09-07 13:13:00,36.33,36.3,36.33,36.3,4743.0,172216.0
2026-09-07 13:14:00,36.3,36.3,36.3,36.3,400.0,14520.0
2026-09-07 13:16:00,36.31,36.3,36.31,36.3,2435.0,88404.0
2026-09-07 13:17:00,36.31,36.31,36.31,36.31,7321.0,265784.0
2026-09-07 13:18:00,36.4,36.4,36.4,36.4,600.0,21840.0
2026-09-07 13:19:00,36.4,36.4,36.4,36.4,1075.0,39130.0
2026-09-07 13:20:00,36.4,36.4,36.4,36.4,425.0,15470.0
2026-09-07 13:21:00,36.36,36.33,36.36,36.33,2073.0,75348.0
2026-09-07 13:23:00,36.35,36.35,36.35,36.35,631.0,22936.0
2026-09-07 13:25:00,36.34,36.33,36.34,36.33,5698.0,207024.0
2026-09-07 13:26:00,36.32,36.32,36.32,36.32,8723.0,316820.0
2026-09-07 13:27:00,36.33,36.25,36.33,36.25,21026.0,763168.0
2026-09-07 13:29:00,36.3,36.29,36.3,36.29,9059.0,328814.0
2026-09-07 13:30:00,36.34,36.34,36.34,36.34,93.0,3380.0
2026-09-07 13:31:00,36.34,36.32,36.34,36.32,3053.0,110916.0
2026-09-07 13:32:00,36.32,36.38,36.38,36.32,1950.0,70834.0
2026-09-07 13:33:00,36.33,36.4,36.4,36.33,7023.0,255368.0
2026-09-07 13:34:00,36.38,36.41,36.41,36.32,2720.0,98944.0
2026-09-07 13:36:00,36.35,36.35,36.35,36.35,100.0,3636.0
2026-09-07 13:37:00,36.4,36.4,36.4,36.4,20888.0,758832.0
2026-09-07 13:38:00,36.4,36.4,36.4,36.4,1279.0,46560.0
2026-09-07 13:39:00,36.34,36.34,36.34,36.33,13333.0,484520.0
2026-09-07 13:40:00,36.41,36.41,36.41,36.41,500.0,18204.0
2026-09-07 13:42:00,36.41,36.35,36.41,36.35,650.0,23628.0
2026-09-07 13:43:00,36.34,36.34,36.34,36.34,2047.0,74384.0
2026-09-07 13:44:00,36.33,36.33,36.33,36.33,1740.0,63216.0
2026-09-07 13:45:00,36.32,36.34,36.34,36.32,2225.0,80836.0
2026-09-07 13:46:00,36.34,36.32,36.34,36.32,3466.0,125908.0
2026-09-07 13:47:00,36.32,36.34,36.34,36.32,4514.0,164020.0
2026-09-07 13:48:00,36.34,36.34,36.34,36.34,2124.0,77188.0
2026-09-07 13:49:00,36.34,36.34,36.34,36.34,2397.0,87088.0
2026-09-07 13:50:00,36.35,36.35,36.35,36.35,450.0,16356.0
2026-09-07 13:51:00,36.4,36.4,36.4,36.4,800.0,29120.0
2026-09-07 13:52:00,36.4,36.36,36.4,36.36,839.0,30536.0
2026-09-07 13:53:00,36.4,36.4,36.4,36.4,102.0,3712.0
2026-09-07 13:55:00,36.4,36.36,36.4,36.36,488.0,17752.0
2026-09-07 13:56:00,36.37,36.36,36.4,36.36,5821.0,211744.0
2026-09-07 13:57:00,36.4,36.36,36.4,36.36,5945.0,216224.0
2026-09-07 13:58:00,36.36,36.36,36.36,36.36,387.0,14068.0
2026-09-07 13:59:00,36.36,36.36,36.38,36.36,2154.0,78324.0
2026-09-07 14:00:00,36.49,36.49,36.49,36.49,100.0,3648.0
2026-09-07 14:01:00,36.36,36.4,36.4,36.36,350.0,12732.0
2026-09-07 14:03:00,36.4,36.36,36.4,36.36,6665.0,242360.0
2026-09-07 14:04:00,36.36,36.35,36.36,36.35,5628.0,204576.0
2026-09-07 14:05:00,36.35,36.34,36.36,36.34,7897.0,287056.0
2026-09-07 14:06:00,36.35,36.31,36.35,36.31,4551.0,165348.0
2026-09-07 14:07:00,36.31,36.3,36.31,36.29,9911.0,359792.0
2026-09-07 14:08:00,36.29,36.28,36.29,36.28,3597.0,130500.0
2026-09-07 14:09:00,36.28,36.25,36.28,36.25,8627.0,312880.0
2026-09-07 14:10:00,36.26,36.28,36.28,36.26,4999.0,181256.0
2026-09-07 14:11:00,36.28,36.32,36.32,36.28,826.0,29980.0
2026-09-07 14:12:00,36.32,36.3,36.32,36.3,2840.0,103140.0
2026-09-07 14:13:00,36.33,36.33,36.33,36.33,2842.0,103244.0
2026-09-07 14:14:00,36.33,36.3,36.36,36.3,5574.0,202620.0
2026-09-07 14:17:00,36.31,36.3,36.31,36.3,2200.0,79864.0
2026-09-07 14:18:00,36.42,36.42,36.42,36.42,200.0,7284.0
2026-09-07 14:20:00,36.4,36.4,36.4,36.4,980.0,35672.0
2026-09-07 14:21:00,36.34,36.34,36.34,36.34,100.0,3636.0
2026-09-07 14:22:00,36.34,36.4,36.4,36.34,7185.0,261524.0
2026-09-07 14:23:00,36.39,36.3,36.4,36.3,17555.0,638004.0
2026-09-07 14:24:00,36.31,36.31,36.31,36.31,2899.0,105264.0
2026-09-07 14:26:00,36.4,36.4,36.4,36.4,3584.0,130456.0
2026-09-07 14:27:00,36.32,36.31,36.32,36.31,2684.0,97460.0
2026-09-07 14:28:00,36.34,36.31,36.34,36.31,2426.0,88152.0
2026-09-07 14:29:00,36.26,36.26,36.26,36.26,7252.0,263180.0
2026-09-07 14:30:00,36.28,36.28,36.28,36.28,5370.0,194824.0
2026-09-07 14:31:00,36.42,36.43,36.43,36.42,6115.0,222668.0
2026-09-07 14:32:00,36.43,36.46,36.46,36.43,800.0,29168.0
2026-09-07 14:33:00,36.46,36.46,36.46,36.42,3400.0,123924.0
2026-09-07 14:34:00,36.46,36.46,36.46,36.46,100.0,3644.0
2026-09-07 14:35:00,36.42,36.42,36.42,36.42,16.0,584.0
2026-09-07 14:37:00,36.46,36.46,36.48,36.46,3266.0,119088.0
2026-09-07 14:38:00,36.48,36.51,36.51,36.48,1423.0,51928.0
2026-09-07 14:39:00,36.52,36.6,36.6,36.46,8718.0,318828.0
2026-09-07 14:42:00,36.6,36.6,36.6,36.6,8890.0,325164.0
2026-09-07 14:43:00,36.6,36.47,36.6,36.47,3110.0,113596.0
2026-09-07 14:44:00,36.58,36.58,36.58,36.58,4463.0,163256.0
2026-09-07 14:45:00,36.56,36.56,36.56,36.56,400.0,14624.0
2026-09-07 14:47:00,36.49,36.49,36.49,36.49,700.0,25544.0
2026-09-07 14:48:00,36.48,36.47,36.48,36.47,3700.0,134960.0
2026-09-07 14:49:00,36.46,36.46,36.46,36.46,5028.0,183320.0
2026-09-07 14:50:00,36.46,36.44,36.46,36.44,3472.0,126568.0
2026-09-07 14:51:00,36.44,36.28,36.44,36.28,6587.0,239672.0
2026-09-07 14:52:00,36.28,36.5,36.52,36.28,5278.0,191712.0
2026-09-07 14:53:00,36.45,36.45,36.45,36.45,2000.0,72904.0
2026-09-07 14:54:00,36.32,36.49,36.49,36.32,3920.0,142664.0
2026-09-07 14:55:00,36.49,36.33,36.49,36.33,2008.0,73000.0
2026-09-07 14:56:00,36.33,36.49,36.49,36.31,7632.0,277536.0
2026-09-07 14:57:00,36.32,36.49,36.49,36.31,2124.0,77220.0
2026-09-07 15:00:00,36.4,36.4,36.4,36.4,13379.0,486996.0
2026-09-08 09:31:00,36.2,36.35,36.35,36.2,13937.0,504879.0
2026-09-08 09:32:00,36.32,36.22,36.32,36.22,2144.0,77740.0
2026-09-08 09:33:00,36.23,36.32,36.34,36.23,2500.0,90734.0
2026-09-08 09:34:00,36.32,36.23,36.32,36.23,4116.0,149174.0
2026-09-08 09:35:00,36.23,36.1,36.23,36.0,33702.0,1217609.0
2026-09-08 09:36:00,36.09,35.98,36.1,35.98,15975.0,575490.0
2026-09-08 09:37:00,36.0,35.99,36.08,35.98,8421.0,303140.0
2026-09-08 09:38:00,36.0,35.76,36.0,35.75,20545.0,737223.0
2026-09-08 09:39:00,35.87,35.8,35.87,35.8,12308.0,441630.0
2026-09-08 09:40:00,35.8,35.77,35.8,35.73,18774.0,671479.0
2026-09-08 09:41:00,35.77,35.8,35.84,35.77,7618.0,272853.0
2026-09-08 09:42:00,35.8,35.7,35.8,35.66,37032.0,1171251.0
2026-09-08 09:43:00,35.71,35.84,35.84,35.71,10099.0,361301.0
2026-09-08 09:44:00,35.8,35.8,35.86,35.8,3883.0,139123.0
2026-09-08 09:45:00,35.8,35.94,35.94,35.8,3750.0,134423.0
2026-09-08 09:46:00,35.9,35.82,35.9,35.82,6010.0,215568.0
2026-09-08 09:47:00,35.9,35.91,35.91,35.9,905.0,32493.0
2026-09-08 09:48:00,35.82,35.82,35.82,35.81,6438.0,230626.0
2026-09-08 09:49:00,35.82,35.8,35.82,35.8,10720.0,383810.0
2026-09-08 09:50:00,35.74,35.74,35.74,35.74,7440.0,265921.0
2026-09-08 09:51:00,35.74,35.74,35.93,35.74,1174.0,41978.0
2026-09-08 09:52:00,35.93,35.93,35.93,35.93,1475.0,52926.0
2026-09-08 09:53:00,35.93,35.92,35.93,35.76,17475.0,625821.0
2026-09-08 09:54:00,35.92,35.91,35.92,35.77,8529.0,305499.0
2026-09-08 09:55:00,35.92,36.01,36.01,35.91,24702.0,888614.0
2026-09-08 09:56:00,36.22,36.31,36.31,36.19,27074.0,981011.0
2026-09-08 09:57:00,36.3,36.06,36.3,36.05,6550.0,237416.0
2026-09-08 09:58:00,36.08,36.08,36.08,36.08,2780.0,100256.0
2026-09-08 09:59:00,36.08,36.3,36.31,36.08,11796.0,427048.0
2026-09-08 10:00:00,36.3,36.54,36.54,36.3,23630.0,861353.0
2026-09-08 10:01:00,36.58,36.76,36.8,36.58,43774.0,1608484.0
2026-09-08 10:02:00,36.74,36.95,36.95,36.74,43460.0,1601342.0
2026-09-08 10:03:00,36.88,36.69,36.91,36.69,30311.0,1117107.0
2026-09-08 10:04:00,36.63,36.63,36.7,36.6,6038.0,221186.0
2026-09-08 10:05:00,36.7,36.65,36.85,36.65,11663.0,428900.0
2026-09-08 10:06:00,36.65,36.65,36.65,36.65,700.0,25654.0
2026-09-08 10:07:00,36.65,36.65,36.65,36.65,700.0,25654.0
2026-09-08 10:08:00,36.66,36.68,36.68,36.66,406.0,14890.0
2026-09-08 10:09:00,36.66,36.65,36.74,36.65,3968.0,145526.0
2026-09-08 10:10:00,36.65,36.64,36.69,36.64,1920.0,70390.0
2026-09-08 10:11:00,36.65,36.7,36.7,36.65,316.0,11588.0
2026-09-08 10:12:00,36.75,36.7,36.75,36.7,2300.0,84430.0
2026-09-08 10:13:00,36.66,36.64,36.83,36.64,8963.0,329080.0
2026-09-08 10:14:00,36.65,36.65,36.65,36.65,1000.0,36648.0
2026-09-08 10:16:00,36.65,36.65,36.65,36.65,4500.0,164926.0
2026-09-08 10:17:00,36.63,36.63,36.63,36.63,6180.0,226382.0
2026-09-08 10:18:00,36.64,36.63,36.64,36.63,8371.0,306640.0
2026-09-08 10:19:00,36.6,36.5,36.6,36.5,10930.0,399952.0
2026-09-08 10:21:00,36.5,36.44,36.5,36.44,1306.0,47648.0
2026-09-08 10:22:00,36.45,36.45,36.45,36.45,884.0,32220.0
2026-09-08 10:23:00,36.5,36.5,36.5,36.5,1215.0,44348.0
2026-09-08 10:24:00,36.59,36.6,36.6,36.59,2630.0,96246.0
2026-09-08 10:25:00,36.6,36.6,36.6,36.6,1114.0,40774.0
2026-09-08 10:26:00,36.6,36.43,36.6,36.43,1301.0,47556.0
2026-09-08 10:27:00,36.59,36.59,36.59,36.43,11376.0,415840.0
2026-09-08 10:29:00,36.42,36.41,36.56,36.41,6771.0,246600.0
2026-09-08 10:30:00,36.4,36.3,36.4,36.3,2300.0,83540.0
2026-09-08 10:31:00,36.3,36.3,36.3,36.3,4843.0,175818.0
2026-09-08 10:32:00,36.3,36.32,36.32,36.3,353.0,12822.0
2026-09-08 10:33:00,36.32,36.32,36.32,36.3,823.0,29884.0
2026-09-08 10:35:00,36.32,36.32,36.32,36.32,100.0,3632.0
2026-09-08 10:36:00,36.4,36.4,36.4,36.4,300.0,10920.0
2026-09-08 10:37:00,36.4,36.41,36.41,36.4,1400.0,50970.0
2026-09-08 10:38:00,36.39,36.36,36.39,36.36,1536.0,55878.0
2026-09-08 10:40:00,36.41,36.41,36.41,36.41,1027.0,37392.0
2026-09-08 10:41:00,36.42,36.42,36.42,36.42,1173.0,42720.0
2026-09-08 10:45:00,36.39,36.41,36.41,36.39,502.0,18272.0
2026-09-08 10:46:00,36.41,36.42,36.42,36.39,2078.0,75668.0
2026-09-08 10:47:00,36.42,36.42,36.42,36.42,499.0,18176.0
2026-09-08 10:48:00,36.39,36.39,36.39,36.39,2200.0,80056.0
2026-09-08 10:50:00,36.42,36.42,36.42,36.42,5413.0,197140.0
2026-09-08 10:53:00,36.39,36.39,36.39,36.39,800.0,29112.0
2026-09-08 10:54:00,36.38,36.35,36.38,36.35,2865.0,104212.0
2026-09-08 10:55:00,36.36,36.35,36.36,36.35,3467.0,126016.0
2026-09-08 10:56:00,36.3,36.3,36.3,36.3,2215.0,80416.0
2026-09-08 10:57:00,36.35,36.35,36.35,36.35,633.0,23008.0
2026-09-08 10:59:00,36.35,36.35,36.35,36.35,500.0,18176.0
2026-09-08 11:00:00,36.31,36.31,36.31,36.31,1000.0,36310.0
2026-09-08 11:02:00,36.32,36.32,36.32,36.32,882.0,32034.0
2026-09-08 11:03:00,36.32,36.3,36.32,36.3,2254.0,81836.0
2026-09-08 11:04:00,36.3,36.3,36.3,36.3,86.0,3122.0
2026-09-08 11:05:00,36.27,36.26,36.27,36.26,1380.0,50046.0
2026-09-08 11:06:00,36.23,36.18,36.23,36.18,1663.0,60196.0
2026-09-08 11:07:00,36.15,36.14,36.15,36.14,2700.0,97584.0
2026-09-08 11:08:00,36.15,36.15,36.15,36.15,1746.0,63118.0
2026-09-08 11:10:00,36.27,36.27,36.27,36.27,139.0,5042.0
2026-09-08 11:11:00,36.15,36.15,36.15,36.15,5000.0,180754.0
2026-09-08 11:12:00,36.15,36.15,36.15,36.15,115.0,4158.0
2026-09-08 11:14:00,36.15,36.15,36.15,36.15,3819.0,138058.0
2026-09-08 11:15:00,36.14,36.15,36.15,36.14,2489.0,89974.0
2026-09-08 11:16:00,36.15,36.15,36.15,36.15,653.0,23608.0
2026-09-08 11:18:00,36.15,36.15,36.15,36.15,2155.0,77902.0
2026-09-08 11:19:00,36.15,36.16,36.16,36.15,300.0,10846.0
2026-09-08 11:20:00,36.0,36.0,36.0,36.0,7429.0,267676.0
2026-09-08 11:21:00,35.9,36.01,36.01,35.9,1468.0,52776.0
2026-09-08 11:22:00,36.01,36.01,36.01,36.01,1493.0,53762.0
2026-09-08 11:23:00,36.01,36.17,36.17,36.01,1720.0,61970.0
2026-09-08 11:25:00,36.18,36.18,36.18,36.18,2000.0,72360.0
2026-09-08 11:29:00,36.12,36.1,36.12,36.1,2855.0,103100.0
2026-09-08 11:30:00,36.1,36.1,36.1,36.1,2198.0,79348.0
2026-09-08 13:01:00,36.11,36.12,36.12,36.11,1731.0,62518.0
2026-09-08 13:02:00,36.12,36.12,36.12,36.12,200.0,7224.0
2026-09-08 13:03:00,36.17,36.17,36.17,36.17,100.0,3618.0
2026-09-08 13:05:00,36.18,36.17,36.18,36.17,600.0,21706.0
2026-09-08 13:11:00,36.2,36.17,36.2,36.17,4251.0,153866.0
2026-09-08 13:12:00,36.12,36.17,36.17,36.12,890.0,32182.0
2026-09-08 13:13:00,36.17,36.17,36.17,36.17,100.0,3618.0
2026-09-08 13:14:00,36.17,36.18,36.18,36.16,1610.0,58234.0
2026-09-08 13:15:00,36.18,36.19,36.19,36.18,890.0,32206.0
2026-09-08 13:16:00,36.19,36.19,36.19,36.19,100.0,3620.0
2026-09-08 13:18:00,36.28,36.39,36.39,36.28,7375.0,267560.0
2026-09-08 13:19:00,36.28,36.28,36.28,36.28,500.0,18140.0
2026-09-08 13:20:00,36.36,36.36,36.36,36.36,839.0,30506.0
2026-09-08 13:21:00,36.29,36.29,36.29,36.29,100.0,3630.0
2026-09-08 13:22:00,36.35,36.35,36.35,36.35,202.0,7340.0
2026-09-08 13:23:00,36.35,36.35,36.35,36.35,605.0,21992.0
2026-09-08 13:25:00,36.36,36.36,36.36,36.36,1118.0,40652.0
2026-09-08 13:26:00,36.36,36.36,36.36,36.36,700.0,25452.0
2026-09-08 13:27:00,36.3,36.3,36.3,36.3,100.0,3628.0
2026-09-08 13:28:00,36.3,36.29,36.3,36.29,3207.0,116404.0
2026-09-08 13:29:00,36.29,36.28,36.29,36.28,418.0,15168.0
2026-09-08 13:30:00,36.29,36.29,36.29,36.29,100.0,3628.0
2026-09-08 13:31:00,36.28,36.26,36.28,36.26,1202.0,43586.0
2026-09-08 13:32:00,36.25,36.25,36.25,36.25,335.0,12144.0
2026-09-08 13:33:00,36.25,36.26,36.26,36.25,109.0,3952.0
2026-09-08 13:34:00,36.25,36.26,36.26,36.25,1545.0,55990.0
2026-09-08 13:35:00,36.25,36.23,36.25,36.23,990.0,35876.0
2026-09-08 13:36:00,36.22,36.23,36.23,36.22,400.0,14492.0
2026-09-08 13:37:00,36.22,36.22,36.22,36.22,244.0,8838.0
2026-09-08 13:38:00,36.22,36.22,36.22,36.22,1559.0,56466.0
2026-09-08 13:39:00,36.23,36.26,36.26,36.23,144.0,5222.0
2026-09-08 13:40:00,36.26,36.35,36.35,36.26,913.0,33170.0
2026-09-08 13:41:00,36.37,36.34,36.37,36.34,2587.0,94116.0
2026-09-08 13:42:00,36.26,36.21,36.26,36.21,8162.0,295598.0
2026-09-08 13:45:00,36.25,36.25,36.25,36.25,100.0,3626.0
2026-09-08 13:47:00,36.25,36.25,36.25,36.25,906.0,32840.0
2026-09-08 13:48:00,36.33,36.33,36.33,36.33,400.0,14532.0
2026-09-08 13:49:00,36.35,36.35,36.35,36.35,1000.0,36348.0
2026-09-08 13:52:00,36.35,36.32,36.35,36.32,200.0,7264.0
2026-09-08 13:55:00,36.23,36.23,36.23,36.23,3050.0,110500.0
2026-09-08 13:56:00,36.23,36.23,36.23,36.23,1300.0,47100.0
2026-09-08 13:57:00,36.23,36.23,36.23,36.23,1152.0,41736.0
2026-09-08 14:00:00,36.23,36.23,36.23,36.23,100.0,3624.0
2026-09-08 14:01:00,36.25,36.23,36.25,36.23,1881.0,68150.0
2026-09-08 14:02:00,36.23,36.24,36.24,36.21,3891.0,93486.0
2026-09-08 14:04:00,36.16,36.16,36.16,36.16,5000.0,180950.0
2026-09-08 14:05:00,36.27,36.18,36.27,36.18,1222.0,44286.0
2026-09-08 14:07:00,36.18,36.17,36.18,36.17,2100.0,75966.0
2026-09-08 14:08:00,36.16,36.16,36.16,36.16,3957.0,143094.0
2026-09-08 14:09:00,36.17,36.17,36.17,36.17,100.0,3618.0
2026-09-08 14:10:00,36.16,36.16,36.16,36.16,3400.0,122944.0
2026-09-08 14:11:00,36.16,36.1,36.16,36.1,5644.0,203922.0
2026-09-08 14:12:00,36.0,36.03,36.03,36.0,8941.0,322004.0
2026-09-08 14:13:00,36.03,36.04,36.04,36.03,653.0,23532.0
2026-09-08 14:14:00,36.05,36.05,36.05,36.05,1693.0,61034.0
2026-09-08 14:15:00,36.03,36.03,36.03,36.03,1178.0,42444.0
2026-09-08 14:17:00,36.03,36.03,36.03,36.03,919.0,33112.0
2026-09-08 14:18:00,36.06,36.06,36.06,36.06,100.0,3606.0
2026-09-08 14:19:00,36.06,36.06,36.06,36.06,366.0,13198.0
2026-09-08 14:20:00,36.06,36.06,36.06,36.06,933.0,33648.0
2026-09-08 14:21:00,36.1,36.01,36.1,36.01,2377.0,85638.0
2026-09-08 14:22:00,36.02,35.91,36.02,35.91,4693.0,168782.0
2026-09-08 14:23:00,35.95,35.95,35.95,35.95,1700.0,61114.0
2026-09-08 14:24:00,35.99,36.0,36.0,35.99,450.0,16198.0
2026-09-08 14:25:00,36.0,36.06,36.06,36.0,3134.0,112992.0
2026-09-08 14:26:00,36.06,36.04,36.06,36.02,2033.0,73300.0
2026-09-08 14:27:00,36.04,36.19,36.19,36.04,481.0,17366.0
2026-09-08 14:32:00,36.09,36.09,36.09,36.09,100.0,3608.0
2026-09-08 14:35:00,36.1,36.1,36.1,36.1,116.0,4188.0
2026-09-08 14:37:00,36.11,36.11,36.11,36.11,500.0,18056.0
2026-09-08 14:38:00,36.11,36.23,36.23,36.11,4255.0,153946.0
2026-09-08 14:39:00,36.18,36.18,36.18,36.18,941.0,34046.0
2026-09-08 14:40:00,36.19,36.19,36.19,36.19,542.0,19614.0
2026-09-08 14:42:00,36.22,36.25,36.25,36.22,1178.0,42686.0
2026-09-08 14:43:00,36.28,36.33,36.33,36.24,2332.0,84620.0
2026-09-08 14:44:00,36.35,36.25,36.35,36.25,2428.0,88184.0
2026-09-08 14:45:00,36.28,36.29,36.29,36.28,852.0,30910.0
2026-09-08 14:46:00,36.31,36.28,36.31,36.28,2848.0,103352.0
2026-09-08 14:47:00,36.28,36.24,36.28,36.24,6162.0,223346.0
2026-09-08 14:48:00,36.24,36.19,36.24,36.19,3852.0,139478.0
2026-09-08 14:49:00,36.18,36.17,36.19,36.17,4739.0,171470.0
2026-09-08 14:50:00,36.17,36.18,36.18,36.17,1943.0,70288.0
2026-09-08 14:51:00,36.17,35.89,36.17,35.89,16160.0,581948.0
2026-09-08 14:52:00,36.13,36.1,36.13,36.1,1600.0,57778.0
2026-09-08 14:53:00,36.11,36.1,36.11,36.1,120.0,4334.0
2026-09-08 14:54:00,36.09,36.06,36.09,36.06,2975.0,107256.0
2026-09-08 14:55:00,36.08,36.17,36.17,36.08,3383.0,121912.0
2026-09-08 14:56:00,36.17,36.16,36.17,36.15,2763.0,99908.0
2026-09-08 14:57:00,36.16,36.23,36.23,36.15,6893.0,249362.0
2026-09-08 15:00:00,36.23,36.23,36.23,36.23,15837.0,573774.0
2026-09-09 09:31:00,35.9,35.8,35.9,35.8,24043.0,861630.0
2026-09-09 09:32:00,35.8,35.68,35.8,35.68,9789.0,349786.0
2026-09-09 09:33:00,35.66,35.69,35.81,35.65,31892.0,1068921.0
2026-09-09 09:34:00,35.69,36.15,36.15,35.69,12186.0,436532.0
2026-09-09 09:35:00,35.95,35.95,35.95,35.95,1522.0,54716.0
2026-09-09 09:36:00,35.77,35.96,35.96,35.73,11554.0,414255.0
2026-09-09 09:37:00,35.95,35.93,35.95,35.93,2003.0,71998.0
2026-09-09 09:38:00,35.84,35.77,35.84,35.77,4833.0,173158.0
2026-09-09 09:39:00,35.77,35.67,35.78,35.67,15966.0,570604.0
2026-09-09 09:40:00,35.67,35.66,35.69,35.66,11530.0,411271.0
2026-09-09 09:41:00,35.66,35.75,35.75,35.66,6122.0,218449.0
2026-09-09 09:42:00,35.7,35.7,35.78,35.7,5269.0,188278.0
2026-09-09 09:43:00,35.77,35.66,35.78,35.66,15905.0,551578.0
2026-09-09 09:44:00,35.7,35.91,35.91,35.66,8690.0,310001.0
2026-09-09 09:45:00,35.68,35.68,35.68,35.68,200.0,7136.0
2026-09-09 09:46:00,35.72,35.8,35.8,35.72,971.0,34763.0
2026-09-09 09:47:00,35.9,35.8,35.9,35.8,1495.0,53536.0
2026-09-09 09:48:00,35.76,35.72,35.76,35.7,3844.0,137292.0
2026-09-09 09:49:00,35.72,35.79,35.79,35.72,2783.0,99500.0
2026-09-09 09:50:00,35.79,35.79,35.79,35.79,332.0,11882.0
2026-09-09 09:51:00,35.78,35.78,35.78,35.78,689.0,24653.0
2026-09-09 09:52:00,35.74,35.68,35.74,35.68,7758.0,277044.0
2026-09-09 09:53:00,35.68,35.74,35.74,35.68,7935.0,283449.0
2026-09-09 09:54:00,35.7,35.78,35.78,35.7,66572.0,2376919.0
2026-09-09 09:55:00,35.78,35.79,35.79,35.78,11482.0,410477.0
2026-09-09 09:56:00,35.71,35.7,35.71,35.7,3684.0,131548.0
2026-09-09 09:57:00,35.7,35.71,35.71,35.7,1453.0,51885.0
2026-09-09 09:58:00,35.72,35.72,35.72,35.72,100.0,3572.0
2026-09-09 09:59:00,35.79,35.73,35.79,35.73,573.0,20486.0
2026-09-09 10:00:00,35.73,35.73,35.78,35.73,1500.0,53630.0
2026-09-09 10:01:00,35.78,35.78,35.78,35.78,5519.0,197510.0
2026-09-09 10:02:00,35.79,35.8,35.8,35.79,5515.0,197433.0
2026-09-09 10:03:00,35.79,35.8,35.8,35.75,11440.0,409377.0
2026-09-09 10:04:00,35.8,35.79,35.8,35.79,7832.0,280366.0
2026-09-09 10:05:00,35.79,35.76,35.79,35.76,3190.0,114147.0
2026-09-09 10:06:00,35.75,35.74,35.75,35.74,2157.0,77099.0
2026-09-09 10:07:00,35.73,35.78,35.78,35.73,2565.0,91730.0
2026-09-09 10:08:00,35.78,35.8,35.8,35.78,4170.0,149232.0
2026-09-09 10:09:00,35.78,35.8,35.8,35.78,4809.0,172150.0
2026-09-09 10:10:00,35.8,35.78,35.8,35.78,2700.0,96631.0
2026-09-09 10:11:00,35.78,35.78,35.78,35.78,100.0,3578.0
2026-09-09 10:12:00,35.81,35.8,35.81,35.8,691.0,24740.0
2026-09-09 10:13:00,35.8,35.78,35.81,35.78,1250.0,37592.0
2026-09-09 10:15:00,35.83,35.83,35.83,35.83,500.0,17915.0
2026-09-09 10:16:00,35.82,35.82,35.82,35.82,600.0,21492.0
2026-09-09 10:17:00,35.79,35.79,35.79,35.79,52.0,1862.0
2026-09-09 10:18:00,35.78,35.74,35.79,35.74,2550.0,91234.0
2026-09-09 10:19:00,35.74,35.74,35.74,35.74,2219.0,79307.0
2026-09-09 10:21:00,35.78,35.77,35.78,35.77,1597.0,57137.0
2026-09-09 10:22:00,35.77,35.76,35.77,35.76,941.0,33655.0
2026-09-09 10:23:00,35.76,35.75,35.76,35.75,1565.0,55956.0
2026-09-09 10:24:00,35.76,35.76,35.76,35.76,226.0,8081.0
2026-09-09 10:25:00,35.76,35.76,35.76,35.76,2431.0,86943.0
2026-09-09 10:26:00,35.76,35.73,35.76,35.73,8025.0,286840.0
2026-09-09 10:27:00,35.73,35.71,35.74,35.7,5332.0,190417.0
2026-09-09 10:28:00,35.76,35.71,35.76,35.71,6725.0,240160.0
2026-09-09 10:29:00,35.76,35.76,35.76,35.76,57.0,2039.0
2026-09-09 10:31:00,35.83,35.73,35.83,35.73,300.0,10739.0
2026-09-09 10:33:00,35.73,35.74,35.75,35.73,949.0,33925.0
2026-09-09 10:34:00,35.83,35.83,35.83,35.83,400.0,14332.0
2026-09-09 10:35:00,35.83,35.74,35.83,35.74,300.0,10731.0
2026-09-09 10:36:00,35.74,35.73,35.74,35.73,577.0,20618.0
2026-09-09 10:37:00,35.73,35.71,35.73,35.71,2700.0,96461.0
2026-09-09 10:38:00,35.72,35.72,35.72,35.72,3883.0,138702.0
2026-09-09 10:39:00,35.71,35.71,35.72,35.71,12880.0,459946.0
2026-09-09 10:40:00,35.71,35.7,35.71,35.7,7416.0,264758.0
2026-09-09 10:41:00,35.72,35.68,35.72,35.68,27258.0,973064.0
2026-09-09 10:42:00,35.68,35.68,35.68,35.66,12399.0,442250.0
2026-09-09 10:43:00,35.68,35.65,35.68,35.65,6761.0,234777.0
2026-09-09 10:44:00,35.64,35.61,35.64,35.61,9162.0,326319.0
2026-09-09 10:45:00,35.61,35.61,35.61,35.61,6117.0,217826.0
2026-09-09 10:46:00,35.62,35.59,35.62,35.59,35975.0,1280858.0
2026-09-09 10:47:00,35.59,35.65,35.65,35.59,1132.0,40342.0
2026-09-09 10:48:00,35.68,35.68,35.68,35.68,465.0,16590.0
2026-09-09 10:50:00,35.65,35.65,35.65,35.65,100.0,3566.0
2026-09-09 10:52:00,35.63,35.63,35.65,35.63,2300.0,81956.0
2026-09-09 10:53:00,35.63,35.61,35.63,35.61,1919.0,68348.0
2026-09-09 10:55:00,35.61,35.61,35.61,35.61,2500.0,89040.0
2026-09-09 10:56:00,35.61,35.61,35.61,35.61,400.0,14244.0
2026-09-09 10:57:00,35.62,35.62,35.62,35.62,791.0,28176.0
2026-09-09 10:58:00,35.62,35.62,35.62,35.62,400.0,14248.0
2026-09-09 10:59:00,35.59,35.59,35.59,35.59,12237.0,435624.0
2026-09-09 11:00:00,35.58,35.58,35.58,35.58,1000.0,35580.0
2026-09-09 11:01:00,35.57,35.59,35.65,35.57,7404.0,263476.0
2026-09-09 11:02:00,35.56,35.61,35.61,35.56,20087.0,714736.0
2026-09-09 11:03:00,35.61,35.6,35.61,35.6,400.0,14228.0
2026-09-09 11:04:00,35.61,35.61,35.61,35.61,2934.0,104480.0
2026-09-09 11:05:00,35.61,35.61,35.61,35.61,600.0,21364.0
2026-09-09 11:06:00,35.61,35.61,35.61,35.61,600.0,21368.0
2026-09-09 11:07:00,35.61,35.61,35.61,35.61,1200.0,42732.0
2026-09-09 11:09:00,35.62,35.61,35.62,35.61,1109.0,39500.0
2026-09-09 11:10:00,35.58,35.53,35.58,35.53,17340.0,616896.0
2026-09-09 11:11:00,35.53,35.51,35.56,35.51,5257.0,186726.0
2026-09-09 11:12:00,35.51,35.48,35.51,35.48,8488.0,301288.0
2026-09-09 11:13:00,35.48,35.47,35.48,35.47,3100.0,109968.0
2026-09-09 11:14:00,35.49,35.47,35.49,35.47,2125.0,75386.0
2026-09-09 11:15:00,35.45,35.41,35.45,35.41,8657.0,306824.0
2026-09-09 11:16:00,35.4,35.38,35.4,35.35,3251.0,115010.0
2026-09-09 11:17:00,35.4,35.38,35.4,35.38,2100.0,74310.0
2026-09-09 11:18:00,35.41,35.41,35.41,35.39,2000.0,70796.0
2026-09-09 11:19:00,35.38,35.38,35.41,35.38,4700.0,166316.0
2026-09-09 11:20:00,35.38,35.38,35.38,35.38,779.0,27568.0
2026-09-09 11:21:00,35.41,35.41,35.41,35.41,1418.0,50210.0
2026-09-09 11:22:00,35.41,35.41,35.41,35.41,10817.0,382734.0
2026-09-09 11:23:00,35.41,35.41,35.41,35.37,2000.0,70780.0
2026-09-09 11:24:00,35.41,35.37,35.41,35.37,800.0,28306.0
2026-09-09 11:25:00,35.38,35.38,35.38,35.38,500.0,17690.0
2026-09-09 11:26:00,35.37,35.35,35.37,35.35,6120.0,216394.0
2026-09-09 11:27:00,35.35,35.35,35.35,35.33,3899.0,137810.0
2026-09-09 11:28:00,35.35,35.35,35.35,35.35,32.0,1132.0
2026-09-09 11:29:00,35.35,35.35,35.35,35.35,1463.0,51716.0
2026-09-09 11:30:00,35.35,35.35,35.35,35.35,1305.0,46132.0
2026-09-09 13:01:00,35.28,35.28,35.28,35.28,8100.0,286008.0
2026-09-09 13:02:00,35.41,35.25,35.41,35.25,15400.0,543144.0
2026-09-09 13:03:00,35.25,35.26,35.26,35.25,1655.0,58356.0
2026-09-09 13:04:00,35.42,35.42,35.42,35.42,500.0,17710.0
2026-09-09 13:05:00,35.27,35.27,35.27,35.27,700.0,24690.0
2026-09-09 13:06:00,35.23,35.23,35.23,35.23,2200.0,77524.0
2026-09-09 13:07:00,35.23,35.21,35.23,35.21,2377.0,83722.0
2026-09-09 13:08:00,35.23,35.23,35.23,35.23,1200.0,42278.0
2026-09-09 13:09:00,35.23,35.23,35.23,35.23,100.0,3522.0
2026-09-09 13:10:00,35.24,35.24,35.24,35.24,450.0,15858.0
2026-09-09 13:13:00,35.24,35.26,35.26,35.24,100.0,3526.0
2026-09-09 13:14:00,35.26,35.26,35.26,35.26,1596.0,56274.0
2026-09-09 13:15:00,35.26,35.26,35.26,35.26,6522.0,229920.0
2026-09-09 13:16:00,35.27,35.26,35.27,35.26,2108.0,74332.0
2026-09-09 13:17:00,35.24,35.23,35.24,35.23,7398.0,260696.0
2026-09-09 13:18:00,35.23,35.25,35.25,35.23,3400.0,119818.0
2026-09-09 13:19:00,35.25,35.25,35.25,35.25,2127.0,74978.0
2026-09-09 13:20:00,35.2,35.2,35.2,35.18,8284.0,291652.0
2026-09-09 13:21:00,35.1,35.05,35.1,35.02,12218.0,428208.0
2026-09-09 13:22:00,35.05,35.03,35.05,35.03,7527.0,263736.0
2026-09-09 13:23:00,35.03,35.02,35.08,35.02,4099.0,143630.0
2026-09-09 13:24:00,35.19,35.19,35.19,35.19,1100.0,38710.0
2026-09-09 13:25:00,35.19,35.19,35.19,35.19,969.0,34098.0
2026-09-09 13:26:00,35.09,35.09,35.09,35.09,100.0,3510.0
2026-09-09 13:27:00,35.2,35.2,35.2,35.2,604.0,21260.0
2026-09-09 13:28:00,35.1,35.11,35.11,35.1,200.0,7020.0
2026-09-09 13:29:00,35.11,35.14,35.14,35.11,400.0,14048.0
2026-09-09 13:31:00,35.11,35.1,35.11,35.1,1969.0,69124.0
2026-09-09 13:32:00,35.09,35.05,35.09,35.05,4162.0,146004.0
2026-09-09 13:33:00,35.04,35.0,35.04,35.0,26337.0,921956.0
2026-09-09 13:34:00,35.0,35.0,35.01,35.0,2100.0,73510.0
2026-09-09 13:35:00,35.04,35.02,35.04,35.02,3136.0,109872.0
2026-09-09 13:37:00,35.05,35.05,35.05,35.05,1421.0,49806.0
2026-09-09 13:38:00,35.05,35.05,35.05,35.05,1900.0,66596.0
2026-09-09 13:39:00,35.1,35.1,35.1,35.1,724.0,25412.0
2026-09-09 13:41:00,35.1,35.04,35.1,35.04,1629.0,57110.0
2026-09-09 13:42:00,35.03,35.05,35.05,35.03,664.0,23262.0
2026-09-09 13:43:00,35.05,35.05,35.05,35.05,116.0,4066.0
2026-09-09 13:45:00,35.05,35.07,35.1,35.05,2067.0,72478.0
2026-09-09 13:46:00,35.07,35.2,35.2,35.05,3288.0,115312.0
2026-09-09 13:47:00,35.07,35.07,35.07,35.07,200.0,7016.0
2026-09-09 13:48:00,35.07,35.07,35.07,35.07,388.0,13606.0
2026-09-09 13:49:00,35.07,35.07,35.07,35.07,1000.0,35070.0
2026-09-09 13:50:00,35.07,35.07,35.07,35.07,500.0,17536.0
2026-09-09 13:52:00,35.07,35.07,35.07,35.07,529.0,18552.0
2026-09-09 13:54:00,35.07,35.07,35.07,35.07,302.0,10590.0
2026-09-09 13:55:00,35.06,35.07,35.07,35.06,4600.0,161316.0
2026-09-09 13:57:00,35.06,35.07,35.07,35.06,5945.0,208480.0
2026-09-09 13:58:00,35.07,35.07,35.07,35.07,400.0,14028.0
2026-09-09 13:59:00,35.1,35.1,35.1,35.1,1982.0,69568.0
2026-09-09 14:00:00,35.1,35.1,35.1,35.09,1025.0,35978.0
2026-09-09 14:01:00,35.1,35.1,35.1,35.1,3859.0,135452.0
2026-09-09 14:02:00,35.16,35.18,35.18,35.16,2700.0,94972.0
2026-09-09 14:03:00,35.18,35.26,35.35,35.18,12722.0,448336.0
2026-09-09 14:04:00,35.28,35.28,35.28,35.28,500.0,17640.0
2026-09-09 14:06:00,35.28,35.28,35.28,35.28,500.0,17640.0
2026-09-09 14:07:00,35.25,35.26,35.26,35.25,900.0,31730.0
2026-09-09 14:08:00,35.25,35.25,35.25,35.25,2662.0,93840.0
2026-09-09 14:09:00,35.25,35.24,35.25,35.24,7727.0,272382.0
2026-09-09 14:10:00,35.24,35.24,35.24,35.24,100.0,3524.0
2026-09-09 14:11:00,35.28,35.28,35.28,35.28,200.0,7056.0
2026-09-09 14:12:00,35.24,35.24,35.24,35.24,600.0,21144.0
2026-09-09 14:13:00,35.24,35.24,35.24,35.24,419.0,14764.0
2026-09-09 14:17:00,35.14,35.16,35.16,35.14,2064.0,72568.0
2026-09-09 14:19:00,35.17,35.17,35.17,35.17,253.0,8898.0
2026-09-09 14:21:00,35.18,35.18,35.18,35.18,500.0,17590.0
2026-09-09 14:22:00,35.18,35.18,35.18,35.18,1846.0,64942.0
2026-09-09 14:23:00,35.18,35.17,35.18,35.17,754.0,26522.0
2026-09-09 14:24:00,35.17,35.16,35.17,35.16,1800.0,63290.0
2026-09-09 14:25:00,35.17,35.14,35.17,35.14,1564.0,54986.0
2026-09-09 14:26:00,35.16,35.16,35.16,35.11,3519.0,123620.0
2026-09-09 14:29:00,35.1,35.16,35.16,35.1,1064.0,37398.0
2026-09-09 14:31:00,35.16,35.16,35.16,35.16,525.0,18458.0
2026-09-09 14:32:00,35.1,35.1,35.1,35.1,4039.0,141844.0
2026-09-09 14:33:00,35.1,35.1,35.1,35.1,200.0,7020.0
2026-09-09 14:35:00,35.11,35.17,35.17,35.11,7315.0,257246.0
2026-09-09 14:36:00,35.18,35.26,35.26,35.18,604.0,21270.0
2026-09-09 14:37:00,35.27,35.27,35.27,35.27,111.0,3914.0
2026-09-09 14:41:00,35.16,35.27,35.27,35.16,6600.0,232414.0
2026-09-09 14:42:00,35.16,35.16,35.16,35.16,6287.0,221052.0
2026-09-09 14:43:00,35.16,35.12,35.16,35.11,4300.0,151004.0
2026-09-09 14:44:00,35.16,35.16,35.16,35.16,7758.0,272764.0
2026-09-09 14:45:00,35.17,35.17,35.17,35.17,100.0,3518.0
2026-09-09 14:46:00,35.16,35.16,35.17,35.16,3900.0,137130.0
2026-09-09 14:47:00,35.16,35.16,35.16,35.16,900.0,31644.0
2026-09-09 14:48:00,35.17,35.17,35.17,35.17,100.0,3516.0
2026-09-09 14:49:00,35.16,35.16,35.17,35.16,1208.0,42474.0
2026-09-09 14:50:00,35.17,35.18,35.18,35.17,1951.0,68624.0
2026-09-09 14:51:00,35.17,35.17,35.17,35.17,500.0,17586.0
2026-09-09 14:52:00,35.21,35.21,35.21,35.21,100.0,3520.0
2026-09-09 14:53:00,35.21,35.19,35.21,35.19,270.0,9500.0
2026-09-09 14:54:00,35.21,35.21,35.21,35.21,1182.0,41634.0
2026-09-09 14:55:00,35.19,35.18,35.19,35.18,3691.0,129874.0
2026-09-09 14:56:00,35.17,35.15,35.17,35.15,3167.0,111352.0
2026-09-09 14:57:00,35.15,35.19,35.19,35.15,2449.0,86096.0
2026-09-09 15:00:00,35.16,35.16,35.16,35.16,3400.0,119544.0
