time,open,close,high,low,volume,amount
2026-08-28 13:46:00,36.98,36.98,36.99,36.97,8941.0,307120.0
2026-08-28 13:47:00,36.99,36.99,37.0,36.99,14199.0,525232.0
2026-08-28 13:48:00,36.98,36.97,36.98,36.96,34351.0,1270032.0
2026-08-28 13:49:00,36.98,36.99,36.99,36.98,8640.0,319504.0
2026-08-28 13:50:00,36.98,36.98,36.98,36.97,8032.0,297024.0
2026-08-28 13:51:00,36.98,36.97,36.98,36.97,6744.0,249376.0
2026-08-28 13:52:00,36.98,36.99,36.99,36.98,15740.0,582096.0
2026-08-28 13:53:00,36.98,37.0,37.0,36.98,10604.0,392224.0
2026-08-28 13:54:00,37.0,37.02,37.02,37.0,19553.0,723440.0
2026-08-28 13:55:00,37.03,37.05,37.06,37.03,23724.0,879120.0
2026-08-28 13:56:00,37.05,37.07,37.07,37.05,10306.0,381936.0
2026-08-28 13:57:00,37.07,37.04,37.08,37.04,7683.0,284784.0
2026-08-28 13:58:00,37.04,37.02,37.04,37.02,6826.0,252736.0
2026-08-28 13:59:00,37.03,37.03,37.03,37.02,3937.0,145776.0
2026-08-28 14:00:00,37.02,37.02,37.02,37.02,3168.0,117280.0
2026-08-28 14:01:00,37.01,37.0,37.03,37.0,11316.0,418848.0
2026-08-28 14:02:00,37.0,37.0,37.0,37.0,10562.0,390784.0
2026-08-28 14:03:00,36.99,36.98,36.99,36.98,13625.0,503968.0
2026-08-28 14:04:00,36.98,36.98,36.99,36.98,7783.0,287840.0
2026-08-28 14:05:00,36.99,36.99,37.0,36.99,6711.0,248256.0
2026-08-28 14:06:00,36.99,36.99,36.99,36.99,5088.0,188192.0
2026-08-28 14:07:00,36.98,36.95,36.99,36.95,48969.0,1810416.0
2026-08-28 14:08:00,36.95,36.95,36.95,36.94,7854.0,290208.0
2026-08-28 14:09:00,36.96,36.96,36.96,36.95,6325.0,233760.0
2026-08-28 14:10:00,36.96,36.95,36.96,36.94,12885.0,476128.0
2026-08-28 14:11:00,36.94,36.96,36.96,36.93,9270.0,342432.0
2026-08-28 14:12:00,36.95,36.94,36.97,36.94,30737.0,1135680.0
2026-08-28 14:13:00,36.94,36.92,36.94,36.92,40517.0,1496112.0
2026-08-28 14:14:00,36.92,36.94,36.94,36.91,13839.0,511072.0
2026-08-28 14:15:00,36.95,36.96,36.96,36.94,9197.0,339840.0
2026-08-28 14:16:00,36.96,36.95,36.96,36.95,10684.0,394784.0
2026-08-28 14:17:00,36.95,36.97,36.97,36.95,4586.0,169536.0
2026-08-28 14:18:00,36.97,36.97,36.98,36.97,6414.0,237168.0
2026-08-28 14:19:00,36.97,36.97,36.97,36.96,7857.0,290464.0
2026-08-28 14:20:00,36.97,36.97,36.98,36.96,5795.0,214256.0
2026-08-28 14:21:00,36.96,36.96,36.97,36.96,6370.0,235472.0
2026-08-28 14:22:00,36.96,36.96,36.98,36.96,7140.0,263952.0
2026-08-28 14:23:00,36.97,36.96,36.97,36.96,4593.0,169760.0
2026-08-28 14:24:00,36.97,36.98,36.98,36.97,4635.0,171392.0
2026-08-28 14:25:00,36.98,36.97,36.98,36.97,3003.0,111040.0
2026-08-28 14:26:00,36.97,36.94,36.97,36.93,42883.0,1584832.0
2026-08-28 14:27:00,36.94,36.93,36.94,36.92,8789.0,324528.0
2026-08-28 14:28:00,36.92,36.92,36.92,36.92,28939.0,1068240.0
2026-08-28 14:29:00,36.9,36.9,36.91,36.89,75559.0,2788192.0
2026-08-28 14:30:00,36.9,36.89,36.9,36.89,15000.0,553376.0
2026-08-28 14:31:00,36.9,36.91,36.91,36.9,17174.0,633696.0
2026-08-28 14:32:00,36.9,36.86,36.9,36.85,58571.0,2160064.0
2026-08-28 14:33:00,36.85,36.87,36.88,36.85,25007.0,921936.0
2026-08-28 14:34:00,36.88,36.89,36.9,36.87,14094.0,519808.0
2026-08-28 14:35:00,36.89,36.89,36.9,36.88,12897.0,475712.0
2026-08-28 14:36:00,36.88,36.87,36.89,36.87,9644.0,335984.0
2026-08-28 14:37:00,36.87,36.87,36.87,36.86,21594.0,796080.0
2026-08-28 14:38:00,36.87,36.82,36.87,36.81,62757.0,2311616.0
2026-08-28 14:39:00,36.81,36.84,36.84,36.81,10527.0,387600.0
2026-08-28 14:40:00,36.84,36.82,36.84,36.82,13279.0,488992.0
2026-08-28 14:41:00,36.83,36.84,36.85,36.82,37349.0,1375792.0
2026-08-28 14:42:00,36.82,36.81,36.83,36.81,21438.0,789328.0
2026-08-28 14:43:00,36.81,36.79,36.81,36.78,120162.0,4421440.0
2026-08-28 14:44:00,36.78,36.76,36.78,36.76,44993.0,1654688.0
2026-08-28 14:45:00,36.77,36.74,36.77,36.74,19222.0,706576.0
2026-08-28 14:46:00,36.75,36.72,36.75,36.72,27074.0,899760.0
2026-08-28 14:47:00,36.72,36.7,36.72,36.7,44203.0,1622592.0
2026-08-28 14:48:00,36.7,36.71,36.72,36.7,17587.0,645680.0
2026-08-28 14:49:00,36.72,36.73,36.73,36.72,12579.0,461968.0
2026-08-28 14:50:00,36.74,36.72,36.75,36.72,16514.0,606544.0
2026-08-28 14:51:00,36.72,36.73,36.75,36.71,24881.0,913760.0
2026-08-28 14:52:00,36.73,36.73,36.76,36.73,24462.0,898656.0
2026-08-28 14:53:00,36.73,36.76,36.77,36.72,50035.0,1838144.0
2026-08-28 14:54:00,36.73,36.74,36.75,36.73,54659.0,2007920.0
2026-08-28 14:55:00,36.74,36.72,36.74,36.72,30030.0,1102912.0
2026-08-28 14:56:00,36.72,36.69,36.72,36.69,79045.0,2901360.0
2026-08-28 14:57:00,36.69,36.7,36.7,36.68,48607.0,1783616.0
2026-08-28 14:58:00,36.7,36.7,36.7,36.7,9300.0,341312.0
2026-08-28 15:00:00,36.71,36.71,36.71,36.71,68259.0,2505776.0
2026-08-31 09:31:00,36.0,36.05,36.29,36.0,178154.0,6420264.0
2026-08-31 09:32:00,36.11,36.45,36.51,36.11,78980.0,2869727.0
2026-08-31 09:33:00,36.51,36.28,36.51,36.28,24250.0,883142.0
2026-08-31 09:34:00,36.3,36.7,36.7,36.26,50735.0,1850509.0
2026-08-31 09:35:00,36.47,36.65,36.7,36.47,39721.0,1454451.0
2026-08-31 09:36:00,36.51,36.5,36.51,36.4,26952.0,981439.0
2026-08-31 09:37:00,36.5,36.47,36.5,36.4,20362.0,742268.0
2026-08-31 09:38:00,36.4,36.65,36.69,36.4,35316.0,1291165.0
2026-08-31 09:39:00,36.68,36.96,36.96,36.68,78821.0,2906011.0
2026-08-31 09:40:00,36.98,37.18,37.25,36.98,110608.0,3965064.0
2026-08-31 09:41:00,37.22,37.08,37.24,36.94,64868.0,2407992.0
2026-08-31 09:42:00,37.08,37.08,37.18,36.99,68880.0,2554916.0
2026-08-31 09:43:00,37.07,37.2,37.2,37.07,92479.0,3436768.0
2026-08-31 09:44:00,37.28,37.27,37.29,37.2,56384.0,2100724.0
2026-08-31 09:45:00,37.28,37.26,37.35,37.26,85041.0,3170448.0
2026-08-31 09:46:00,37.24,37.11,37.24,37.11,27642.0,1027496.0
2026-08-31 09:47:00,37.09,37.0,37.09,37.0,13981.0,518096.0
2026-08-31 09:48:00,37.0,37.03,37.06,36.99,31983.0,1184024.0
2026-08-31 09:49:00,37.01,36.87,37.01,36.87,23559.0,870828.0
2026-08-31 09:50:00,36.87,36.77,36.87,36.76,19767.0,723656.0
2026-08-31 09:51:00,36.75,36.78,36.78,36.75,38487.0,1414912.0
2026-08-31 09:52:00,36.78,36.8,36.81,36.78,5628.0,207108.0
2026-08-31 09:53:00,36.8,36.83,36.85,36.8,22487.0,828028.0
2026-08-31 09:54:00,36.8,36.8,36.83,36.79,16897.0,621956.0
2026-08-31 09:55:00,36.81,36.88,36.88,36.8,26192.0,964264.0
2026-08-31 09:56:00,36.88,36.78,36.88,36.78,25788.0,949912.0
2026-08-31 09:57:00,36.74,36.6,36.77,36.6,22675.0,832068.0
2026-08-31 09:58:00,36.6,36.7,36.7,36.55,8706.0,318948.0
2026-08-31 09:59:00,36.7,36.8,36.81,36.7,8258.0,303816.0
2026-08-31 10:00:00,36.71,36.74,36.74,36.7,9100.0,313768.0
2026-08-31 10:01:00,36.73,36.72,36.73,36.72,6917.0,254000.0
2026-08-31 10:02:00,36.68,36.72,36.72,36.68,3529.0,129524.0
2026-08-31 10:03:00,36.71,36.72,36.72,36.68,16667.0,611588.0
2026-08-31 10:04:00,36.72,36.7,36.73,36.7,7571.0,277968.0
2026-08-31 10:05:00,36.7,36.68,36.7,36.68,1673.0,61392.0
2026-08-31 10:06:00,36.69,36.84,36.84,36.69,21434.0,787916.0
2026-08-31 10:07:00,36.77,36.79,36.79,36.77,1337.0,49172.0
2026-08-31 10:08:00,36.79,36.8,36.8,36.79,1732.0,63728.0
2026-08-31 10:09:00,36.79,36.79,36.8,36.78,15596.0,470536.0
2026-08-31 10:10:00,36.8,36.8,36.8,36.8,5116.0,188268.0
2026-08-31 10:11:00,36.81,36.89,36.89,36.81,11575.0,426460.0
2026-08-31 10:12:00,36.89,37.04,37.04,36.89,14318.0,529088.0
2026-08-31 10:13:00,37.0,37.03,37.03,36.95,12516.0,463256.0
2026-08-31 10:14:00,36.98,37.02,37.03,36.95,6545.0,242292.0
2026-08-31 10:15:00,37.02,37.08,37.08,37.02,31075.0,1150948.0
2026-08-31 10:16:00,37.09,37.15,37.19,37.09,30882.0,1146600.0
2026-08-31 10:17:00,37.1,37.1,37.18,37.1,16398.0,609032.0
2026-08-31 10:18:00,37.1,37.09,37.1,37.09,11237.0,416856.0
2026-08-31 10:19:00,37.1,37.07,37.1,37.07,960.0,35608.0
2026-08-31 10:20:00,37.07,37.03,37.07,37.03,1626.0,60240.0
2026-08-31 10:21:00,37.0,37.0,37.0,36.98,1481.0,54792.0
2026-08-31 10:22:00,36.95,36.88,36.95,36.88,5049.0,186292.0
2026-08-31 10:23:00,36.88,36.8,36.88,36.8,5200.0,191476.0
2026-08-31 10:24:00,36.8,36.85,36.85,36.79,8474.0,311988.0
2026-08-31 10:25:00,36.93,36.93,36.93,36.93,1000.0,36928.0
2026-08-31 10:26:00,36.93,36.92,36.93,36.92,2266.0,83648.0
2026-08-31 10:27:00,36.86,36.85,36.86,36.85,758.0,27940.0
2026-08-31 10:28:00,36.9,36.9,36.9,36.9,1100.0,40560.0
2026-08-31 10:29:00,36.85,36.81,36.85,36.81,800.0,29456.0
2026-08-31 10:30:00,36.85,36.77,36.85,36.77,8103.0,298280.0
2026-08-31 10:31:00,36.75,36.72,36.75,36.72,401.0,14736.0
2026-08-31 10:32:00,36.85,36.71,36.85,36.71,8238.0,302520.0
2026-08-31 10:33:00,36.63,36.64,36.64,36.63,15799.0,578776.0
2026-08-31 10:34:00,36.7,36.65,36.7,36.65,700.0,25680.0
2026-08-31 10:35:00,36.66,36.7,36.7,36.66,1000.0,36664.0
2026-08-31 10:36:00,36.7,36.6,36.7,36.6,15365.0,562984.0
2026-08-31 10:37:00,36.6,36.58,36.6,36.58,17166.0,628040.0
2026-08-31 10:38:00,36.58,36.58,36.58,36.57,21891.0,800740.0
2026-08-31 10:39:00,36.68,36.71,36.71,36.68,1704.0,62556.0
2026-08-31 10:40:00,36.71,36.85,36.85,36.71,4599.0,168948.0
2026-08-31 10:41:00,36.85,36.72,36.87,36.72,3300.0,121560.0
2026-08-31 10:42:00,36.72,36.82,36.82,36.71,4539.0,166820.0
2026-08-31 10:43:00,36.82,36.82,36.84,36.82,6984.0,257152.0
2026-08-31 10:44:00,36.82,36.84,36.84,36.82,5500.0,202520.0
2026-08-31 10:45:00,36.84,36.84,36.84,36.84,2530.0,93204.0
2026-08-31 10:46:00,36.82,36.82,36.82,36.82,3289.0,121104.0
2026-08-31 10:47:00,36.74,36.72,36.74,36.72,3862.0,141848.0
2026-08-31 10:50:00,36.73,36.72,36.73,36.72,1147.0,42132.0
2026-08-31 10:51:00,36.69,36.68,36.69,36.68,1886.0,69208.0
2026-08-31 10:52:00,36.66,36.66,36.66,36.66,1401.0,51360.0
2026-08-31 10:53:00,36.68,36.68,36.68,36.68,1300.0,47684.0
2026-08-31 10:54:00,36.68,36.67,36.68,36.66,3141.0,115176.0
2026-08-31 10:55:00,36.67,36.66,36.67,36.66,858.0,31460.0
2026-08-31 10:56:00,36.66,36.64,36.66,36.64,1300.0,47640.0
2026-08-31 10:57:00,36.61,36.5,36.65,36.5,16693.0,610464.0
2026-08-31 10:58:00,36.52,36.65,36.65,36.52,2961.0,108472.0
2026-08-31 10:59:00,36.65,36.65,36.65,36.65,1763.0,42128.0
2026-08-31 11:00:00,36.65,36.65,36.65,36.6,5824.0,213440.0
2026-08-31 11:01:00,36.65,36.66,36.66,36.65,1336.0,48972.0
2026-08-31 11:02:00,36.65,36.65,36.65,36.65,598.0,21916.0
2026-08-31 11:03:00,36.63,36.62,36.63,36.62,537.0,19668.0
2026-08-31 11:04:00,36.6,36.6,36.61,36.6,4680.0,171304.0
2026-08-31 11:05:00,36.6,36.6,36.64,36.6,20198.0,739724.0
2026-08-31 11:06:00,36.6,36.6,36.6,36.6,100.0,3656.0
2026-08-31 11:07:00,36.6,36.6,36.64,36.6,5604.0,205128.0
2026-08-31 11:08:00,36.59,36.59,36.59,36.58,2343.0,85712.0
2026-08-31 11:09:00,36.6,36.69,36.69,36.6,6447.0,236224.0
2026-08-31 11:10:00,36.69,36.69,36.74,36.69,4168.0,152936.0
2026-08-31 11:11:00,36.69,36.61,36.69,36.61,3159.0,115724.0
2026-08-31 11:12:00,36.61,36.62,36.62,36.61,203.0,7432.0
2026-08-31 11:13:00,36.62,36.63,36.63,36.62,300.0,10988.0
2026-08-31 11:15:00,36.63,36.63,36.63,36.63,100.0,3664.0
2026-08-31 11:16:00,36.7,36.7,36.7,36.7,4083.0,149844.0
2026-08-31 11:17:00,36.74,36.7,36.74,36.7,904.0,33180.0
2026-08-31 11:18:00,36.74,36.7,36.74,36.7,644.0,23648.0
2026-08-31 11:19:00,36.7,36.73,36.73,36.7,983.0,36088.0
2026-08-31 11:20:00,36.74,36.74,36.74,36.74,1100.0,40412.0
2026-08-31 11:21:00,36.72,36.7,36.72,36.7,176.0,6460.0
2026-08-31 11:22:00,36.72,36.72,36.72,36.72,420.0,15424.0
2026-08-31 11:23:00,36.73,36.68,36.73,36.68,3633.0,133344.0
2026-08-31 11:24:00,36.68,36.66,36.68,36.66,200.0,7336.0
2026-08-31 11:25:00,36.66,36.7,36.7,36.66,1337.0,49036.0
2026-08-31 11:27:00,36.71,36.73,36.73,36.71,4100.0,150592.0
2026-08-31 11:28:00,36.73,36.74,36.74,36.73,168.0,6172.0
2026-08-31 11:29:00,36.77,36.86,36.86,36.77,7287.0,268548.0
2026-08-31 11:30:00,36.86,36.86,36.86,36.78,6965.0,256668.0
2026-08-31 13:01:00,36.87,36.85,36.87,36.85,3395.0,125160.0
2026-08-31 13:02:00,36.79,36.79,36.79,36.78,1000.0,36788.0
2026-08-31 13:03:00,36.8,36.79,36.8,36.79,12700.0,467348.0
2026-08-31 13:04:00,36.79,36.78,36.79,36.78,4700.0,172904.0
2026-08-31 13:05:00,36.78,36.73,36.78,36.72,5141.0,188872.0
2026-08-31 13:06:00,36.73,36.73,36.75,36.73,2730.0,100280.0
2026-08-31 13:07:00,36.73,36.75,36.75,36.73,3649.0,134048.0
2026-08-31 13:08:00,36.79,36.79,36.79,36.75,871.0,32032.0
2026-08-31 13:10:00,36.79,36.79,36.79,36.79,268.0,9864.0
2026-08-31 13:11:00,36.75,36.79,36.79,36.75,1042.0,38296.0
2026-08-31 13:12:00,36.79,36.79,36.79,36.79,2929.0,107768.0
2026-08-31 13:13:00,36.75,36.75,36.75,36.75,100.0,3672.0
2026-08-31 13:14:00,36.78,36.76,36.78,36.75,2461.0,90472.0
2026-08-31 13:15:00,36.76,36.75,36.76,36.75,2413.0,88696.0
2026-08-31 13:16:00,36.78,36.79,36.79,36.78,3800.0,139784.0
2026-08-31 13:17:00,36.8,36.85,36.9,36.8,3811.0,140448.0
2026-08-31 13:18:00,36.89,36.89,36.89,36.89,3193.0,117752.0
2026-08-31 13:19:00,36.88,36.88,36.88,36.88,3603.0,132904.0
2026-08-31 13:20:00,36.88,36.82,36.88,36.82,3259.0,120072.0
2026-08-31 13:21:00,36.82,36.82,36.82,36.82,2377.0,87520.0
2026-08-31 13:22:00,36.82,36.86,36.86,36.82,4349.0,160280.0
2026-08-31 13:23:00,36.86,36.86,36.86,36.86,5944.0,219096.0
2026-08-31 13:24:00,36.86,36.86,36.86,36.84,2510.0,92488.0
2026-08-31 13:25:00,36.86,36.87,36.87,36.84,13000.0,479224.0
2026-08-31 13:26:00,36.87,36.86,36.87,36.85,9032.0,332904.0
2026-08-31 13:27:00,36.86,36.87,36.88,36.86,15746.0,580576.0
2026-08-31 13:28:00,36.87,36.94,36.94,36.87,12803.0,472528.0
2026-08-31 13:29:00,36.98,37.0,37.01,36.98,29122.0,1077144.0
2026-08-31 13:30:00,37.02,37.07,37.07,36.99,24059.0,780352.0
2026-08-31 13:31:00,37.07,37.37,37.37,37.07,90309.0,3362848.0
2026-08-31 13:32:00,37.37,37.39,37.4,37.28,100888.0,3770912.0
2026-08-31 13:33:00,37.35,37.29,37.35,37.28,29374.0,1095472.0
2026-08-31 13:34:00,37.27,37.38,37.39,37.27,45135.0,1684624.0
2026-08-31 13:35:00,37.37,37.29,37.37,37.29,31582.0,1178840.0
2026-08-31 13:36:00,37.32,37.3,37.32,37.26,14843.0,553344.0
2026-08-31 13:37:00,37.3,37.26,37.32,37.26,9269.0,345648.0
2026-08-31 13:38:00,37.24,37.18,37.24,37.18,15416.0,573792.0
2026-08-31 13:39:00,37.18,37.15,37.18,37.15,3565.0,132440.0
2026-08-31 13:40:00,37.15,37.14,37.17,37.14,11717.0,435296.0
2026-08-31 13:41:00,37.13,37.17,37.18,37.13,18592.0,690592.0
2026-08-31 13:42:00,37.18,37.19,37.19,37.18,41230.0,1533040.0
2026-08-31 13:43:00,37.2,37.15,37.22,37.15,23553.0,876048.0
2026-08-31 13:44:00,37.13,37.13,37.13,37.13,3200.0,118816.0
2026-08-31 13:45:00,37.12,37.13,37.13,37.12,3200.0,118816.0
2026-08-31 13:46:00,37.16,37.24,37.24,37.16,15347.0,571080.0
2026-08-31 13:47:00,37.26,37.25,37.27,37.25,14015.0,522120.0
2026-08-31 13:48:00,37.24,37.24,37.27,37.24,6138.0,228688.0
2026-08-31 13:49:00,37.24,37.18,37.24,37.18,13810.0,514024.0
2026-08-31 13:50:00,37.18,37.18,37.21,37.17,14150.0,471800.0
2026-08-31 13:51:00,37.18,37.15,37.18,37.15,4183.0,155464.0
2026-08-31 13:52:00,37.15,37.11,37.15,37.11,10013.0,371696.0
2026-08-31 13:53:00,37.07,37.07,37.07,37.07,4500.0,166816.0
2026-08-31 13:54:00,37.06,37.06,37.06,37.03,6646.0,246256.0
2026-08-31 13:55:00,37.03,37.03,37.03,37.02,1199.0,44392.0
2026-08-31 13:56:00,37.06,37.06,37.06,37.06,150.0,5560.0
2026-08-31 13:57:00,37.08,37.08,37.08,37.08,700.0,25960.0
2026-08-31 13:58:00,37.08,37.06,37.08,37.06,1878.0,69608.0
2026-08-31 13:59:00,37.05,37.08,37.08,37.05,6839.0,253368.0
2026-08-31 14:00:00,37.08,37.12,37.12,37.08,14358.0,532760.0
2026-08-31 14:01:00,37.12,37.09,37.13,37.09,5027.0,186520.0
2026-08-31 14:02:00,37.08,37.17,37.17,37.08,5441.0,201952.0
2026-08-31 14:03:00,37.17,37.15,37.17,37.15,2954.0,109776.0
2026-08-31 14:04:00,37.14,37.14,37.14,37.05,4514.0,167616.0
2026-08-31 14:05:00,37.07,37.07,37.07,37.07,100.0,3704.0
2026-08-31 14:06:00,37.11,37.07,37.11,37.07,5188.0,192336.0
2026-08-31 14:07:00,37.06,37.05,37.06,37.05,6662.0,246864.0
2026-08-31 14:08:00,37.05,37.11,37.11,37.05,5901.0,218760.0
2026-08-31 14:09:00,37.11,37.15,37.15,37.11,5998.0,222656.0
2026-08-31 14:10:00,37.15,37.14,37.15,37.09,500.0,18560.0
2026-08-31 14:11:00,37.15,37.15,37.15,37.12,4279.0,158952.0
2026-08-31 14:12:00,37.15,37.15,37.15,37.15,2891.0,107400.0
2026-08-31 14:13:00,37.14,37.17,37.17,37.13,9467.0,351624.0
2026-08-31 14:14:00,37.18,37.15,37.18,37.15,9348.0,347424.0
2026-08-31 14:15:00,37.12,37.12,37.12,37.09,6538.0,242616.0
2026-08-31 14:16:00,37.12,37.15,37.15,37.08,12296.0,456328.0
2026-08-31 14:17:00,37.12,37.28,37.28,37.12,40117.0,1492536.0
2026-08-31 14:18:00,37.28,37.39,37.4,37.28,97605.0,3647608.0
2026-08-31 14:19:00,37.39,37.35,37.41,37.35,43709.0,1634568.0
2026-08-31 14:20:00,37.35,37.31,37.38,37.31,29279.0,1059360.0
2026-08-31 14:21:00,37.33,37.33,37.35,37.29,9819.0,366480.0
2026-08-31 14:22:00,37.3,37.34,37.34,37.3,4252.0,158736.0
2026-08-31 14:23:00,37.34,37.38,37.38,37.34,21719.0,811512.0
2026-08-31 14:24:00,37.37,37.36,37.38,37.36,37822.0,1413304.0
2026-08-31 14:25:00,37.36,37.39,37.4,37.36,31131.0,1163824.0
2026-08-31 14:26:00,37.39,37.39,37.4,37.37,16370.0,612008.0
2026-08-31 14:27:00,37.38,37.37,37.39,37.37,11282.0,421680.0
2026-08-31 14:28:00,37.37,37.35,37.37,37.35,23230.0,868024.0
2026-08-31 14:29:00,37.31,37.32,37.32,37.31,3415.0,127440.0
2026-08-31 14:30:00,37.31,37.31,37.33,37.31,9330.0,344472.0
2026-08-31 14:31:00,37.31,37.29,37.31,37.28,11853.0,442008.0
2026-08-31 14:32:00,37.28,37.28,37.28,37.27,10284.0,383344.0
2026-08-31 14:33:00,37.28,37.26,37.28,37.26,7800.0,290672.0
2026-08-31 14:34:00,37.26,37.26,37.26,37.26,2200.0,81976.0
2026-08-31 14:35:00,37.25,37.27,37.27,37.23,4737.0,176440.0
2026-08-31 14:36:00,37.26,37.25,37.26,37.25,300.0,11176.0
2026-08-31 14:37:00,37.26,37.25,37.27,37.25,6896.0,256952.0
2026-08-31 14:38:00,37.27,37.27,37.27,37.25,12380.0,461384.0
2026-08-31 14:39:00,37.27,37.26,37.27,37.25,8609.0,320816.0
2026-08-31 14:40:00,37.26,37.26,37.26,37.26,2903.0,108168.0
2026-08-31 14:41:00,37.24,37.23,37.24,37.23,10938.0,407400.0
2026-08-31 14:42:00,37.23,37.27,37.27,37.23,11079.0,412584.0
2026-08-31 14:43:00,37.27,37.28,37.28,37.27,8510.0,317216.0
2026-08-31 14:44:00,37.28,37.31,37.31,37.28,17662.0,658736.0
2026-08-31 14:45:00,37.31,37.3,37.33,37.3,17442.0,650616.0
2026-08-31 14:46:00,37.31,37.29,37.31,37.29,9238.0,344520.0
2026-08-31 14:47:00,37.3,37.28,37.3,37.27,17526.0,653472.0
2026-08-31 14:48:00,37.26,37.27,37.28,37.26,14655.0,546304.0
2026-08-31 14:49:00,37.27,37.27,37.27,37.27,6469.0,203832.0
2026-08-31 14:50:00,37.27,37.29,37.29,37.27,25524.0,951624.0
2026-08-31 14:51:00,37.28,37.29,37.29,37.27,11370.0,423864.0
2026-08-31 14:52:00,37.3,37.32,37.32,37.29,20181.0,752896.0
2026-08-31 14:53:00,37.31,37.31,37.33,37.31,21313.0,795408.0
2026-08-31 14:54:00,37.31,37.28,37.31,37.25,11960.0,445904.0
2026-08-31 14:55:00,37.27,37.32,37.32,37.27,41357.0,1542696.0
2026-08-31 14:56:00,37.32,37.31,37.32,37.3,23396.0,873056.0
2026-08-31 14:57:00,37.31,37.25,37.31,37.25,12512.0,466344.0
2026-08-31 14:58:00,37.25,37.25,37.25,37.25,1000.0,37248.0
2026-08-31 15:00:00,37.34,37.34,37.34,37.34,84648.0,3160752.0
2026-09-01 09:31:00,37.0,36.9,37.01,36.9,104557.0,3865890.0
2026-09-01 09:32:00,36.8,36.9,36.91,36.8,52228.0,1925362.0
2026-09-01 09:33:00,36.86,36.9,36.92,36.85,57320.0,2113133.0
2026-09-01 09:34:00,37.07,36.95,37.07,36.92,8649.0,319919.0
2026-09-01 09:35:00,36.92,36.91,36.92,36.8,50026.0,1825135.0
2026-09-01 09:36:00,36.91,36.78,36.91,36.78,67547.0,2487345.0
2026-09-01 09:37:00,36.78,36.57,36.78,36.57,70097.0,2570789.0
2026-09-01 09:38:00,36.58,36.65,36.65,36.51,59239.0,2166879.0
2026-09-01 09:39:00,36.6,36.5,36.6,36.49,63894.0,2334376.0
2026-09-01 09:40:00,36.45,36.5,36.68,36.4,78729.0,2868792.0
2026-09-01 09:41:00,36.43,36.59,36.59,36.43,21538.0,785756.0
2026-09-01 09:42:00,36.58,36.45,36.59,36.45,38208.0,1394008.0
2026-09-01 09:43:00,36.44,36.36,36.44,36.36,77209.0,2810854.0
2026-09-01 09:44:00,36.36,36.41,36.44,36.36,12573.0,457470.0
2026-09-01 09:45:00,36.44,36.34,36.44,36.34,70104.0,2346472.0
2026-09-01 09:46:00,36.35,36.39,36.39,36.35,29823.0,1083952.0
2026-09-01 09:47:00,36.44,36.49,36.49,36.44,16314.0,594680.0
2026-09-01 09:48:00,36.49,36.34,36.49,36.34,26312.0,957536.0
2026-09-01 09:49:00,36.3,36.21,36.3,36.2,62750.0,2274840.0
2026-09-01 09:50:00,36.21,36.21,36.21,36.16,34827.0,1260588.0
2026-09-01 09:51:00,36.28,36.45,36.45,36.28,38561.0,1404244.0
2026-09-01 09:52:00,36.41,36.46,36.5,36.3,26090.0,949288.0
2026-09-01 09:53:00,36.46,36.49,36.58,36.45,21743.0,793816.0
2026-09-01 09:54:00,36.45,36.31,36.45,36.31,25402.0,925236.0
2026-09-01 09:55:00,36.37,36.45,36.45,36.33,24718.0,780676.0
2026-09-01 09:56:00,36.5,36.47,36.52,36.47,6275.0,229028.0
2026-09-01 09:57:00,36.5,36.51,36.52,36.5,7508.0,274128.0
2026-09-01 09:58:00,36.5,36.5,36.51,36.45,15351.0,560208.0
2026-09-01 09:59:00,36.46,36.46,36.5,36.45,4055.0,147844.0
2026-09-01 10:00:00,36.45,36.45,36.45,36.45,10129.0,369212.0
2026-09-01 10:01:00,36.43,36.42,36.43,36.42,1332.0,48520.0
2026-09-01 10:02:00,36.42,36.36,36.42,36.36,7336.0,266840.0
2026-09-01 10:03:00,36.36,36.33,36.36,36.33,5586.0,203008.0
2026-09-01 10:04:00,36.33,36.31,36.4,36.31,8647.0,314116.0
2026-09-01 10:05:00,36.32,36.39,36.39,36.32,7230.0,240700.0
2026-09-01 10:06:00,36.39,36.36,36.4,36.33,16541.0,601616.0
2026-09-01 10:07:00,36.36,36.35,36.36,36.34,14228.0,517132.0
2026-09-01 10:08:00,36.35,36.32,36.35,36.32,9783.0,355480.0
2026-09-01 10:09:00,36.32,36.28,36.32,36.28,10544.0,382824.0
2026-09-01 10:10:00,36.28,36.22,36.28,36.22,9260.0,335616.0
2026-09-01 10:11:00,36.23,36.23,36.3,36.23,16781.0,608308.0
2026-09-01 10:12:00,36.22,36.25,36.25,36.22,25644.0,928984.0
2026-09-01 10:13:00,36.25,36.25,36.25,36.22,19043.0,689964.0
2026-09-01 10:14:00,36.25,36.3,36.3,36.25,26031.0,944548.0
2026-09-01 10:15:00,36.3,36.3,36.3,36.3,5198.0,188688.0
2026-09-01 10:16:00,36.34,36.34,36.34,36.3,9896.0,359332.0
2026-09-01 10:17:00,36.34,36.4,36.4,36.34,10804.0,392892.0
2026-09-01 10:18:00,36.38,36.37,36.4,36.37,6723.0,244656.0
2026-09-01 10:19:00,36.37,36.35,36.37,36.35,6905.0,251012.0
2026-09-01 10:20:00,36.34,36.37,36.37,36.34,2054.0,74656.0
2026-09-01 10:21:00,36.35,36.39,36.39,36.35,2900.0,105444.0
2026-09-01 10:22:00,36.31,36.37,36.37,36.31,10835.0,393600.0
2026-09-01 10:23:00,36.33,36.28,36.33,36.28,16095.0,584336.0
2026-09-01 10:24:00,36.29,36.28,36.29,36.27,9282.0,336736.0
2026-09-01 10:25:00,36.28,36.2,36.28,36.2,34255.0,1241124.0
2026-09-01 10:26:00,36.21,36.23,36.23,36.21,8982.0,325196.0
2026-09-01 10:27:00,36.23,36.17,36.23,36.14,49935.0,1806968.0
2026-09-01 10:28:00,36.14,36.08,36.14,36.08,56992.0,2058200.0
2026-09-01 10:29:00,36.07,36.07,36.08,36.04,39282.0,1416616.0
2026-09-01 10:30:00,36.05,36.07,36.07,36.05,11495.0,414572.0
2026-09-01 10:31:00,36.07,36.06,36.08,36.06,28759.0,1037316.0
2026-09-01 10:32:00,36.07,36.12,36.12,36.07,23081.0,832776.0
2026-09-01 10:33:00,36.12,36.11,36.12,36.1,10824.0,390768.0
2026-09-01 10:34:00,36.1,36.07,36.1,36.06,46796.0,1688264.0
2026-09-01 10:35:00,36.07,36.14,36.14,36.06,12952.0,467444.0
2026-09-01 10:36:00,36.16,36.21,36.21,36.16,20526.0,743092.0
2026-09-01 10:37:00,36.21,36.19,36.21,36.19,1811.0,65560.0
2026-09-01 10:38:00,36.19,36.1,36.19,36.1,15485.0,559432.0
2026-09-01 10:39:00,36.15,36.14,36.15,36.1,6338.0,228976.0
2026-09-01 10:40:00,36.1,36.05,36.14,36.05,35083.0,1265288.0
2026-09-01 10:41:00,36.05,36.06,36.06,36.05,9375.0,337976.0
2026-09-01 10:42:00,36.05,36.05,36.08,36.04,14737.0,531272.0
2026-09-01 10:43:00,36.04,36.08,36.08,36.04,9325.0,336336.0
2026-09-01 10:44:00,36.1,36.06,36.11,36.06,16486.0,594912.0
2026-09-01 10:45:00,36.06,36.1,36.1,36.06,506.0,18264.0
2026-09-01 10:46:00,36.1,36.14,36.14,36.1,1794.0,64792.0
2026-09-01 10:47:00,36.14,36.15,36.15,36.14,5952.0,215152.0
2026-09-01 10:48:00,36.15,36.15,36.2,36.15,12502.0,452104.0
2026-09-01 10:49:00,36.15,36.13,36.15,36.13,15515.0,560856.0
2026-09-01 10:50:00,36.14,36.1,36.14,36.1,859.0,31016.0
2026-09-01 10:51:00,36.09,36.1,36.1,36.09,3440.0,124168.0
2026-09-01 10:52:00,36.1,36.11,36.16,36.1,2000.0,72296.0
2026-09-01 10:53:00,36.19,36.17,36.19,36.13,6042.0,218600.0
2026-09-01 10:54:00,36.17,36.13,36.17,36.13,3676.0,132856.0
2026-09-01 10:55:00,36.13,36.1,36.13,36.1,9057.0,327072.0
2026-09-01 10:56:00,36.1,36.08,36.1,36.08,5326.0,192208.0
2026-09-01 10:57:00,36.08,36.08,36.08,36.05,32040.0,1155224.0
2026-09-01 10:58:00,36.08,36.08,36.08,36.08,1527.0,55096.0
2026-09-01 10:59:00,36.06,36.06,36.06,36.06,10200.0,367824.0
2026-09-01 11:00:00,36.08,36.07,36.08,36.06,13567.0,489472.0
2026-09-01 11:01:00,36.08,36.07,36.08,36.06,18775.0,677264.0
2026-09-01 11:02:00,36.06,36.06,36.06,36.05,31572.0,1138416.0
2026-09-01 11:03:00,36.11,36.1,36.11,36.1,5386.0,194480.0
2026-09-01 11:04:00,36.15,36.15,36.15,36.14,1984.0,71720.0
2026-09-01 11:05:00,36.15,36.13,36.17,36.13,7697.0,278288.0
2026-09-01 11:06:00,36.13,36.13,36.13,36.12,3253.0,117528.0
2026-09-01 11:07:00,36.11,36.13,36.13,36.1,11773.0,425232.0
2026-09-01 11:08:00,36.13,36.17,36.17,36.13,2474.0,89424.0
2026-09-01 11:09:00,36.17,36.17,36.19,36.17,19404.0,702024.0
2026-09-01 11:10:00,36.13,36.17,36.17,36.13,6700.0,242080.0
2026-09-01 11:11:00,36.17,36.17,36.18,36.17,5800.0,209832.0
2026-09-01 11:12:00,36.17,36.17,36.17,36.17,850.0,30736.0
2026-09-01 11:13:00,36.15,36.14,36.15,36.14,506.0,18296.0
2026-09-01 11:14:00,36.14,36.12,36.14,36.12,3241.0,117096.0
2026-09-01 11:15:00,36.12,36.13,36.13,36.11,17266.0,551320.0
2026-09-01 11:16:00,36.15,36.17,36.17,36.15,3471.0,125496.0
2026-09-01 11:17:00,36.17,36.18,36.18,36.16,1773.0,64128.0
2026-09-01 11:18:00,36.18,36.15,36.18,36.15,4026.0,145600.0
2026-09-01 11:19:00,36.15,36.18,36.18,36.15,4851.0,175528.0
2026-09-01 11:20:00,36.17,36.18,36.18,36.17,2086.0,75464.0
2026-09-01 11:21:00,36.2,36.21,36.21,36.2,6352.0,229976.0
2026-09-01 11:22:00,36.21,36.2,36.25,36.2,12052.0,436464.0
2026-09-01 11:23:00,36.18,36.18,36.24,36.18,4568.0,165448.0
2026-09-01 11:24:00,36.18,36.2,36.23,36.16,3531.0,127816.0
2026-09-01 11:25:00,36.2,36.23,36.23,36.2,400.0,14496.0
2026-09-01 11:26:00,36.18,36.18,36.18,36.18,552.0,19968.0
2026-09-01 11:27:00,36.22,36.23,36.23,36.22,3798.0,137576.0
2026-09-01 11:28:00,36.29,36.29,36.31,36.29,8345.0,302920.0
2026-09-01 11:29:00,36.29,36.2,36.29,36.2,19067.0,690368.0
2026-09-01 11:30:00,36.21,36.26,36.26,36.21,5333.0,193136.0
2026-09-01 13:01:00,36.26,36.29,36.34,36.26,26834.0,973696.0
2026-09-01 13:02:00,36.29,36.29,36.29,36.29,1591.0,57736.0
2026-09-01 13:03:00,36.28,36.31,36.31,36.28,8928.0,323944.0
2026-09-01 13:04:00,36.27,36.27,36.27,36.27,8185.0,296872.0
2026-09-01 13:05:00,36.27,36.35,36.35,36.27,12600.0,384768.0
2026-09-01 13:06:00,36.28,36.4,36.4,36.28,26451.0,961832.0
2026-09-01 13:07:00,36.4,36.4,36.41,36.4,8944.0,325592.0
2026-09-01 13:08:00,36.4,36.38,36.4,36.36,10725.0,390128.0
2026-09-01 13:09:00,36.38,36.4,36.4,36.38,7423.0,270088.0
2026-09-01 13:10:00,36.39,36.37,36.39,36.37,6121.0,222688.0
2026-09-01 13:11:00,36.37,36.33,36.37,36.33,11537.0,419432.0
2026-09-01 13:12:00,36.33,36.37,36.37,36.33,5251.0,190800.0
2026-09-01 13:13:00,36.37,36.35,36.37,36.35,9813.0,356760.0
2026-09-01 13:14:00,36.37,36.41,36.41,36.37,11542.0,419944.0
2026-09-01 13:15:00,36.41,36.39,36.41,36.38,33418.0,1216480.0
2026-09-01 13:16:00,36.38,36.38,36.41,36.38,6605.0,240384.0
2026-09-01 13:17:00,36.38,36.37,36.38,36.36,7176.0,260968.0
2026-09-01 13:18:00,36.38,36.36,36.38,36.33,1941.0,70568.0
2026-09-01 13:19:00,36.33,36.33,36.33,36.33,5458.0,198304.0
2026-09-01 13:20:00,36.33,36.31,36.33,36.31,6979.0,253464.0
2026-09-01 13:21:00,36.31,36.28,36.31,36.28,5047.0,183200.0
2026-09-01 13:22:00,36.27,36.18,36.27,36.18,13263.0,480368.0
2026-09-01 13:23:00,36.18,36.19,36.19,36.14,8275.0,299224.0
2026-09-01 13:24:00,36.18,36.27,36.27,36.15,3418.0,123720.0
2026-09-01 13:25:00,36.31,36.16,36.31,36.16,1805.0,65360.0
2026-09-01 13:26:00,36.17,36.17,36.17,36.17,300.0,10856.0
2026-09-01 13:27:00,36.24,36.18,36.24,36.18,2655.0,96144.0
2026-09-01 13:28:00,36.18,36.2,36.2,36.18,345.0,12480.0
2026-09-01 13:29:00,36.23,36.24,36.24,36.23,2404.0,87104.0
2026-09-01 13:30:00,36.26,36.17,36.26,36.17,8806.0,318928.0
2026-09-01 13:31:00,36.17,36.11,36.18,36.11,16164.0,584424.0
2026-09-01 13:32:00,36.14,36.15,36.15,36.11,10513.0,379752.0
2026-09-01 13:33:00,36.15,36.16,36.18,36.15,8836.0,319512.0
2026-09-01 13:34:00,36.16,36.14,36.18,36.14,11301.0,408688.0
2026-09-01 13:35:00,36.14,36.17,36.17,36.14,1164.0,42072.0
2026-09-01 13:36:00,36.18,36.18,36.21,36.18,6145.0,222352.0
2026-09-01 13:37:00,36.18,36.19,36.22,36.18,920.0,33312.0
2026-09-01 13:38:00,36.18,36.21,36.21,36.18,6672.0,241440.0
2026-09-01 13:39:00,36.2,36.21,36.22,36.2,4671.0,169160.0
2026-09-01 13:40:00,36.22,36.22,36.22,36.22,3199.0,115856.0
2026-09-01 13:41:00,36.26,36.32,36.32,36.26,16915.0,614264.0
2026-09-01 13:42:00,36.26,36.2,36.26,36.2,8950.0,324416.0
2026-09-01 13:43:00,36.21,36.16,36.21,36.16,11424.0,413560.0
2026-09-01 13:44:00,36.16,36.15,36.2,36.15,12080.0,436824.0
2026-09-01 13:45:00,36.15,36.16,36.16,36.15,21919.0,725680.0
2026-09-01 13:46:00,36.16,36.23,36.23,36.16,2200.0,79640.0
2026-09-01 13:47:00,36.23,36.21,36.23,36.21,3072.0,111264.0
2026-09-01 13:48:00,36.17,36.22,36.25,36.17,4042.0,146408.0
2026-09-01 13:49:00,36.23,36.21,36.25,36.21,1361.0,49328.0
2026-09-01 13:50:00,36.21,36.23,36.23,36.21,9576.0,346936.0
2026-09-01 13:51:00,36.22,36.21,36.24,36.21,8001.0,289832.0
2026-09-01 13:52:00,36.21,36.18,36.21,36.18,6552.0,237120.0
2026-09-01 13:53:00,36.19,36.21,36.21,36.19,420.0,15208.0
2026-09-01 13:54:00,36.21,36.2,36.21,36.19,2847.0,103064.0
2026-09-01 13:55:00,36.2,36.16,36.2,36.16,21131.0,764584.0
2026-09-01 13:56:00,36.17,36.17,36.18,36.16,13144.0,475312.0
2026-09-01 13:57:00,36.16,36.13,36.16,36.12,13890.0,501960.0
2026-09-01 13:58:00,36.15,36.13,36.15,36.12,12440.0,449520.0
2026-09-01 13:59:00,36.12,36.13,36.15,36.12,11452.0,413784.0
2026-09-01 14:00:00,36.13,36.1,36.14,36.08,45830.0,1655528.0
2026-09-01 14:01:00,36.1,36.1,36.1,36.09,6958.0,251152.0
2026-09-01 14:02:00,36.1,36.13,36.13,36.1,6964.0,251456.0
2026-09-01 14:03:00,36.13,36.11,36.13,36.1,14423.0,520832.0
2026-09-01 14:04:00,36.11,36.12,36.12,36.11,1600.0,57768.0
2026-09-01 14:05:00,36.13,36.14,36.14,36.13,5142.0,185800.0
2026-09-01 14:06:00,36.14,36.13,36.14,36.12,9563.0,345512.0
2026-09-01 14:07:00,36.12,36.13,36.13,36.12,6011.0,217176.0
2026-09-01 14:08:00,36.13,36.14,36.14,36.13,1976.0,71408.0
2026-09-01 14:09:00,36.12,36.14,36.14,36.12,5187.0,187384.0
2026-09-01 14:10:00,36.15,36.14,36.15,36.14,1100.0,39768.0
2026-09-01 14:11:00,36.14,36.15,36.15,36.14,207.0,7480.0
2026-09-01 14:12:00,36.15,36.15,36.16,36.15,977.0,35320.0
2026-09-01 14:13:00,36.14,36.15,36.15,36.14,3865.0,139720.0
2026-09-01 14:14:00,36.14,36.09,36.14,36.09,24302.0,877536.0
2026-09-01 14:15:00,36.09,36.05,36.09,36.05,35809.0,1014120.0
2026-09-01 14:16:00,36.06,36.07,36.08,36.06,9310.0,335792.0
2026-09-01 14:17:00,36.07,36.08,36.08,36.07,4730.0,170624.0
2026-09-01 14:18:00,36.07,36.08,36.08,36.07,7135.0,257376.0
2026-09-01 14:19:00,36.08,36.08,36.08,36.08,2400.0,86584.0
2026-09-01 14:20:00,36.08,36.06,36.08,36.06,15524.0,559944.0
2026-09-01 14:21:00,36.07,36.09,36.09,36.07,4267.0,153952.0
2026-09-01 14:22:00,36.1,36.1,36.13,36.1,10951.0,395360.0
2026-09-01 14:23:00,36.1,36.1,36.1,36.1,663.0,23936.0
2026-09-01 14:24:00,36.1,36.1,36.1,36.1,3955.0,142800.0
2026-09-01 14:25:00,36.1,36.09,36.1,36.09,6420.0,231696.0
2026-09-01 14:26:00,36.1,36.09,36.1,36.09,6878.0,248232.0
2026-09-01 14:27:00,36.09,36.1,36.1,36.09,9310.0,336080.0
2026-09-01 14:28:00,36.1,36.11,36.11,36.1,2999.0,108280.0
2026-09-01 14:29:00,36.11,36.12,36.12,36.11,1547.0,55872.0
2026-09-01 14:30:00,36.11,36.11,36.11,36.1,8793.0,317496.0
2026-09-01 14:31:00,36.1,36.1,36.11,36.1,21319.0,769632.0
2026-09-01 14:32:00,36.1,36.1,36.1,36.09,11185.0,403704.0
2026-09-01 14:33:00,36.09,36.1,36.1,36.08,2465.0,88976.0
2026-09-01 14:34:00,36.1,36.09,36.1,36.09,2256.0,81440.0
2026-09-01 14:35:00,36.09,36.09,36.09,36.08,5945.0,214528.0
2026-09-01 14:36:00,36.09,36.1,36.1,36.08,16841.0,607880.0
2026-09-01 14:37:00,36.08,36.06,36.08,36.06,20996.0,757264.0
2026-09-01 14:38:00,36.06,36.02,36.06,36.02,44830.0,1615432.0
2026-09-01 14:39:00,36.01,35.99,36.01,35.99,83727.0,3014336.0
2026-09-01 14:40:00,36.0,36.02,36.02,35.99,30692.0,1104848.0
2026-09-01 14:41:00,36.0,36.01,36.01,36.0,6813.0,245304.0
2026-09-01 14:42:00,36.01,36.02,36.02,36.01,10053.0,362064.0
2026-09-01 14:43:00,36.03,36.03,36.03,36.01,12726.0,458456.0
2026-09-01 14:44:00,36.05,36.12,36.12,36.05,14511.0,523176.0
2026-09-01 14:45:00,36.1,36.13,36.14,36.1,5856.0,211560.0
2026-09-01 14:46:00,36.12,36.13,36.14,36.12,22139.0,799928.0
2026-09-01 14:47:00,36.13,36.09,36.13,36.08,13004.0,469656.0
2026-09-01 14:48:00,36.09,36.09,36.1,36.09,12291.0,443664.0
2026-09-01 14:49:00,36.09,36.07,36.09,36.07,13710.0,494720.0
2026-09-01 14:50:00,36.07,36.05,36.07,36.03,13652.0,492224.0
2026-09-01 14:51:00,36.06,36.06,36.06,36.04,10881.0,392312.0
2026-09-01 14:52:00,36.06,36.04,36.06,36.03,23310.0,840136.0
2026-09-01 14:53:00,36.04,36.07,36.07,36.04,20479.0,738504.0
2026-09-01 14:54:00,36.08,36.11,36.11,36.08,16371.0,590896.0
2026-09-01 14:55:00,36.13,36.12,36.13,36.1,23563.0,850920.0
2026-09-01 14:56:00,36.12,36.15,36.15,36.12,16692.0,603208.0
2026-09-01 14:57:00,36.15,36.16,36.16,36.15,28004.0,1012408.0
2026-09-01 14:58:00,36.16,36.16,36.16,36.16,275.0,9952.0
2026-09-01 15:00:00,36.19,36.19,36.19,36.19,39848.0,1442096.0
2026-09-02 09:31:00,36.0,35.99,36.08,35.99,57053.0,2054000.0
2026-09-02 09:32:00,36.0,36.0,36.0,35.96,15415.0,554762.0
2026-09-02 09:33:00,36.08,36.1,36.13,36.08,12296.0,443488.0
2026-09-02 09:34:00,36.11,36.0,36.11,36.0,51886.0,1872038.0
2026-09-02 09:35:00,36.0,35.99,36.13,35.99,19136.0,689146.0
2026-09-02 09:36:00,35.99,36.0,36.02,35.98,23629.0,850875.0
2026-09-02 09:37:00,36.05,36.1,36.1,36.04,11756.0,423919.0
2026-09-02 09:38:00,36.1,36.29,36.3,36.1,31887.0,1154154.0
2026-09-02 09:39:00,36.3,36.4,36.4,36.3,93480.0,3397885.0
2026-09-02 09:40:00,36.45,36.47,36.5,36.43,77534.0,2326216.0
2026-09-02 09:41:00,36.43,36.44,36.46,36.43,41507.0,1512060.0
2026-09-02 09:42:00,36.43,36.32,36.43,36.32,19792.0,720272.0
2026-09-02 09:43:00,36.32,36.4,36.43,36.31,28001.0,1017861.0
2026-09-02 09:44:00,36.32,36.39,36.4,36.32,18119.0,658748.0
2026-09-02 09:45:00,36.35,36.23,36.36,36.23,44398.0,1611996.0
2026-09-02 09:46:00,36.23,36.19,36.24,36.18,11071.0,400756.0
2026-09-02 09:47:00,36.18,36.21,36.22,36.18,23204.0,840120.0
2026-09-02 09:48:00,36.2,36.24,36.24,36.2,11411.0,413136.0
2026-09-02 09:49:00,36.24,36.25,36.28,36.24,15406.0,558564.0
2026-09-02 09:50:00,36.25,36.27,36.28,36.25,4221.0,153040.0
2026-09-02 09:51:00,36.27,36.27,36.27,36.26,5991.0,217234.0
2026-09-02 09:52:00,36.27,36.29,36.29,36.27,12062.0,437542.0
2026-09-02 09:53:00,36.29,36.29,36.3,36.29,8178.0,296784.0
2026-09-02 09:54:00,36.27,36.29,36.29,36.27,8808.0,319492.0
2026-09-02 09:55:00,36.27,36.29,36.29,36.27,3908.0,141820.0
2026-09-02 09:56:00,36.3,36.35,36.35,36.29,17185.0,624004.0
2026-09-02 09:57:00,36.36,36.39,36.4,36.35,18199.0,662132.0
2026-09-02 09:58:00,36.42,36.39,36.44,36.39,25668.0,934794.0
2026-09-02 09:59:00,36.4,36.48,36.48,36.39,47658.0,1737422.0
2026-09-02 10:00:00,36.48,36.51,36.68,36.48,67993.0,2036274.0
2026-09-02 10:01:00,36.66,36.62,36.66,36.55,27234.0,997254.0
2026-09-02 10:02:00,36.62,36.6,36.62,36.55,51173.0,1872386.0
2026-09-02 10:03:00,36.61,36.66,36.68,36.58,35119.0,1286508.0
2026-09-02 10:04:00,36.67,36.96,36.98,36.67,79663.0,2934938.0
2026-09-02 10:05:00,36.97,37.06,37.1,36.97,125683.0,4655628.0
2026-09-02 10:06:00,37.06,36.9,37.08,36.86,67087.0,2479472.0
2026-09-02 10:07:00,36.86,37.05,37.05,36.85,109229.0,4032420.0
2026-09-02 10:08:00,37.02,36.92,37.07,36.92,131494.0,4867268.0
2026-09-02 10:09:00,36.92,37.04,37.04,36.92,80132.0,2962800.0
2026-09-02 10:10:00,37.02,37.08,37.1,37.02,110617.0,4100536.0
2026-09-02 10:11:00,37.05,37.05,37.07,37.02,61546.0,2280376.0
2026-09-02 10:12:00,37.06,37.23,37.23,37.06,119234.0,4427464.0
2026-09-02 10:13:00,37.25,37.23,37.29,37.22,115691.0,4309840.0
2026-09-02 10:14:00,37.22,37.1,37.22,37.08,56794.0,2110464.0
2026-09-02 10:15:00,37.08,37.1,37.1,37.06,76376.0,2831912.0
2026-09-02 10:16:00,37.11,37.17,37.18,37.11,46038.0,1710600.0
2026-09-02 10:17:00,37.19,37.19,37.2,37.15,62454.0,2322248.0
2026-09-02 10:18:00,37.18,37.18,37.2,37.18,27892.0,1037192.0
2026-09-02 10:19:00,37.16,37.16,37.18,37.16,15327.0,569664.0
2026-09-02 10:20:00,37.16,37.1,37.19,37.1,36956.0,1342896.0
2026-09-02 10:21:00,37.1,37.0,37.11,37.0,27197.0,1007488.0
2026-09-02 10:22:00,36.89,37.13,37.18,36.89,53035.0,1964000.0
2026-09-02 10:23:00,37.15,37.12,37.19,37.06,25032.0,929776.0
2026-09-02 10:24:00,37.21,37.17,37.25,37.12,44353.0,1650224.0
2026-09-02 10:25:00,37.17,37.37,37.37,37.17,93119.0,3471520.0
2026-09-02 10:26:00,37.35,37.42,37.46,37.35,114147.0,4269296.0
2026-09-02 10:27:00,37.42,37.35,37.43,37.35,90435.0,3383456.0
2026-09-02 10:28:00,37.42,37.49,37.49,37.39,81605.0,3055256.0
2026-09-02 10:29:00,37.47,37.44,37.51,37.44,87017.0,3262616.0
2026-09-02 10:30:00,37.44,37.31,37.44,37.31,36939.0,1240776.0
2026-09-02 10:31:00,37.31,37.26,37.31,37.26,26831.0,1000840.0
2026-09-02 10:32:00,37.25,37.1,37.25,37.1,21787.0,810016.0
2026-09-02 10:33:00,37.08,37.23,37.23,37.08,17727.0,657824.0
2026-09-02 10:34:00,37.31,37.33,37.33,37.31,53806.0,2008304.0
2026-09-02 10:35:00,37.33,37.35,37.36,37.33,18573.0,693616.0
2026-09-02 10:36:00,37.33,37.32,37.33,37.31,9235.0,344608.0
2026-09-02 10:37:00,37.32,37.32,37.33,37.32,16371.0,611000.0
2026-09-02 10:38:00,37.34,37.32,37.34,37.32,26358.0,983768.0
2026-09-02 10:39:00,37.3,37.31,37.31,37.28,24125.0,899792.0
2026-09-02 10:40:00,37.28,37.28,37.31,37.28,4199.0,156544.0
2026-09-02 10:41:00,37.28,37.28,37.28,37.24,8126.0,302792.0
2026-09-02 10:42:00,37.27,37.26,37.28,37.26,11092.0,413368.0
2026-09-02 10:43:00,37.26,37.32,37.32,37.26,24330.0,906960.0
2026-09-02 10:44:00,37.33,37.48,37.48,37.33,57453.0,2148728.0
2026-09-02 10:45:00,37.48,37.62,37.62,37.48,79200.0,2973528.0
2026-09-02 10:46:00,37.65,37.61,37.65,37.53,89347.0,3360208.0
2026-09-02 10:47:00,37.6,37.51,37.6,37.51,20365.0,764992.0
2026-09-02 10:48:00,37.51,37.59,37.6,37.5,66793.0,2508448.0
2026-09-02 10:49:00,37.6,37.67,37.67,37.6,68565.0,2580408.0
2026-09-02 10:50:00,37.66,37.6,37.67,37.6,40674.0,1531640.0
2026-09-02 10:51:00,37.6,37.58,37.6,37.54,2043.0,76752.0
2026-09-02 10:52:00,37.55,37.55,37.59,37.54,37937.0,1424712.0
2026-09-02 10:53:00,37.55,37.55,37.6,37.55,19111.0,718184.0
2026-09-02 10:54:00,37.55,37.53,37.56,37.53,12635.0,474400.0
2026-09-02 10:55:00,37.53,37.62,37.62,37.53,27441.0,1031568.0
2026-09-02 10:56:00,37.63,37.6,37.63,37.56,7841.0,294848.0
2026-09-02 10:57:00,37.55,37.6,37.61,37.55,31605.0,1188144.0
2026-09-02 10:58:00,37.6,37.6,37.6,37.6,18793.0,706640.0
2026-09-02 10:59:00,37.6,37.59,37.6,37.55,20334.0,764304.0
2026-09-02 11:00:00,37.55,37.53,37.55,37.5,25896.0,971616.0
2026-09-02 11:01:00,37.55,37.49,37.56,37.48,38037.0,1426160.0
2026-09-02 11:02:00,37.5,37.4,37.5,37.4,17516.0,656176.0
2026-09-02 11:03:00,37.4,37.33,37.4,37.33,10686.0,399536.0
2026-09-02 11:04:00,37.35,37.35,37.38,37.35,18122.0,677008.0
2026-09-02 11:05:00,37.36,37.4,37.4,37.35,25492.0,952320.0
2026-09-02 11:06:00,37.42,37.45,37.47,37.42,10848.0,406176.0
2026-09-02 11:07:00,37.47,37.49,37.49,37.45,16268.0,609728.0
2026-09-02 11:08:00,37.5,37.48,37.5,37.48,4054.0,152000.0
2026-09-02 11:09:00,37.48,37.5,37.5,37.48,39143.0,1467648.0
2026-09-02 11:10:00,37.5,37.48,37.5,37.48,7179.0,254112.0
2026-09-02 11:11:00,37.47,37.48,37.49,37.47,15747.0,590144.0
2026-09-02 11:12:00,37.47,37.5,37.5,37.47,5396.0,202208.0
2026-09-02 11:13:00,37.5,37.56,37.56,37.5,25693.0,964320.0
2026-09-02 11:14:00,37.57,37.6,37.6,37.57,41133.0,1546048.0
2026-09-02 11:15:00,37.61,37.61,37.62,37.6,21136.0,794960.0
2026-09-02 11:16:00,37.61,37.61,37.62,37.6,21218.0,798032.0
2026-09-02 11:17:00,37.62,37.65,37.65,37.61,22435.0,844208.0
2026-09-02 11:18:00,37.64,37.67,37.67,37.64,34713.0,1307152.0
2026-09-02 11:19:00,37.67,37.66,37.67,37.65,12604.0,474736.0
2026-09-02 11:20:00,37.65,37.64,37.65,37.62,11508.0,414384.0
2026-09-02 11:21:00,37.64,37.64,37.64,37.63,8843.0,332800.0
2026-09-02 11:22:00,37.63,37.65,37.65,37.63,21037.0,791600.0
2026-09-02 11:23:00,37.63,37.8,37.86,37.63,101501.0,3829984.0
2026-09-02 11:24:00,37.79,37.81,37.85,37.79,29961.0,1132688.0
2026-09-02 11:25:00,37.83,37.81,37.83,37.8,46027.0,1740784.0
2026-09-02 11:26:00,37.84,37.88,37.89,37.84,73030.0,2765808.0
2026-09-02 11:27:00,37.85,37.84,37.88,37.79,40700.0,1540432.0
2026-09-02 11:28:00,37.84,37.8,37.84,37.8,10258.0,387952.0
2026-09-02 11:29:00,37.8,37.79,37.8,37.76,9761.0,368608.0
2026-09-02 11:30:00,37.79,37.78,37.79,37.78,14480.0,547168.0
2026-09-02 13:01:00,37.78,37.7,37.78,37.63,48676.0,1837696.0
2026-09-02 13:02:00,37.7,37.66,37.7,37.65,7030.0,264880.0
2026-09-02 13:03:00,37.6,37.57,37.65,37.56,18745.0,704176.0
2026-09-02 13:04:00,37.59,37.63,37.65,37.59,10456.0,393568.0
2026-09-02 13:05:00,37.6,37.65,37.65,37.6,8352.0,314176.0
2026-09-02 13:06:00,37.65,37.67,37.69,37.65,12018.0,452640.0
2026-09-02 13:07:00,37.68,37.63,37.68,37.63,12122.0,456384.0
2026-09-02 13:08:00,37.59,37.56,37.59,37.56,5537.0,208096.0
2026-09-02 13:09:00,37.56,37.52,37.56,37.5,5879.0,220560.0
2026-09-02 13:10:00,37.48,37.48,37.5,37.48,4601.0,172464.0
2026-09-02 13:11:00,37.49,37.47,37.49,37.47,10671.0,399936.0
2026-09-02 13:12:00,37.45,37.43,37.45,37.41,12770.0,478112.0
2026-09-02 13:13:00,37.42,37.41,37.42,37.41,6305.0,235840.0
2026-09-02 13:14:00,37.42,37.4,37.42,37.4,8300.0,310448.0
2026-09-02 13:15:00,37.41,37.42,37.42,37.4,9769.0,365504.0
2026-09-02 13:16:00,37.43,37.45,37.45,37.43,7110.0,266208.0
2026-09-02 13:17:00,37.45,37.43,37.46,37.43,4980.0,186480.0
2026-09-02 13:18:00,37.44,37.47,37.47,37.43,2710.0,101488.0
2026-09-02 13:19:00,37.47,37.48,37.48,37.47,30593.0,1146592.0
2026-09-02 13:20:00,37.49,37.5,37.56,37.49,21831.0,807504.0
2026-09-02 13:21:00,37.55,37.56,37.56,37.55,28215.0,1059504.0
2026-09-02 13:22:00,37.56,37.43,37.56,37.43,51289.0,1925488.0
2026-09-02 13:23:00,37.43,37.45,37.49,37.43,529.0,19808.0
2026-09-02 13:24:00,37.42,37.4,37.43,37.4,7866.0,294288.0
2026-09-02 13:25:00,37.4,37.36,37.4,37.36,5111.0,191040.0
2026-09-02 13:26:00,37.34,37.36,37.38,37.34,9993.0,373456.0
2026-09-02 13:27:00,37.38,37.38,37.38,37.36,4000.0,149504.0
2026-09-02 13:28:00,37.39,37.36,37.4,37.36,15224.0,568928.0
2026-09-02 13:29:00,37.36,37.38,37.38,37.36,5300.0,198048.0
2026-09-02 13:30:00,37.37,37.38,37.4,37.37,5114.0,160048.0
2026-09-02 13:31:00,37.37,37.37,37.37,37.37,2200.0,82208.0
2026-09-02 13:32:00,37.38,37.4,37.43,37.38,1471.0,55024.0
2026-09-02 13:33:00,37.45,37.45,37.45,37.45,3800.0,142304.0
2026-09-02 13:34:00,37.45,37.45,37.48,37.45,4513.0,169024.0
2026-09-02 13:35:00,37.44,37.36,37.44,37.36,11212.0,419392.0
2026-09-02 13:36:00,37.36,37.34,37.36,37.34,5630.0,210272.0
2026-09-02 13:37:00,37.34,37.36,37.36,37.34,500.0,18672.0
2026-09-02 13:38:00,37.37,37.36,37.37,37.36,2148.0,80256.0
2026-09-02 13:39:00,37.37,37.37,37.37,37.36,4823.0,180240.0
2026-09-02 13:40:00,37.37,37.33,37.37,37.33,6947.0,259440.0
2026-09-02 13:41:00,37.33,37.35,37.35,37.33,15863.0,592240.0
2026-09-02 13:42:00,37.34,37.34,37.35,37.34,5000.0,186736.0
2026-09-02 13:43:00,37.35,37.39,37.39,37.35,5330.0,199152.0
2026-09-02 13:44:00,37.37,37.37,37.37,37.35,12020.0,449072.0
2026-09-02 13:45:00,37.37,37.35,37.37,37.35,6465.0,241520.0
2026-09-02 13:46:00,37.37,37.34,37.37,37.34,670.0,25040.0
2026-09-02 13:47:00,37.34,37.33,37.34,37.33,1645.0,61424.0
2026-09-02 13:48:00,37.33,37.31,37.33,37.31,11362.0,424032.0
2026-09-02 13:49:00,37.3,37.28,37.3,37.26,8321.0,310208.0
2026-09-02 13:50:00,37.28,37.26,37.28,37.26,13706.0,510768.0
2026-09-02 13:51:00,37.26,37.29,37.29,37.26,11046.0,411808.0
2026-09-02 13:52:00,37.29,37.29,37.29,37.27,4049.0,150928.0
2026-09-02 13:53:00,37.28,37.27,37.28,37.27,4173.0,155552.0
2026-09-02 13:54:00,37.26,37.23,37.27,37.23,8332.0,310400.0
2026-09-02 13:55:00,37.23,37.19,37.23,37.19,12859.0,478480.0
2026-09-02 13:56:00,37.18,37.17,37.18,37.17,10677.0,396928.0
2026-09-02 13:57:00,37.15,37.18,37.18,37.15,14606.0,542864.0
2026-09-02 13:58:00,37.18,37.17,37.18,37.17,9358.0,347872.0
2026-09-02 13:59:00,37.18,37.18,37.19,37.18,7879.0,292896.0
2026-09-02 14:00:00,37.18,37.15,37.18,37.15,7325.0,216592.0
2026-09-02 14:01:00,37.17,37.27,37.28,37.17,9289.0,345648.0
2026-09-02 14:02:00,37.2,37.2,37.2,37.2,2722.0,101264.0
2026-09-02 14:03:00,37.24,37.26,37.26,37.22,8555.0,318720.0
2026-09-02 14:04:00,37.26,37.25,37.26,37.23,3303.0,123024.0
2026-09-02 14:05:00,37.25,37.24,37.25,37.24,2372.0,88352.0
2026-09-02 14:06:00,37.2,37.2,37.2,37.2,4950.0,184176.0
2026-09-02 14:07:00,37.2,37.2,37.2,37.2,2300.0,85568.0
2026-09-02 14:08:00,37.23,37.25,37.25,37.23,9217.0,343280.0
2026-09-02 14:09:00,37.25,37.26,37.26,37.25,73000.0,2719920.0
2026-09-02 14:10:00,37.28,37.3,37.3,37.26,39490.0,1472112.0
2026-09-02 14:11:00,37.3,37.3,37.32,37.3,13504.0,503776.0
2026-09-02 14:12:00,37.28,37.28,37.28,37.28,3000.0,111840.0
2026-09-02 14:13:00,37.28,37.26,37.28,37.26,7143.0,266272.0
2026-09-02 14:14:00,37.26,37.28,37.28,37.26,2827.0,105344.0
2026-09-02 14:15:00,37.29,37.3,37.3,37.29,41396.0,1543936.0
2026-09-02 14:16:00,37.3,37.28,37.3,37.28,12287.0,458256.0
2026-09-02 14:17:00,37.21,37.2,37.21,37.2,2019.0,75136.0
2026-09-02 14:18:00,37.2,37.16,37.2,37.16,10101.0,375536.0
2026-09-02 14:19:00,37.16,37.15,37.16,37.15,6002.0,223008.0
2026-09-02 14:20:00,37.15,37.15,37.16,37.15,4757.0,169280.0
2026-09-02 14:21:00,37.14,37.15,37.15,37.14,5523.0,205184.0
2026-09-02 14:22:00,37.15,37.15,37.15,37.14,5514.0,204832.0
2026-09-02 14:23:00,37.14,37.13,37.14,37.12,4912.0,182368.0
2026-09-02 14:24:00,37.13,37.12,37.13,37.11,6214.0,230672.0
2026-09-02 14:25:00,37.12,37.1,37.12,37.1,2863.0,106224.0
2026-09-02 14:26:00,37.11,37.06,37.11,37.06,17053.0,632224.0
2026-09-02 14:27:00,37.05,37.06,37.06,37.05,19463.0,721152.0
2026-09-02 14:28:00,37.06,37.06,37.08,37.05,11039.0,409152.0
2026-09-02 14:29:00,37.06,37.05,37.06,37.01,33211.0,1229872.0
2026-09-02 14:30:00,37.06,37.0,37.06,37.0,16526.0,612048.0
2026-09-02 14:31:00,37.02,37.0,37.02,37.0,25790.0,954672.0
2026-09-02 14:32:00,37.0,36.93,37.0,36.93,22465.0,830384.0
2026-09-02 14:33:00,36.98,36.95,36.98,36.94,9199.0,339984.0
2026-09-02 14:34:00,36.99,36.94,36.99,36.94,11942.0,441280.0
2026-09-02 14:35:00,36.93,36.98,36.99,36.93,15426.0,569840.0
2026-09-02 14:36:00,36.98,36.95,36.98,36.95,3400.0,125648.0
2026-09-02 14:37:00,36.95,36.92,36.95,36.92,9412.0,347552.0
2026-09-02 14:38:00,36.91,36.91,36.93,36.91,8854.0,326864.0
2026-09-02 14:39:00,36.9,36.91,36.91,36.9,9146.0,337488.0
2026-09-02 14:40:00,36.91,36.87,36.91,36.87,15576.0,567248.0
2026-09-02 14:41:00,36.88,36.88,36.88,36.85,5811.0,214256.0
2026-09-02 14:42:00,36.9,36.88,36.9,36.88,9160.0,337840.0
2026-09-02 14:43:00,36.89,36.88,36.89,36.87,4979.0,183584.0
2026-09-02 14:44:00,36.89,36.86,36.9,36.86,17913.0,660528.0
2026-09-02 14:45:00,36.86,36.9,36.9,36.86,10155.0,374432.0
2026-09-02 14:46:00,36.9,36.9,36.9,36.87,4081.0,150592.0
2026-09-02 14:47:00,36.9,36.91,36.92,36.9,28297.0,1044368.0
2026-09-02 14:48:00,36.92,36.91,36.93,36.91,4092.0,151088.0
2026-09-02 14:49:00,36.91,36.95,36.95,36.91,5220.0,192720.0
2026-09-02 14:50:00,36.94,36.89,36.94,36.89,22105.0,815904.0
2026-09-02 14:51:00,36.9,36.88,36.9,36.88,12718.0,469120.0
2026-09-02 14:52:00,36.88,36.88,36.89,36.88,8919.0,328976.0
2026-09-02 14:53:00,36.89,36.89,36.9,36.89,11847.0,437088.0
2026-09-02 14:54:00,36.89,36.86,36.89,36.86,25343.0,934576.0
2026-09-02 14:55:00,36.86,36.82,36.86,36.82,18310.0,674800.0
2026-09-02 14:56:00,36.85,36.86,36.86,36.81,51705.0,1903984.0
2026-09-02 14:57:00,36.82,36.86,36.86,36.81,29938.0,1102784.0
2026-09-02 15:00:00,36.86,36.78,36.86,36.78,118775.0,4368544.0
2026-09-03 09:31:00,36.33,36.5,36.8,36.33,159494.0,5805219.0
2026-09-03 09:32:00,36.51,36.5,36.53,36.5,134715.0,4917585.0
2026-09-03 09:33:00,36.5,36.5,36.53,36.42,78058.0,2847807.0
2026-09-03 09:34:00,36.5,36.6,36.65,36.5,27729.0,1013517.0
2026-09-03 09:35:00,36.6,36.5,36.64,36.49,91112.0,3332850.0
2026-09-03 09:36:00,36.5,36.3,36.5,36.3,82462.0,2999754.0
2026-09-03 09:37:00,36.31,36.2,36.37,36.18,156709.0,5684372.0
2026-09-03 09:38:00,36.18,36.17,36.2,36.17,97751.0,3537292.0
2026-09-03 09:39:00,36.16,36.11,36.16,36.11,56410.0,2038436.0
2026-09-03 09:40:00,36.11,36.08,36.11,36.05,88920.0,3208168.0
2026-09-03 09:41:00,36.08,36.12,36.26,36.05,67533.0,2437120.0
2026-09-03 09:42:00,36.28,36.37,36.45,36.13,36844.0,1336140.0
2026-09-03 09:43:00,36.35,36.16,36.35,36.16,25645.0,928408.0
2026-09-03 09:44:00,36.17,36.18,36.18,36.16,14836.0,536632.0
2026-09-03 09:45:00,36.16,36.07,36.2,36.07,42942.0,1550768.0
2026-09-03 09:46:00,36.1,36.2,36.2,36.08,25322.0,914328.0
2026-09-03 09:47:00,36.13,36.19,36.25,36.13,18472.0,668956.0
2026-09-03 09:48:00,36.16,36.12,36.19,36.1,13934.0,503604.0
2026-09-03 09:49:00,36.13,36.09,36.2,36.07,52092.0,1546440.0
2026-09-03 09:50:00,36.08,36.26,36.26,36.08,27469.0,993572.0
2026-09-03 09:51:00,36.18,36.32,36.33,36.18,34089.0,1237792.0
2026-09-03 09:52:00,36.2,36.16,36.32,36.16,30739.0,1115464.0
2026-09-03 09:53:00,36.35,36.26,36.35,36.12,33056.0,1198136.0
2026-09-03 09:54:00,36.13,36.1,36.13,36.09,22996.0,830296.0
2026-09-03 09:55:00,36.13,36.09,36.13,36.09,28429.0,1026244.0
2026-09-03 09:56:00,36.09,36.37,36.37,36.09,72260.0,2619420.0
2026-09-03 09:57:00,36.36,36.39,36.39,36.24,43650.0,1587592.0
2026-09-03 09:58:00,36.34,36.5,36.5,36.34,35573.0,1295220.0
2026-09-03 09:59:00,36.4,36.53,36.54,36.4,36558.0,1335296.0
2026-09-03 10:00:00,36.53,36.38,36.53,36.38,8543.0,311680.0
2026-09-03 10:01:00,36.46,36.52,36.55,36.38,26134.0,953616.0
2026-09-03 10:02:00,36.52,36.4,36.52,36.4,25767.0,940404.0
2026-09-03 10:03:00,36.48,36.52,36.52,36.4,13895.0,507040.0
2026-09-03 10:04:00,36.52,36.42,36.52,36.42,11081.0,404568.0
2026-09-03 10:05:00,36.4,36.37,36.4,36.37,5948.0,216396.0
2026-09-03 10:06:00,36.38,36.5,36.5,36.38,7814.0,284868.0
2026-09-03 10:07:00,36.42,36.4,36.42,36.4,8575.0,312220.0
2026-09-03 10:08:00,36.4,36.5,36.5,36.4,8282.0,302036.0
2026-09-03 10:09:00,36.5,36.51,36.51,36.5,19783.0,722096.0
2026-09-03 10:10:00,36.5,36.5,36.5,36.4,20377.0,743744.0
2026-09-03 10:11:00,36.5,36.48,36.5,36.48,9478.0,345904.0
2026-09-03 10:12:00,36.41,36.4,36.41,36.38,10574.0,384916.0
2026-09-03 10:13:00,36.49,36.41,36.49,36.41,700.0,25532.0
2026-09-03 10:14:00,36.4,36.33,36.4,36.33,11773.0,427968.0
2026-09-03 10:15:00,36.33,36.25,36.33,36.25,12380.0,449556.0
2026-09-03 10:16:00,36.2,36.45,36.45,36.2,26483.0,962228.0
2026-09-03 10:17:00,36.4,36.43,36.43,36.4,3915.0,142512.0
2026-09-03 10:18:00,36.4,36.54,36.54,36.4,21777.0,794784.0
2026-09-03 10:19:00,36.54,36.79,36.9,36.54,117687.0,4167192.0
2026-09-03 10:20:00,36.84,36.66,36.84,36.66,36776.0,1353352.0
2026-09-03 10:21:00,36.8,36.82,36.82,36.8,40890.0,1505016.0
2026-09-03 10:22:00,36.82,36.8,36.83,36.8,15520.0,571328.0
2026-09-03 10:23:00,36.8,36.72,36.8,36.72,5664.0,208376.0
2026-09-03 10:24:00,36.76,36.77,36.78,36.72,1200.0,44112.0
2026-09-03 10:25:00,36.73,36.8,36.8,36.73,9596.0,353072.0
2026-09-03 10:26:00,36.8,36.72,36.8,36.72,7479.0,275072.0
2026-09-03 10:27:00,36.7,36.68,36.7,36.68,6200.0,227456.0
2026-09-03 10:28:00,36.68,36.68,36.7,36.68,2782.0,102072.0
2026-09-03 10:29:00,36.67,36.6,36.67,36.6,13989.0,512824.0
2026-09-03 10:30:00,36.6,36.7,36.7,36.5,18567.0,679864.0
2026-09-03 10:31:00,36.7,36.78,36.78,36.7,21038.0,773280.0
2026-09-03 10:32:00,36.78,36.78,36.78,36.78,10000.0,367800.0
2026-09-03 10:33:00,36.71,36.7,36.71,36.7,1208.0,44336.0
2026-09-03 10:34:00,36.65,36.77,36.78,36.65,11799.0,432216.0
2026-09-03 10:35:00,36.77,36.81,36.81,36.77,20775.0,764408.0
2026-09-03 10:36:00,36.82,37.15,37.15,36.82,87980.0,3250504.0
2026-09-03 10:37:00,37.19,37.12,37.19,37.09,27577.0,1024616.0
2026-09-03 10:38:00,37.12,37.13,37.14,37.12,53673.0,1993008.0
2026-09-03 10:39:00,37.13,37.11,37.13,37.1,14535.0,535656.0
2026-09-03 10:40:00,37.11,37.15,37.19,37.11,40491.0,1504296.0
2026-09-03 10:41:00,37.16,37.29,37.29,37.15,54004.0,2010088.0
2026-09-03 10:42:00,37.27,37.21,37.35,37.2,39701.0,1479448.0
2026-09-03 10:43:00,37.21,37.26,37.26,37.2,26886.0,1000816.0
2026-09-03 10:44:00,37.25,37.3,37.3,37.21,27829.0,1036952.0
2026-09-03 10:45:00,37.3,37.15,37.3,37.15,23198.0,864024.0
2026-09-03 10:46:00,37.15,37.16,37.17,37.12,8740.0,324624.0
2026-09-03 10:47:00,37.16,37.1,37.16,37.08,19814.0,735744.0
2026-09-03 10:48:00,37.11,37.05,37.11,37.05,7083.0,262736.0
2026-09-03 10:49:00,37.05,37.09,37.09,37.05,6864.0,237248.0
2026-09-03 10:50:00,37.07,37.09,37.09,37.06,8163.0,302536.0
2026-09-03 10:51:00,37.06,37.05,37.09,37.05,13367.0,495656.0
2026-09-03 10:52:00,37.05,37.02,37.05,37.02,10654.0,394456.0
2026-09-03 10:53:00,37.0,36.99,37.0,36.95,13099.0,484448.0
2026-09-03 10:54:00,36.99,37.0,37.0,36.96,4555.0,168488.0
2026-09-03 10:55:00,37.0,37.0,37.0,37.0,7951.0,294192.0
2026-09-03 10:56:00,36.95,37.05,37.05,36.95,11509.0,425456.0
2026-09-03 10:57:00,37.05,36.95,37.05,36.95,36194.0,1338392.0
2026-09-03 10:58:00,36.9,36.85,36.9,36.85,18892.0,696296.0
2026-09-03 10:59:00,36.85,36.89,36.89,36.85,6351.0,234064.0
2026-09-03 11:00:00,36.89,36.87,36.89,36.87,1548.0,57088.0
2026-09-03 11:01:00,36.93,37.08,37.08,36.93,55457.0,2052232.0
2026-09-03 11:02:00,37.07,37.07,37.07,37.07,1000.0,37072.0
2026-09-03 11:03:00,37.0,36.97,37.0,36.97,1000.0,36984.0
2026-09-03 11:04:00,36.96,36.93,36.96,36.93,13967.0,515872.0
2026-09-03 11:05:00,36.85,36.96,36.97,36.85,27232.0,1006736.0
2026-09-03 11:06:00,37.01,37.02,37.02,37.01,1382.0,51152.0
2026-09-03 11:07:00,37.05,37.07,37.07,37.05,3317.0,122912.0
2026-09-03 11:08:00,37.0,36.97,37.0,36.97,10361.0,383472.0
2026-09-03 11:09:00,36.96,36.91,36.96,36.91,3532.0,130464.0
2026-09-03 11:10:00,36.92,36.9,36.92,36.9,5500.0,203024.0
2026-09-03 11:11:00,36.88,36.94,36.94,36.88,342.0,12624.0
2026-09-03 11:12:00,36.94,36.94,36.94,36.94,2095.0,77392.0
2026-09-03 11:13:00,36.94,36.88,36.95,36.88,6717.0,247936.0
2026-09-03 11:14:00,36.86,36.86,36.86,36.86,2833.0,104432.0
2026-09-03 11:15:00,36.86,37.11,37.11,36.86,16138.0,596616.0
2026-09-03 11:16:00,37.16,37.09,37.16,37.09,27516.0,1021192.0
2026-09-03 11:17:00,37.1,37.17,37.18,37.09,17417.0,646816.0
2026-09-03 11:18:00,37.17,37.15,37.17,37.15,2577.0,95744.0
2026-09-03 11:19:00,37.02,37.03,37.03,37.02,700.0,25920.0
2026-09-03 11:21:00,37.03,37.02,37.03,37.02,1700.0,62944.0
2026-09-03 11:22:00,37.07,37.15,37.15,37.07,14001.0,519584.0
2026-09-03 11:23:00,37.16,37.22,37.22,37.15,35100.0,1305672.0
2026-09-03 11:24:00,37.22,37.32,37.32,37.22,34219.0,1275968.0
2026-09-03 11:25:00,37.31,37.36,37.4,37.31,27730.0,1035968.0
2026-09-03 11:26:00,37.32,37.42,37.42,37.21,32802.0,1225496.0
2026-09-03 11:27:00,37.47,37.64,37.64,37.47,99539.0,3737216.0
2026-09-03 11:28:00,37.65,37.52,37.65,37.48,24476.0,920440.0
2026-09-03 11:29:00,37.52,37.47,37.52,37.47,54927.0,1915304.0
2026-09-03 11:30:00,37.47,37.43,37.47,37.42,18656.0,698224.0
2026-09-03 13:01:00,37.51,37.5,37.51,37.45,23335.0,875232.0
2026-09-03 13:02:00,37.59,37.67,37.72,37.59,76199.0,2867560.0
2026-09-03 13:03:00,37.74,37.82,37.82,37.74,88058.0,3325400.0
2026-09-03 13:04:00,37.8,37.75,37.8,37.74,48013.0,1813944.0
2026-09-03 13:05:00,37.75,37.73,37.75,37.7,25425.0,959160.0
2026-09-03 13:06:00,37.73,37.96,37.96,37.71,83783.0,3173040.0
2026-09-03 13:07:00,38.0,37.95,38.01,37.95,97743.0,3713568.0
2026-09-03 13:08:00,37.85,37.79,37.9,37.79,32513.0,1230816.0
2026-09-03 13:09:00,37.75,37.97,37.97,37.75,40072.0,1388480.0
2026-09-03 13:10:00,38.0,38.19,38.19,38.0,88163.0,3359968.0
2026-09-03 13:11:00,38.18,38.3,38.3,38.11,121014.0,4627328.0
2026-09-03 13:12:00,38.28,38.2,38.28,38.19,69462.0,2657184.0
2026-09-03 13:13:00,38.11,38.17,38.19,38.1,26129.0,996288.0
2026-09-03 13:14:00,38.19,38.1,38.2,38.1,42974.0,1640320.0
2026-09-03 13:15:00,38.1,38.0,38.1,38.0,25648.0,975744.0
2026-09-03 13:16:00,37.99,37.9,37.99,37.75,16217.0,614496.0
2026-09-03 13:17:00,37.82,37.75,37.82,37.75,25151.0,950640.0
2026-09-03 13:18:00,37.75,37.77,37.8,37.75,34538.0,1304976.0
2026-09-03 13:19:00,37.77,37.8,37.8,37.76,13205.0,498816.0
2026-09-03 13:20:00,37.8,37.85,37.85,37.8,24440.0,924448.0
2026-09-03 13:21:00,37.89,37.77,37.94,37.77,39394.0,1491424.0
2026-09-03 13:22:00,37.77,37.75,37.77,37.68,73476.0,2770896.0
2026-09-03 13:23:00,37.71,37.68,37.71,37.67,21283.0,802112.0
2026-09-03 13:24:00,37.67,37.65,37.67,37.65,23349.0,879296.0
2026-09-03 13:25:00,37.64,37.61,37.64,37.61,26524.0,998080.0
2026-09-03 13:26:00,37.6,37.6,37.61,37.59,19754.0,742736.0
2026-09-03 13:27:00,37.61,37.62,37.62,37.6,6640.0,249712.0
2026-09-03 13:28:00,37.62,37.61,37.64,37.61,10246.0,385456.0
2026-09-03 13:29:00,37.61,37.6,37.62,37.6,19035.0,678224.0
2026-09-03 13:30:00,37.6,37.55,37.6,37.55,9155.0,344048.0
2026-09-03 13:31:00,37.53,37.53,37.55,37.53,13421.0,503824.0
2026-09-03 13:32:00,37.53,37.59,37.59,37.52,25540.0,958672.0
2026-09-03 13:33:00,37.55,37.62,37.62,37.55,11656.0,438032.0
2026-09-03 13:34:00,37.65,37.67,37.72,37.65,3523.0,132704.0
2026-09-03 13:35:00,37.67,37.89,37.91,37.67,18366.0,695568.0
2026-09-03 13:36:00,37.89,37.73,37.89,37.73,16504.0,624368.0
2026-09-03 13:37:00,37.78,37.75,37.78,37.73,2779.0,104896.0
2026-09-03 13:38:00,37.7,37.67,37.7,37.67,4415.0,166368.0
2026-09-03 13:39:00,37.67,37.7,37.7,37.67,5266.0,164976.0
2026-09-03 13:40:00,37.67,37.68,37.68,37.67,1760.0,66304.0
2026-09-03 13:41:00,37.68,37.68,37.68,37.67,3787.0,142672.0
2026-09-03 13:42:00,37.7,37.8,37.8,37.7,7420.0,280096.0
2026-09-03 13:43:00,37.8,37.88,37.88,37.8,14500.0,548736.0
2026-09-03 13:44:00,37.85,37.81,37.89,37.81,21372.0,809360.0
2026-09-03 13:45:00,37.86,37.8,37.86,37.8,11335.0,428656.0
2026-09-03 13:46:00,37.8,37.77,37.8,37.72,11991.0,453120.0
2026-09-03 13:47:00,37.7,37.71,37.71,37.7,7651.0,288448.0
2026-09-03 13:48:00,37.66,37.66,37.67,37.66,4195.0,158032.0
2026-09-03 13:49:00,37.65,37.71,37.71,37.65,12416.0,458096.0
2026-09-03 13:50:00,37.66,37.7,37.7,37.66,4622.0,174144.0
2026-09-03 13:51:00,37.67,37.67,37.71,37.67,2365.0,89136.0
2026-09-03 13:52:00,37.63,37.64,37.64,37.63,10055.0,378592.0
2026-09-03 13:53:00,37.64,37.64,37.64,37.62,12140.0,456896.0
2026-09-03 13:54:00,37.68,37.68,37.68,37.68,982.0,37008.0
2026-09-03 13:55:00,37.65,37.8,37.8,37.65,12281.0,463568.0
2026-09-03 13:56:00,37.71,37.7,37.83,37.7,2764.0,104480.0
2026-09-03 13:57:00,37.83,37.8,37.83,37.8,2846.0,107616.0
2026-09-03 13:58:00,37.75,37.76,37.78,37.75,9674.0,365312.0
2026-09-03 13:59:00,37.76,37.77,37.79,37.74,2411.0,91072.0
2026-09-03 14:00:00,37.77,37.75,37.77,37.73,3821.0,144304.0
2026-09-03 14:01:00,37.7,37.65,37.7,37.65,14471.0,545520.0
2026-09-03 14:02:00,37.66,37.74,37.74,37.66,3360.0,126656.0
2026-09-03 14:03:00,37.73,37.77,37.77,37.73,12566.0,474176.0
2026-09-03 14:04:00,37.8,37.83,37.85,37.8,13227.0,500304.0
2026-09-03 14:05:00,37.83,37.89,37.89,37.82,18802.0,711840.0
2026-09-03 14:06:00,37.9,37.91,37.92,37.89,26204.0,993072.0
2026-09-03 14:07:00,37.91,37.9,37.91,37.9,12609.0,477984.0
2026-09-03 14:08:00,37.87,37.82,37.87,37.82,11415.0,432176.0
2026-09-03 14:09:00,37.82,37.82,37.85,37.78,3759.0,142176.0
2026-09-03 14:10:00,37.83,37.8,37.84,37.8,6801.0,257264.0
2026-09-03 14:11:00,37.78,37.7,37.79,37.7,13994.0,528016.0
2026-09-03 14:12:00,37.65,37.78,37.78,37.65,4997.0,188560.0
2026-09-03 14:13:00,37.76,37.76,37.76,37.76,715.0,27008.0
2026-09-03 14:14:00,37.69,37.66,37.69,37.66,3724.0,140272.0
2026-09-03 14:15:00,37.67,37.68,37.68,37.65,10634.0,400480.0
2026-09-03 14:16:00,37.68,37.69,37.69,37.67,8496.0,320144.0
2026-09-03 14:17:00,37.74,37.77,37.77,37.74,2151.0,81184.0
2026-09-03 14:18:00,37.75,37.7,37.75,37.7,8335.0,314544.0
2026-09-03 14:19:00,37.7,37.7,37.74,37.69,6000.0,226192.0
2026-09-03 14:20:00,37.7,37.68,37.7,37.67,8665.0,326528.0
2026-09-03 14:21:00,37.68,37.67,37.7,37.67,4269.0,160848.0
2026-09-03 14:22:00,37.67,37.67,37.67,37.67,1200.0,45200.0
2026-09-03 14:23:00,37.67,37.67,37.68,37.67,5132.0,193344.0
2026-09-03 14:24:00,37.66,37.64,37.67,37.64,7222.0,271920.0
2026-09-03 14:25:00,37.64,37.63,37.67,37.63,5093.0,191664.0
2026-09-03 14:26:00,37.61,37.61,37.62,37.61,10942.0,411568.0
2026-09-03 14:27:00,37.61,37.58,37.61,37.58,8993.0,338080.0
2026-09-03 14:28:00,37.54,37.54,37.54,37.54,2300.0,86384.0
2026-09-03 14:29:00,37.59,37.6,37.6,37.59,6700.0,251856.0
2026-09-03 14:30:00,37.6,37.61,37.61,37.6,1797.0,67584.0
2026-09-03 14:31:00,37.62,37.65,37.65,37.62,773.0,29088.0
2026-09-03 14:32:00,37.69,37.69,37.7,37.69,8392.0,316288.0
2026-09-03 14:33:00,37.69,37.67,37.69,37.67,6455.0,243184.0
2026-09-03 14:34:00,37.67,37.6,37.67,37.6,7928.0,298400.0
2026-09-03 14:35:00,37.59,37.58,37.59,37.56,3862.0,145120.0
2026-09-03 14:36:00,37.58,37.56,37.58,37.56,9784.0,367584.0
2026-09-03 14:37:00,37.57,37.57,37.57,37.57,3111.0,116880.0
2026-09-03 14:38:00,37.57,37.57,37.57,37.57,7200.0,270640.0
2026-09-03 14:39:00,37.59,37.6,37.6,37.57,8672.0,325872.0
2026-09-03 14:40:00,37.6,37.6,37.6,37.6,6509.0,244736.0
2026-09-03 14:41:00,37.57,37.57,37.6,37.57,6407.0,240784.0
2026-09-03 14:42:00,37.56,37.52,37.56,37.52,33554.0,1259456.0
2026-09-03 14:43:00,37.51,37.46,37.52,37.46,20076.0,752896.0
2026-09-03 14:44:00,37.45,37.39,37.45,37.38,16778.0,627568.0
2026-09-03 14:45:00,37.39,37.41,37.42,37.39,8228.0,307776.0
2026-09-03 14:46:00,37.41,37.44,37.44,37.4,10895.0,407664.0
2026-09-03 14:47:00,37.42,37.45,37.45,37.42,6105.0,228544.0
2026-09-03 14:48:00,37.44,37.44,37.46,37.44,8166.0,305792.0
2026-09-03 14:49:00,37.45,37.43,37.45,37.42,11618.0,434928.0
2026-09-03 14:50:00,37.43,37.43,37.43,37.42,11982.0,448464.0
2026-09-03 14:51:00,37.44,37.4,37.44,37.4,9303.0,348048.0
2026-09-03 14:52:00,37.39,37.41,37.44,37.39,8129.0,304240.0
2026-09-03 14:53:00,37.41,37.46,37.46,37.41,16382.0,613392.0
2026-09-03 14:54:00,37.45,37.5,37.57,37.45,16625.0,623344.0
2026-09-03 14:55:00,37.61,37.51,37.61,37.49,27489.0,1032576.0
2026-09-03 14:56:00,37.5,37.53,37.54,37.5,18193.0,682608.0
2026-09-03 14:57:00,37.53,37.5,37.54,37.46,47313.0,1774560.0
2026-09-03 14:58:00,37.49,37.49,37.49,37.49,2700.0,101264.0
2026-09-03 15:00:00,37.54,37.54,37.54,37.54,48123.0,1806544.0
2026-09-04 09:31:00,37.43,37.56,37.56,37.43,76498.0,2866975.0
2026-09-04 09:32:00,37.57,37.33,37.57,37.33,81765.0,3060858.0
2026-09-04 09:33:00,37.33,37.42,37.42,37.31,54207.0,2025417.0
2026-09-04 09:34:00,37.4,37.37,37.47,37.37,22048.0,825060.0
2026-09-04 09:35:00,37.38,37.37,37.47,37.37,27815.0,1040048.0
2026-09-04 09:36:00,37.38,37.52,37.52,37.38,21415.0,802051.0
2026-09-04 09:37:00,37.57,37.53,37.67,37.53,43894.0,1649974.0
2026-09-04 09:38:00,37.53,37.5,37.53,37.45,53174.0,1993987.0
2026-09-04 09:39:00,37.48,37.45,37.48,37.43,24592.0,921109.0
2026-09-04 09:40:00,37.45,37.37,37.45,37.37,30316.0,1134199.0
2026-09-04 09:41:00,37.39,37.32,37.4,37.32,46518.0,1737842.0
2026-09-04 09:42:00,37.31,37.13,37.31,37.13,65106.0,2421410.0
2026-09-04 09:43:00,37.15,37.13,37.15,37.02,78203.0,2900158.0
2026-09-04 09:44:00,37.08,37.06,37.09,37.06,34447.0,1277416.0
2026-09-04 09:45:00,37.07,37.03,37.07,37.02,47744.0,1768204.0
2026-09-04 09:46:00,37.06,37.03,37.06,37.03,64163.0,2376080.0
2026-09-04 09:47:00,37.03,37.08,37.11,37.03,20176.0,747724.0
2026-09-04 09:48:00,37.08,37.02,37.08,37.02,55470.0,2055058.0
2026-09-04 09:49:00,37.01,36.9,37.01,36.88,82669.0,3055450.0
2026-09-04 09:50:00,36.9,36.93,36.95,36.9,28036.0,1034996.0
2026-09-04 09:51:00,36.99,36.95,37.05,36.95,37172.0,1375912.0
2026-09-04 09:52:00,36.95,36.96,37.0,36.93,24373.0,900596.0
2026-09-04 09:53:00,36.96,36.97,37.0,36.96,10577.0,391048.0
2026-09-04 09:54:00,36.97,36.99,36.99,36.95,38539.0,1424252.0
2026-09-04 09:55:00,36.95,36.94,36.96,36.92,39624.0,1463808.0
2026-09-04 09:56:00,36.92,36.9,36.92,36.88,48073.0,1773796.0
2026-09-04 09:57:00,36.91,36.93,36.93,36.9,8338.0,307796.0
2026-09-04 09:58:00,36.94,36.96,36.96,36.94,12850.0,463696.0
2026-09-04 09:59:00,36.96,36.96,37.0,36.96,26012.0,961984.0
2026-09-04 10:00:00,36.95,37.07,37.07,36.95,10915.0,404152.0
2026-09-04 10:01:00,37.11,37.06,37.11,37.05,6132.0,227424.0
2026-09-04 10:02:00,37.1,37.11,37.13,37.1,10200.0,378548.0
2026-09-04 10:03:00,37.11,37.08,37.12,37.08,11790.0,437372.0
2026-09-04 10:04:00,37.07,37.0,37.08,37.0,24630.0,912388.0
2026-09-04 10:05:00,37.09,37.02,37.09,37.02,15884.0,588176.0
2026-09-04 10:06:00,37.11,37.15,37.15,37.11,9733.0,361504.0
2026-09-04 10:07:00,37.16,37.19,37.19,37.15,13870.0,515528.0
2026-09-04 10:08:00,37.18,37.13,37.19,37.13,16469.0,608468.0
2026-09-04 10:09:00,37.1,37.06,37.1,37.06,9832.0,364620.0
2026-09-04 10:10:00,37.1,37.13,37.13,37.1,24771.0,918956.0
2026-09-04 10:11:00,37.15,37.13,37.15,37.13,10335.0,383760.0
2026-09-04 10:12:00,37.13,37.1,37.13,37.1,8239.0,305800.0
2026-09-04 10:13:00,37.13,37.16,37.16,37.13,11964.0,444484.0
2026-09-04 10:14:00,37.17,37.19,37.2,37.17,4703.0,174900.0
2026-09-04 10:15:00,37.22,37.3,37.31,37.22,13671.0,508996.0
2026-09-04 10:16:00,37.3,37.23,37.3,37.22,17235.0,642188.0
2026-09-04 10:17:00,37.22,37.22,37.26,37.22,7623.0,283792.0
2026-09-04 10:18:00,37.22,37.23,37.26,37.22,9198.0,342464.0
2026-09-04 10:19:00,37.16,37.23,37.24,37.1,16384.0,608580.0
2026-09-04 10:20:00,37.23,37.22,37.23,37.22,400.0,14892.0
2026-09-04 10:21:00,37.18,37.21,37.22,37.18,4358.0,162044.0
2026-09-04 10:22:00,37.23,37.18,37.23,37.16,20072.0,746656.0
2026-09-04 10:23:00,37.17,37.15,37.22,37.15,13657.0,507564.0
2026-09-04 10:24:00,37.16,37.16,37.17,37.16,9213.0,342376.0
2026-09-04 10:25:00,37.15,37.09,37.15,37.09,8063.0,299304.0
2026-09-04 10:26:00,37.1,37.15,37.15,37.1,5011.0,186004.0
2026-09-04 10:27:00,37.15,37.14,37.15,37.14,4500.0,167172.0
2026-09-04 10:28:00,37.14,37.14,37.14,37.14,200.0,7428.0
2026-09-04 10:29:00,37.15,37.15,37.16,37.15,4879.0,181220.0
2026-09-04 10:30:00,37.11,37.02,37.11,37.01,24826.0,920312.0
2026-09-04 10:31:00,37.01,37.09,37.09,37.01,13960.0,516896.0
2026-09-04 10:32:00,37.11,37.1,37.11,37.1,2726.0,101140.0
2026-09-04 10:33:00,37.07,37.07,37.07,37.07,100.0,3708.0
2026-09-04 10:34:00,37.05,37.05,37.05,37.04,11286.0,418144.0
2026-09-04 10:35:00,37.06,37.06,37.06,37.06,969.0,35912.0
2026-09-04 10:36:00,37.06,37.08,37.08,37.06,2546.0,94372.0
2026-09-04 10:37:00,37.08,37.08,37.08,37.07,7070.0,262156.0
2026-09-04 10:38:00,37.05,37.05,37.05,37.04,14885.0,551456.0
2026-09-04 10:39:00,37.02,37.01,37.05,37.01,16362.0,605804.0
2026-09-04 10:40:00,37.0,37.01,37.08,37.0,11779.0,435904.0
2026-09-04 10:41:00,37.02,37.02,37.02,37.01,8402.0,311004.0
2026-09-04 10:42:00,37.02,37.01,37.05,37.01,10162.0,376224.0
2026-09-04 10:43:00,37.03,37.03,37.03,37.03,639.0,23664.0
2026-09-04 10:44:00,37.07,37.07,37.07,37.07,200.0,7412.0
2026-09-04 10:45:00,37.04,37.02,37.04,37.02,15556.0,576024.0
2026-09-04 10:46:00,37.02,37.03,37.03,37.0,13091.0,484552.0
2026-09-04 10:47:00,37.03,37.03,37.03,37.01,5145.0,190484.0
2026-09-04 10:48:00,37.03,37.01,37.03,37.0,5618.0,207892.0
2026-09-04 10:49:00,37.0,36.96,37.01,36.96,16103.0,595780.0
2026-09-04 10:50:00,36.96,36.96,36.96,36.95,11565.0,427432.0
2026-09-04 10:51:00,36.95,36.95,36.99,36.95,10700.0,395668.0
2026-09-04 10:52:00,36.96,36.99,36.99,36.96,6430.0,237844.0
2026-09-04 10:53:00,36.99,36.99,36.99,36.99,763.0,28224.0
2026-09-04 10:54:00,36.97,36.97,36.97,36.97,3544.0,131020.0
2026-09-04 10:55:00,36.97,36.98,36.98,36.96,10137.0,374740.0
2026-09-04 10:56:00,36.98,36.97,36.98,36.97,3361.0,124272.0
2026-09-04 10:57:00,36.97,36.97,36.97,36.97,5148.0,190420.0
2026-09-04 10:58:00,37.0,36.96,37.0,36.96,12787.0,472692.0
2026-09-04 10:59:00,36.96,36.95,36.96,36.95,10469.0,386848.0
2026-09-04 11:00:00,36.94,36.94,36.95,36.94,11222.0,414560.0
2026-09-04 11:01:00,36.93,36.96,36.96,36.93,5850.0,216132.0
2026-09-04 11:02:00,36.95,36.96,36.96,36.95,2793.0,103220.0
2026-09-04 11:03:00,36.98,36.99,36.99,36.98,6105.0,225784.0
2026-09-04 11:04:00,36.99,36.99,36.99,36.99,6044.0,223568.0
2026-09-04 11:05:00,36.99,36.98,36.99,36.98,4351.0,160928.0
2026-09-04 11:06:00,36.97,36.95,36.97,36.95,6609.0,244272.0
2026-09-04 11:07:00,36.95,36.95,36.95,36.95,3287.0,121464.0
2026-09-04 11:08:00,36.95,36.97,36.97,36.95,500.0,18480.0
2026-09-04 11:09:00,36.95,36.95,36.95,36.95,3600.0,133024.0
2026-09-04 11:10:00,36.95,36.95,36.95,36.95,900.0,33256.0
2026-09-04 11:11:00,36.95,36.94,36.97,36.94,8035.0,296864.0
2026-09-04 11:12:00,36.94,36.91,36.96,36.91,20805.0,768112.0
2026-09-04 11:13:00,36.9,36.89,36.91,36.89,23281.0,859088.0
2026-09-04 11:14:00,36.89,36.88,36.9,36.88,19087.0,704120.0
2026-09-04 11:15:00,36.88,36.8,36.88,36.8,44736.0,1648760.0
2026-09-04 11:16:00,36.8,36.84,36.84,36.8,13412.0,493632.0
2026-09-04 11:17:00,36.84,36.86,36.87,36.84,7147.0,263392.0
2026-09-04 11:18:00,36.85,36.84,36.88,36.83,11500.0,423768.0
2026-09-04 11:19:00,36.84,36.83,36.84,36.83,10024.0,369248.0
2026-09-04 11:20:00,36.83,36.82,36.83,36.82,6500.0,239392.0
2026-09-04 11:21:00,36.89,36.89,36.89,36.89,1000.0,36888.0
2026-09-04 11:22:00,36.89,36.87,36.89,36.85,2006.0,73976.0
2026-09-04 11:23:00,36.85,36.83,36.85,36.83,3914.0,144192.0
2026-09-04 11:24:00,36.83,36.83,36.83,36.82,5810.0,213944.0
2026-09-04 11:25:00,36.82,36.8,36.89,36.8,73659.0,2711120.0
2026-09-04 11:26:00,36.8,36.8,36.8,36.8,5536.0,203728.0
2026-09-04 11:27:00,36.88,36.88,36.88,36.82,729.0,26856.0
2026-09-04 11:28:00,36.83,36.87,36.88,36.83,619.0,22808.0
2026-09-04 11:29:00,36.86,36.83,36.86,36.83,3200.0,117888.0
2026-09-04 11:30:00,36.81,36.82,36.82,36.81,1600.0,58904.0
2026-09-04 13:01:00,36.81,36.82,36.83,36.81,30279.0,1114432.0
2026-09-04 13:02:00,36.83,36.83,36.83,36.83,9258.0,340960.0
2026-09-04 13:03:00,36.89,36.89,36.89,36.89,3716.0,137080.0
2026-09-04 13:04:00,36.94,36.94,36.94,36.91,4122.0,152256.0
2026-09-04 13:05:00,36.95,36.96,36.96,36.94,8040.0,297104.0
2026-09-04 13:06:00,36.96,36.95,36.96,36.94,2401.0,88704.0
2026-09-04 13:07:00,36.95,36.91,36.95,36.91,2877.0,106232.0
2026-09-04 13:08:00,36.92,36.92,36.92,36.92,500.0,18456.0
2026-09-04 13:09:00,36.92,36.92,36.96,36.92,6501.0,240152.0
2026-09-04 13:10:00,36.95,36.9,36.95,36.9,15957.0,589248.0
2026-09-04 13:11:00,36.83,36.82,36.84,36.82,9899.0,364632.0
2026-09-04 13:12:00,36.81,36.76,36.82,36.75,12380.0,455392.0
2026-09-04 13:13:00,36.75,36.75,36.75,36.72,18724.0,687992.0
2026-09-04 13:14:00,36.75,36.78,36.78,36.75,6421.0,236072.0
2026-09-04 13:15:00,36.78,36.83,36.83,36.78,4670.0,171784.0
2026-09-04 13:16:00,36.86,36.83,36.86,36.83,5022.0,185088.0
2026-09-04 13:17:00,36.82,36.76,36.82,36.76,7134.0,262320.0
2026-09-04 13:18:00,36.75,36.75,36.75,36.74,8518.0,313000.0
2026-09-04 13:19:00,36.76,36.77,36.83,36.75,5582.0,205336.0
2026-09-04 13:20:00,36.82,36.82,36.82,36.78,3558.0,130920.0
2026-09-04 13:21:00,36.82,36.89,36.89,36.82,6086.0,224144.0
2026-09-04 13:22:00,36.91,36.9,36.91,36.9,3200.0,118080.0
2026-09-04 13:23:00,36.86,36.8,36.86,36.8,4544.0,167336.0
2026-09-04 13:24:00,36.81,36.81,36.81,36.81,845.0,31104.0
2026-09-04 13:25:00,36.83,36.86,36.86,36.83,5491.0,202296.0
2026-09-04 13:26:00,36.84,36.82,36.86,36.82,3452.0,127160.0
2026-09-04 13:27:00,36.81,36.75,36.81,36.75,16398.0,602976.0
2026-09-04 13:28:00,36.73,36.7,36.73,36.7,27625.0,866336.0
2026-09-04 13:29:00,36.69,36.65,36.69,36.63,18204.0,667400.0
2026-09-04 13:30:00,36.67,36.62,36.67,36.62,18879.0,691680.0
2026-09-04 13:31:00,36.63,36.64,36.64,36.61,16461.0,602800.0
2026-09-04 13:32:00,36.64,36.66,36.68,36.64,3340.0,122416.0
2026-09-04 13:33:00,36.66,36.63,36.67,36.62,8516.0,312176.0
2026-09-04 13:34:00,36.62,36.6,36.63,36.6,45461.0,1664192.0
2026-09-04 13:35:00,36.58,36.57,36.58,36.55,18545.0,678256.0
2026-09-04 13:36:00,36.56,36.54,36.56,36.54,12145.0,443840.0
2026-09-04 13:37:00,36.54,36.52,36.54,36.52,20327.0,742472.0
2026-09-04 13:38:00,36.52,36.51,36.55,36.51,14799.0,540456.0
2026-09-04 13:39:00,36.51,36.52,36.52,36.5,22777.0,831616.0
2026-09-04 13:40:00,36.5,36.46,36.53,36.46,14227.0,519344.0
2026-09-04 13:41:00,36.46,36.53,36.53,36.46,12070.0,440264.0
2026-09-04 13:42:00,36.53,36.54,36.55,36.53,2555.0,93352.0
2026-09-04 13:43:00,36.56,36.57,36.58,36.55,6395.0,233840.0
2026-09-04 13:44:00,36.56,36.5,36.56,36.5,19924.0,727832.0
2026-09-04 13:45:00,36.49,36.48,36.49,36.48,7946.0,289896.0
2026-09-04 13:46:00,36.49,36.52,36.52,36.49,7141.0,260664.0
2026-09-04 13:47:00,36.52,36.55,36.55,36.52,12336.0,450568.0
2026-09-04 13:48:00,36.55,36.52,36.55,36.52,1736.0,47056.0
2026-09-04 13:49:00,36.54,36.52,36.54,36.52,8618.0,314792.0
2026-09-04 13:50:00,36.52,36.53,36.54,36.52,2444.0,89280.0
2026-09-04 13:51:00,36.53,36.52,36.53,36.52,7405.0,270464.0
2026-09-04 13:52:00,36.52,36.48,36.52,36.48,11339.0,413936.0
2026-09-04 13:53:00,36.48,36.47,36.48,36.47,13125.0,478728.0
2026-09-04 13:54:00,36.46,36.44,36.46,36.44,8789.0,320360.0
2026-09-04 13:55:00,36.44,36.42,36.44,36.41,15343.0,558984.0
2026-09-04 13:56:00,36.43,36.41,36.43,36.41,11116.0,404784.0
2026-09-04 13:57:00,36.41,36.44,36.44,36.41,7603.0,276840.0
2026-09-04 13:58:00,36.46,36.45,36.46,36.45,11696.0,426392.0
2026-09-04 13:59:00,36.44,36.45,36.45,36.44,3409.0,124232.0
2026-09-04 14:00:00,36.44,36.43,36.44,36.42,21584.0,786416.0
2026-09-04 14:01:00,36.42,36.42,36.43,36.42,5730.0,208704.0
2026-09-04 14:02:00,36.43,36.43,36.43,36.43,2487.0,90600.0
2026-09-04 14:03:00,36.43,36.43,36.43,36.43,8898.0,324104.0
2026-09-04 14:04:00,36.45,36.43,36.45,36.43,3002.0,109360.0
2026-09-04 14:05:00,36.43,36.49,36.49,36.43,7044.0,256936.0
2026-09-04 14:06:00,36.49,36.48,36.5,36.48,3434.0,125312.0
2026-09-04 14:07:00,36.48,36.45,36.48,36.45,1161.0,42336.0
2026-09-04 14:08:00,36.45,36.42,36.45,36.41,14155.0,515688.0
2026-09-04 14:09:00,36.43,36.42,36.43,36.42,20509.0,746856.0
2026-09-04 14:10:00,36.41,36.4,36.42,36.4,13415.0,488336.0
2026-09-04 14:11:00,36.41,36.37,36.41,36.37,8510.0,309600.0
2026-09-04 14:12:00,36.37,36.38,36.38,36.37,15290.0,556088.0
2026-09-04 14:13:00,36.38,36.37,36.38,36.37,5793.0,210752.0
2026-09-04 14:14:00,36.36,36.36,36.36,36.36,11947.0,434552.0
2026-09-04 14:15:00,36.37,36.4,36.4,36.37,2702.0,98320.0
2026-09-04 14:16:00,36.4,36.41,36.41,36.4,1300.0,47320.0
2026-09-04 14:17:00,36.4,36.38,36.4,36.38,3644.0,132616.0
2026-09-04 14:18:00,36.38,36.38,36.38,36.37,6150.0,205512.0
2026-09-04 14:19:00,36.37,36.36,36.37,36.36,12977.0,471864.0
2026-09-04 14:20:00,36.36,36.35,36.37,36.35,9123.0,331728.0
2026-09-04 14:21:00,36.35,36.38,36.38,36.35,7160.0,260344.0
2026-09-04 14:22:00,36.36,36.38,36.38,36.36,1438.0,52304.0
2026-09-04 14:23:00,36.36,36.36,36.38,36.36,13104.0,476504.0
2026-09-04 14:24:00,36.36,36.35,36.36,36.35,4182.0,152032.0
2026-09-04 14:25:00,36.36,36.35,36.36,36.34,7913.0,287600.0
2026-09-04 14:26:00,36.35,36.36,36.36,36.35,8507.0,309280.0
2026-09-04 14:27:00,36.36,36.45,36.45,36.36,6703.0,244008.0
2026-09-04 14:28:00,36.44,36.4,36.45,36.4,4214.0,153528.0
2026-09-04 14:29:00,36.4,36.4,36.44,36.4,9521.0,346752.0
2026-09-04 14:30:00,36.41,36.41,36.41,36.4,3124.0,113720.0
2026-09-04 14:31:00,36.4,36.39,36.41,36.39,11488.0,418160.0
2026-09-04 14:32:00,36.39,36.37,36.39,36.37,13564.0,493384.0
2026-09-04 14:33:00,36.37,36.36,36.38,36.36,11414.0,415144.0
2026-09-04 14:34:00,36.36,36.3,36.36,36.3,18695.0,678992.0
2026-09-04 14:35:00,36.3,36.22,36.31,36.22,19980.0,724304.0
2026-09-04 14:36:00,36.21,36.16,36.22,36.15,26725.0,966960.0
2026-09-04 14:37:00,36.16,36.19,36.2,36.16,6817.0,246560.0
2026-09-04 14:38:00,36.17,36.18,36.18,36.17,16663.0,602824.0
2026-09-04 14:39:00,36.19,36.19,36.2,36.19,23891.0,864744.0
2026-09-04 14:40:00,36.19,36.22,36.22,36.19,16672.0,603592.0
2026-09-04 14:41:00,36.23,36.21,36.23,36.21,18635.0,674944.0
2026-09-04 14:42:00,36.21,36.22,36.22,36.19,30015.0,1086728.0
2026-09-04 14:43:00,36.22,36.21,36.23,36.21,22768.0,824672.0
2026-09-04 14:44:00,36.21,36.17,36.22,36.17,16879.0,611064.0
2026-09-04 14:45:00,36.18,36.18,36.2,36.18,25450.0,920984.0
2026-09-04 14:46:00,36.18,36.19,36.2,36.18,15771.0,570776.0
2026-09-04 14:47:00,36.2,36.17,36.2,36.17,23320.0,843752.0
2026-09-04 14:48:00,36.17,36.16,36.17,36.15,31281.0,1008880.0
2026-09-04 14:49:00,36.16,36.16,36.17,36.16,11860.0,428888.0
2026-09-04 14:50:00,36.17,36.21,36.21,36.17,11051.0,399832.0
2026-09-04 14:51:00,36.21,36.2,36.21,36.2,22491.0,814224.0
2026-09-04 14:52:00,36.21,36.23,36.23,36.21,33473.0,1212104.0
2026-09-04 14:53:00,36.23,36.28,36.28,36.23,18973.0,687744.0
2026-09-04 14:54:00,36.28,36.27,36.38,36.27,14121.0,512680.0
2026-09-04 14:55:00,36.26,36.31,36.31,36.25,13956.0,506416.0
2026-09-04 14:56:00,36.28,36.31,36.31,36.28,7312.0,265464.0
2026-09-04 14:57:00,36.31,36.3,36.33,36.3,23598.0,856952.0
2026-09-04 14:58:00,36.3,36.3,36.3,36.3,5993.0,217536.0
2026-09-04 15:00:00,36.25,36.25,36.25,36.25,54411.0,1972392.0
2026-09-07 09:31:00,36.46,36.27,36.46,36.26,74592.0,2715053.0
2026-09-07 09:32:00,36.25,36.33,36.33,36.25,32122.0,1165672.0
2026-09-07 09:33:00,36.39,36.5,36.54,36.39,15230.0,556390.0
2026-09-07 09:34:00,36.51,36.5,36.55,36.5,16253.0,593508.0
2026-09-07 09:35:00,36.5,36.41,36.5,36.4,17901.0,652249.0
2026-09-07 09:36:00,36.41,36.36,36.43,36.36,17113.0,622577.0
2026-09-07 09:37:00,36.35,36.3,36.35,36.3,28182.0,1023986.0
2026-09-07 09:38:00,36.29,36.26,36.3,36.21,10388.0,376463.0
2026-09-07 09:39:00,36.22,36.28,36.28,36.22,11880.0,430540.0
2026-09-07 09:40:00,36.28,36.28,36.28,36.22,30979.0,1122684.0
2026-09-07 09:41:00,36.22,36.28,36.28,36.22,9965.0,361327.0
2026-09-07 09:42:00,36.28,36.04,36.28,36.04,39463.0,1422459.0
2026-09-07 09:43:00,36.05,36.05,36.05,36.03,40828.0,1471625.0
2026-09-07 09:44:00,36.04,36.01,36.05,36.01,97292.0,3504340.0
2026-09-07 09:45:00,35.99,35.97,35.99,35.96,94430.0,3397523.0
2026-09-07 09:46:00,35.97,35.96,35.97,35.95,75538.0,2716568.0
2026-09-07 09:47:00,35.97,36.06,36.06,35.97,25932.0,933004.0
2026-09-07 09:48:00,36.06,36.0,36.06,35.99,20073.0,722616.0
2026-09-07 09:49:00,35.98,35.96,35.98,35.95,57103.0,2053400.0
2026-09-07 09:50:00,35.96,35.91,35.96,35.91,106061.0,3809512.0
2026-09-07 09:51:00,35.86,35.55,35.86,35.53,102887.0,3667022.0
2026-09-07 09:52:00,35.53,35.41,35.55,35.41,107371.0,3571570.0
2026-09-07 09:53:00,35.39,35.45,35.45,35.39,67746.0,2398200.0
2026-09-07 09:54:00,35.45,35.48,35.48,35.45,65873.0,2336136.0
2026-09-07 09:55:00,35.48,35.36,35.51,35.36,127053.0,4501192.0
2026-09-07 09:56:00,35.33,35.26,35.35,35.26,106561.0,3761376.0
2026-09-07 09:57:00,35.26,35.29,35.29,35.26,45648.0,1609860.0
2026-09-07 09:58:00,35.29,35.26,35.31,35.26,121052.0,4270236.0
2026-09-07 09:59:00,35.18,35.1,35.18,35.1,126598.0,4448572.0
2026-09-07 10:00:00,35.06,34.91,35.06,34.91,173014.0,6055308.0
2026-09-07 10:01:00,34.92,34.95,35.0,34.9,87924.0,3071096.0
2026-09-07 10:02:00,35.0,34.98,35.01,34.98,52233.0,1697120.0
2026-09-07 10:03:00,35.01,35.06,35.06,35.0,27569.0,965912.0
2026-09-07 10:04:00,35.06,35.15,35.17,35.06,25590.0,899232.0
2026-09-07 10:05:00,35.16,35.13,35.17,35.13,32205.0,1132296.0
2026-09-07 10:06:00,35.12,35.14,35.14,35.05,26676.0,936560.0
2026-09-07 10:07:00,35.14,35.14,35.15,35.06,18399.0,645696.0
2026-09-07 10:08:00,35.14,35.12,35.14,35.11,14250.0,500584.0
2026-09-07 10:09:00,35.13,35.1,35.13,35.09,17293.0,607152.0
2026-09-07 10:10:00,35.1,35.01,35.11,35.01,47907.0,1678456.0
2026-09-07 10:11:00,35.0,34.96,35.0,34.96,58119.0,2033456.0
2026-09-07 10:12:00,34.98,35.0,35.01,34.98,28155.0,911856.0
2026-09-07 10:13:00,35.0,35.07,35.07,34.98,28920.0,1012288.0
2026-09-07 10:14:00,35.03,35.1,35.1,35.03,14156.0,496784.0
2026-09-07 10:15:00,35.1,35.14,35.14,35.09,6861.0,240872.0
2026-09-07 10:16:00,35.15,35.22,35.24,35.15,55966.0,1968928.0
2026-09-07 10:17:00,35.24,35.31,35.31,35.24,64541.0,2276720.0
2026-09-07 10:18:00,35.32,35.29,35.32,35.29,29095.0,1027568.0
2026-09-07 10:19:00,35.27,35.24,35.29,35.24,8762.0,308944.0
2026-09-07 10:20:00,35.24,35.13,35.24,35.13,5980.0,210416.0
2026-09-07 10:21:00,35.18,35.15,35.18,35.12,5402.0,189848.0
2026-09-07 10:22:00,35.13,35.08,35.15,35.08,16888.0,586072.0
2026-09-07 10:23:00,35.06,35.03,35.06,35.03,12240.0,428872.0
2026-09-07 10:24:00,35.04,35.02,35.04,35.02,19871.0,695936.0
2026-09-07 10:25:00,35.02,35.04,35.04,35.02,9606.0,336464.0
2026-09-07 10:26:00,35.05,35.06,35.06,35.02,17017.0,595952.0
2026-09-07 10:27:00,35.06,35.06,35.06,35.05,12656.0,443432.0
2026-09-07 10:28:00,35.05,34.97,35.05,34.97,80062.0,2802176.0
2026-09-07 10:29:00,34.96,34.95,34.96,34.95,60129.0,2101672.0
2026-09-07 10:30:00,34.94,34.94,34.96,34.94,26363.0,921368.0
2026-09-07 10:31:00,34.94,34.91,34.95,34.91,66679.0,2329192.0
2026-09-07 10:32:00,34.92,34.92,34.93,34.91,15450.0,496600.0
2026-09-07 10:33:00,34.93,34.93,34.93,34.91,24546.0,857104.0
2026-09-07 10:34:00,34.93,34.92,34.94,34.92,20077.0,701200.0
2026-09-07 10:35:00,34.93,34.94,34.94,34.91,34798.0,1215304.0
2026-09-07 10:36:00,34.94,34.94,34.95,34.94,24621.0,860168.0
2026-09-07 10:37:00,34.92,34.9,34.94,34.9,91437.0,3191816.0
2026-09-07 10:38:00,34.9,34.89,34.9,34.88,64307.0,2243640.0
2026-09-07 10:39:00,34.89,34.9,34.93,34.89,16225.0,566384.0
2026-09-07 10:40:00,34.89,34.91,34.92,34.89,14177.0,494864.0
2026-09-07 10:41:00,34.92,34.94,34.94,34.92,17023.0,594672.0
2026-09-07 10:42:00,34.94,34.97,34.97,34.94,22367.0,781792.0
2026-09-07 10:43:00,34.98,35.0,35.0,34.97,13351.0,467072.0
2026-09-07 10:44:00,34.99,35.01,35.01,34.99,16144.0,565016.0
2026-09-07 10:45:00,35.03,35.02,35.03,35.0,12254.0,429056.0
2026-09-07 10:46:00,35.01,34.99,35.01,34.99,8360.0,292584.0
2026-09-07 10:47:00,34.99,34.99,35.0,34.99,20163.0,705600.0
2026-09-07 10:48:00,35.0,34.96,35.02,34.9,34979.0,1223176.0
2026-09-07 10:49:00,34.9,34.86,34.9,34.86,37245.0,1299336.0
2026-09-07 10:50:00,34.86,34.81,34.86,34.81,32714.0,1139536.0
2026-09-07 10:51:00,34.82,34.73,34.82,34.71,49108.0,1708344.0
2026-09-07 10:52:00,34.75,34.68,34.75,34.68,96662.0,3354128.0
2026-09-07 10:53:00,34.69,34.75,34.75,34.68,30585.0,1060976.0
2026-09-07 10:54:00,34.75,34.77,34.78,34.75,15467.0,537712.0
2026-09-07 10:55:00,34.77,34.78,34.81,34.77,6618.0,230144.0
2026-09-07 10:56:00,34.78,34.71,34.78,34.71,29846.0,1036680.0
2026-09-07 10:57:00,34.71,34.71,34.72,34.69,36107.0,1253224.0
2026-09-07 10:58:00,34.72,34.7,34.75,34.7,26351.0,914728.0
2026-09-07 10:59:00,34.7,34.72,34.74,34.7,15045.0,522152.0
2026-09-07 11:00:00,34.72,34.69,34.72,34.69,11240.0,390120.0
2026-09-07 11:01:00,34.71,34.72,34.72,34.7,9360.0,324832.0
2026-09-07 11:02:00,34.7,34.7,34.7,34.69,6925.0,208232.0
2026-09-07 11:03:00,34.7,34.69,34.71,34.69,18751.0,650608.0
2026-09-07 11:04:00,34.69,34.66,34.7,34.66,55308.0,1918176.0
2026-09-07 11:05:00,34.68,34.69,34.69,34.67,14566.0,505136.0
2026-09-07 11:06:00,34.69,34.68,34.69,34.68,13834.0,479784.0
2026-09-07 11:07:00,34.69,34.68,34.7,34.68,17619.0,611216.0
2026-09-07 11:08:00,34.68,34.68,34.69,34.68,8441.0,292744.0
2026-09-07 11:09:00,34.68,34.67,34.7,34.67,38968.0,1351392.0
2026-09-07 11:10:00,34.66,34.65,34.67,34.65,16400.0,568464.0
2026-09-07 11:11:00,34.65,34.66,34.66,34.65,4487.0,155488.0
2026-09-07 11:12:00,34.66,34.66,34.67,34.66,7043.0,244128.0
2026-09-07 11:13:00,34.67,34.66,34.67,34.65,18588.0,644240.0
2026-09-07 11:14:00,34.65,34.66,34.67,34.65,8194.0,284000.0
2026-09-07 11:15:00,34.66,34.67,34.67,34.66,8274.0,286816.0
2026-09-07 11:16:00,34.66,34.65,34.67,34.65,8850.0,306720.0
2026-09-07 11:17:00,34.64,34.63,34.64,34.62,10986.0,380464.0
2026-09-07 11:18:00,34.62,34.66,34.66,34.62,23557.0,815936.0
2026-09-07 11:19:00,34.66,34.64,34.67,34.64,12629.0,437632.0
2026-09-07 11:20:00,34.65,34.67,34.67,34.65,7283.0,252432.0
2026-09-07 11:21:00,34.66,34.68,34.68,34.66,4835.0,167632.0
2026-09-07 11:22:00,34.68,34.68,34.68,34.68,600.0,20816.0
2026-09-07 11:23:00,34.68,34.69,34.69,34.67,2038.0,70688.0
2026-09-07 11:24:00,34.7,34.72,34.72,34.7,6499.0,225536.0
2026-09-07 11:25:00,34.72,34.71,34.73,34.7,3216.0,111648.0
2026-09-07 11:26:00,34.71,34.73,34.74,34.71,10353.0,359488.0
2026-09-07 11:27:00,34.71,34.76,34.76,34.71,10159.0,353008.0
2026-09-07 11:28:00,34.78,34.78,34.78,34.76,2380.0,82784.0
2026-09-07 11:29:00,34.76,34.76,34.76,34.76,6305.0,219152.0
2026-09-07 11:30:00,34.76,34.76,34.76,34.76,2358.0,81968.0
2026-09-07 13:01:00,34.75,34.73,34.75,34.73,15644.0,543648.0
2026-09-07 13:02:00,34.73,34.72,34.73,34.72,2344.0,59104.0
2026-09-07 13:03:00,34.71,34.71,34.73,34.71,2340.0,81232.0
2026-09-07 13:04:00,34.73,34.71,34.73,34.71,3620.0,125664.0
2026-09-07 13:05:00,34.73,34.73,34.74,34.72,3408.0,118368.0
2026-09-07 13:06:00,34.74,34.77,34.77,34.74,7615.0,264640.0
2026-09-07 13:07:00,34.77,34.8,34.81,34.77,13137.0,456976.0
2026-09-07 13:08:00,34.8,34.79,34.8,34.78,10076.0,350544.0
2026-09-07 13:09:00,34.78,34.79,34.79,34.78,9795.0,340720.0
2026-09-07 13:10:00,34.79,34.81,34.81,34.79,3427.0,119248.0
2026-09-07 13:11:00,34.81,34.77,34.81,34.77,23784.0,827088.0
2026-09-07 13:12:00,34.75,34.76,34.76,34.75,5400.0,177248.0
2026-09-07 13:13:00,34.75,34.73,34.75,34.7,18291.0,635152.0
2026-09-07 13:14:00,34.7,34.64,34.7,34.64,12429.0,430976.0
2026-09-07 13:15:00,34.63,34.63,34.63,34.62,13615.0,471456.0
2026-09-07 13:16:00,34.65,34.63,34.65,34.63,9096.0,315056.0
2026-09-07 13:17:00,34.6,34.59,34.6,34.58,41007.0,1419008.0
2026-09-07 13:18:00,34.59,34.53,34.59,34.53,17827.0,616048.0
2026-09-07 13:19:00,34.54,34.56,34.56,34.54,16124.0,557088.0
2026-09-07 13:20:00,34.55,34.52,34.55,34.52,17201.0,593968.0
2026-09-07 13:21:00,34.52,34.52,34.53,34.5,48680.0,1679968.0
2026-09-07 13:22:00,34.52,34.56,34.56,34.51,14082.0,422208.0
2026-09-07 13:23:00,34.56,34.64,34.64,34.56,7267.0,251360.0
2026-09-07 13:24:00,34.6,34.61,34.62,34.6,13020.0,450608.0
2026-09-07 13:25:00,34.6,34.54,34.6,34.54,23375.0,808032.0
2026-09-07 13:26:00,34.53,34.54,34.54,34.52,19191.0,662640.0
2026-09-07 13:27:00,34.52,34.53,34.54,34.52,16660.0,575328.0
2026-09-07 13:28:00,34.53,34.54,34.54,34.53,40666.0,1403952.0
2026-09-07 13:29:00,34.53,34.52,34.53,34.51,20507.0,707808.0
2026-09-07 13:30:00,34.52,34.5,34.52,34.5,25500.0,880016.0
2026-09-07 13:31:00,34.5,34.5,34.5,34.49,44942.0,1550352.0
2026-09-07 13:32:00,34.5,34.59,34.59,34.5,21390.0,738480.0
2026-09-07 13:33:00,34.62,34.7,34.7,34.6,4837.0,167584.0
2026-09-07 13:34:00,34.72,34.78,34.78,34.72,14509.0,504080.0
2026-09-07 13:35:00,34.79,34.75,34.79,34.75,13377.0,464912.0
2026-09-07 13:36:00,34.77,34.77,34.78,34.75,6018.0,209232.0
2026-09-07 13:37:00,34.77,34.79,34.8,34.77,3854.0,134064.0
2026-09-07 13:38:00,34.78,34.78,34.79,34.77,9480.0,329664.0
2026-09-07 13:39:00,34.78,34.77,34.8,34.77,28168.0,979616.0
2026-09-07 13:40:00,34.75,34.67,34.75,34.67,21523.0,747216.0
2026-09-07 13:41:00,34.67,34.68,34.68,34.66,9947.0,344848.0
2026-09-07 13:42:00,34.68,34.68,34.68,34.68,3868.0,134144.0
2026-09-07 13:43:00,34.69,34.68,34.7,34.67,12544.0,435216.0
2026-09-07 13:44:00,34.68,34.7,34.7,34.68,3568.0,123808.0
2026-09-07 13:45:00,34.7,34.68,34.7,34.68,3142.0,109008.0
2026-09-07 13:46:00,34.68,34.69,34.69,34.67,3040.0,105408.0
2026-09-07 13:47:00,34.67,34.69,34.7,34.67,5489.0,190432.0
2026-09-07 13:48:00,34.69,34.69,34.7,34.68,4605.0,159744.0
2026-09-07 13:49:00,34.68,34.69,34.69,34.68,3332.0,115568.0
2026-09-07 13:50:00,34.69,34.69,34.7,34.69,5057.0,175456.0
2026-09-07 13:51:00,34.7,34.69,34.7,34.69,3877.0,134512.0
2026-09-07 13:52:00,34.69,34.69,34.69,34.67,12674.0,439520.0
2026-09-07 13:53:00,34.69,34.7,34.7,34.68,5618.0,194896.0
2026-09-07 13:54:00,34.71,34.72,34.72,34.71,9015.0,312976.0
2026-09-07 13:55:00,34.72,34.74,34.74,34.72,7169.0,249056.0
2026-09-07 13:56:00,34.74,34.77,34.77,34.74,11873.0,412672.0
2026-09-07 13:57:00,34.78,34.79,34.79,34.78,5922.0,206000.0
2026-09-07 13:58:00,34.78,34.78,34.78,34.78,9188.0,319552.0
2026-09-07 13:59:00,34.78,34.74,34.78,34.74,6265.0,217824.0
2026-09-07 14:00:00,34.74,34.72,34.74,34.72,3544.0,123088.0
2026-09-07 14:01:00,34.71,34.66,34.71,34.66,11167.0,387552.0
2026-09-07 14:02:00,34.66,34.66,34.7,34.65,56198.0,1379152.0
2026-09-07 14:03:00,34.67,34.66,34.67,34.66,28667.0,993808.0
2026-09-07 14:04:00,34.67,34.68,34.68,34.66,4878.0,169088.0
2026-09-07 14:05:00,34.68,34.66,34.68,34.66,9241.0,320432.0
2026-09-07 14:06:00,34.67,34.66,34.67,34.66,2000.0,69328.0
2026-09-07 14:07:00,34.66,34.62,34.67,34.62,19441.0,673616.0
2026-09-07 14:08:00,34.6,34.55,34.6,34.55,15616.0,540240.0
2026-09-07 14:09:00,34.55,34.54,34.55,34.51,19383.0,669200.0
2026-09-07 14:10:00,34.54,34.55,34.55,34.54,4417.0,152576.0
2026-09-07 14:11:00,34.55,34.53,34.55,34.51,10205.0,352336.0
2026-09-07 14:12:00,34.53,34.53,34.53,34.53,4861.0,157472.0
2026-09-07 14:13:00,34.53,34.57,34.57,34.53,17718.0,612032.0
2026-09-07 14:14:00,34.59,34.6,34.6,34.59,2754.0,95280.0
2026-09-07 14:15:00,34.61,34.64,34.64,34.61,10707.0,370800.0
2026-09-07 14:16:00,34.64,34.65,34.65,34.64,10460.0,362416.0
2026-09-07 14:17:00,34.64,34.64,34.64,34.63,4963.0,171888.0
2026-09-07 14:18:00,34.62,34.61,34.63,34.61,8767.0,303536.0
2026-09-07 14:19:00,34.62,34.62,34.62,34.62,796.0,27552.0
2026-09-07 14:20:00,34.62,34.62,34.62,34.62,19876.0,688512.0
2026-09-07 14:21:00,34.62,34.62,34.62,34.62,1007.0,34864.0
2026-09-07 14:22:00,34.66,34.62,34.66,34.62,18155.0,629168.0
2026-09-07 14:23:00,34.65,34.65,34.65,34.64,14460.0,500928.0
2026-09-07 14:24:00,34.65,34.65,34.65,34.65,3010.0,104288.0
2026-09-07 14:25:00,34.64,34.65,34.65,34.63,1626.0,56320.0
2026-09-07 14:26:00,34.65,34.6,34.65,34.54,38133.0,1319744.0
2026-09-07 14:27:00,34.54,34.59,34.59,34.54,1463.0,50576.0
2026-09-07 14:28:00,34.55,34.55,34.56,34.55,12309.0,425344.0
2026-09-07 14:29:00,34.55,34.55,34.55,34.55,7165.0,247552.0
2026-09-07 14:30:00,34.54,34.54,34.55,34.54,11070.0,382384.0
2026-09-07 14:31:00,34.54,34.49,34.55,34.49,100775.0,3477872.0
2026-09-07 14:32:00,34.49,34.47,34.49,34.47,50829.0,1575808.0
2026-09-07 14:33:00,34.46,34.45,34.46,34.44,57061.0,1965872.0
2026-09-07 14:34:00,34.43,34.4,34.43,34.4,28592.0,983904.0
2026-09-07 14:35:00,34.42,34.43,34.43,34.42,21213.0,730288.0
2026-09-07 14:36:00,34.45,34.46,34.46,34.43,12977.0,447136.0
2026-09-07 14:37:00,34.46,34.43,34.46,34.43,23598.0,812832.0
2026-09-07 14:38:00,34.44,34.46,34.46,34.44,24249.0,835152.0
2026-09-07 14:39:00,34.45,34.42,34.45,34.41,96467.0,3319568.0
2026-09-07 14:40:00,34.42,34.38,34.42,34.37,105180.0,3618144.0
2026-09-07 14:41:00,34.37,34.36,34.39,34.36,55184.0,1896624.0
2026-09-07 14:42:00,34.36,34.36,34.37,34.34,44824.0,1471280.0
2026-09-07 14:43:00,34.36,34.36,34.37,34.36,34229.0,1176000.0
2026-09-07 14:44:00,34.36,34.34,34.36,34.33,99533.0,3417008.0
2026-09-07 14:45:00,34.34,34.31,34.34,34.3,49629.0,1702880.0
2026-09-07 14:46:00,34.31,34.31,34.31,34.3,43568.0,1494544.0
2026-09-07 14:47:00,34.31,34.3,34.32,34.3,31465.0,1079408.0
2026-09-07 14:48:00,34.3,34.32,34.32,34.28,61116.0,2095728.0
2026-09-07 14:49:00,34.3,34.3,34.3,34.24,65219.0,2235408.0
2026-09-07 14:50:00,34.3,34.3,34.3,34.25,28356.0,971536.0
2026-09-07 14:51:00,34.31,34.36,34.36,34.31,12227.0,419728.0
2026-09-07 14:52:00,34.36,34.4,34.4,34.36,17471.0,600672.0
2026-09-07 14:53:00,34.4,34.34,34.4,34.34,35932.0,1235408.0
2026-09-07 14:54:00,34.33,34.29,34.34,34.29,57293.0,1965152.0
2026-09-07 14:55:00,34.28,34.31,34.31,34.28,24390.0,836528.0
2026-09-07 14:56:00,34.3,34.31,34.31,34.29,32802.0,1125184.0
2026-09-07 14:57:00,34.31,34.31,34.33,34.3,46371.0,1590864.0
2026-09-07 15:00:00,34.36,34.36,34.36,34.36,73150.0,2513424.0
2026-09-08 09:31:00,34.03,34.15,34.15,34.02,101121.0,3444091.0
2026-09-08 09:32:00,34.1,33.91,34.15,33.91,77197.0,2627098.0
2026-09-08 09:33:00,33.9,33.92,33.92,33.88,121971.0,4133891.0
2026-09-08 09:34:00,34.0,34.1,34.1,34.0,24159.0,823003.0
2026-09-08 09:35:00,34.25,34.08,34.25,34.0,31613.0,1076255.0
2026-09-08 09:36:00,34.08,34.08,34.1,34.01,19035.0,648738.0
2026-09-08 09:37:00,34.11,34.16,34.2,34.09,9539.0,325372.0
2026-09-08 09:38:00,34.13,34.21,34.22,34.13,25571.0,874401.0
2026-09-08 09:39:00,34.22,34.2,34.24,34.2,17880.0,611871.0
2026-09-08 09:40:00,34.2,34.16,34.2,34.15,8999.0,307437.0
2026-09-08 09:41:00,34.15,34.1,34.15,34.1,18341.0,625892.0
2026-09-08 09:42:00,34.1,34.18,34.19,34.1,13572.0,463183.0
2026-09-08 09:43:00,34.18,34.12,34.19,34.12,14128.0,482840.0
2026-09-08 09:44:00,34.1,34.1,34.12,34.09,33022.0,1126060.0
2026-09-08 09:45:00,34.1,34.02,34.1,34.02,10167.0,346358.0
2026-09-08 09:46:00,34.02,33.88,34.02,33.88,38933.0,1320768.0
2026-09-08 09:47:00,33.92,33.9,33.96,33.88,31876.0,1081186.0
2026-09-08 09:48:00,33.96,33.89,33.96,33.88,29652.0,1005472.0
2026-09-08 09:49:00,33.88,33.88,33.9,33.88,36599.0,1239982.0
2026-09-08 09:50:00,33.85,33.8,33.86,33.8,78560.0,2656818.0
2026-09-08 09:51:00,33.8,33.85,33.85,33.78,39273.0,1327628.0
2026-09-08 09:52:00,33.85,33.86,33.89,33.85,31276.0,1059268.0
2026-09-08 09:53:00,33.88,34.0,34.0,33.88,25192.0,855348.0
2026-09-08 09:54:00,34.0,33.96,34.0,33.95,4126.0,140166.0
2026-09-08 09:55:00,33.96,34.05,34.05,33.96,42251.0,1436902.0
2026-09-08 09:56:00,34.01,34.11,34.16,33.99,26770.0,910854.0
2026-09-08 09:57:00,33.87,33.88,34.09,33.87,7424.0,252600.0
2026-09-08 09:58:00,34.07,33.9,34.07,33.9,6899.0,234686.0
2026-09-08 09:59:00,34.06,34.07,34.07,34.06,8157.0,277826.0
2026-09-08 10:00:00,34.06,34.0,34.06,34.0,18197.0,619236.0
2026-09-08 10:01:00,34.02,33.94,34.08,33.94,10307.0,350426.0
2026-09-08 10:02:00,33.96,34.07,34.07,33.96,15300.0,520380.0
2026-09-08 10:03:00,34.07,34.0,34.07,33.95,10247.0,348848.0
2026-09-08 10:04:00,34.0,33.95,34.0,33.95,11957.0,406244.0
2026-09-08 10:05:00,33.95,33.95,33.97,33.94,9119.0,309676.0
2026-09-08 10:06:00,33.97,34.03,34.03,33.97,1628.0,55340.0
2026-09-08 10:07:00,34.05,34.01,34.05,34.01,9882.0,336304.0
2026-09-08 10:08:00,33.98,34.01,34.01,33.98,11243.0,382184.0
2026-09-08 10:09:00,34.01,34.0,34.01,33.97,3700.0,125748.0
2026-09-08 10:10:00,34.0,33.95,34.0,33.95,1843.0,62588.0
2026-09-08 10:11:00,33.95,34.01,34.01,33.93,17429.0,592124.0
2026-09-08 10:12:00,34.01,34.07,34.07,33.99,22911.0,780504.0
2026-09-08 10:13:00,34.07,34.07,34.09,34.07,19571.0,666936.0
2026-09-08 10:14:00,34.07,34.15,34.15,34.0,15624.0,532592.0
2026-09-08 10:15:00,34.15,34.1,34.15,34.1,8832.0,301360.0
2026-09-08 10:16:00,34.03,34.1,34.1,34.03,1300.0,44260.0
2026-09-08 10:17:00,34.1,34.1,34.1,34.1,514.0,17528.0
2026-09-08 10:18:00,34.11,34.11,34.13,34.11,4936.0,168376.0
2026-09-08 10:19:00,34.12,34.14,34.14,34.12,12148.0,414616.0
2026-09-08 10:20:00,34.14,34.13,34.14,34.12,4378.0,149428.0
2026-09-08 10:21:00,34.1,34.06,34.12,34.06,7519.0,256524.0
2026-09-08 10:22:00,34.06,34.03,34.06,34.03,8615.0,293332.0
2026-09-08 10:23:00,34.02,34.02,34.02,34.01,5228.0,177856.0
2026-09-08 10:24:00,34.02,34.01,34.11,34.01,5941.0,202096.0
2026-09-08 10:25:00,34.11,34.15,34.15,34.11,31397.0,1071644.0
2026-09-08 10:26:00,34.15,34.13,34.16,34.12,10766.0,367340.0
2026-09-08 10:27:00,34.14,34.12,34.15,34.12,15339.0,523708.0
2026-09-08 10:28:00,34.12,34.1,34.16,34.06,9723.0,331632.0
2026-09-08 10:29:00,34.1,34.09,34.1,34.07,9428.0,321344.0
2026-09-08 10:30:00,34.1,34.07,34.1,34.07,10021.0,341528.0
2026-09-08 10:31:00,34.09,34.07,34.09,34.07,2984.0,101680.0
2026-09-08 10:32:00,34.09,34.1,34.1,34.09,15665.0,530516.0
2026-09-08 10:33:00,34.1,34.1,34.1,34.08,4666.0,159096.0
2026-09-08 10:34:00,34.1,34.15,34.15,34.1,8358.0,285020.0
2026-09-08 10:35:00,34.15,34.16,34.16,34.15,1200.0,40984.0
2026-09-08 10:36:00,34.15,34.14,34.15,34.14,1200.0,40980.0
2026-09-08 10:37:00,34.14,34.12,34.14,34.12,1780.0,60756.0
2026-09-08 10:38:00,34.13,34.15,34.15,34.11,3800.0,129692.0
2026-09-08 10:39:00,34.15,34.12,34.15,34.11,8200.0,279792.0
2026-09-08 10:40:00,34.12,34.11,34.12,34.11,4485.0,152992.0
2026-09-08 10:41:00,34.11,34.08,34.11,34.08,3993.0,136152.0
2026-09-08 10:42:00,34.08,34.07,34.08,34.06,5000.0,170344.0
2026-09-08 10:43:00,34.07,34.06,34.07,34.06,4384.0,149336.0
2026-09-08 10:44:00,34.06,34.03,34.06,34.03,9691.0,329900.0
2026-09-08 10:45:00,34.05,34.05,34.05,34.03,14283.0,486152.0
2026-09-08 10:46:00,34.07,34.07,34.07,34.07,361.0,12300.0
2026-09-08 10:47:00,34.07,34.14,34.14,34.07,8569.0,292152.0
2026-09-08 10:48:00,34.11,34.1,34.11,34.1,2471.0,84276.0
2026-09-08 10:49:00,34.1,34.07,34.1,34.07,993.0,33832.0
2026-09-08 10:50:00,34.07,34.05,34.07,34.05,2104.0,71656.0
2026-09-08 10:51:00,34.04,34.06,34.06,34.04,6519.0,221956.0
2026-09-08 10:52:00,34.06,34.04,34.06,34.04,3652.0,124332.0
2026-09-08 10:53:00,34.04,34.05,34.06,34.03,9137.0,311032.0
2026-09-08 10:54:00,34.05,34.05,34.05,34.05,9684.0,329688.0
2026-09-08 10:55:00,34.04,34.04,34.04,34.03,2433.0,82812.0
2026-09-08 10:56:00,34.03,34.02,34.03,34.02,7704.0,262132.0
2026-09-08 10:57:00,34.02,34.02,34.02,34.02,400.0,13608.0
2026-09-08 10:58:00,34.05,34.07,34.07,34.05,8640.0,294272.0
2026-09-08 11:00:00,34.14,34.14,34.14,34.14,12000.0,409652.0
2026-09-08 11:01:00,34.04,34.04,34.04,34.04,1000.0,34040.0
2026-09-08 11:03:00,34.1,34.09,34.1,34.09,1200.0,40908.0
2026-09-08 11:04:00,34.1,34.1,34.1,34.1,11601.0,395596.0
2026-09-08 11:05:00,34.1,34.1,34.1,34.1,3324.0,113348.0
2026-09-08 11:06:00,34.11,34.03,34.11,34.03,8835.0,300816.0
2026-09-08 11:07:00,34.03,34.03,34.03,34.03,800.0,27224.0
2026-09-08 11:08:00,34.03,33.99,34.03,33.99,22679.0,771328.0
2026-09-08 11:09:00,33.99,33.98,33.99,33.98,1186.0,40304.0
2026-09-08 11:11:00,34.07,34.07,34.07,34.07,100.0,3408.0
2026-09-08 11:12:00,34.0,34.0,34.0,34.0,17668.0,398960.0
2026-09-08 11:13:00,34.0,34.0,34.0,34.0,2607.0,88640.0
2026-09-08 11:14:00,34.0,34.0,34.0,34.0,2100.0,71400.0
2026-09-08 11:15:00,34.01,34.01,34.01,34.01,2310.0,78560.0
2026-09-08 11:16:00,34.01,34.0,34.01,33.99,12919.0,439248.0
2026-09-08 11:17:00,34.0,34.0,34.0,34.0,841.0,28596.0
2026-09-08 11:18:00,34.01,33.99,34.01,33.99,8000.0,271972.0
2026-09-08 11:19:00,34.0,33.96,34.0,33.96,4221.0,143452.0
2026-09-08 11:20:00,33.97,34.05,34.05,33.97,10720.0,364256.0
2026-09-08 11:21:00,33.97,33.97,33.97,33.97,300.0,10192.0
2026-09-08 11:22:00,34.05,33.98,34.05,33.98,8528.0,290364.0
2026-09-08 11:23:00,33.98,33.98,33.98,33.97,5700.0,193680.0
2026-09-08 11:27:00,33.99,33.99,33.99,33.99,2369.0,80520.0
2026-09-08 11:28:00,33.99,33.98,33.99,33.98,8453.0,287244.0
2026-09-08 11:29:00,33.98,34.05,34.05,33.98,2718.0,92524.0
2026-09-08 11:30:00,33.98,33.98,33.98,33.98,2976.0,101128.0
2026-09-08 13:01:00,34.04,34.04,34.04,34.04,6628.0,225336.0
2026-09-08 13:02:00,33.98,33.98,33.98,33.98,11443.0,388880.0
2026-09-08 13:03:00,33.98,33.96,33.98,33.96,24247.0,823636.0
2026-09-08 13:04:00,33.95,33.94,33.96,33.94,21788.0,739740.0
2026-09-08 13:05:00,33.94,33.95,33.95,33.94,4421.0,150076.0
2026-09-08 13:06:00,33.94,33.93,33.94,33.93,15335.0,520428.0
2026-09-08 13:07:00,33.92,33.85,33.92,33.85,33323.0,1129632.0
2026-09-08 13:08:00,33.85,33.77,33.85,33.76,55140.0,1863136.0
2026-09-08 13:09:00,33.73,33.75,33.76,33.73,22999.0,776096.0
2026-09-08 13:10:00,33.75,33.77,33.79,33.75,9126.0,308200.0
2026-09-08 13:11:00,33.77,33.77,33.77,33.77,6302.0,212792.0
2026-09-08 13:12:00,33.77,33.76,33.77,33.76,6773.0,228680.0
2026-09-08 13:13:00,33.76,33.74,33.76,33.74,17969.0,606440.0
2026-09-08 13:14:00,33.74,33.79,33.79,33.74,16214.0,547372.0
2026-09-08 13:15:00,33.8,33.81,33.81,33.8,5261.0,177836.0
2026-09-08 13:16:00,33.81,33.87,33.87,33.81,5179.0,175272.0
2026-09-08 13:17:00,33.84,33.84,33.84,33.84,900.0,30456.0
2026-09-08 13:18:00,33.81,33.81,33.81,33.81,4092.0,138352.0
2026-09-08 13:19:00,33.81,33.81,33.81,33.81,1000.0,33808.0
2026-09-08 13:20:00,33.83,33.85,33.85,33.83,4952.0,167568.0
2026-09-08 13:21:00,33.86,33.84,33.86,33.84,1236.0,41844.0
2026-09-08 13:22:00,33.84,33.83,33.84,33.83,4837.0,163652.0
2026-09-08 13:23:00,33.82,33.82,33.85,33.82,15759.0,533096.0
2026-09-08 13:24:00,33.82,33.86,33.86,33.82,6242.0,211300.0
2026-09-08 13:25:00,33.85,33.85,33.85,33.85,100.0,3384.0
2026-09-08 13:26:00,33.83,33.81,33.83,33.81,9496.0,321148.0
2026-09-08 13:27:00,33.8,33.83,33.83,33.79,25470.0,860968.0
2026-09-08 13:28:00,33.82,33.86,33.86,33.82,17620.0,596332.0
2026-09-08 13:29:00,33.86,33.88,33.88,33.86,1901.0,64372.0
2026-09-08 13:30:00,33.88,33.83,33.88,33.83,3437.0,116368.0
2026-09-08 13:31:00,33.81,33.88,33.88,33.81,8414.0,284688.0
2026-09-08 13:32:00,33.88,33.89,33.89,33.88,23132.0,783848.0
2026-09-08 13:33:00,33.89,33.9,33.9,33.89,10434.0,353612.0
2026-09-08 13:34:00,33.9,33.87,33.9,33.87,7630.0,258440.0
2026-09-08 13:35:00,33.87,33.8,33.87,33.8,20770.0,702116.0
2026-09-08 13:36:00,33.8,33.8,33.8,33.8,24927.0,842536.0
2026-09-08 13:37:00,33.81,33.8,33.85,33.8,8980.0,303568.0
2026-09-08 13:38:00,33.8,33.79,33.8,33.79,3114.0,105232.0
2026-09-08 13:39:00,33.79,33.77,33.79,33.77,17013.0,574656.0
2026-09-08 13:40:00,33.83,33.77,33.83,33.77,7916.0,267440.0
2026-09-08 13:41:00,33.77,33.78,33.84,33.77,6800.0,229792.0
2026-09-08 13:42:00,33.84,33.86,33.87,33.84,1867.0,63184.0
2026-09-08 13:43:00,33.86,33.85,33.86,33.85,1371.0,46408.0
2026-09-08 13:44:00,33.84,33.87,33.87,33.84,10764.0,364472.0
2026-09-08 13:45:00,33.86,33.82,33.86,33.8,1443.0,48808.0
2026-09-08 13:46:00,33.82,33.85,33.85,33.81,4900.0,165712.0
2026-09-08 13:47:00,33.82,33.81,33.82,33.8,19073.0,645096.0
2026-09-08 13:48:00,33.81,33.8,33.81,33.8,4357.0,147280.0
2026-09-08 13:49:00,33.79,33.78,33.79,33.78,7124.0,240672.0
2026-09-08 13:50:00,33.78,33.8,33.8,33.78,2771.0,93616.0
2026-09-08 13:51:00,33.82,33.85,33.85,33.81,27707.0,937016.0
2026-09-08 13:52:00,33.85,33.85,33.86,33.85,13797.0,467088.0
2026-09-08 13:53:00,33.85,33.83,33.86,33.83,1283.0,43432.0
2026-09-08 13:54:00,33.83,33.8,33.83,33.79,12800.0,432920.0
2026-09-08 13:55:00,33.8,33.85,33.85,33.8,7611.0,257376.0
2026-09-08 13:56:00,33.85,33.83,33.85,33.83,2922.0,98872.0
2026-09-08 13:57:00,33.82,33.78,33.82,33.78,5393.0,182232.0
2026-09-08 13:58:00,33.82,33.82,33.82,33.78,800.0,27040.0
2026-09-08 13:59:00,33.79,33.8,33.82,33.79,1350.0,45632.0
2026-09-08 14:00:00,33.8,33.82,33.82,33.78,13100.0,442616.0
2026-09-08 14:01:00,33.82,33.81,33.82,33.81,200.0,6768.0
2026-09-08 14:02:00,33.81,33.81,33.81,33.8,2039.0,65552.0
2026-09-08 14:03:00,33.8,33.8,33.82,33.8,2438.0,82424.0
2026-09-08 14:04:00,33.8,33.79,33.81,33.78,7061.0,238600.0
2026-09-08 14:05:00,33.81,33.82,33.82,33.81,13980.0,472648.0
2026-09-08 14:06:00,33.81,33.78,33.81,33.78,10342.0,349456.0
2026-09-08 14:07:00,33.77,33.78,33.78,33.73,20117.0,679176.0
2026-09-08 14:08:00,33.74,33.72,33.74,33.7,39343.0,1326176.0
2026-09-08 14:09:00,33.74,33.75,33.78,33.72,12413.0,418944.0
2026-09-08 14:10:00,33.78,33.75,33.78,33.73,3750.0,126592.0
2026-09-08 14:11:00,33.78,33.78,33.78,33.75,4300.0,145200.0
2026-09-08 14:12:00,33.75,33.78,33.78,33.75,14845.0,501152.0
2026-09-08 14:13:00,33.78,33.78,33.78,33.76,9778.0,330240.0
2026-09-08 14:14:00,33.77,33.76,33.78,33.76,8512.0,287464.0
2026-09-08 14:15:00,33.78,33.79,33.79,33.75,21937.0,740472.0
2026-09-08 14:16:00,33.76,33.79,33.8,33.76,11268.0,380528.0
2026-09-08 14:17:00,33.79,33.79,33.79,33.77,4217.0,142464.0
2026-09-08 14:18:00,33.79,33.77,33.79,33.77,3389.0,114488.0
2026-09-08 14:19:00,33.77,33.72,33.77,33.72,16674.0,562504.0
2026-09-08 14:20:00,33.75,33.69,33.75,33.68,25805.0,869712.0
2026-09-08 14:21:00,33.69,33.71,33.71,33.69,8139.0,274360.0
2026-09-08 14:22:00,33.71,33.71,33.74,33.7,9814.0,330856.0
2026-09-08 14:23:00,33.72,33.7,33.72,33.7,14113.0,475808.0
2026-09-08 14:24:00,33.7,33.66,33.7,33.66,35613.0,1199440.0
2026-09-08 14:25:00,33.66,33.68,33.68,33.66,3832.0,129064.0
2026-09-08 14:26:00,33.68,33.7,33.72,33.68,26070.0,878696.0
2026-09-08 14:27:00,33.7,33.7,33.7,33.7,9421.0,317336.0
2026-09-08 14:28:00,33.71,33.7,33.71,33.7,6919.0,233208.0
2026-09-08 14:29:00,33.7,33.71,33.71,33.7,6900.0,232568.0
2026-09-08 14:30:00,33.71,33.72,33.72,33.71,14438.0,486792.0
2026-09-08 14:31:00,33.73,33.75,33.76,33.73,20443.0,689664.0
2026-09-08 14:32:00,33.72,33.73,33.75,33.72,3324.0,89688.0
2026-09-08 14:33:00,33.74,33.74,33.74,33.74,1500.0,50600.0
2026-09-08 14:34:00,33.76,33.74,33.76,33.74,5889.0,198736.0
2026-09-08 14:35:00,33.75,33.75,33.75,33.73,7475.0,252192.0
2026-09-08 14:36:00,33.75,33.72,33.75,33.72,2011.0,67864.0
2026-09-08 14:37:00,33.74,33.73,33.74,33.73,4793.0,161632.0
2026-09-08 14:38:00,33.72,33.72,33.72,33.71,4168.0,140536.0
2026-09-08 14:39:00,33.72,33.71,33.73,33.71,6417.0,216368.0
2026-09-08 14:40:00,33.73,33.72,33.73,33.72,6355.0,214320.0
2026-09-08 14:41:00,33.68,33.73,33.73,33.68,24063.0,811160.0
2026-09-08 14:42:00,33.7,33.7,33.7,33.69,26051.0,877864.0
2026-09-08 14:43:00,33.7,33.69,33.7,33.69,6716.0,226304.0
2026-09-08 14:44:00,33.7,33.74,33.74,33.69,19090.0,643392.0
2026-09-08 14:45:00,33.74,33.73,33.75,33.73,7830.0,264224.0
2026-09-08 14:46:00,33.75,33.73,33.75,33.73,15288.0,515672.0
2026-09-08 14:47:00,33.73,33.72,33.73,33.71,12941.0,436368.0
2026-09-08 14:48:00,33.72,33.73,33.73,33.72,2178.0,73448.0
2026-09-08 14:49:00,33.73,33.74,33.74,33.73,7825.0,263952.0
2026-09-08 14:50:00,33.74,33.74,33.74,33.73,11476.0,387176.0
2026-09-08 14:51:00,33.75,33.76,33.76,33.74,16677.0,562848.0
2026-09-08 14:52:00,33.76,33.78,33.78,33.73,11220.0,378808.0
2026-09-08 14:53:00,33.78,33.77,33.78,33.77,8621.0,291152.0
2026-09-08 14:54:00,33.78,33.76,33.78,33.76,12289.0,414960.0
2026-09-08 14:55:00,33.76,33.74,33.76,33.74,13861.0,467760.0
2026-09-08 14:56:00,33.73,33.74,33.75,33.73,19708.0,664816.0
2026-09-08 14:57:00,33.73,33.72,33.73,33.72,11900.0,401304.0
2026-09-08 14:58:00,33.72,33.72,33.72,33.72,100.0,3376.0
2026-09-08 15:00:00,33.72,33.72,33.72,33.72,42476.0,1432288.0
2026-09-09 09:31:00,33.85,33.73,33.85,33.73,26218.0,886534.0
2026-09-09 09:32:00,33.77,33.75,33.77,33.73,11023.0,371966.0
2026-09-09 09:33:00,33.75,33.7,33.75,33.7,17600.0,501284.0
2026-09-09 09:34:00,33.7,33.68,33.73,33.68,34051.0,1148050.0
2026-09-09 09:35:00,33.7,33.77,33.77,33.7,6362.0,214499.0
2026-09-09 09:36:00,33.75,33.7,33.77,33.7,11317.0,381770.0
2026-09-09 09:37:00,33.69,33.7,33.7,33.69,6328.0,213254.0
2026-09-09 09:38:00,33.7,33.58,33.7,33.58,25756.0,867104.0
2026-09-09 09:39:00,33.52,33.55,33.55,33.51,30565.0,1025059.0
2026-09-09 09:40:00,33.57,33.6,33.6,33.56,20066.0,673891.0
2026-09-09 09:41:00,33.7,33.71,33.71,33.7,23529.0,792859.0
2026-09-09 09:42:00,33.74,33.75,33.75,33.71,17297.0,583564.0
2026-09-09 09:43:00,33.75,33.71,33.75,33.71,5048.0,170234.0
2026-09-09 09:44:00,33.71,33.7,33.71,33.7,14352.0,483689.0
2026-09-09 09:45:00,33.71,33.62,33.71,33.62,12598.0,424531.0
2026-09-09 09:46:00,33.62,33.7,33.7,33.62,10770.0,362449.0
2026-09-09 09:47:00,33.7,33.72,33.72,33.7,6609.0,222787.0
2026-09-09 09:48:00,33.72,33.7,33.75,33.7,22446.0,756950.0
2026-09-09 09:49:00,33.7,33.72,33.72,33.7,4741.0,159790.0
2026-09-09 09:50:00,33.72,33.72,33.72,33.72,1551.0,52299.0
2026-09-09 09:51:00,33.67,33.67,33.67,33.67,800.0,26936.0
2026-09-09 09:52:00,33.65,33.56,33.65,33.55,45467.0,1528152.0
2026-09-09 09:53:00,33.54,33.45,33.55,33.45,55866.0,1824370.0
2026-09-09 09:54:00,33.5,33.47,33.5,33.42,20952.0,701422.0
2026-09-09 09:55:00,33.57,33.49,33.57,33.49,15597.0,523189.0
2026-09-09 09:56:00,33.51,33.51,33.51,33.5,10498.0,351763.0
2026-09-09 09:57:00,33.49,33.38,33.51,33.38,45047.0,1506398.0
2026-09-09 09:58:00,33.34,33.36,33.39,33.33,48120.0,1604483.0
2026-09-09 09:59:00,33.5,33.37,33.5,33.36,13211.0,441260.0
2026-09-09 10:00:00,33.41,33.41,33.5,33.39,13992.0,467500.0
2026-09-09 10:01:00,33.4,33.41,33.41,33.4,51443.0,1718694.0
2026-09-09 10:02:00,33.43,33.5,33.5,33.43,11927.0,399224.0
2026-09-09 10:03:00,33.5,33.5,33.51,33.5,12749.0,427064.0
2026-09-09 10:04:00,33.5,33.42,33.5,33.42,20457.0,684514.0
2026-09-09 10:05:00,33.42,33.51,33.51,33.42,11788.0,394332.0
2026-09-09 10:06:00,33.51,33.44,33.51,33.41,17896.0,598364.0
2026-09-09 10:07:00,33.4,33.44,33.51,33.4,9010.0,301304.0
2026-09-09 10:08:00,33.44,33.53,33.55,33.44,8935.0,299552.0
2026-09-09 10:09:00,33.53,33.45,33.53,33.45,1619.0,54184.0
2026-09-09 10:10:00,33.46,33.46,33.46,33.46,566.0,18936.0
2026-09-09 10:11:00,33.44,33.41,33.44,33.41,28034.0,937322.0
2026-09-09 10:12:00,33.4,33.4,33.5,33.4,6049.0,202092.0
2026-09-09 10:13:00,33.4,33.53,33.53,33.4,14721.0,492598.0
2026-09-09 10:14:00,33.53,33.53,33.53,33.53,4431.0,148572.0
2026-09-09 10:15:00,33.51,33.51,33.51,33.5,10624.0,355920.0
2026-09-09 10:16:00,33.51,33.48,33.51,33.48,17350.0,581066.0
2026-09-09 10:17:00,33.43,33.44,33.48,33.43,4700.0,157198.0
2026-09-09 10:18:00,33.43,33.44,33.44,33.43,5260.0,175872.0
2026-09-09 10:19:00,33.45,33.48,33.48,33.4,25757.0,861344.0
2026-09-09 10:20:00,33.49,33.57,33.58,33.46,14065.0,471328.0
2026-09-09 10:21:00,33.54,33.5,33.54,33.5,6184.0,207244.0
2026-09-09 10:22:00,33.47,33.48,33.54,33.47,9716.0,325688.0
2026-09-09 10:23:00,33.48,33.47,33.53,33.47,9885.0,300838.0
2026-09-09 10:24:00,33.52,33.56,33.56,33.52,7118.0,238698.0
2026-09-09 10:25:00,33.55,33.59,33.59,33.55,18137.0,609034.0
2026-09-09 10:26:00,33.59,33.59,33.59,33.59,1093.0,36712.0
2026-09-09 10:27:00,33.59,33.59,33.6,33.59,8371.0,281214.0
2026-09-09 10:28:00,33.57,33.55,33.59,33.55,10720.0,359960.0
2026-09-09 10:29:00,33.55,33.56,33.56,33.55,10022.0,336324.0
2026-09-09 10:30:00,33.56,33.53,33.56,33.53,3041.0,102028.0
2026-09-09 10:31:00,33.53,33.53,33.53,33.53,3444.0,115476.0
2026-09-09 10:32:00,33.5,33.5,33.5,33.5,158.0,5294.0
2026-09-09 10:33:00,33.5,33.51,33.51,33.5,5100.0,170902.0
2026-09-09 10:34:00,33.5,33.5,33.51,33.49,8026.0,268860.0
2026-09-09 10:35:00,33.48,33.49,33.5,33.48,2356.0,78902.0
2026-09-09 10:36:00,33.48,33.47,33.48,33.46,6700.0,224256.0
2026-09-09 10:37:00,33.49,33.49,33.49,33.49,1238.0,41460.0
2026-09-09 10:38:00,33.49,33.47,33.49,33.47,600.0,20094.0
2026-09-09 10:39:00,33.49,33.49,33.49,33.49,3464.0,115990.0
2026-09-09 10:40:00,33.5,33.49,33.5,33.49,1300.0,43540.0
2026-09-09 10:41:00,33.49,33.5,33.5,33.49,7087.0,237374.0
2026-09-09 10:42:00,33.56,33.63,33.63,33.56,9026.0,303260.0
2026-09-09 10:43:00,33.62,33.6,33.63,33.56,17118.0,568674.0
2026-09-09 10:44:00,33.6,33.6,33.61,33.57,10458.0,351438.0
2026-09-09 10:45:00,33.57,33.57,33.59,33.57,2386.0,80104.0
2026-09-09 10:46:00,33.5,33.59,33.59,33.5,10364.0,347700.0
2026-09-09 10:47:00,33.6,33.62,33.62,33.6,7653.0,257140.0
2026-09-09 10:48:00,33.63,33.64,33.64,33.63,14014.0,471360.0
2026-09-09 10:49:00,33.64,33.67,33.67,33.64,2278.0,76660.0
2026-09-09 10:50:00,33.65,33.69,33.69,33.65,16022.0,539500.0
2026-09-09 10:51:00,33.7,33.73,33.76,33.7,21531.0,726412.0
2026-09-09 10:52:00,33.72,33.7,33.72,33.69,11715.0,394928.0
2026-09-09 10:53:00,33.69,33.6,33.69,33.6,12328.0,415004.0
2026-09-09 10:54:00,33.6,33.69,33.69,33.6,3331.0,112192.0
2026-09-09 10:55:00,33.7,33.69,33.71,33.69,5476.0,184536.0
2026-09-09 10:56:00,33.61,33.61,33.61,33.61,800.0,26888.0
2026-09-09 10:57:00,33.67,33.62,33.67,33.62,826.0,27784.0
2026-09-09 10:58:00,33.6,33.59,33.62,33.59,4100.0,137800.0
2026-09-09 10:59:00,33.59,33.58,33.59,33.58,4313.0,144840.0
2026-09-09 11:00:00,33.58,33.52,33.58,33.52,10238.0,343728.0
2026-09-09 11:01:00,33.53,33.59,33.59,33.53,2132.0,71504.0
2026-09-09 11:02:00,33.57,33.61,33.61,33.57,4177.0,140308.0
2026-09-09 11:03:00,33.61,33.59,33.61,33.59,102.0,3428.0
2026-09-09 11:04:00,33.57,33.57,33.57,33.57,304.0,10204.0
2026-09-09 11:05:00,33.57,33.57,33.57,33.57,483.0,16212.0
2026-09-09 11:06:00,33.59,33.59,33.61,33.59,6122.0,205660.0
2026-09-09 11:07:00,33.59,33.59,33.59,33.59,3335.0,112024.0
2026-09-09 11:08:00,33.59,33.6,33.6,33.59,3243.0,108960.0
2026-09-09 11:09:00,33.63,33.6,33.63,33.6,1800.0,60508.0
2026-09-09 11:10:00,33.6,33.58,33.6,33.57,2009.0,67492.0
2026-09-09 11:11:00,33.58,33.58,33.6,33.58,2100.0,70524.0
2026-09-09 11:12:00,33.58,33.55,33.58,33.55,1888.0,63368.0
2026-09-09 11:13:00,33.55,33.59,33.59,33.55,2900.0,97336.0
2026-09-09 11:14:00,33.59,33.59,33.59,33.59,3900.0,131000.0
2026-09-09 11:15:00,33.59,33.55,33.59,33.55,600.0,20152.0
2026-09-09 11:16:00,33.56,33.59,33.59,33.55,4400.0,147680.0
2026-09-09 11:17:00,33.59,33.55,33.59,33.55,3754.0,126060.0
2026-09-09 11:18:00,33.53,33.53,33.53,33.53,1832.0,61432.0
2026-09-09 11:19:00,33.53,33.55,33.55,33.53,251.0,8420.0
2026-09-09 11:20:00,33.59,33.54,33.59,33.54,500.0,16784.0
2026-09-09 11:21:00,33.54,33.54,33.54,33.53,1200.0,40248.0
2026-09-09 11:23:00,33.53,33.53,33.53,33.53,2600.0,46952.0
2026-09-09 11:24:00,33.57,33.53,33.57,33.53,2100.0,70432.0
2026-09-09 11:25:00,33.53,33.53,33.53,33.53,100.0,3352.0
2026-09-09 11:27:00,33.55,33.53,33.55,33.53,491.0,16464.0
2026-09-09 11:28:00,33.53,33.53,33.53,33.53,84.0,2816.0
2026-09-09 11:29:00,33.53,33.52,33.53,33.52,1825.0,61188.0
2026-09-09 11:30:00,33.53,33.48,33.53,33.48,12877.0,431332.0
2026-09-09 13:01:00,33.47,33.45,33.47,33.45,12300.0,411624.0
2026-09-09 13:02:00,33.46,33.45,33.46,33.45,6273.0,209848.0
2026-09-09 13:03:00,33.45,33.45,33.45,33.45,2865.0,95836.0
2026-09-09 13:04:00,33.44,33.37,33.44,33.37,25996.0,868772.0
2026-09-09 13:05:00,33.37,33.38,33.38,33.37,1400.0,46724.0
2026-09-09 13:06:00,33.38,33.43,33.43,33.38,8367.0,279356.0
2026-09-09 13:07:00,33.44,33.38,33.44,33.38,3753.0,125364.0
2026-09-09 13:08:00,33.38,33.38,33.43,33.36,13002.0,433972.0
2026-09-09 13:09:00,33.39,33.41,33.42,33.39,1537.0,51332.0
2026-09-09 13:10:00,33.42,33.42,33.42,33.42,200.0,6684.0
2026-09-09 13:11:00,33.42,33.42,33.42,33.42,100.0,3340.0
2026-09-09 13:12:00,33.42,33.42,33.42,33.42,900.0,30080.0
2026-09-09 13:13:00,33.42,33.4,33.42,33.4,7159.0,239188.0
2026-09-09 13:14:00,33.41,33.4,33.41,33.4,2700.0,90188.0
2026-09-09 13:15:00,33.4,33.33,33.4,33.33,31619.0,1054684.0
2026-09-09 13:16:00,33.32,33.29,33.32,33.29,23610.0,786492.0
2026-09-09 13:17:00,33.25,33.23,33.28,33.22,18959.0,630768.0
2026-09-09 13:18:00,33.23,33.25,33.25,33.23,5684.0,188964.0
2026-09-09 13:19:00,33.25,33.16,33.25,33.14,42305.0,1405292.0
2026-09-09 13:20:00,33.11,33.08,33.11,33.03,33851.0,1119516.0
2026-09-09 13:21:00,33.08,33.03,33.08,33.03,91485.0,3023108.0
2026-09-09 13:22:00,33.01,32.97,33.07,32.97,58292.0,1923876.0
2026-09-09 13:23:00,32.93,32.83,32.93,32.81,59732.0,1963712.0
2026-09-09 13:24:00,32.82,32.87,33.0,32.81,58986.0,1937320.0
2026-09-09 13:25:00,32.99,32.95,33.0,32.91,10079.0,332196.0
2026-09-09 13:26:00,32.95,32.95,32.98,32.95,26501.0,873528.0
2026-09-09 13:27:00,32.95,32.95,32.96,32.95,30769.0,1013908.0
2026-09-09 13:28:00,32.97,32.95,32.97,32.95,4077.0,134376.0
2026-09-09 13:29:00,32.95,32.95,32.95,32.95,15868.0,522896.0
2026-09-09 13:30:00,32.95,32.91,32.95,32.91,11496.0,378656.0
2026-09-09 13:31:00,32.92,32.8,32.92,32.8,45971.0,1509496.0
2026-09-09 13:32:00,32.81,32.72,32.81,32.71,33880.0,1109772.0
2026-09-09 13:33:00,32.72,32.77,32.77,32.72,17638.0,577540.0
2026-09-09 13:34:00,32.8,32.76,32.8,32.75,8643.0,283192.0
2026-09-09 13:35:00,32.77,32.74,32.77,32.74,11587.0,379540.0
2026-09-09 13:36:00,32.75,32.73,32.75,32.73,19350.0,633608.0
2026-09-09 13:37:00,32.73,32.68,32.73,32.68,43993.0,1438820.0
2026-09-09 13:38:00,32.68,32.69,32.69,32.67,11987.0,391776.0
2026-09-09 13:39:00,32.69,32.7,32.72,32.69,8600.0,281216.0
2026-09-09 13:40:00,32.72,32.75,32.75,32.72,13368.0,437560.0
2026-09-09 13:41:00,32.75,32.72,32.75,32.72,12568.0,411304.0
2026-09-09 13:42:00,32.73,32.73,32.73,32.73,13600.0,445128.0
2026-09-09 13:43:00,32.73,32.75,32.75,32.73,7827.0,256168.0
2026-09-09 13:44:00,32.76,32.73,32.76,32.73,13825.0,452808.0
2026-09-09 13:45:00,32.73,32.71,32.73,32.71,7547.0,246944.0
2026-09-09 13:46:00,32.71,32.68,32.71,32.68,27074.0,884768.0
2026-09-09 13:47:00,32.68,32.61,32.68,32.61,16585.0,541352.0
2026-09-09 13:48:00,32.61,32.57,32.61,32.57,29948.0,976112.0
2026-09-09 13:49:00,32.57,32.56,32.57,32.54,37296.0,1214608.0
2026-09-09 13:50:00,32.56,32.61,32.63,32.56,35624.0,1160448.0
2026-09-09 13:51:00,32.61,32.61,32.61,32.61,1800.0,58704.0
2026-09-09 13:52:00,32.68,32.64,32.68,32.6,6067.0,197976.0
2026-09-09 13:53:00,32.64,32.63,32.65,32.63,4971.0,162240.0
2026-09-09 13:54:00,32.65,32.63,32.65,32.63,3330.0,108680.0
2026-09-09 13:55:00,32.63,32.62,32.63,32.61,10929.0,356472.0
2026-09-09 13:56:00,32.62,32.65,32.65,32.62,11056.0,360912.0
2026-09-09 13:57:00,32.65,32.68,32.68,32.64,8784.0,286816.0
2026-09-09 13:58:00,32.68,32.7,32.7,32.68,6711.0,219368.0
2026-09-09 13:59:00,32.7,32.74,32.74,32.68,20662.0,675640.0
2026-09-09 14:00:00,32.74,32.74,32.75,32.74,9661.0,316344.0
2026-09-09 14:01:00,32.76,32.93,32.93,32.76,13288.0,435992.0
2026-09-09 14:02:00,32.95,32.9,32.95,32.84,25016.0,823680.0
2026-09-09 14:03:00,32.9,32.84,32.9,32.79,2750.0,75136.0
2026-09-09 14:04:00,32.9,32.85,32.9,32.85,9113.0,299488.0
2026-09-09 14:05:00,32.84,32.79,32.84,32.79,5905.0,193632.0
2026-09-09 14:06:00,32.8,32.83,32.83,32.8,3924.0,128808.0
2026-09-09 14:07:00,32.8,32.8,32.8,32.8,7646.0,250784.0
2026-09-09 14:08:00,32.8,32.79,32.8,32.79,2890.0,94776.0
2026-09-09 14:09:00,32.8,32.79,32.8,32.79,1600.0,52480.0
2026-09-09 14:10:00,32.78,32.76,32.78,32.76,1366.0,44752.0
2026-09-09 14:11:00,32.76,32.7,32.76,32.7,13536.0,442864.0
2026-09-09 14:12:00,32.7,32.67,32.7,32.67,4239.0,138528.0
2026-09-09 14:13:00,32.67,32.63,32.67,32.63,19655.0,641664.0
2026-09-09 14:14:00,32.66,32.66,32.66,32.6,16788.0,547680.0
2026-09-09 14:15:00,32.65,32.65,32.65,32.61,2520.0,82200.0
2026-09-09 14:16:00,32.65,32.7,32.7,32.65,14521.0,474280.0
2026-09-09 14:17:00,32.7,32.7,32.74,32.66,9415.0,307800.0
2026-09-09 14:18:00,32.7,32.7,32.74,32.7,1299.0,42488.0
2026-09-09 14:19:00,32.7,32.75,32.75,32.7,3470.0,113576.0
2026-09-09 14:20:00,32.76,32.75,32.77,32.75,8678.0,284272.0
2026-09-09 14:21:00,32.74,32.74,32.74,32.74,4105.0,134400.0
2026-09-09 14:22:00,32.74,32.74,32.74,32.74,739.0,24192.0
2026-09-09 14:23:00,32.74,32.74,32.74,32.74,913.0,29896.0
2026-09-09 14:24:00,32.74,32.72,32.74,32.72,1292.0,42288.0
2026-09-09 14:25:00,32.74,32.75,32.75,32.74,2900.0,94968.0
2026-09-09 14:26:00,32.75,32.75,32.75,32.74,7628.0,249776.0
2026-09-09 14:27:00,32.75,32.78,32.78,32.75,8113.0,265728.0
2026-09-09 14:28:00,32.78,32.73,32.78,32.73,4633.0,151704.0
2026-09-09 14:29:00,32.72,32.71,32.72,32.7,13234.0,432912.0
2026-09-09 14:30:00,32.71,32.7,32.71,32.7,21637.0,707640.0
2026-09-09 14:31:00,32.7,32.69,32.7,32.69,5745.0,187848.0
2026-09-09 14:32:00,32.7,32.68,32.7,32.68,14655.0,478808.0
2026-09-09 14:33:00,32.67,32.66,32.67,32.66,12696.0,334664.0
2026-09-09 14:34:00,32.66,32.66,32.66,32.65,16851.0,550232.0
2026-09-09 14:35:00,32.66,32.66,32.67,32.66,4728.0,154416.0
2026-09-09 14:36:00,32.66,32.65,32.66,32.64,16249.0,530560.0
2026-09-09 14:37:00,32.65,32.66,32.66,32.65,4869.0,158960.0
2026-09-09 14:38:00,32.65,32.66,32.66,32.64,10003.0,326584.0
2026-09-09 14:39:00,32.66,32.66,32.66,32.65,1610.0,52576.0
2026-09-09 14:40:00,32.66,32.66,32.66,32.64,19607.0,640320.0
2026-09-09 14:41:00,32.66,32.64,32.66,32.64,8758.0,285928.0
2026-09-09 14:42:00,32.65,32.65,32.65,32.6,49092.0,1601712.0
2026-09-09 14:43:00,32.65,32.63,32.65,32.63,2978.0,97224.0
2026-09-09 14:44:00,32.64,32.6,32.65,32.6,25894.0,844552.0
2026-09-09 14:45:00,32.64,32.64,32.64,32.6,8600.0,280512.0
2026-09-09 14:46:00,32.61,32.63,32.63,32.6,13400.0,436920.0
2026-09-09 14:47:00,32.61,32.6,32.63,32.6,5322.0,173552.0
2026-09-09 14:48:00,32.6,32.58,32.6,32.58,14689.0,478680.0
2026-09-09 14:49:00,32.58,32.56,32.58,32.53,67076.0,2183000.0
2026-09-09 14:50:00,32.57,32.57,32.58,32.57,14817.0,482512.0
2026-09-09 14:51:00,32.57,32.57,32.58,32.57,9037.0,294368.0
2026-09-09 14:52:00,32.58,32.56,32.58,32.54,25994.0,846288.0
2026-09-09 14:53:00,32.56,32.57,32.58,32.55,27958.0,887576.0
2026-09-09 14:54:00,32.57,32.59,32.59,32.57,28832.0,939304.0
2026-09-09 14:55:00,32.58,32.55,32.59,32.55,32245.0,1050064.0
2026-09-09 14:56:00,32.55,32.58,32.59,32.55,22301.0,726448.0
2026-09-09 14:57:00,32.59,32.6,32.63,32.58,43941.0,1432448.0
2026-09-09 14:58:00,32.6,32.6,32.6,32.6,3181.0,103704.0
2026-09-09 15:00:00,32.62,32.62,32.62,32.62,60118.0,1961048.0
